/mnt/weka/mark/espnet/tools/anaconda/envs/espnet/bin/python3 /mnt/weka/mark/espnet/espnet2/bin/wavlm_train.py --use_preprocessor true --normalize null --token_type word --token_list data/en_token_list_kmeans_iter0_rand100_100clusters/word/tokens.txt --num_classes 100 --train_data_path_and_name_and_type dump/raw/train_960/wav.scp,speech,sound --train_data_path_and_name_and_type dump/raw/train_960/text.km.kmeans_iter0_rand100_train_960_portion1.0,text,text --valid_data_path_and_name_and_type dump/raw/dev/wav.scp,speech,sound --valid_data_path_and_name_and_type dump/raw/dev/text.km.kmeans_iter0_rand100_train_960_portion1.0,text,text --train_shape_file exp_it0rand/wavlm_iter0_stats_raw/train/speech_shape --train_shape_file exp_it0rand/wavlm_iter0_stats_raw/train/text_shape.word --valid_shape_file exp_it0rand/wavlm_iter0_stats_raw/valid/speech_shape --valid_shape_file exp_it0rand/wavlm_iter0_stats_raw/valid/text_shape.word --config conf/tuning/train_ssl_torchaudiowavlm_large_960h_pretrain_it0rand.yaml --frontend_conf fs=16k --resume false --fold_length 80000 --fold_length 400 --output_dir exp_phaseb/B_compile --num_iters_per_epoch 10000 --max_epoch 1 --num_att_plot 0 --keep_nbest_models 1 --patience none --batch_bins 36000000 --accum_grad 1 --unused_parameters false --use_torch_compile true --ngpu 8 --multiprocessing_distributed true
[W829 20:06:06.948367203 Utils.hpp:166] Warning: Environment variable NCCL_BLOCKING_WAIT is deprecated; use TORCH_NCCL_BLOCKING_WAIT instead (function operator())
[W829 20:06:06.982255737 Utils.hpp:166] Warning: Environment variable NCCL_BLOCKING_WAIT is deprecated; use TORCH_NCCL_BLOCKING_WAIT instead (function operator())
[W829 20:06:06.139020311 Utils.hpp:166] Warning: Environment variable NCCL_BLOCKING_WAIT is deprecated; use TORCH_NCCL_BLOCKING_WAIT instead (function operator())
[W829 20:06:06.215076928 Utils.hpp:166] Warning: Environment variable NCCL_BLOCKING_WAIT is deprecated; use TORCH_NCCL_BLOCKING_WAIT instead (function operator())
[W829 20:06:06.217981281 Utils.hpp:166] Warning: Environment variable NCCL_BLOCKING_WAIT is deprecated; use TORCH_NCCL_BLOCKING_WAIT instead (function operator())
[W829 20:06:06.372986562 Utils.hpp:166] Warning: Environment variable NCCL_BLOCKING_WAIT is deprecated; use TORCH_NCCL_BLOCKING_WAIT instead (function operator())
[W829 20:06:06.394959673 Utils.hpp:166] Warning: Environment variable NCCL_BLOCKING_WAIT is deprecated; use TORCH_NCCL_BLOCKING_WAIT instead (function operator())
[W829 20:06:06.399511477 Utils.hpp:166] Warning: Environment variable NCCL_BLOCKING_WAIT is deprecated; use TORCH_NCCL_BLOCKING_WAIT instead (function operator())
[pg12b-14-2-hpc:0/8] 2026-08-29 20:06:07,470 (wavlm:380) INFO: Vocabulary size: 102
[pg12b-14-2-hpc:0/8] 2026-08-29 20:06:10,612 (abs_task:1487) INFO: pytorch.version=2.9.1+cu128, cuda.available=True, cudnn.version=91002, cudnn.benchmark=False, cudnn.deterministic=True
[pg12b-14-2-hpc:0/8] 2026-08-29 20:06:10,617 (abs_task:1488) INFO: Model structure:
TorchAudioHubertPretrainModel(
  (encoder): TorchAudioWavLMPretrainEncoder(
    (wavlm_pretrain_model): HuBERTPretrainModel(
      (wav2vec2): Wav2Vec2Model(
        (feature_extractor): FeatureExtractor(
          (conv_layers): ModuleList(
            (0): ConvLayerBlock(
              (layer_norm): LayerNorm((512,), eps=1e-05, elementwise_affine=True)
              (conv): Conv1d(1, 512, kernel_size=(10,), stride=(5,), bias=False)
            )
            (1-4): 4 x ConvLayerBlock(
              (layer_norm): LayerNorm((512,), eps=1e-05, elementwise_affine=True)
              (conv): Conv1d(512, 512, kernel_size=(3,), stride=(2,), bias=False)
            )
            (5-6): 2 x ConvLayerBlock(
              (layer_norm): LayerNorm((512,), eps=1e-05, elementwise_affine=True)
              (conv): Conv1d(512, 512, kernel_size=(2,), stride=(2,), bias=False)
            )
          )
        )
        (encoder): WavLMEncoder(
          (feature_projection): FeatureProjection(
            (layer_norm): LayerNorm((512,), eps=1e-05, elementwise_affine=True)
            (projection): Linear(in_features=512, out_features=1024, bias=True)
            (dropout): Dropout(p=0.0, inplace=False)
          )
          (transformer): WavLMTransformer(
            (pos_conv_embed): ConvolutionalPositionalEmbedding(
              (conv): ParametrizedConv1d(
                1024, 1024, kernel_size=(128,), stride=(1,), padding=(64,), groups=16
                (parametrizations): ModuleDict(
                  (weight): ParametrizationList(
                    (0): _WeightNorm()
                  )
                )
              )
            )
            (layer_norm): LayerNorm((1024,), eps=1e-05, elementwise_affine=True)
            (dropout): Dropout(p=0.0, inplace=False)
            (layers): ModuleList(
              (0): EncoderLayer(
                (attention): WavLMSelfAttention(
                  (rel_attn_embed): Embedding(320, 16)
                  (attention): MultiheadAttention(
                    (out_proj): NonDynamicallyQuantizableLinear(in_features=1024, out_features=1024, bias=True)
                  )
                  (gru_rel_pos_linear): Linear(in_features=64, out_features=8, bias=True)
                )
                (dropout): Dropout(p=0.0, inplace=False)
                (layer_norm): LayerNorm((1024,), eps=1e-05, elementwise_affine=True)
                (feed_forward): FeedForward(
                  (intermediate_dense): Linear(in_features=1024, out_features=4096, bias=True)
                  (intermediate_dropout): Dropout(p=0.0, inplace=False)
                  (output_dense): Linear(in_features=4096, out_features=1024, bias=True)
                  (output_dropout): Dropout(p=0.0, inplace=False)
                )
                (final_layer_norm): LayerNorm((1024,), eps=1e-05, elementwise_affine=True)
              )
              (1-23): 23 x EncoderLayer(
                (attention): WavLMSelfAttention(
                  (attention): MultiheadAttention(
                    (out_proj): NonDynamicallyQuantizableLinear(in_features=1024, out_features=1024, bias=True)
                  )
                  (gru_rel_pos_linear): Linear(in_features=64, out_features=8, bias=True)
                )
                (dropout): Dropout(p=0.0, inplace=False)
                (layer_norm): LayerNorm((1024,), eps=1e-05, elementwise_affine=True)
                (feed_forward): FeedForward(
                  (intermediate_dense): Linear(in_features=1024, out_features=4096, bias=True)
                  (intermediate_dropout): Dropout(p=0.0, inplace=False)
                  (output_dense): Linear(in_features=4096, out_features=1024, bias=True)
                  (output_dropout): Dropout(p=0.0, inplace=False)
                )
                (final_layer_norm): LayerNorm((1024,), eps=1e-05, elementwise_affine=True)
              )
            )
          )
        )
      )
      (mask_generator): MaskGenerator()
      (logit_generator): LogitGenerator(
        (final_proj): Linear(in_features=1024, out_features=768, bias=True)
      )
    )
  )
)

Model summary:
    Class Name: TorchAudioHubertPretrainModel
    Total Number of model parameters: 316.32 M
    Number of trainable parameters: 316.32 M (100.0%)
    Size: 1.27 GB
    Type: torch.float32
[pg12b-14-2-hpc:0/8] 2026-08-29 20:06:10,618 (abs_task:1491) INFO: Optimizer:
Adam (
Parameter Group 0
    amsgrad: False
    betas: (0.9, 0.999)
    capturable: False
    decoupled_weight_decay: False
    differentiable: False
    eps: 1e-08
    foreach: None
    fused: None
    initial_lr: 0.0005
    lr: 1.5625e-08
    maximize: False
    weight_decay: 0
)
[pg12b-14-2-hpc:0/8] 2026-08-29 20:06:10,619 (abs_task:1492) INFO: Scheduler: WarmupLR(warmup_steps=32000)
[pg12b-14-2-hpc:0/8] 2026-08-29 20:06:10,624 (abs_task:1501) INFO: Saving the configuration in exp_phaseb/B_compile/config.yaml
[pg12b-14-2-hpc:0/8] 2026-08-29 20:06:12,571 (abs_task:1920) INFO: [train] Batch sampler: NumElementsBatchSampler(N-batch=2021, batch_bins=36000000, sort_in_batch=descending, sort_batch=descending)
[pg12b-14-2-hpc:0/8] 2026-08-29 20:06:12,573 (abs_task:1921) INFO: [train] mini-batch sizes summary: N-batch=2021, mean=139.2, min=45, max=842
[pg12b-14-2-hpc:0/8] 2026-08-29 20:06:12,721 (read_text:31) INFO: keys_to_load is not None, only loading 36033 keys from dump/raw/train_960/text.km.kmeans_iter0_rand100_train_960_portion1.0
[pg12b-14-2-hpc:0/8] 2026-08-29 20:06:13,522 (abs_task:1945) INFO: [train] dataset:
ESPnetDataset(
  speech: {"path": "dump/raw/train_960/wav.scp", "type": "sound"}
  text: {"path": "dump/raw/train_960/text.km.kmeans_iter0_rand100_train_960_portion1.0", "type": "text"}
  preprocess: <espnet2.train.preprocessor.CommonPreprocessor object at 0x7f4f27c40290>)
[pg12b-14-2-hpc:0/8] 2026-08-29 20:06:13,544 (abs_task:1920) INFO: [valid] Batch sampler: NumElementsBatchSampler(N-batch=15, batch_bins=36000000, sort_in_batch=descending, sort_batch=descending)
[pg12b-14-2-hpc:0/8] 2026-08-29 20:06:13,545 (abs_task:1921) INFO: [valid] mini-batch sizes summary: N-batch=15, mean=237.5, min=51, max=578
[pg12b-14-2-hpc:0/8] 2026-08-29 20:06:13,548 (read_text:31) INFO: keys_to_load is not None, only loading 453 keys from dump/raw/dev/text.km.kmeans_iter0_rand100_train_960_portion1.0
[pg12b-14-2-hpc:0/8] 2026-08-29 20:06:13,555 (abs_task:1945) INFO: [valid] dataset:
ESPnetDataset(
  speech: {"path": "dump/raw/dev/wav.scp", "type": "sound"}
  text: {"path": "dump/raw/dev/text.km.kmeans_iter0_rand100_train_960_portion1.0", "type": "text"}
  preprocess: <espnet2.train.preprocessor.CommonPreprocessor object at 0x7f4f27d867e0>)
[pg12b-14-2-hpc:0/8] 2026-08-29 20:06:13,556 (trainer:227) INFO: AMP is enabled with dtype=torch.bfloat16 and loss scaling disabled.
[pg12b-14-2-hpc:0/8] 2026-08-29 20:06:13,557 (trainer:597) INFO: Applying torch.compile with {'dynamic': True}
pg12b-14-2-hpc:58374:58374 [0] NCCL INFO NCCL_SOCKET_IFNAME set by environment to ^lo,docker,virbr,vmnet,vboxnet
pg12b-14-2-hpc:58374:58374 [0] NCCL INFO Bootstrap: Using enp27s0f0np0:10.166.111.142<0>
pg12b-14-2-hpc:58374:58374 [0] NCCL INFO cudaDriverVersion 12080
pg12b-14-2-hpc:58374:58374 [0] NCCL INFO NCCL version 2.27.5+cuda12.9
pg12b-14-2-hpc:58374:58374 [0] NCCL INFO Comm config Blocking set to 1
pg12b-14-2-hpc:58374:58849 [0] NCCL INFO NET/Plugin: Could not find: libnccl-net.so. 
pg12b-14-2-hpc:58374:58849 [0] NCCL INFO NCCL_SOCKET_IFNAME set by environment to ^lo,docker,virbr,vmnet,vboxnet
pg12b-14-2-hpc:58374:58849 [0] NCCL INFO NET/IB : Using [0]mlx5_0:1/IB [1]mlx5_1:1/RoCE [2]mlx5_3:1/IB [3]mlx5_4:1/IB [4]mlx5_5:1/IB [5]mlx5_6:1/IB [6]mlx5_7:1/RoCE [7]mlx5_9:1/IB [8]mlx5_10:1/IB [9]mlx5_11:1/IB [RO]; OOB enp27s0f0np0:10.166.111.142<0>
pg12b-14-2-hpc:58374:58849 [0] NCCL INFO Initialized NET plugin IB
pg12b-14-2-hpc:58374:58849 [0] NCCL INFO Assigned NET plugin IB to comm
pg12b-14-2-hpc:58374:58849 [0] NCCL INFO Using network IB
pg12b-14-2-hpc:58374:58849 [0] NCCL INFO ncclCommInitRankConfig comm 0x55b07dcdc570 rank 0 nranks 8 cudaDev 0 nvmlDev 0 busId 19000 commId 0xf29ee29be678c5c - Init START
pg12b-14-2-hpc:58374:58849 [0] NCCL INFO RAS client listening socket at 127.0.0.1<28028>
pg12b-14-2-hpc:58374:58849 [0] NCCL INFO Bootstrap timings total 0.002519 (create 0.000021, send 0.000103, recv 0.000087, ring 0.002021, delay 0.000000)
pg12b-14-2-hpc:58374:58849 [0] NCCL INFO MNNVL busId 0x19000 fabric UUID 0.0 cliqueId 0x0 state 3 healthMask 0x0
pg12b-14-2-hpc:58374:58849 [0] NCCL INFO Setting affinity for GPU 0 to 0,2,4,6,8,10,12,14,16,18,20,22,24,26,28,30,32,34,36,38,40,42,44,46,48,50,52,54,56,58,60,62,64,66,68,70,72,74,76,78,80,82,84,86,88,90,92,94,104,106,108,110,112,114,116,118,120,122,124,126,128,130,132,134,136,138,140,142,144,146,148,150,152,154,156,158,160,
pg12b-14-2-hpc:58374:58849 [0] NCCL INFO NVLS multicast support is available on dev 0 (NVLS_NCHANNELS 16)
pg12b-14-2-hpc:58374:58849 [0] NCCL INFO comm 0x55b07dcdc570 rank 0 nRanks 8 nNodes 1 localRanks 8 localRank 0 MNNVL 0
pg12b-14-2-hpc:58374:58849 [0] NCCL INFO Channel 00/24 : 0 1 2 3 4 5 6 7
pg12b-14-2-hpc:58374:58849 [0] NCCL INFO Channel 01/24 : 0 1 2 3 4 5 6 7
pg12b-14-2-hpc:58374:58849 [0] NCCL INFO Channel 02/24 : 0 1 2 3 4 5 6 7
pg12b-14-2-hpc:58374:58849 [0] NCCL INFO Channel 03/24 : 0 1 2 3 4 5 6 7
pg12b-14-2-hpc:58374:58849 [0] NCCL INFO Channel 04/24 : 0 1 2 3 4 5 6 7
pg12b-14-2-hpc:58374:58849 [0] NCCL INFO Channel 05/24 : 0 1 2 3 4 5 6 7
pg12b-14-2-hpc:58374:58849 [0] NCCL INFO Channel 06/24 : 0 1 2 3 4 5 6 7
pg12b-14-2-hpc:58374:58849 [0] NCCL INFO Channel 07/24 : 0 1 2 3 4 5 6 7
pg12b-14-2-hpc:58374:58849 [0] NCCL INFO Channel 08/24 : 0 1 2 3 4 5 6 7
pg12b-14-2-hpc:58374:58849 [0] NCCL INFO Channel 09/24 : 0 1 2 3 4 5 6 7
pg12b-14-2-hpc:58374:58849 [0] NCCL INFO Channel 10/24 : 0 1 2 3 4 5 6 7
pg12b-14-2-hpc:58374:58849 [0] NCCL INFO Channel 11/24 : 0 1 2 3 4 5 6 7
pg12b-14-2-hpc:58374:58849 [0] NCCL INFO Channel 12/24 : 0 1 2 3 4 5 6 7
pg12b-14-2-hpc:58374:58849 [0] NCCL INFO Channel 13/24 : 0 1 2 3 4 5 6 7
pg12b-14-2-hpc:58374:58849 [0] NCCL INFO Channel 14/24 : 0 1 2 3 4 5 6 7
pg12b-14-2-hpc:58374:58849 [0] NCCL INFO Channel 15/24 : 0 1 2 3 4 5 6 7
pg12b-14-2-hpc:58374:58849 [0] NCCL INFO Channel 16/24 : 0 1 2 3 4 5 6 7
pg12b-14-2-hpc:58374:58849 [0] NCCL INFO Channel 17/24 : 0 1 2 3 4 5 6 7
pg12b-14-2-hpc:58374:58849 [0] NCCL INFO Channel 18/24 : 0 1 2 3 4 5 6 7
pg12b-14-2-hpc:58374:58849 [0] NCCL INFO Channel 19/24 : 0 1 2 3 4 5 6 7
pg12b-14-2-hpc:58374:58849 [0] NCCL INFO Channel 20/24 : 0 1 2 3 4 5 6 7
pg12b-14-2-hpc:58374:58849 [0] NCCL INFO Channel 21/24 : 0 1 2 3 4 5 6 7
pg12b-14-2-hpc:58374:58849 [0] NCCL INFO Channel 22/24 : 0 1 2 3 4 5 6 7
pg12b-14-2-hpc:58374:58849 [0] NCCL INFO Channel 23/24 : 0 1 2 3 4 5 6 7
pg12b-14-2-hpc:58374:58849 [0] NCCL INFO Trees [0] 1/-1/-1->0->-1 [1] 1/-1/-1->0->-1 [2] 1/-1/-1->0->-1 [3] 1/-1/-1->0->-1 [4] 1/-1/-1->0->-1 [5] 1/-1/-1->0->-1 [6] 1/-1/-1->0->-1 [7] 1/-1/-1->0->-1 [8] 1/-1/-1pg12b-14-2-hpc:58379:58379 [5] NCCL INFO cudaDriverVersion 12080
pg12b-14-2-hpc:58379:58379 [5] NCCL INFO NCCL_SOCKET_IFNAME set by environment to ^lo,docker,virbr,vmnet,vboxnet
pg12b-14-2-hpc:58379:58379 [5] NCCL INFO Bootstrap: Using enp27s0f0np0:10.166.111.142<0>
pg12b-14-2-hpc:58379:58379 [5] NCCL INFO NCCL version 2.27.5+cuda12.9
pg12b-14-2-hpc:58379:58379 [5] NCCL INFO Comm config Blocking set to 1
pg12b-14-2-hpc:58379:58859 [5] NCCL INFO NET/Plugin: Could not find: libnccl-net.so. 
pg12b-14-2-hpc:58379:58859 [5] NCCL INFO NCCL_SOCKET_IFNAME set by environment to ^lo,docker,virbr,vmnet,vboxnet
pg12b-14-2-hpc:58379:58859 [5] NCCL INFO NET/IB : Using [0]mlx5_0:1/IB [1]mlx5_1:1/RoCE [2]mlx5_3:1/IB [3]mlx5_4:1/IB [4]mlx5_5:1/IB [5]mlx5_6:1/IB [6]mlx5_7:1/RoCE [7]mlx5_9:1/IB [8]mlx5_10:1/IB [9]mlx5_11:1/IB [RO]; OOB enp27s0f0np0:10.166.111.142<0>
pg12b-14-2-hpc:58379:58859 [5] NCCL INFO Initialized NET plugin IB
pg12b-14-2-hpc:58379:58859 [5] NCCL INFO Assigned NET plugin IB to comm
pg12b-14-2-hpc:58379:58859 [5] NCCL INFO Using network IB
pg12b-14-2-hpc:58379:58859 [5] NCCL INFO ncclCommInitRankConfig comm 0x55a7ac502460 rank 5 nranks 8 cudaDev 5 nvmlDev 5 busId bb000 commId 0xf29ee29be678c5c - Init START
pg12b-14-2-hpc:58379:58859 [5] NCCL INFO RAS client listening socket at 127.0.0.1<28028>
pg12b-14-2-hpc:58379:58859 [5] NCCL INFO Bootstrap timings total 0.001603 (create 0.000023, send 0.000093, recv 0.000065, ring 0.000094, delay 0.000000)
pg12b-14-2-hpc:58379:58859 [5] NCCL INFO MNNVL busId 0xbb000 fabric UUID 0.0 cliqueId 0x0 state 3 healthMask 0x0
pg12b-14-2-hpc:58379:58859 [5] NCCL INFO Setting affinity for GPU 5 to 1,3,5,7,9,11,13,15,17,19,21,23,25,27,29,31,33,35,37,39,41,43,45,47,49,51,53,55,57,59,61,63,65,67,69,71,73,75,77,79,81,83,85,87,89,91,93,95,105,107,109,111,113,115,117,119,121,123,125,127,129,131,133,135,137,139,141,143,145,147,149,151,153,155,157,159,161,
pg12b-14-2-hpc:58379:58859 [5] NCCL INFO NVLS multicast support is available on dev 5 (NVLS_NCHANNELS 16)
pg12b-14-2-hpc:58379:58859 [5] NCCL INFO comm 0x55a7ac502460 rank 5 nRanks 8 nNodes 1 localRanks 8 localRank 5 MNNVL 0
pg12b-14-2-hpc:58379:58859 [5] NCCL INFO Trees [0] 6/-1/-1->5->4 [1] 6/-1/-1->5->4 [2] 6/-1/-1->5->4 [3] 6/-1/-1->5->4 [4] 6/-1/-1->5->4 [5] 6/-1/-1->5->4 [6] 6/-1/-1->5->4 [7] 6/-1/-1->5->4 [8] 6/-1/-1->5->4 [9] 6/-1/-1->5->4 [10] 6/-1/-1->5->4 [11] 6/-1/-1->5->4 [12] 6/-1/-1->5->4 [13] 6/-1/-1->5->4 [14] 6/-1/-1->5->4 [15] 6/-1/-1->5->4 [16] 6/-1/-1->5->4 [17] 6/-1/-1->5->4 [18] 6/-1/-1->5->4 [19] 6/-1/-1->5->4 [20] 6/-1/-1->5->4 [21] 6/-1/-1->5->4 [22] 6/-1/-1->5->4 [23] 6/-1/-1->5->4
pg12b-14-2-hpc:58379:58859 [5] NCCL INFO P2P Chunksize set to 524288
pg12b-14-2-hpc:58379:58859 [5] NCCL INFO PROFILER/Plugin: Could not find: libnccl-profiler.so. 
pg12b-14-2-hpc:58379:58964 [5] NCCL INFO [Proxy Service] Device 5 CPU core 83
pg12b-14-2-hpc:58379:58972 [5] NCCL INFO [Proxy Service UDS] Device 5 CPU core 153
pg12b-14-2-hpc:58379:58859 [5] NCCL INFO threadThresholds 8/8/64 | 64/8/64 | 512 | 512
pg12b-14-2-hpc:58379:58859 [5] NCCL INFO 24 coll channels, 24 collnet channels, 16 nvls channels, 32 p2p channels, 32 p2p channels per peer
pg12b-14-2-hpc:58379:58859 [5] NCCL INFO TUNER/Plugin: Could not find: libnccl-tuner.so. Using internal tuner plugin.
pg12b-14-2-hpc:58379:58859 [5] NCCL INFO ncclCommInitRankConfig comm 0x55a7ac502460 rank 5 nranks 8 cudaDev 5 nvmlDev 5 busId bb000 commId 0xf29ee29be678c5c - Init COMPLETE
pg12b-14-2-hpc:58379:58859 [5] NCCL INFO Init timings - ncclCommInitRankConfig: rank 5 nranks 8 total 1.60 (kernels 0.24, alloc 1.00, bootstrap 0.00, allgathers 0.01, topo 0.07, graphs 0.01, connections 0.21, rest 0.05)
pg12b-14-2-hpc:58379:58981 [5] NCCL INFO Channel 00/0 : 5[5] -> 6[6] via P2P/CUMEM
pg12b-14-2-hpc:58379:58981 [5] NCCL INFO Channel 01/0 : 5[5] -> 6[6] via P2P/CUMEM
pg12b-14-2-hpc:58379:58981 [5] NCCL INFO Channel 02/0 : 5[5] -> 6[6] via P2P/CUMEM
pg12b-14-2-hpc:58379:58981 [5] NCCL INFO Channel 03/0 : 5[5] -> 6[6] via P2P/CUMEM
pg12b-14-2-hpc:58379:58981 [5] NCCL INFO Channel 04/0 : 5[5] -> 6[6] via pg12b-14-2-hpc:58378:58378 [4] NCCL INFO cudaDriverVersion 12080
pg12b-14-2-hpc:58378:58378 [4] NCCL INFO NCCL_SOCKET_IFNAME set by environment to ^lo,docker,virbr,vmnet,vboxnet
pg12b-14-2-hpc:58378:58378 [4] NCCL INFO Bootstrap: Using enp27s0f0np0:10.166.111.142<0>
pg12b-14-2-hpc:58378:58378 [4] NCCL INFO NCCL version 2.27.5+cuda12.9
pg12b-14-2-hpc:58378:58378 [4] NCCL INFO Comm config Blocking set to 1
pg12b-14-2-hpc:58378:58854 [4] NCCL INFO NET/Plugin: Could not find: libnccl-net.so. 
pg12b-14-2-hpc:58378:58854 [4] NCCL INFO NCCL_SOCKET_IFNAME set by environment to ^lo,docker,virbr,vmnet,vboxnet
pg12b-14-2-hpc:58378:58854 [4] NCCL INFO NET/IB : Using [0]mlx5_0:1/IB [1]mlx5_1:1/RoCE [2]mlx5_3:1/IB [3]mlx5_4:1/IB [4]mlx5_5:1/IB [5]mlx5_6:1/IB [6]mlx5_7:1/RoCE [7]mlx5_9:1/IB [8]mlx5_10:1/IB [9]mlx5_11:1/IB [RO]; OOB enp27s0f0np0:10.166.111.142<0>
pg12b-14-2-hpc:58378:58854 [4] NCCL INFO Initialized NET plugin IB
pg12b-14-2-hpc:58378:58854 [4] NCCL INFO Assigned NET plugin IB to comm
pg12b-14-2-hpc:58378:58854 [4] NCCL INFO Using network IB
pg12b-14-2-hpc:58378:58854 [4] NCCL INFO ncclCommInitRankConfig comm 0x558692f78750 rank 4 nranks 8 cudaDev 4 nvmlDev 4 busId 9b000 commId 0xf29ee29be678c5c - Init START
pg12b-14-2-hpc:58378:58854 [4] NCCL INFO RAS client listening socket at 127.0.0.1<28028>
pg12b-14-2-hpc:58378:58854 [4] NCCL INFO Bootstrap timings total 0.000541 (create 0.000021, send 0.000101, recv 0.000082, ring 0.000099, delay 0.000000)
pg12b-14-2-hpc:58378:58854 [4] NCCL INFO MNNVL busId 0x9b000 fabric UUID 0.0 cliqueId 0x0 state 3 healthMask 0x0
pg12b-14-2-hpc:58378:58854 [4] NCCL INFO Setting affinity for GPU 4 to 1,3,5,7,9,11,13,15,17,19,21,23,25,27,29,31,33,35,37,39,41,43,45,47,49,51,53,55,57,59,61,63,65,67,69,71,73,75,77,79,81,83,85,87,89,91,93,95,105,107,109,111,113,115,117,119,121,123,125,127,129,131,133,135,137,139,141,143,145,147,149,151,153,155,157,159,161,
pg12b-14-2-hpc:58378:58854 [4] NCCL INFO NVLS multicast support is available on dev 4 (NVLS_NCHANNELS 16)
pg12b-14-2-hpc:58378:58854 [4] NCCL INFO comm 0x558692f78750 rank 4 nRanks 8 nNodes 1 localRanks 8 localRank 4 MNNVL 0
pg12b-14-2-hpc:58378:58854 [4] NCCL INFO Trees [0] 5/-1/-1->4->3 [1] 5/-1/-1->4->3 [2] 5/-1/-1->4->3 [3] 5/-1/-1->4->3 [4] 5/-1/-1->4->3 [5] 5/-1/-1->4->3 [6] 5/-1/-1->4->3 [7] 5/-1/-1->4->3 [8] 5/-1/-1->4->3 [9] 5/-1/-1->4->3 [10] 5/-1/-1->4->3 [11] 5/-1/-1->4->3 [12] 5/-1/-1->4->3 [13] 5/-1/-1->4->3 [14] 5/-1/-1->4->3 [15] 5/-1/-1->4->3 [16] 5/-1/-1->4->3 [17] 5/-1/-1->4->3 [18] 5/-1/-1->4->3 [19] 5/-1/-1->4->3 [20] 5/-1/-1->4->3 [21] 5/-1/-1->4->3 [22] 5/-1/-1->4->3 [23] 5/-1/-1->4->3
pg12b-14-2-hpc:58378:58854 [4] NCCL INFO P2P Chunksize set to 524288
pg12b-14-2-hpc:58378:58854 [4] NCCL INFO PROFILER/Plugin: Could not find: libnccl-profiler.so. 
pg12b-14-2-hpc:58378:58973 [4] NCCL INFO [Proxy Service UDS] Device 4 CPU core 159
pg12b-14-2-hpc:58378:58968 [4] NCCL INFO [Proxy Service] Device 4 CPU core 147
pg12b-14-2-hpc:58378:58854 [4] NCCL INFO threadThresholds 8/8/64 | 64/8/64 | 512 | 512
pg12b-14-2-hpc:58378:58854 [4] NCCL INFO 24 coll channels, 24 collnet channels, 16 nvls channels, 32 p2p channels, 32 p2p channels per peer
pg12b-14-2-hpc:58378:58854 [4] NCCL INFO TUNER/Plugin: Could not find: libnccl-tuner.so. Using internal tuner plugin.
pg12b-14-2-hpc:58378:58854 [4] NCCL INFO ncclCommInitRankConfig comm 0x558692f78750 rank 4 nranks 8 cudaDev 4 nvmlDev 4 busId 9b000 commId 0xf29ee29be678c5c - Init COMPLETE
pg12b-14-2-hpc:58378:58854 [4] NCCL INFO Init timings - ncclCommInitRankConfig: rank 4 nranks 8 total 1.61 (kernels 0.25, alloc 1.01, bootstrap 0.00, allgathers 0.01, topo 0.07, graphs 0.01, connections 0.21, rest 0.05)
pg12b-14-2-hpc:58378:58986 [4] NCCL INFO Channel 00/0 : 4[4] -> 5[5] via P2P/CUMEM
pg12b-14-2-hpc:58378:58986 [4] NCCL INFO Channel 01/0 : 4[4] -> 5[5] via P2P/CUMEM
pg12b-14-2-hpc:58378:58986 [4] NCCL INFO Channel 02/0 : 4[4] -> 5[5] via P2P/CUMEM
pg12b-14-2-hpc:58378:58986 [4] NCCL INFO Channel 03/0 : 4[4] -> 5[5] via P2P/CUMEM
pg12b-14-2-hpc:58378:58986 [4] NCCL INFO Channel 04/0 : 4[4] -> 5[5] viapg12b-14-2-hpc:58381:58381 [7] NCCL INFO cudaDriverVersion 12080
pg12b-14-2-hpc:58381:58381 [7] NCCL INFO NCCL_SOCKET_IFNAME set by environment to ^lo,docker,virbr,vmnet,vboxnet
pg12b-14-2-hpc:58381:58381 [7] NCCL INFO Bootstrap: Using enp27s0f0np0:10.166.111.142<0>
pg12b-14-2-hpc:58381:58381 [7] NCCL INFO NCCL version 2.27.5+cuda12.9
pg12b-14-2-hpc:58381:58381 [7] NCCL INFO Comm config Blocking set to 1
pg12b-14-2-hpc:58381:58855 [7] NCCL INFO NET/Plugin: Could not find: libnccl-net.so. 
pg12b-14-2-hpc:58381:58855 [7] NCCL INFO NCCL_SOCKET_IFNAME set by environment to ^lo,docker,virbr,vmnet,vboxnet
pg12b-14-2-hpc:58381:58855 [7] NCCL INFO NET/IB : Using [0]mlx5_0:1/IB [1]mlx5_1:1/RoCE [2]mlx5_3:1/IB [3]mlx5_4:1/IB [4]mlx5_5:1/IB [5]mlx5_6:1/IB [6]mlx5_7:1/RoCE [7]mlx5_9:1/IB [8]mlx5_10:1/IB [9]mlx5_11:1/IB [RO]; OOB enp27s0f0np0:10.166.111.142<0>
pg12b-14-2-hpc:58381:58855 [7] NCCL INFO Initialized NET plugin IB
pg12b-14-2-hpc:58381:58855 [7] NCCL INFO Assigned NET plugin IB to comm
pg12b-14-2-hpc:58381:58855 [7] NCCL INFO Using network IB
pg12b-14-2-hpc:58381:58855 [7] NCCL INFO ncclCommInitRankConfig comm 0x55ae98c30b40 rank 7 nranks 8 cudaDev 7 nvmlDev 7 busId db000 commId 0xf29ee29be678c5c - Init START
pg12b-14-2-hpc:58381:58855 [7] NCCL INFO RAS client listening socket at 127.0.0.1<28028>
pg12b-14-2-hpc:58381:58855 [7] NCCL INFO Bootstrap timings total 0.016804 (create 0.000020, send 0.000098, recv 0.014366, ring 0.002017, delay 0.000000)
pg12b-14-2-hpc:58381:58855 [7] NCCL INFO MNNVL busId 0xdb000 fabric UUID 0.0 cliqueId 0x0 state 3 healthMask 0x0
pg12b-14-2-hpc:58381:58855 [7] NCCL INFO Setting affinity for GPU 7 to 1,3,5,7,9,11,13,15,17,19,21,23,25,27,29,31,33,35,37,39,41,43,45,47,49,51,53,55,57,59,61,63,65,67,69,71,73,75,77,79,81,83,85,87,89,91,93,95,105,107,109,111,113,115,117,119,121,123,125,127,129,131,133,135,137,139,141,143,145,147,149,151,153,155,157,159,161,
pg12b-14-2-hpc:58381:58855 [7] NCCL INFO NVLS multicast support is available on dev 7 (NVLS_NCHANNELS 16)
pg12b-14-2-hpc:58381:58855 [7] NCCL INFO comm 0x55ae98c30b40 rank 7 nRanks 8 nNodes 1 localRanks 8 localRank 7 MNNVL 0
pg12b-14-2-hpc:58381:58855 [7] NCCL INFO Trees [0] -1/-1/-1->7->6 [1] -1/-1/-1->7->6 [2] -1/-1/-1->7->6 [3] -1/-1/-1->7->6 [4] -1/-1/-1->7->6 [5] -1/-1/-1->7->6 [6] -1/-1/-1->7->6 [7] -1/-1/-1->7->6 [8] -1/-1/-1->7->6 [9] -1/-1/-1->7->6 [10] -1/-1/-1->7->6 [11] -1/-1/-1->7->6 [12] -1/-1/-1->7->6 [13] -1/-1/-1->7->6 [14] -1/-1/-1->7->6 [15] -1/-1/-1->7->6 [16] -1/-1/-1->7->6 [17] -1/-1/-1->7->6 [18] -1/-1/-1->7->6 [19] -1/-1/-1->7->6 [20] -1/-1/-1->7->6 [21] -1/-1/-1->7->6 [22] -1/-1/-1->7->6 [23] -1/-1/-1->7->6
pg12b-14-2-hpc:58381:58855 [7] NCCL INFO P2P Chunksize set to 524288
pg12b-14-2-hpc:58381:58855 [7] NCCL INFO PROFILER/Plugin: Could not find: libnccl-profiler.so. 
pg12b-14-2-hpc:58381:58967 [7] NCCL INFO [Proxy Service] Device 7 CPU core 147
pg12b-14-2-hpc:58381:58971 [7] NCCL INFO [Proxy Service UDS] Device 7 CPU core 47
pg12b-14-2-hpc:58381:58855 [7] NCCL INFO threadThresholds 8/8/64 | 64/8/64 | 512 | 512
pg12b-14-2-hpc:58381:58855 [7] NCCL INFO 24 coll channels, 24 collnet channels, 16 nvls channels, 32 p2p channels, 32 p2p channels per peer
pg12b-14-2-hpc:58381:58855 [7] NCCL INFO TUNER/Plugin: Could not find: libnccl-tuner.so. Using internal tuner plugin.
pg12b-14-2-hpc:58381:58855 [7] NCCL INFO ncclCommInitRankConfig comm 0x55ae98c30b40 rank 7 nranks 8 cudaDev 7 nvmlDev 7 busId db000 commId 0xf29ee29be678c5c - Init COMPLETE
pg12b-14-2-hpc:58381:58855 [7] NCCL INFO Init timings - ncclCommInitRankConfig: rank 7 nranks 8 total 1.61 (kernels 0.25, alloc 0.99, bootstrap 0.02, allgathers 0.01, topo 0.07, graphs 0.01, connections 0.21, rest 0.05)
pg12b-14-2-hpc:58381:58985 [7] NCCL INFO Channel 00/0 : 7[7] -> 0[0] via P2P/CUMEM
pg12b-14-2-hpc:58381:58985 [7] NCCL INFO Channel 01/0 : 7[7] -> 0[0] via P2P/CUMEM
pg12b-14-2-hpc:58381:58985 [7] NCCL INFO Channel 02/0 : 7[7] -> 0[0] via P2P/CUMEM
pg12b-14-2-hpc:58381:58985 [7] NCCL INFO Channel 03/0 : 7[7] -> 0[0] via P2P/CUMEM
pg12b-14-2-hpc:58381:58985 [7] NCCL INFO Channel pg12b-14-2-hpc:58375:58375 [1] NCCL INFO cudaDriverVersion 12080
pg12b-14-2-hpc:58375:58375 [1] NCCL INFO NCCL_SOCKET_IFNAME set by environment to ^lo,docker,virbr,vmnet,vboxnet
pg12b-14-2-hpc:58375:58375 [1] NCCL INFO Bootstrap: Using enp27s0f0np0:10.166.111.142<0>
pg12b-14-2-hpc:58375:58375 [1] NCCL INFO NCCL version 2.27.5+cuda12.9
pg12b-14-2-hpc:58375:58375 [1] NCCL INFO Comm config Blocking set to 1
pg12b-14-2-hpc:58375:58852 [1] NCCL INFO NET/Plugin: Could not find: libnccl-net.so. 
pg12b-14-2-hpc:58375:58852 [1] NCCL INFO NCCL_SOCKET_IFNAME set by environment to ^lo,docker,virbr,vmnet,vboxnet
pg12b-14-2-hpc:58375:58852 [1] NCCL INFO NET/IB : Using [0]mlx5_0:1/IB [1]mlx5_1:1/RoCE [2]mlx5_3:1/IB [3]mlx5_4:1/IB [4]mlx5_5:1/IB [5]mlx5_6:1/IB [6]mlx5_7:1/RoCE [7]mlx5_9:1/IB [8]mlx5_10:1/IB [9]mlx5_11:1/IB [RO]; OOB enp27s0f0np0:10.166.111.142<0>
pg12b-14-2-hpc:58375:58852 [1] NCCL INFO Initialized NET plugin IB
pg12b-14-2-hpc:58375:58852 [1] NCCL INFO Assigned NET plugin IB to comm
pg12b-14-2-hpc:58375:58852 [1] NCCL INFO Using network IB
pg12b-14-2-hpc:58375:58852 [1] NCCL INFO ncclCommInitRankConfig comm 0x560670e0da30 rank 1 nranks 8 cudaDev 1 nvmlDev 1 busId 3b000 commId 0xf29ee29be678c5c - Init START
pg12b-14-2-hpc:58375:58852 [1] NCCL INFO RAS client listening socket at 127.0.0.1<28028>
pg12b-14-2-hpc:58375:58852 [1] NCCL INFO Bootstrap timings total 0.096685 (create 0.000019, send 0.000107, recv 0.063518, ring 0.002013, delay 0.000000)
pg12b-14-2-hpc:58375:58852 [1] NCCL INFO MNNVL busId 0x3b000 fabric UUID 0.0 cliqueId 0x0 state 3 healthMask 0x0
pg12b-14-2-hpc:58375:58852 [1] NCCL INFO Setting affinity for GPU 1 to 0,2,4,6,8,10,12,14,16,18,20,22,24,26,28,30,32,34,36,38,40,42,44,46,48,50,52,54,56,58,60,62,64,66,68,70,72,74,76,78,80,82,84,86,88,90,92,94,104,106,108,110,112,114,116,118,120,122,124,126,128,130,132,134,136,138,140,142,144,146,148,150,152,154,156,158,160,
pg12b-14-2-hpc:58375:58852 [1] NCCL INFO NVLS multicast support is available on dev 1 (NVLS_NCHANNELS 16)
pg12b-14-2-hpc:58375:58852 [1] NCCL INFO comm 0x560670e0da30 rank 1 nRanks 8 nNodes 1 localRanks 8 localRank 1 MNNVL 0
pg12b-14-2-hpc:58375:58852 [1] NCCL INFO Trees [0] 2/-1/-1->1->0 [1] 2/-1/-1->1->0 [2] 2/-1/-1->1->0 [3] 2/-1/-1->1->0 [4] 2/-1/-1->1->0 [5] 2/-1/-1->1->0 [6] 2/-1/-1->1->0 [7] 2/-1/-1->1->0 [8] 2/-1/-1->1->0 [9] 2/-1/-1->1->0 [10] 2/-1/-1->1->0 [11] 2/-1/-1->1->0 [12] 2/-1/-1->1->0 [13] 2/-1/-1->1->0 [14] 2/-1/-1->1->0 [15] 2/-1/-1->1->0 [16] 2/-1/-1->1->0 [17] 2/-1/-1->1->0 [18] 2/-1/-1->1->0 [19] 2/-1/-1->1->0 [20] 2/-1/-1->1->0 [21] 2/-1/-1->1->0 [22] 2/-1/-1->1->0 [23] 2/-1/-1->1->0
pg12b-14-2-hpc:58375:58852 [1] NCCL INFO P2P Chunksize set to 524288
pg12b-14-2-hpc:58375:58852 [1] NCCL INFO PROFILER/Plugin: Could not find: libnccl-profiler.so. 
pg12b-14-2-hpc:58375:58969 [1] NCCL INFO [Proxy Service UDS] Device 1 CPU core 178
pg12b-14-2-hpc:58375:58966 [1] NCCL INFO [Proxy Service] Device 1 CPU core 72
pg12b-14-2-hpc:58375:58852 [1] NCCL INFO threadThresholds 8/8/64 | 64/8/64 | 512 | 512
pg12b-14-2-hpc:58375:58852 [1] NCCL INFO 24 coll channels, 24 collnet channels, 16 nvls channels, 32 p2p channels, 32 p2p channels per peer
pg12b-14-2-hpc:58375:58852 [1] NCCL INFO TUNER/Plugin: Could not find: libnccl-tuner.so. Using internal tuner plugin.
pg12b-14-2-hpc:58375:58852 [1] NCCL INFO ncclCommInitRankConfig comm 0x560670e0da30 rank 1 nranks 8 cudaDev 1 nvmlDev 1 busId 3b000 commId 0xf29ee29be678c5c - Init COMPLETE
pg12b-14-2-hpc:58375:58852 [1] NCCL INFO Init timings - ncclCommInitRankConfig: rank 1 nranks 8 total 1.63 (kernels 0.25, alloc 0.93, bootstrap 0.10, allgathers 0.01, topo 0.07, graphs 0.01, connections 0.21, rest 0.05)
pg12b-14-2-hpc:58375:58984 [1] NCCL INFO Channel 00/0 : 1[1] -> 2[2] via P2P/CUMEM
pg12b-14-2-hpc:58375:58984 [1] NCCL INFO Channel 01/0 : 1[1] -> 2[2] via P2P/CUMEM
pg12b-14-2-hpc:58375:58984 [1] NCCL INFO Channel 02/0 : 1[1] -> 2[2] via P2P/CUMEM
pg12b-14-2-hpc:58375:58984 [1] NCCL INFO Channel 03/0 : 1[1] -> 2[2] via P2P/CUMEM
pg12b-14-2-hpc:58375:58984 [1] NCCL INFO Channel 04/0 : 1[1] -> 2[2] via pg12b-14-2-hpc:58380:58380 [6] NCCL INFO cudaDriverVersion 12080
pg12b-14-2-hpc:58380:58380 [6] NCCL INFO NCCL_SOCKET_IFNAME set by environment to ^lo,docker,virbr,vmnet,vboxnet
pg12b-14-2-hpc:58380:58380 [6] NCCL INFO Bootstrap: Using enp27s0f0np0:10.166.111.142<0>
pg12b-14-2-hpc:58380:58380 [6] NCCL INFO NCCL version 2.27.5+cuda12.9
pg12b-14-2-hpc:58380:58380 [6] NCCL INFO Comm config Blocking set to 1
pg12b-14-2-hpc:58380:58851 [6] NCCL INFO NET/Plugin: Could not find: libnccl-net.so. 
pg12b-14-2-hpc:58380:58851 [6] NCCL INFO NCCL_SOCKET_IFNAME set by environment to ^lo,docker,virbr,vmnet,vboxnet
pg12b-14-2-hpc:58380:58851 [6] NCCL INFO NET/IB : Using [0]mlx5_0:1/IB [1]mlx5_1:1/RoCE [2]mlx5_3:1/IB [3]mlx5_4:1/IB [4]mlx5_5:1/IB [5]mlx5_6:1/IB [6]mlx5_7:1/RoCE [7]mlx5_9:1/IB [8]mlx5_10:1/IB [9]mlx5_11:1/IB [RO]; OOB enp27s0f0np0:10.166.111.142<0>
pg12b-14-2-hpc:58380:58851 [6] NCCL INFO Initialized NET plugin IB
pg12b-14-2-hpc:58380:58851 [6] NCCL INFO Assigned NET plugin IB to comm
pg12b-14-2-hpc:58380:58851 [6] NCCL INFO Using network IB
pg12b-14-2-hpc:58380:58851 [6] NCCL INFO ncclCommInitRankConfig comm 0x5619e68152d0 rank 6 nranks 8 cudaDev 6 nvmlDev 6 busId cb000 commId 0xf29ee29be678c5c - Init START
pg12b-14-2-hpc:58380:58851 [6] NCCL INFO RAS client listening socket at 127.0.0.1<28028>
pg12b-14-2-hpc:58380:58851 [6] NCCL INFO Bootstrap timings total 0.111450 (create 0.000027, send 0.000128, recv 0.094679, ring 0.001164, delay 0.000000)
pg12b-14-2-hpc:58380:58851 [6] NCCL INFO MNNVL busId 0xcb000 fabric UUID 0.0 cliqueId 0x0 state 3 healthMask 0x0
pg12b-14-2-hpc:58380:58851 [6] NCCL INFO Setting affinity for GPU 6 to 1,3,5,7,9,11,13,15,17,19,21,23,25,27,29,31,33,35,37,39,41,43,45,47,49,51,53,55,57,59,61,63,65,67,69,71,73,75,77,79,81,83,85,87,89,91,93,95,105,107,109,111,113,115,117,119,121,123,125,127,129,131,133,135,137,139,141,143,145,147,149,151,153,155,157,159,161,
pg12b-14-2-hpc:58380:58851 [6] NCCL INFO NVLS multicast support is available on dev 6 (NVLS_NCHANNELS 16)
pg12b-14-2-hpc:58380:58851 [6] NCCL INFO comm 0x5619e68152d0 rank 6 nRanks 8 nNodes 1 localRanks 8 localRank 6 MNNVL 0
pg12b-14-2-hpc:58380:58851 [6] NCCL INFO Trees [0] 7/-1/-1->6->5 [1] 7/-1/-1->6->5 [2] 7/-1/-1->6->5 [3] 7/-1/-1->6->5 [4] 7/-1/-1->6->5 [5] 7/-1/-1->6->5 [6] 7/-1/-1->6->5 [7] 7/-1/-1->6->5 [8] 7/-1/-1->6->5 [9] 7/-1/-1->6->5 [10] 7/-1/-1->6->5 [11] 7/-1/-1->6->5 [12] 7/-1/-1->6->5 [13] 7/-1/-1->6->5 [14] 7/-1/-1->6->5 [15] 7/-1/-1->6->5 [16] 7/-1/-1->6->5 [17] 7/-1/-1->6->5 [18] 7/-1/-1->6->5 [19] 7/-1/-1->6->5 [20] 7/-1/-1->6->5 [21] 7/-1/-1->6->5 [22] 7/-1/-1->6->5 [23] 7/-1/-1->6->5
pg12b-14-2-hpc:58380:58851 [6] NCCL INFO P2P Chunksize set to 524288
pg12b-14-2-hpc:58380:58851 [6] NCCL INFO PROFILER/Plugin: Could not find: libnccl-profiler.so. 
pg12b-14-2-hpc:58380:58965 [6] NCCL INFO [Proxy Service] Device 6 CPU core 47
pg12b-14-2-hpc:58380:58970 [6] NCCL INFO [Proxy Service UDS] Device 6 CPU core 155
pg12b-14-2-hpc:58380:58851 [6] NCCL INFO threadThresholds 8/8/64 | 64/8/64 | 512 | 512
pg12b-14-2-hpc:58380:58851 [6] NCCL INFO 24 coll channels, 24 collnet channels, 16 nvls channels, 32 p2p channels, 32 p2p channels per peer
pg12b-14-2-hpc:58380:58851 [6] NCCL INFO TUNER/Plugin: Could not find: libnccl-tuner.so. Using internal tuner plugin.
pg12b-14-2-hpc:58380:58851 [6] NCCL INFO ncclCommInitRankConfig comm 0x5619e68152d0 rank 6 nranks 8 cudaDev 6 nvmlDev 6 busId cb000 commId 0xf29ee29be678c5c - Init COMPLETE
pg12b-14-2-hpc:58380:58851 [6] NCCL INFO Init timings - ncclCommInitRankConfig: rank 6 nranks 8 total 1.63 (kernels 0.25, alloc 0.92, bootstrap 0.11, allgathers 0.01, topo 0.07, graphs 0.01, connections 0.21, rest 0.05)
pg12b-14-2-hpc:58380:58982 [6] NCCL INFO Channel 00/0 : 6[6] -> 7[7] via P2P/CUMEM
pg12b-14-2-hpc:58380:58982 [6] NCCL INFO Channel 01/0 : 6[6] -> 7[7] via P2P/CUMEM
pg12b-14-2-hpc:58380:58982 [6] NCCL INFO Channel 02/0 : 6[6] -> 7[7] via P2P/CUMEM
pg12b-14-2-hpc:58380:58982 [6] NCCL INFO Channel 03/0 : 6[6] -> 7[7] via P2P/CUMEM
pg12b-14-2-hpc:58380:58982 [6] NCCL INFO Channel 04/0 : 6[6] -> 7[7] via pg12b-14-2-hpc:58377:58377 [3] NCCL INFO cudaDriverVersion 12080
pg12b-14-2-hpc:58377:58377 [3] NCCL INFO NCCL_SOCKET_IFNAME set by environment to ^lo,docker,virbr,vmnet,vboxnet
pg12b-14-2-hpc:58377:58377 [3] NCCL INFO Bootstrap: Using enp27s0f0np0:10.166.111.142<0>
pg12b-14-2-hpc:58377:58377 [3] NCCL INFO NCCL version 2.27.5+cuda12.9
pg12b-14-2-hpc:58377:58377 [3] NCCL INFO Comm config Blocking set to 1
pg12b-14-2-hpc:58377:58857 [3] NCCL INFO NET/Plugin: Could not find: libnccl-net.so. 
pg12b-14-2-hpc:58377:58857 [3] NCCL INFO NCCL_SOCKET_IFNAME set by environment to ^lo,docker,virbr,vmnet,vboxnet
pg12b-14-2-hpc:58377:58857 [3] NCCL INFO NET/IB : Using [0]mlx5_0:1/IB [1]mlx5_1:1/RoCE [2]mlx5_3:1/IB [3]mlx5_4:1/IB [4]mlx5_5:1/IB [5]mlx5_6:1/IB [6]mlx5_7:1/RoCE [7]mlx5_9:1/IB [8]mlx5_10:1/IB [9]mlx5_11:1/IB [RO]; OOB enp27s0f0np0:10.166.111.142<0>
pg12b-14-2-hpc:58377:58857 [3] NCCL INFO Initialized NET plugin IB
pg12b-14-2-hpc:58377:58857 [3] NCCL INFO Assigned NET plugin IB to comm
pg12b-14-2-hpc:58377:58857 [3] NCCL INFO Using network IB
pg12b-14-2-hpc:58377:58857 [3] NCCL INFO ncclCommInitRankConfig comm 0x55c03b2b0c20 rank 3 nranks 8 cudaDev 3 nvmlDev 3 busId 5d000 commId 0xf29ee29be678c5c - Init START
pg12b-14-2-hpc:58377:58857 [3] NCCL INFO RAS client listening socket at 127.0.0.1<28028>
pg12b-14-2-hpc:58377:58857 [3] NCCL INFO Bootstrap timings total 0.002492 (create 0.000020, send 0.000102, recv 0.002011, ring 0.000095, delay 0.000000)
pg12b-14-2-hpc:58377:58857 [3] NCCL INFO MNNVL busId 0x5d000 fabric UUID 0.0 cliqueId 0x0 state 3 healthMask 0x0
pg12b-14-2-hpc:58377:58857 [3] NCCL INFO Setting affinity for GPU 3 to 0,2,4,6,8,10,12,14,16,18,20,22,24,26,28,30,32,34,36,38,40,42,44,46,48,50,52,54,56,58,60,62,64,66,68,70,72,74,76,78,80,82,84,86,88,90,92,94,104,106,108,110,112,114,116,118,120,122,124,126,128,130,132,134,136,138,140,142,144,146,148,150,152,154,156,158,160,
pg12b-14-2-hpc:58377:58857 [3] NCCL INFO NVLS multicast support is available on dev 3 (NVLS_NCHANNELS 16)
pg12b-14-2-hpc:58377:58857 [3] NCCL INFO comm 0x55c03b2b0c20 rank 3 nRanks 8 nNodes 1 localRanks 8 localRank 3 MNNVL 0
pg12b-14-2-hpc:58377:58857 [3] NCCL INFO Trees [0] 4/-1/-1->3->2 [1] 4/-1/-1->3->2 [2] 4/-1/-1->3->2 [3] 4/-1/-1->3->2 [4] 4/-1/-1->3->2 [5] 4/-1/-1->3->2 [6] 4/-1/-1->3->2 [7] 4/-1/-1->3->2 [8] 4/-1/-1->3->2 [9] 4/-1/-1->3->2 [10] 4/-1/-1->3->2 [11] 4/-1/-1->3->2 [12] 4/-1/-1->3->2 [13] 4/-1/-1->3->2 [14] 4/-1/-1->3->2 [15] 4/-1/-1->3->2 [16] 4/-1/-1->3->2 [17] 4/-1/-1->3->2 [18] 4/-1/-1->3->2 [19] 4/-1/-1->3->2 [20] 4/-1/-1->3->2 [21] 4/-1/-1->3->2 [22] 4/-1/-1->3->2 [23] 4/-1/-1->3->2
pg12b-14-2-hpc:58377:58857 [3] NCCL INFO P2P Chunksize set to 524288
pg12b-14-2-hpc:58377:58857 [3] NCCL INFO PROFILER/Plugin: Could not find: libnccl-profiler.so. 
pg12b-14-2-hpc:58377:58978 [3] NCCL INFO [Proxy Service] Device 3 CPU core 42
pg12b-14-2-hpc:58377:58979 [3] NCCL INFO [Proxy Service UDS] Device 3 CPU core 44
pg12b-14-2-hpc:58377:58857 [3] NCCL INFO threadThresholds 8/8/64 | 64/8/64 | 512 | 512
pg12b-14-2-hpc:58377:58857 [3] NCCL INFO 24 coll channels, 24 collnet channels, 16 nvls channels, 32 p2p channels, 32 p2p channels per peer
pg12b-14-2-hpc:58377:58857 [3] NCCL INFO TUNER/Plugin: Could not find: libnccl-tuner.so. Using internal tuner plugin.
pg12b-14-2-hpc:58377:58857 [3] NCCL INFO ncclCommInitRankConfig comm 0x55c03b2b0c20 rank 3 nranks 8 cudaDev 3 nvmlDev 3 busId 5d000 commId 0xf29ee29be678c5c - Init COMPLETE
pg12b-14-2-hpc:58377:58857 [3] NCCL INFO Init timings - ncclCommInitRankConfig: rank 3 nranks 8 total 1.61 (kernels 0.25, alloc 1.01, bootstrap 0.00, allgathers 0.01, topo 0.07, graphs 0.01, connections 0.21, rest 0.05)
pg12b-14-2-hpc:58377:58980 [3] NCCL INFO Channel 00/0 : 3[3] -> 4[4] via P2P/CUMEM
pg12b-14-2-hpc:58377:58980 [3] NCCL INFO Channel 01/0 : 3[3] -> 4[4] via P2P/CUMEM
pg12b-14-2-hpc:58377:58980 [3] NCCL INFO Channel 02/0 : 3[3] -> 4[4] via P2P/CUMEM
pg12b-14-2-hpc:58377:58980 [3] NCCL INFO Channel 03/0 : 3[3] -> 4[4] via P2P/CUMEM
pg12b-14-2-hpc:58377:58980 [3] NCCL INFO Channel 04/0 : 3[3] -> 4[4] via Ppg12b-14-2-hpc:58376:58376 [2] NCCL INFO cudaDriverVersion 12080
pg12b-14-2-hpc:58376:58376 [2] NCCL INFO NCCL_SOCKET_IFNAME set by environment to ^lo,docker,virbr,vmnet,vboxnet
pg12b-14-2-hpc:58376:58376 [2] NCCL INFO Bootstrap: Using enp27s0f0np0:10.166.111.142<0>
pg12b-14-2-hpc:58376:58376 [2] NCCL INFO NCCL version 2.27.5+cuda12.9
pg12b-14-2-hpc:58376:58376 [2] NCCL INFO Comm config Blocking set to 1
pg12b-14-2-hpc:58376:58856 [2] NCCL INFO NET/Plugin: Could not find: libnccl-net.so. 
pg12b-14-2-hpc:58376:58856 [2] NCCL INFO NCCL_SOCKET_IFNAME set by environment to ^lo,docker,virbr,vmnet,vboxnet
pg12b-14-2-hpc:58376:58856 [2] NCCL INFO NET/IB : Using [0]mlx5_0:1/IB [1]mlx5_1:1/RoCE [2]mlx5_3:1/IB [3]mlx5_4:1/IB [4]mlx5_5:1/IB [5]mlx5_6:1/IB [6]mlx5_7:1/RoCE [7]mlx5_9:1/IB [8]mlx5_10:1/IB [9]mlx5_11:1/IB [RO]; OOB enp27s0f0np0:10.166.111.142<0>
pg12b-14-2-hpc:58376:58856 [2] NCCL INFO Initialized NET plugin IB
pg12b-14-2-hpc:58376:58856 [2] NCCL INFO Assigned NET plugin IB to comm
pg12b-14-2-hpc:58376:58856 [2] NCCL INFO Using network IB
pg12b-14-2-hpc:58376:58856 [2] NCCL INFO ncclCommInitRankConfig comm 0x55e90b3f2260 rank 2 nranks 8 cudaDev 2 nvmlDev 2 busId 4c000 commId 0xf29ee29be678c5c - Init START
pg12b-14-2-hpc:58376:58856 [2] NCCL INFO RAS client listening socket at 127.0.0.1<28028>
pg12b-14-2-hpc:58376:58856 [2] NCCL INFO Bootstrap timings total 0.033272 (create 0.000023, send 0.000109, recv 0.030923, ring 0.001948, delay 0.000000)
pg12b-14-2-hpc:58376:58856 [2] NCCL INFO MNNVL busId 0x4c000 fabric UUID 0.0 cliqueId 0x0 state 3 healthMask 0x0
pg12b-14-2-hpc:58376:58856 [2] NCCL INFO Setting affinity for GPU 2 to 0,2,4,6,8,10,12,14,16,18,20,22,24,26,28,30,32,34,36,38,40,42,44,46,48,50,52,54,56,58,60,62,64,66,68,70,72,74,76,78,80,82,84,86,88,90,92,94,104,106,108,110,112,114,116,118,120,122,124,126,128,130,132,134,136,138,140,142,144,146,148,150,152,154,156,158,160,
pg12b-14-2-hpc:58376:58856 [2] NCCL INFO NVLS multicast support is available on dev 2 (NVLS_NCHANNELS 16)
pg12b-14-2-hpc:58376:58856 [2] NCCL INFO comm 0x55e90b3f2260 rank 2 nRanks 8 nNodes 1 localRanks 8 localRank 2 MNNVL 0
pg12b-14-2-hpc:58376:58856 [2] NCCL INFO Trees [0] 3/-1/-1->2->1 [1] 3/-1/-1->2->1 [2] 3/-1/-1->2->1 [3] 3/-1/-1->2->1 [4] 3/-1/-1->2->1 [5] 3/-1/-1->2->1 [6] 3/-1/-1->2->1 [7] 3/-1/-1->2->1 [8] 3/-1/-1->2->1 [9] 3/-1/-1->2->1 [10] 3/-1/-1->2->1 [11] 3/-1/-1->2->1 [12] 3/-1/-1->2->1 [13] 3/-1/-1->2->1 [14] 3/-1/-1->2->1 [15] 3/-1/-1->2->1 [16] 3/-1/-1->2->1 [17] 3/-1/-1->2->1 [18] 3/-1/-1->2->1 [19] 3/-1/-1->2->1 [20] 3/-1/-1->2->1 [21] 3/-1/-1->2->1 [22] 3/-1/-1->2->1 [23] 3/-1/-1->2->1
pg12b-14-2-hpc:58376:58856 [2] NCCL INFO P2P Chunksize set to 524288
pg12b-14-2-hpc:58376:58856 [2] NCCL INFO PROFILER/Plugin: Could not find: libnccl-profiler.so. 
pg12b-14-2-hpc:58376:58975 [2] NCCL INFO [Proxy Service] Device 2 CPU core 10
pg12b-14-2-hpc:58376:58977 [2] NCCL INFO [Proxy Service UDS] Device 2 CPU core 116
pg12b-14-2-hpc:58376:58856 [2] NCCL INFO threadThresholds 8/8/64 | 64/8/64 | 512 | 512
pg12b-14-2-hpc:58376:58856 [2] NCCL INFO 24 coll channels, 24 collnet channels, 16 nvls channels, 32 p2p channels, 32 p2p channels per peer
pg12b-14-2-hpc:58376:58856 [2] NCCL INFO TUNER/Plugin: Could not find: libnccl-tuner.so. Using internal tuner plugin.
pg12b-14-2-hpc:58376:58856 [2] NCCL INFO ncclCommInitRankConfig comm 0x55e90b3f2260 rank 2 nranks 8 cudaDev 2 nvmlDev 2 busId 4c000 commId 0xf29ee29be678c5c - Init COMPLETE
pg12b-14-2-hpc:58376:58856 [2] NCCL INFO Init timings - ncclCommInitRankConfig: rank 2 nranks 8 total 1.61 (kernels 0.25, alloc 0.97, bootstrap 0.03, allgathers 0.01, topo 0.07, graphs 0.01, connections 0.21, rest 0.05)
pg12b-14-2-hpc:58376:58987 [2] NCCL INFO Channel 00/0 : 2[2] -> 3[3] via P2P/CUMEM
pg12b-14-2-hpc:58376:58987 [2] NCCL INFO Channel 01/0 : 2[2] -> 3[3] via P2P/CUMEM
pg12b-14-2-hpc:58376:58987 [2] NCCL INFO Channel 02/0 : 2[2] -> 3[3] via P2P/CUMEM
pg12b-14-2-hpc:58376:58987 [2] NCCL INFO Channel 03/0 : 2[2] -> 3[3] via P2P/CUMEM
pg12b-14-2-hpc:58376:58987 [2] NCCL INFO Channel 04/0 : 2[2] -> 3[3] via 2P/CUMEM
pg12b-14-2-hpc:58377:58980 [3] NCCL INFO Channel 05/0 : 3[3] -> 4[4] via P2P/CUMEM
pg12b-14-2-hpc:58377:58980 [3] NCCL INFO Channel 06/0 : 3[3] -> 4[4] via P2P/CUMEM
pg12b-14-2-hpc:58377:58980 [3] NCCL INFO Channel 07/0 : 3[3] -> 4[4] via P2P/CUMEM
pg12b-14-2-hpc:58377:58980 [3] NCCL INFO Channel 08/0 : 3[3] -> 4[4] via P2P/CUMEM
pg12b-14-2-hpc:58377:58980 [3] NCCL INFO Channel 09/0 : 3[3] -> 4[4] via P2P/CUMEM
pg12b-14-2-hpc:58377:58980 [3] NCCL INFO Channel 10/0 : 3[3] -> 4[4] via P2P/CUMEM
pg12b-14-2-hpc:58377:58980 [3] NCCL INFO Channel 11/0 : 3[3] -> 4[4] via P2P/CUMEM
pg12b-14-2-hpc:58377:58980 [3] NCCL INFO Channel 12/0 : 3[3] -> 4[4] via P2P/CUMEM
pg12b-14-2-hpc:58377:58980 [3] NCCL INFO Channel 13/0 : 3[3] -> 4[4] via P2P/CUMEM
pg12b-14-2-hpc:58377:58980 [3] NCCL INFO Channel 14/0 : 3[3] -> 4[4] via P2P/CUMEM
pg12b-14-2-hpc:58377:58980 [3] NCCL INFO Channel 15/0 : 3[3] -> 4[4] via P2P/CUMEM
pg12b-14-2-hpc:58377:58980 [3] NCCL INFO Channel 16/0 : 3[3] -> 4[4] via P2P/CUMEM
pg12b-14-2-hpc:58377:58980 [3] NCCL INFO Channel 17/0 : 3[3] -> 4[4] via P2P/CUMEM
pg12b-14-2-hpc:58377:58980 [3] NCCL INFO Channel 18/0 : 3[3] -> 4[4] via P2P/CUMEM
pg12b-14-2-hpc:58377:58980 [3] NCCL INFO Channel 19/0 : 3[3] -> 4[4] via P2P/CUMEM
pg12b-14-2-hpc:58377:58980 [3] NCCL INFO Channel 20/0 : 3[3] -> 4[4] via P2P/CUMEM
pg12b-14-2-hpc:58377:58980 [3] NCCL INFO Channel 21/0 : 3[3] -> 4[4] via P2P/CUMEM
pg12b-14-2-hpc:58377:58980 [3] NCCL INFO Channel 22/0 : 3[3] -> 4[4] via P2P/CUMEM
pg12b-14-2-hpc:58377:58980 [3] NCCL INFO Channel 23/0 : 3[3] -> 4[4] via P2P/CUMEM
pg12b-14-2-hpc:58377:58980 [3] NCCL INFO Connected all rings, use ring PXN 0 GDR 1
[rank3]:[W829 20:06:17.755644147 Utils.hpp:112] Warning: Environment variable NCCL_BLOCKING_WAIT is deprecated; use TORCH_NCCL_BLOCKING_WAIT instead (function operator())
P2P/CUMEM
pg12b-14-2-hpc:58380:58982 [6] NCCL INFO Channel 05/0 : 6[6] -> 7[7] via P2P/CUMEM
pg12b-14-2-hpc:58380:58982 [6] NCCL INFO Channel 06/0 : 6[6] -> 7[7] via P2P/CUMEM
pg12b-14-2-hpc:58380:58982 [6] NCCL INFO Channel 07/0 : 6[6] -> 7[7] via P2P/CUMEM
pg12b-14-2-hpc:58380:58982 [6] NCCL INFO Channel 08/0 : 6[6] -> 7[7] via P2P/CUMEM
pg12b-14-2-hpc:58380:58982 [6] NCCL INFO Channel 09/0 : 6[6] -> 7[7] via P2P/CUMEM
pg12b-14-2-hpc:58380:58982 [6] NCCL INFO Channel 10/0 : 6[6] -> 7[7] via P2P/CUMEM
pg12b-14-2-hpc:58380:58982 [6] NCCL INFO Channel 11/0 : 6[6] -> 7[7] via P2P/CUMEM
pg12b-14-2-hpc:58380:58982 [6] NCCL INFO Channel 12/0 : 6[6] -> 7[7] via P2P/CUMEM
pg12b-14-2-hpc:58380:58982 [6] NCCL INFO Channel 13/0 : 6[6] -> 7[7] via P2P/CUMEM
pg12b-14-2-hpc:58380:58982 [6] NCCL INFO Channel 14/0 : 6[6] -> 7[7] via P2P/CUMEM
pg12b-14-2-hpc:58380:58982 [6] NCCL INFO Channel 15/0 : 6[6] -> 7[7] via P2P/CUMEM
pg12b-14-2-hpc:58380:58982 [6] NCCL INFO Channel 16/0 : 6[6] -> 7[7] via P2P/CUMEM
pg12b-14-2-hpc:58380:58982 [6] NCCL INFO Channel 17/0 : 6[6] -> 7[7] via P2P/CUMEM
pg12b-14-2-hpc:58380:58982 [6] NCCL INFO Channel 18/0 : 6[6] -> 7[7] via P2P/CUMEM
pg12b-14-2-hpc:58380:58982 [6] NCCL INFO Channel 19/0 : 6[6] -> 7[7] via P2P/CUMEM
pg12b-14-2-hpc:58380:58982 [6] NCCL INFO Channel 20/0 : 6[6] -> 7[7] via P2P/CUMEM
pg12b-14-2-hpc:58380:58982 [6] NCCL INFO Channel 21/0 : 6[6] -> 7[7] via P2P/CUMEM
pg12b-14-2-hpc:58380:58982 [6] NCCL INFO Channel 22/0 : 6[6] -> 7[7] via P2P/CUMEM
pg12b-14-2-hpc:58380:58982 [6] NCCL INFO Channel 23/0 : 6[6] -> 7[7] via P2P/CUMEM
pg12b-14-2-hpc:58380:58982 [6] NCCL INFO Connected all rings, use ring PXN 0 GDR 1
[rank6]:[W829 20:06:17.755836455 Utils.hpp:112] Warning: Environment variable NCCL_BLOCKING_WAIT is deprecated; use TORCH_NCCL_BLOCKING_WAIT instead (function operator())
 P2P/CUMEM
pg12b-14-2-hpc:58378:58986 [4] NCCL INFO Channel 05/0 : 4[4] -> 5[5] via P2P/CUMEM
pg12b-14-2-hpc:58378:58986 [4] NCCL INFO Channel 06/0 : 4[4] -> 5[5] via P2P/CUMEM
pg12b-14-2-hpc:58378:58986 [4] NCCL INFO Channel 07/0 : 4[4] -> 5[5] via P2P/CUMEM
pg12b-14-2-hpc:58378:58986 [4] NCCL INFO Channel 08/0 : 4[4] -> 5[5] via P2P/CUMEM
pg12b-14-2-hpc:58378:58986 [4] NCCL INFO Channel 09/0 : 4[4] -> 5[5] via P2P/CUMEM
pg12b-14-2-hpc:58378:58986 [4] NCCL INFO Channel 10/0 : 4[4] -> 5[5] via P2P/CUMEM
pg12b-14-2-hpc:58378:58986 [4] NCCL INFO Channel 11/0 : 4[4] -> 5[5] via P2P/CUMEM
pg12b-14-2-hpc:58378:58986 [4] NCCL INFO Channel 12/0 : 4[4] -> 5[5] via P2P/CUMEM
pg12b-14-2-hpc:58378:58986 [4] NCCL INFO Channel 13/0 : 4[4] -> 5[5] via P2P/CUMEM
pg12b-14-2-hpc:58378:58986 [4] NCCL INFO Channel 14/0 : 4[4] -> 5[5] via P2P/CUMEM
pg12b-14-2-hpc:58378:58986 [4] NCCL INFO Channel 15/0 : 4[4] -> 5[5] via P2P/CUMEM
pg12b-14-2-hpc:58378:58986 [4] NCCL INFO Channel 16/0 : 4[4] -> 5[5] via P2P/CUMEM
pg12b-14-2-hpc:58378:58986 [4] NCCL INFO Channel 17/0 : 4[4] -> 5[5] via P2P/CUMEM
pg12b-14-2-hpc:58378:58986 [4] NCCL INFO Channel 18/0 : 4[4] -> 5[5] via P2P/CUMEM
pg12b-14-2-hpc:58378:58986 [4] NCCL INFO Channel 19/0 : 4[4] -> 5[5] via P2P/CUMEM
pg12b-14-2-hpc:58378:58986 [4] NCCL INFO Channel 20/0 : 4[4] -> 5[5] via P2P/CUMEM
pg12b-14-2-hpc:58378:58986 [4] NCCL INFO Channel 21/0 : 4[4] -> 5[5] via P2P/CUMEM
pg12b-14-2-hpc:58378:58986 [4] NCCL INFO Channel 22/0 : 4[4] -> 5[5] via P2P/CUMEM
pg12b-14-2-hpc:58378:58986 [4] NCCL INFO Channel 23/0 : 4[4] -> 5[5] via P2P/CUMEM
pg12b-14-2-hpc:58378:58986 [4] NCCL INFO Connected all rings, use ring PXN 0 GDR 1
[rank4]:[W829 20:06:17.756129657 Utils.hpp:112] Warning: Environment variable NCCL_BLOCKING_WAIT is deprecated; use TORCH_NCCL_BLOCKING_WAIT instead (function operator())
04/0 : 7[7] -> 0[0] via P2P/CUMEM
pg12b-14-2-hpc:58381:58985 [7] NCCL INFO Channel 05/0 : 7[7] -> 0[0] via P2P/CUMEM
pg12b-14-2-hpc:58381:58985 [7] NCCL INFO Channel 06/0 : 7[7] -> 0[0] via P2P/CUMEM
pg12b-14-2-hpc:58381:58985 [7] NCCL INFO Channel 07/0 : 7[7] -> 0[0] via P2P/CUMEM
pg12b-14-2-hpc:58381:58985 [7] NCCL INFO Channel 08/0 : 7[7] -> 0[0] via P2P/CUMEM
pg12b-14-2-hpc:58381:58985 [7] NCCL INFO Channel 09/0 : 7[7] -> 0[0] via P2P/CUMEM
pg12b-14-2-hpc:58381:58985 [7] NCCL INFO Channel 10/0 : 7[7] -> 0[0] via P2P/CUMEM
pg12b-14-2-hpc:58381:58985 [7] NCCL INFO Channel 11/0 : 7[7] -> 0[0] via P2P/CUMEM
pg12b-14-2-hpc:58381:58985 [7] NCCL INFO Channel 12/0 : 7[7] -> 0[0] via P2P/CUMEM
pg12b-14-2-hpc:58381:58985 [7] NCCL INFO Channel 13/0 : 7[7] -> 0[0] via P2P/CUMEM
pg12b-14-2-hpc:58381:58985 [7] NCCL INFO Channel 14/0 : 7[7] -> 0[0] via P2P/CUMEM
pg12b-14-2-hpc:58381:58985 [7] NCCL INFO Channel 15/0 : 7[7] -> 0[0] via P2P/CUMEM
pg12b-14-2-hpc:58381:58985 [7] NCCL INFO Channel 16/0 : 7[7] -> 0[0] via P2P/CUMEM
pg12b-14-2-hpc:58381:58985 [7] NCCL INFO Channel 17/0 : 7[7] -> 0[0] via P2P/CUMEM
pg12b-14-2-hpc:58381:58985 [7] NCCL INFO Channel 18/0 : 7[7] -> 0[0] via P2P/CUMEM
pg12b-14-2-hpc:58381:58985 [7] NCCL INFO Channel 19/0 : 7[7] -> 0[0] via P2P/CUMEM
pg12b-14-2-hpc:58381:58985 [7] NCCL INFO Channel 20/0 : 7[7] -> 0[0] via P2P/CUMEM
pg12b-14-2-hpc:58381:58985 [7] NCCL INFO Channel 21/0 : 7[7] -> 0[0] via P2P/CUMEM
pg12b-14-2-hpc:58381:58985 [7] NCCL INFO Channel 22/0 : 7[7] -> 0[0] via P2P/CUMEM
pg12b-14-2-hpc:58381:58985 [7] NCCL INFO Channel 23/0 : 7[7] -> 0[0] via P2P/CUMEM
pg12b-14-2-hpc:58381:58985 [7] NCCL INFO Connected all rings, use ring PXN 0 GDR 1
[rank7]:[W829 20:06:17.756423024 Utils.hpp:112] Warning: Environment variable NCCL_BLOCKING_WAIT is deprecated; use TORCH_NCCL_BLOCKING_WAIT instead (function operator())
P2P/CUMEM
pg12b-14-2-hpc:58379:58981 [5] NCCL INFO Channel 05/0 : 5[5] -> 6[6] via P2P/CUMEM
pg12b-14-2-hpc:58379:58981 [5] NCCL INFO Channel 06/0 : 5[5] -> 6[6] via P2P/CUMEM
pg12b-14-2-hpc:58379:58981 [5] NCCL INFO Channel 07/0 : 5[5] -> 6[6] via P2P/CUMEM
pg12b-14-2-hpc:58379:58981 [5] NCCL INFO Channel 08/0 : 5[5] -> 6[6] via P2P/CUMEM
pg12b-14-2-hpc:58379:58981 [5] NCCL INFO Channel 09/0 : 5[5] -> 6[6] via P2P/CUMEM
pg12b-14-2-hpc:58379:58981 [5] NCCL INFO Channel 10/0 : 5[5] -> 6[6] via P2P/CUMEM
pg12b-14-2-hpc:58379:58981 [5] NCCL INFO Channel 11/0 : 5[5] -> 6[6] via P2P/CUMEM
pg12b-14-2-hpc:58379:58981 [5] NCCL INFO Channel 12/0 : 5[5] -> 6[6] via P2P/CUMEM
pg12b-14-2-hpc:58379:58981 [5] NCCL INFO Channel 13/0 : 5[5] -> 6[6] via P2P/CUMEM
pg12b-14-2-hpc:58379:58981 [5] NCCL INFO Channel 14/0 : 5[5] -> 6[6] via P2P/CUMEM
pg12b-14-2-hpc:58379:58981 [5] NCCL INFO Channel 15/0 : 5[5] -> 6[6] via P2P/CUMEM
pg12b-14-2-hpc:58379:58981 [5] NCCL INFO Channel 16/0 : 5[5] -> 6[6] via P2P/CUMEM
pg12b-14-2-hpc:58379:58981 [5] NCCL INFO Channel 17/0 : 5[5] -> 6[6] via P2P/CUMEM
pg12b-14-2-hpc:58379:58981 [5] NCCL INFO Channel 18/0 : 5[5] -> 6[6] via P2P/CUMEM
pg12b-14-2-hpc:58379:58981 [5] NCCL INFO Channel 19/0 : 5[5] -> 6[6] via P2P/CUMEM
pg12b-14-2-hpc:58379:58981 [5] NCCL INFO Channel 20/0 : 5[5] -> 6[6] via P2P/CUMEM
pg12b-14-2-hpc:58379:58981 [5] NCCL INFO Channel 21/0 : 5[5] -> 6[6] via P2P/CUMEM
pg12b-14-2-hpc:58379:58981 [5] NCCL INFO Channel 22/0 : 5[5] -> 6[6] via P2P/CUMEM
pg12b-14-2-hpc:58379:58981 [5] NCCL INFO Channel 23/0 : 5[5] -> 6[6] via P2P/CUMEM
pg12b-14-2-hpc:58379:58981 [5] NCCL INFO Connected all rings, use ring PXN 0 GDR 1
[rank5]:[W829 20:06:17.757055573 Utils.hpp:112] Warning: Environment variable NCCL_BLOCKING_WAIT is deprecated; use TORCH_NCCL_BLOCKING_WAIT instead (function operator())
P2P/CUMEM
pg12b-14-2-hpc:58375:58984 [1] NCCL INFO Channel 05/0 : 1[1] -> 2[2] via P2P/CUMEM
pg12b-14-2-hpc:58375:58984 [1] NCCL INFO Channel 06/0 : 1[1] -> 2[2] via P2P/CUMEM
pg12b-14-2-hpc:58375:58984 [1] NCCL INFO Channel 07/0 : 1[1] -> 2[2] via P2P/CUMEM
pg12b-14-2-hpc:58375:58984 [1] NCCL INFO Channel 08/0 : 1[1] -> 2[2] via P2P/CUMEM
pg12b-14-2-hpc:58375:58984 [1] NCCL INFO Channel 09/0 : 1[1] -> 2[2] via P2P/CUMEM
pg12b-14-2-hpc:58375:58984 [1] NCCL INFO Channel 10/0 : 1[1] -> 2[2] via P2P/CUMEM
pg12b-14-2-hpc:58375:58984 [1] NCCL INFO Channel 11/0 : 1[1] -> 2[2] via P2P/CUMEM
pg12b-14-2-hpc:58375:58984 [1] NCCL INFO Channel 12/0 : 1[1] -> 2[2] via P2P/CUMEM
pg12b-14-2-hpc:58375:58984 [1] NCCL INFO Channel 13/0 : 1[1] -> 2[2] via P2P/CUMEM
pg12b-14-2-hpc:58375:58984 [1] NCCL INFO Channel 14/0 : 1[1] -> 2[2] via P2P/CUMEM
pg12b-14-2-hpc:58375:58984 [1] NCCL INFO Channel 15/0 : 1[1] -> 2[2] via P2P/CUMEM
pg12b-14-2-hpc:58375:58984 [1] NCCL INFO Channel 16/0 : 1[1] -> 2[2] via P2P/CUMEM
pg12b-14-2-hpc:58375:58984 [1] NCCL INFO Channel 17/0 : 1[1] -> 2[2] via P2P/CUMEM
pg12b-14-2-hpc:58375:58984 [1] NCCL INFO Channel 18/0 : 1[1] -> 2[2] via P2P/CUMEM
pg12b-14-2-hpc:58375:58984 [1] NCCL INFO Channel 19/0 : 1[1] -> 2[2] via P2P/CUMEM
pg12b-14-2-hpc:58375:58984 [1] NCCL INFO Channel 20/0 : 1[1] -> 2[2] via P2P/CUMEM
pg12b-14-2-hpc:58375:58984 [1] NCCL INFO Channel 21/0 : 1[1] -> 2[2] via P2P/CUMEM
pg12b-14-2-hpc:58375:58984 [1] NCCL INFO Channel 22/0 : 1[1] -> 2[2] via P2P/CUMEM
pg12b-14-2-hpc:58375:58984 [1] NCCL INFO Channel 23/0 : 1[1] -> 2[2] via P2P/CUMEM
pg12b-14-2-hpc:58375:58984 [1] NCCL INFO Connected all rings, use ring PXN 0 GDR 1
[rank1]:[W829 20:06:17.757317713 Utils.hpp:112] Warning: Environment variable NCCL_BLOCKING_WAIT is deprecated; use TORCH_NCCL_BLOCKING_WAIT instead (function operator())
P2P/CUMEM
pg12b-14-2-hpc:58376:58987 [2] NCCL INFO Channel 05/0 : 2[2] -> 3[3] via P2P/CUMEM
pg12b-14-2-hpc:58376:58987 [2] NCCL INFO Channel 06/0 : 2[2] -> 3[3] via P2P/CUMEM
pg12b-14-2-hpc:58376:58987 [2] NCCL INFO Channel 07/0 : 2[2] -> 3[3] via P2P/CUMEM
pg12b-14-2-hpc:58376:58987 [2] NCCL INFO Channel 08/0 : 2[2] -> 3[3] via P2P/CUMEM
pg12b-14-2-hpc:58376:58987 [2] NCCL INFO Channel 09/0 : 2[2] -> 3[3] via P2P/CUMEM
pg12b-14-2-hpc:58376:58987 [2] NCCL INFO Channel 10/0 : 2[2] -> 3[3] via P2P/CUMEM
pg12b-14-2-hpc:58376:58987 [2] NCCL INFO Channel 11/0 : 2[2] -> 3[3] via P2P/CUMEM
pg12b-14-2-hpc:58376:58987 [2] NCCL INFO Channel 12/0 : 2[2] -> 3[3] via P2P/CUMEM
pg12b-14-2-hpc:58376:58987 [2] NCCL INFO Channel 13/0 : 2[2] -> 3[3] via P2P/CUMEM
pg12b-14-2-hpc:58376:58987 [2] NCCL INFO Channel 14/0 : 2[2] -> 3[3] via P2P/CUMEM
pg12b-14-2-hpc:58376:58987 [2] NCCL INFO Channel 15/0 : 2[2] -> 3[3] via P2P/CUMEM
pg12b-14-2-hpc:58376:58987 [2] NCCL INFO Channel 16/0 : 2[2] -> 3[3] via P2P/CUMEM
pg12b-14-2-hpc:58376:58987 [2] NCCL INFO Channel 17/0 : 2[2] -> 3[3] via P2P/CUMEM
pg12b-14-2-hpc:58376:58987 [2] NCCL INFO Channel 18/0 : 2[2] -> 3[3] via P2P/CUMEM
pg12b-14-2-hpc:58376:58987 [2] NCCL INFO Channel 19/0 : 2[2] -> 3[3] via P2P/CUMEM
pg12b-14-2-hpc:58376:58987 [2] NCCL INFO Channel 20/0 : 2[2] -> 3[3] via P2P/CUMEM
pg12b-14-2-hpc:58376:58987 [2] NCCL INFO Channel 21/0 : 2[2] -> 3[3] via P2P/CUMEM
pg12b-14-2-hpc:58376:58987 [2] NCCL INFO Channel 22/0 : 2[2] -> 3[3] via P2P/CUMEM
pg12b-14-2-hpc:58376:58987 [2] NCCL INFO Channel 23/0 : 2[2] -> 3[3] via P2P/CUMEM
pg12b-14-2-hpc:58376:58987 [2] NCCL INFO Connected all rings, use ring PXN 0 GDR 1
[rank2]:[W829 20:06:17.757327325 Utils.hpp:112] Warning: Environment variable NCCL_BLOCKING_WAIT is deprecated; use TORCH_NCCL_BLOCKING_WAIT instead (function operator())
->0->-1 [9] 1/-1/-1->0->-1 [10] 1/-1/-1->0->-1 [11] 1/-1/-1->0->-1 [12] 1/-1/-1->0->-1 [13] 1/-1/-1->0->-1 [14] 1/-1/-1->0->-1 [15] 1/-1/-1->0->-1 [16] 1/-1/-1->0->-1 [17] 1/-1/-1->0->-1 [18] 1/-1/-1->0->-1 [19] 1/-1/-1->0->-1 [20] 1/-1/-1->0->-1 [21] 1/-1/-1->0->-1 [22] 1/-1/-1->0->-1 [23] 1/-1/-1->0->-1
pg12b-14-2-hpc:58374:58849 [0] NCCL INFO P2P Chunksize set to 524288
pg12b-14-2-hpc:58374:58849 [0] NCCL INFO PROFILER/Plugin: Could not find: libnccl-profiler.so. 
pg12b-14-2-hpc:58374:58849 [0] NCCL INFO Check P2P Type isAllDirectP2p 1 directMode 0
pg12b-14-2-hpc:58374:58974 [0] NCCL INFO [Proxy Service] Device 0 CPU core 162
pg12b-14-2-hpc:58374:58976 [0] NCCL INFO [Proxy Service UDS] Device 0 CPU core 62
pg12b-14-2-hpc:58374:58849 [0] NCCL INFO threadThresholds 8/8/64 | 64/8/64 | 512 | 512
pg12b-14-2-hpc:58374:58849 [0] NCCL INFO 24 coll channels, 24 collnet channels, 16 nvls channels, 32 p2p channels, 32 p2p channels per peer
pg12b-14-2-hpc:58374:58849 [0] NCCL INFO CC Off, workFifoBytes 1048576
pg12b-14-2-hpc:58374:58849 [0] NCCL INFO TUNER/Plugin: Could not find: libnccl-tuner.so. Using internal tuner plugin.
pg12b-14-2-hpc:58374:58849 [0] NCCL INFO ncclCommInitRankConfig comm 0x55b07dcdc570 rank 0 nranks 8 cudaDev 0 nvmlDev 0 busId 19000 commId 0xf29ee29be678c5c - Init COMPLETE
pg12b-14-2-hpc:58374:58849 [0] NCCL INFO Init timings - ncclCommInitRankConfig: rank 0 nranks 8 total 1.65 (kernels 0.25, alloc 1.04, bootstrap 0.00, allgathers 0.01, topo 0.07, graphs 0.01, connections 0.21, rest 0.05)
pg12b-14-2-hpc:58374:58983 [0] NCCL INFO Channel 00/0 : 0[0] -> 1[1] via P2P/CUMEM
pg12b-14-2-hpc:58374:58983 [0] NCCL INFO Channel 01/0 : 0[0] -> 1[1] via P2P/CUMEM
pg12b-14-2-hpc:58374:58983 [0] NCCL INFO Channel 02/0 : 0[0] -> 1[1] via P2P/CUMEM
pg12b-14-2-hpc:58374:58983 [0] NCCL INFO Channel 03/0 : 0[0] -> 1[1] via P2P/CUMEM
pg12b-14-2-hpc:58374:58983 [0] NCCL INFO Channel 04/0 : 0[0] -> 1[1] via P2P/CUMEM
pg12b-14-2-hpc:58374:58983 [0] NCCL INFO Channel 05/0 : 0[0] -> 1[1] via P2P/CUMEM
pg12b-14-2-hpc:58374:58983 [0] NCCL INFO Channel 06/0 : 0[0] -> 1[1] via P2P/CUMEM
pg12b-14-2-hpc:58374:58983 [0] NCCL INFO Channel 07/0 : 0[0] -> 1[1] via P2P/CUMEM
pg12b-14-2-hpc:58374:58983 [0] NCCL INFO Channel 08/0 : 0[0] -> 1[1] via P2P/CUMEM
pg12b-14-2-hpc:58374:58983 [0] NCCL INFO Channel 09/0 : 0[0] -> 1[1] via P2P/CUMEM
pg12b-14-2-hpc:58374:58983 [0] NCCL INFO Channel 10/0 : 0[0] -> 1[1] via P2P/CUMEM
pg12b-14-2-hpc:58374:58983 [0] NCCL INFO Channel 11/0 : 0[0] -> 1[1] via P2P/CUMEM
pg12b-14-2-hpc:58374:58983 [0] NCCL INFO Channel 12/0 : 0[0] -> 1[1] via P2P/CUMEM
pg12b-14-2-hpc:58374:58983 [0] NCCL INFO Channel 13/0 : 0[0] -> 1[1] via P2P/CUMEM
pg12b-14-2-hpc:58374:58983 [0] NCCL INFO Channel 14/0 : 0[0] -> 1[1] via P2P/CUMEM
pg12b-14-2-hpc:58374:58983 [0] NCCL INFO Channel 15/0 : 0[0] -> 1[1] via P2P/CUMEM
pg12b-14-2-hpc:58374:58983 [0] NCCL INFO Channel 16/0 : 0[0] -> 1[1] via P2P/CUMEM
pg12b-14-2-hpc:58374:58983 [0] NCCL INFO Channel 17/0 : 0[0] -> 1[1] via P2P/CUMEM
pg12b-14-2-hpc:58374:58983 [0] NCCL INFO Channel 18/0 : 0[0] -> 1[1] via P2P/CUMEM
pg12b-14-2-hpc:58374:58983 [0] NCCL INFO Channel 19/0 : 0[0] -> 1[1] via P2P/CUMEM
pg12b-14-2-hpc:58374:58983 [0] NCCL INFO Channel 20/0 : 0[0] -> 1[1] via P2P/CUMEM
pg12b-14-2-hpc:58374:58983 [0] NCCL INFO Channel 21/0 : 0[0] -> 1[1] via P2P/CUMEM
pg12b-14-2-hpc:58374:58983 [0] NCCL INFO Channel 22/0 : 0[0] -> 1[1] via P2P/CUMEM
pg12b-14-2-hpc:58374:58983 [0] NCCL INFO Channel 23/0 : 0[0] -> 1[1] via P2P/CUMEM
pg12b-14-2-hpc:58374:58983 [0] NCCL INFO Connected all rings, use ring PXN 0 GDR 1
[rank0]:[W829 20:06:17.757350191 Utils.hpp:112] Warning: Environment variable NCCL_BLOCKING_WAIT is deprecated; use TORCH_NCCL_BLOCKING_WAIT instead (function operator())
[pg12b-14-2-hpc:0/8] 2026-08-29 20:06:17,659 (trainer:368) INFO: 1/1epoch started
The length of the text output exceeds 500, which may cause OOM on the GPU. Please ensure that the data processing is correct and verify it. Adjust the threshold with preprocessor_conf.text_length_warning_thres, or silence this message alone with logging.getLogger('espnet2.train.preprocessor').
The length of the text output exceeds 500, which may cause OOM on the GPU. Please ensure that the data processing is correct and verify it. Adjust the threshold with preprocessor_conf.text_length_warning_thres, or silence this message alone with logging.getLogger('espnet2.train.preprocessor').
The length of the text output exceeds 500, which may cause OOM on the GPU. Please ensure that the data processing is correct and verify it. Adjust the threshold with preprocessor_conf.text_length_warning_thres, or silence this message alone with logging.getLogger('espnet2.train.preprocessor').
The length of the text output exceeds 500, which may cause OOM on the GPU. Please ensure that the data processing is correct and verify it. Adjust the threshold with preprocessor_conf.text_length_warning_thres, or silence this message alone with logging.getLogger('espnet2.train.preprocessor').
The length of the text output exceeds 500, which may cause OOM on the GPU. Please ensure that the data processing is correct and verify it. Adjust the threshold with preprocessor_conf.text_length_warning_thres, or silence this message alone with logging.getLogger('espnet2.train.preprocessor').
The length of the text output exceeds 500, which may cause OOM on the GPU. Please ensure that the data processing is correct and verify it. Adjust the threshold with preprocessor_conf.text_length_warning_thres, or silence this message alone with logging.getLogger('espnet2.train.preprocessor').
The length of the text output exceeds 500, which may cause OOM on the GPU. Please ensure that the data processing is correct and verify it. Adjust the threshold with preprocessor_conf.text_length_warning_thres, or silence this message alone with logging.getLogger('espnet2.train.preprocessor').
The length of the text output exceeds 500, which may cause OOM on the GPU. Please ensure that the data processing is correct and verify it. Adjust the threshold with preprocessor_conf.text_length_warning_thres, or silence this message alone with logging.getLogger('espnet2.train.preprocessor').
The length of the text output exceeds 500, which may cause OOM on the GPU. Please ensure that the data processing is correct and verify it. Adjust the threshold with preprocessor_conf.text_length_warning_thres, or silence this message alone with logging.getLogger('espnet2.train.preprocessor').
The length of the text output exceeds 500, which may cause OOM on the GPU. Please ensure that the data processing is correct and verify it. Adjust the threshold with preprocessor_conf.text_length_warning_thres, or silence this message alone with logging.getLogger('espnet2.train.preprocessor').
The length of the text output exceeds 500, which may cause OOM on the GPU. Please ensure that the data processing is correct and verify it. Adjust the threshold with preprocessor_conf.text_length_warning_thres, or silence this message alone with logging.getLogger('espnet2.train.preprocessor').
The length of the text output exceeds 500, which may cause OOM on the GPU. Please ensure that the data processing is correct and verify it. Adjust the threshold with preprocessor_conf.text_length_warning_thres, or silence this message alone with logging.getLogger('espnet2.train.preprocessor').
The length of the text output exceeds 500, which may cause OOM on the GPU. Please ensure that the data processing is correct and verify it. Adjust the threshold with preprocessor_conf.text_length_warning_thres, or silence this message alone with logging.getLogger('espnet2.train.preprocessor').
The length of the text output exceeds 500, which may cause OOM on the GPU. Please ensure that the data processing is correct and verify it. Adjust the threshold with preprocessor_conf.text_length_warning_thres, or silence this message alone with logging.getLogger('espnet2.train.preprocessor').
The length of the text output exceeds 500, which may cause OOM on the GPU. Please ensure that the data processing is correct and verify it. Adjust the threshold with preprocessor_conf.text_length_warning_thres, or silence this message alone with logging.getLogger('espnet2.train.preprocessor').
The length of the text output exceeds 500, which may cause OOM on the GPU. Please ensure that the data processing is correct and verify it. Adjust the threshold with preprocessor_conf.text_length_warning_thres, or silence this message alone with logging.getLogger('espnet2.train.preprocessor').
The length of the text output exceeds 500, which may cause OOM on the GPU. Please ensure that the data processing is correct and verify it. Adjust the threshold with preprocessor_conf.text_length_warning_thres, or silence this message alone with logging.getLogger('espnet2.train.preprocessor').
The length of the text output exceeds 500, which may cause OOM on the GPU. Please ensure that the data processing is correct and verify it. Adjust the threshold with preprocessor_conf.text_length_warning_thres, or silence this message alone with logging.getLogger('espnet2.train.preprocessor').
The length of the text output exceeds 500, which may cause OOM on the GPU. Please ensure that the data processing is correct and verify it. Adjust the threshold with preprocessor_conf.text_length_warning_thres, or silence this message alone with logging.getLogger('espnet2.train.preprocessor').
The length of the text output exceeds 500, which may cause OOM on the GPU. Please ensure that the data processing is correct and verify it. Adjust the threshold with preprocessor_conf.text_length_warning_thres, or silence this message alone with logging.getLogger('espnet2.train.preprocessor').
The length of the text output exceeds 500, which may cause OOM on the GPU. Please ensure that the data processing is correct and verify it. Adjust the threshold with preprocessor_conf.text_length_warning_thres, or silence this message alone with logging.getLogger('espnet2.train.preprocessor').
The length of the text output exceeds 500, which may cause OOM on the GPU. Please ensure that the data processing is correct and verify it. Adjust the threshold with preprocessor_conf.text_length_warning_thres, or silence this message alone with logging.getLogger('espnet2.train.preprocessor').
The length of the text output exceeds 500, which may cause OOM on the GPU. Please ensure that the data processing is correct and verify it. Adjust the threshold with preprocessor_conf.text_length_warning_thres, or silence this message alone with logging.getLogger('espnet2.train.preprocessor').
The length of the text output exceeds 500, which may cause OOM on the GPU. Please ensure that the data processing is correct and verify it. Adjust the threshold with preprocessor_conf.text_length_warning_thres, or silence this message alone with logging.getLogger('espnet2.train.preprocessor').
The length of the text output exceeds 500, which may cause OOM on the GPU. Please ensure that the data processing is correct and verify it. Adjust the threshold with preprocessor_conf.text_length_warning_thres, or silence this message alone with logging.getLogger('espnet2.train.preprocessor').
The length of the text output exceeds 500, which may cause OOM on the GPU. Please ensure that the data processing is correct and verify it. Adjust the threshold with preprocessor_conf.text_length_warning_thres, or silence this message alone with logging.getLogger('espnet2.train.preprocessor').
The length of the text output exceeds 500, which may cause OOM on the GPU. Please ensure that the data processing is correct and verify it. Adjust the threshold with preprocessor_conf.text_length_warning_thres, or silence this message alone with logging.getLogger('espnet2.train.preprocessor').
The length of the text output exceeds 500, which may cause OOM on the GPU. Please ensure that the data processing is correct and verify it. Adjust the threshold with preprocessor_conf.text_length_warning_thres, or silence this message alone with logging.getLogger('espnet2.train.preprocessor').
The length of the text output exceeds 500, which may cause OOM on the GPU. Please ensure that the data processing is correct and verify it. Adjust the threshold with preprocessor_conf.text_length_warning_thres, or silence this message alone with logging.getLogger('espnet2.train.preprocessor').
The length of the text output exceeds 500, which may cause OOM on the GPU. Please ensure that the data processing is correct and verify it. Adjust the threshold with preprocessor_conf.text_length_warning_thres, or silence this message alone with logging.getLogger('espnet2.train.preprocessor').
The length of the text output exceeds 500, which may cause OOM on the GPU. Please ensure that the data processing is correct and verify it. Adjust the threshold with preprocessor_conf.text_length_warning_thres, or silence this message alone with logging.getLogger('espnet2.train.preprocessor').
The length of the text output exceeds 500, which may cause OOM on the GPU. Please ensure that the data processing is correct and verify it. Adjust the threshold with preprocessor_conf.text_length_warning_thres, or silence this message alone with logging.getLogger('espnet2.train.preprocessor').
The length of the text output exceeds 500, which may cause OOM on the GPU. Please ensure that the data processing is correct and verify it. Adjust the threshold with preprocessor_conf.text_length_warning_thres, or silence this message alone with logging.getLogger('espnet2.train.preprocessor').
The length of the text output exceeds 500, which may cause OOM on the GPU. Please ensure that the data processing is correct and verify it. Adjust the threshold with preprocessor_conf.text_length_warning_thres, or silence this message alone with logging.getLogger('espnet2.train.preprocessor').
The length of the text output exceeds 500, which may cause OOM on the GPU. Please ensure that the data processing is correct and verify it. Adjust the threshold with preprocessor_conf.text_length_warning_thres, or silence this message alone with logging.getLogger('espnet2.train.preprocessor').
The length of the text output exceeds 500, which may cause OOM on the GPU. Please ensure that the data processing is correct and verify it. Adjust the threshold with preprocessor_conf.text_length_warning_thres, or silence this message alone with logging.getLogger('espnet2.train.preprocessor').
The length of the text output exceeds 500, which may cause OOM on the GPU. Please ensure that the data processing is correct and verify it. Adjust the threshold with preprocessor_conf.text_length_warning_thres, or silence this message alone with logging.getLogger('espnet2.train.preprocessor').
The length of the text output exceeds 500, which may cause OOM on the GPU. Please ensure that the data processing is correct and verify it. Adjust the threshold with preprocessor_conf.text_length_warning_thres, or silence this message alone with logging.getLogger('espnet2.train.preprocessor').
The length of the text output exceeds 500, which may cause OOM on the GPU. Please ensure that the data processing is correct and verify it. Adjust the threshold with preprocessor_conf.text_length_warning_thres, or silence this message alone with logging.getLogger('espnet2.train.preprocessor').
The length of the text output exceeds 500, which may cause OOM on the GPU. Please ensure that the data processing is correct and verify it. Adjust the threshold with preprocessor_conf.text_length_warning_thres, or silence this message alone with logging.getLogger('espnet2.train.preprocessor').
The length of the text output exceeds 500, which may cause OOM on the GPU. Please ensure that the data processing is correct and verify it. Adjust the threshold with preprocessor_conf.text_length_warning_thres, or silence this message alone with logging.getLogger('espnet2.train.preprocessor').
The length of the text output exceeds 500, which may cause OOM on the GPU. Please ensure that the data processing is correct and verify it. Adjust the threshold with preprocessor_conf.text_length_warning_thres, or silence this message alone with logging.getLogger('espnet2.train.preprocessor').
The length of the text output exceeds 500, which may cause OOM on the GPU. Please ensure that the data processing is correct and verify it. Adjust the threshold with preprocessor_conf.text_length_warning_thres, or silence this message alone with logging.getLogger('espnet2.train.preprocessor').
The length of the text output exceeds 500, which may cause OOM on the GPU. Please ensure that the data processing is correct and verify it. Adjust the threshold with preprocessor_conf.text_length_warning_thres, or silence this message alone with logging.getLogger('espnet2.train.preprocessor').
The length of the text output exceeds 500, which may cause OOM on the GPU. Please ensure that the data processing is correct and verify it. Adjust the threshold with preprocessor_conf.text_length_warning_thres, or silence this message alone with logging.getLogger('espnet2.train.preprocessor').
The length of the text output exceeds 500, which may cause OOM on the GPU. Please ensure that the data processing is correct and verify it. Adjust the threshold with preprocessor_conf.text_length_warning_thres, or silence this message alone with logging.getLogger('espnet2.train.preprocessor').
The length of the text output exceeds 500, which may cause OOM on the GPU. Please ensure that the data processing is correct and verify it. Adjust the threshold with preprocessor_conf.text_length_warning_thres, or silence this message alone with logging.getLogger('espnet2.train.preprocessor').
The length of the text output exceeds 500, which may cause OOM on the GPU. Please ensure that the data processing is correct and verify it. Adjust the threshold with preprocessor_conf.text_length_warning_thres, or silence this message alone with logging.getLogger('espnet2.train.preprocessor').
The length of the text output exceeds 500, which may cause OOM on the GPU. Please ensure that the data processing is correct and verify it. Adjust the threshold with preprocessor_conf.text_length_warning_thres, or silence this message alone with logging.getLogger('espnet2.train.preprocessor').
The length of the text output exceeds 500, which may cause OOM on the GPU. Please ensure that the data processing is correct and verify it. Adjust the threshold with preprocessor_conf.text_length_warning_thres, or silence this message alone with logging.getLogger('espnet2.train.preprocessor').
The length of the text output exceeds 500, which may cause OOM on the GPU. Please ensure that the data processing is correct and verify it. Adjust the threshold with preprocessor_conf.text_length_warning_thres, or silence this message alone with logging.getLogger('espnet2.train.preprocessor').
The length of the text output exceeds 500, which may cause OOM on the GPU. Please ensure that the data processing is correct and verify it. Adjust the threshold with preprocessor_conf.text_length_warning_thres, or silence this message alone with logging.getLogger('espnet2.train.preprocessor').
The length of the text output exceeds 500, which may cause OOM on the GPU. Please ensure that the data processing is correct and verify it. Adjust the threshold with preprocessor_conf.text_length_warning_thres, or silence this message alone with logging.getLogger('espnet2.train.preprocessor').
The length of the text output exceeds 500, which may cause OOM on the GPU. Please ensure that the data processing is correct and verify it. Adjust the threshold with preprocessor_conf.text_length_warning_thres, or silence this message alone with logging.getLogger('espnet2.train.preprocessor').
The length of the text output exceeds 500, which may cause OOM on the GPU. Please ensure that the data processing is correct and verify it. Adjust the threshold with preprocessor_conf.text_length_warning_thres, or silence this message alone with logging.getLogger('espnet2.train.preprocessor').
The length of the text output exceeds 500, which may cause OOM on the GPU. Please ensure that the data processing is correct and verify it. Adjust the threshold with preprocessor_conf.text_length_warning_thres, or silence this message alone with logging.getLogger('espnet2.train.preprocessor').
The length of the text output exceeds 500, which may cause OOM on the GPU. Please ensure that the data processing is correct and verify it. Adjust the threshold with preprocessor_conf.text_length_warning_thres, or silence this message alone with logging.getLogger('espnet2.train.preprocessor').
The length of the text output exceeds 500, which may cause OOM on the GPU. Please ensure that the data processing is correct and verify it. Adjust the threshold with preprocessor_conf.text_length_warning_thres, or silence this message alone with logging.getLogger('espnet2.train.preprocessor').
The length of the text output exceeds 500, which may cause OOM on the GPU. Please ensure that the data processing is correct and verify it. Adjust the threshold with preprocessor_conf.text_length_warning_thres, or silence this message alone with logging.getLogger('espnet2.train.preprocessor').
The length of the text output exceeds 500, which may cause OOM on the GPU. Please ensure that the data processing is correct and verify it. Adjust the threshold with preprocessor_conf.text_length_warning_thres, or silence this message alone with logging.getLogger('espnet2.train.preprocessor').
The length of the text output exceeds 500, which may cause OOM on the GPU. Please ensure that the data processing is correct and verify it. Adjust the threshold with preprocessor_conf.text_length_warning_thres, or silence this message alone with logging.getLogger('espnet2.train.preprocessor').
The length of the text output exceeds 500, which may cause OOM on the GPU. Please ensure that the data processing is correct and verify it. Adjust the threshold with preprocessor_conf.text_length_warning_thres, or silence this message alone with logging.getLogger('espnet2.train.preprocessor').
The length of the text output exceeds 500, which may cause OOM on the GPU. Please ensure that the data processing is correct and verify it. Adjust the threshold with preprocessor_conf.text_length_warning_thres, or silence this message alone with logging.getLogger('espnet2.train.preprocessor').
The length of the text output exceeds 500, which may cause OOM on the GPU. Please ensure that the data processing is correct and verify it. Adjust the threshold with preprocessor_conf.text_length_warning_thres, or silence this message alone with logging.getLogger('espnet2.train.preprocessor').
[rank3]:W0829 20:08:12.184000 58377 site-packages/torch/_dynamo/variables/tensor.py:1048] [3/0] Graph break from `Tensor.item()`, consider setting:
[rank3]:W0829 20:08:12.184000 58377 site-packages/torch/_dynamo/variables/tensor.py:1048] [3/0]     torch._dynamo.config.capture_scalar_outputs = True
[rank3]:W0829 20:08:12.184000 58377 site-packages/torch/_dynamo/variables/tensor.py:1048] [3/0] or:
[rank3]:W0829 20:08:12.184000 58377 site-packages/torch/_dynamo/variables/tensor.py:1048] [3/0]     env TORCHDYNAMO_CAPTURE_SCALAR_OUTPUTS=1
[rank3]:W0829 20:08:12.184000 58377 site-packages/torch/_dynamo/variables/tensor.py:1048] [3/0] to include these operations in the captured graph.
[rank3]:W0829 20:08:12.184000 58377 site-packages/torch/_dynamo/variables/tensor.py:1048] [3/0] 
[rank3]:W0829 20:08:12.184000 58377 site-packages/torch/_dynamo/variables/tensor.py:1048] [3/0] Graph break: from user code at:
[rank3]:W0829 20:08:12.184000 58377 site-packages/torch/_dynamo/variables/tensor.py:1048] [3/0]   File "/mnt/weka/mark/espnet/espnet2/hubert/espnet_model.py", line 170, in torch_dynamo_resume_in_encode_at_153
[rank3]:W0829 20:08:12.184000 58377 site-packages/torch/_dynamo/variables/tensor.py:1048] [3/0]     encoder_out = self.encoder(feats, feats_lengths, y_pad, y_pad_length)
[rank3]:W0829 20:08:12.184000 58377 site-packages/torch/_dynamo/variables/tensor.py:1048] [3/0]   File "/mnt/weka/mark/espnet/espnet2/asr/encoder/wavlm_encoder.py", line 384, in forward
[rank3]:W0829 20:08:12.184000 58377 site-packages/torch/_dynamo/variables/tensor.py:1048] [3/0]     return self._pretraining_forward(xs_pad, ilens, ys_pad)
[rank3]:W0829 20:08:12.184000 58377 site-packages/torch/_dynamo/variables/tensor.py:1048] [3/0]   File "/mnt/weka/mark/espnet/espnet2/asr/encoder/wavlm_encoder.py", line 397, in _pretraining_forward
[rank3]:W0829 20:08:12.184000 58377 site-packages/torch/_dynamo/variables/tensor.py:1048] [3/0]     ) = self.wavlm_pretrain_model.forward(xs_pad, ys_pad, ilens)
[rank3]:W0829 20:08:12.184000 58377 site-packages/torch/_dynamo/variables/tensor.py:1048] [3/0]   File "/mnt/weka/mark/espnet/tools/anaconda/envs/espnet/lib/python3.12/site-packages/torchaudio/models/wav2vec2/model.py", line 210, in forward
[rank3]:W0829 20:08:12.184000 58377 site-packages/torch/_dynamo/variables/tensor.py:1048] [3/0]     x, mask = self.mask_generator(x, padding_mask)
[rank3]:W0829 20:08:12.184000 58377 site-packages/torch/_dynamo/variables/tensor.py:1048] [3/0]   File "/mnt/weka/mark/espnet/tools/anaconda/envs/espnet/lib/python3.12/site-packages/torchaudio/models/wav2vec2/components.py", line 1040, in forward
[rank3]:W0829 20:08:12.184000 58377 site-packages/torch/_dynamo/variables/tensor.py:1048] [3/0]     mask_indices = _compute_mask_indices(
[rank3]:W0829 20:08:12.184000 58377 site-packages/torch/_dynamo/variables/tensor.py:1048] [3/0]   File "/mnt/weka/mark/espnet/tools/anaconda/envs/espnet/lib/python3.12/site-packages/torchaudio/models/wav2vec2/components.py", line 879, in _compute_mask_indices
[rank3]:W0829 20:08:12.184000 58377 site-packages/torch/_dynamo/variables/tensor.py:1048] [3/0]     all_num_mask = int(mask_prob * frame / float(mask_length) + torch.rand(1))
[rank3]:W0829 20:08:12.184000 58377 site-packages/torch/_dynamo/variables/tensor.py:1048] [3/0] 
[rank3]:W0829 20:08:12.184000 58377 site-packages/torch/_dynamo/variables/tensor.py:1048] [3/0] 
[rank6]:W0829 20:08:12.185000 58380 site-packages/torch/_dynamo/variables/tensor.py:1048] [3/0] Graph break from `Tensor.item()`, consider setting:
[rank6]:W0829 20:08:12.185000 58380 site-packages/torch/_dynamo/variables/tensor.py:1048] [3/0]     torch._dynamo.config.capture_scalar_outputs = True
[rank6]:W0829 20:08:12.185000 58380 site-packages/torch/_dynamo/variables/tensor.py:1048] [3/0] or:
[rank6]:W0829 20:08:12.185000 58380 site-packages/torch/_dynamo/variables/tensor.py:1048] [3/0]     env TORCHDYNAMO_CAPTURE_SCALAR_OUTPUTS=1
[rank6]:W0829 20:08:12.185000 58380 site-packages/torch/_dynamo/variables/tensor.py:1048] [3/0] to include these operations in the captured graph.
[rank6]:W0829 20:08:12.185000 58380 site-packages/torch/_dynamo/variables/tensor.py:1048] [3/0] 
[rank6]:W0829 20:08:12.185000 58380 site-packages/torch/_dynamo/variables/tensor.py:1048] [3/0] Graph break: from user code at:
[rank6]:W0829 20:08:12.185000 58380 site-packages/torch/_dynamo/variables/tensor.py:1048] [3/0]   File "/mnt/weka/mark/espnet/espnet2/hubert/espnet_model.py", line 170, in torch_dynamo_resume_in_encode_at_153
[rank6]:W0829 20:08:12.185000 58380 site-packages/torch/_dynamo/variables/tensor.py:1048] [3/0]     encoder_out = self.encoder(feats, feats_lengths, y_pad, y_pad_length)
[rank6]:W0829 20:08:12.185000 58380 site-packages/torch/_dynamo/variables/tensor.py:1048] [3/0]   File "/mnt/weka/mark/espnet/espnet2/asr/encoder/wavlm_encoder.py", line 384, in forward
[rank6]:W0829 20:08:12.185000 58380 site-packages/torch/_dynamo/variables/tensor.py:1048] [3/0]     return self._pretraining_forward(xs_pad, ilens, ys_pad)
[rank6]:W0829 20:08:12.185000 58380 site-packages/torch/_dynamo/variables/tensor.py:1048] [3/0]   File "/mnt/weka/mark/espnet/espnet2/asr/encoder/wavlm_encoder.py", line 397, in _pretraining_forward
[rank6]:W0829 20:08:12.185000 58380 site-packages/torch/_dynamo/variables/tensor.py:1048] [3/0]     ) = self.wavlm_pretrain_model.forward(xs_pad, ys_pad, ilens)
[rank6]:W0829 20:08:12.185000 58380 site-packages/torch/_dynamo/variables/tensor.py:1048] [3/0]   File "/mnt/weka/mark/espnet/tools/anaconda/envs/espnet/lib/python3.12/site-packages/torchaudio/models/wav2vec2/model.py", line 210, in forward
[rank6]:W0829 20:08:12.185000 58380 site-packages/torch/_dynamo/variables/tensor.py:1048] [3/0]     x, mask = self.mask_generator(x, padding_mask)
[rank6]:W0829 20:08:12.185000 58380 site-packages/torch/_dynamo/variables/tensor.py:1048] [3/0]   File "/mnt/weka/mark/espnet/tools/anaconda/envs/espnet/lib/python3.12/site-packages/torchaudio/models/wav2vec2/components.py", line 1040, in forward
[rank6]:W0829 20:08:12.185000 58380 site-packages/torch/_dynamo/variables/tensor.py:1048] [3/0]     mask_indices = _compute_mask_indices(
[rank6]:W0829 20:08:12.185000 58380 site-packages/torch/_dynamo/variables/tensor.py:1048] [3/0]   File "/mnt/weka/mark/espnet/tools/anaconda/envs/espnet/lib/python3.12/site-packages/torchaudio/models/wav2vec2/components.py", line 879, in _compute_mask_indices
[rank6]:W0829 20:08:12.185000 58380 site-packages/torch/_dynamo/variables/tensor.py:1048] [3/0]     all_num_mask = int(mask_prob * frame / float(mask_length) + torch.rand(1))
[rank6]:W0829 20:08:12.185000 58380 site-packages/torch/_dynamo/variables/tensor.py:1048] [3/0] 
[rank6]:W0829 20:08:12.185000 58380 site-packages/torch/_dynamo/variables/tensor.py:1048] [3/0] 
[rank2]:W0829 20:08:12.191000 58376 site-packages/torch/_dynamo/variables/tensor.py:1048] [3/0] Graph break from `Tensor.item()`, consider setting:
[rank2]:W0829 20:08:12.191000 58376 site-packages/torch/_dynamo/variables/tensor.py:1048] [3/0]     torch._dynamo.config.capture_scalar_outputs = True
[rank2]:W0829 20:08:12.191000 58376 site-packages/torch/_dynamo/variables/tensor.py:1048] [3/0] or:
[rank2]:W0829 20:08:12.191000 58376 site-packages/torch/_dynamo/variables/tensor.py:1048] [3/0]     env TORCHDYNAMO_CAPTURE_SCALAR_OUTPUTS=1
[rank2]:W0829 20:08:12.191000 58376 site-packages/torch/_dynamo/variables/tensor.py:1048] [3/0] to include these operations in the captured graph.
[rank2]:W0829 20:08:12.191000 58376 site-packages/torch/_dynamo/variables/tensor.py:1048] [3/0] 
[rank2]:W0829 20:08:12.191000 58376 site-packages/torch/_dynamo/variables/tensor.py:1048] [3/0] Graph break: from user code at:
[rank2]:W0829 20:08:12.191000 58376 site-packages/torch/_dynamo/variables/tensor.py:1048] [3/0]   File "/mnt/weka/mark/espnet/espnet2/hubert/espnet_model.py", line 170, in torch_dynamo_resume_in_encode_at_153
[rank2]:W0829 20:08:12.191000 58376 site-packages/torch/_dynamo/variables/tensor.py:1048] [3/0]     encoder_out = self.encoder(feats, feats_lengths, y_pad, y_pad_length)
[rank2]:W0829 20:08:12.191000 58376 site-packages/torch/_dynamo/variables/tensor.py:1048] [3/0]   File "/mnt/weka/mark/espnet/espnet2/asr/encoder/wavlm_encoder.py", line 384, in forward
[rank2]:W0829 20:08:12.191000 58376 site-packages/torch/_dynamo/variables/tensor.py:1048] [3/0]     return self._pretraining_forward(xs_pad, ilens, ys_pad)
[rank2]:W0829 20:08:12.191000 58376 site-packages/torch/_dynamo/variables/tensor.py:1048] [3/0]   File "/mnt/weka/mark/espnet/espnet2/asr/encoder/wavlm_encoder.py", line 397, in _pretraining_forward
[rank2]:W0829 20:08:12.191000 58376 site-packages/torch/_dynamo/variables/tensor.py:1048] [3/0]     ) = self.wavlm_pretrain_model.forward(xs_pad, ys_pad, ilens)
[rank2]:W0829 20:08:12.191000 58376 site-packages/torch/_dynamo/variables/tensor.py:1048] [3/0]   File "/mnt/weka/mark/espnet/tools/anaconda/envs/espnet/lib/python3.12/site-packages/torchaudio/models/wav2vec2/model.py", line 210, in forward
[rank2]:W0829 20:08:12.191000 58376 site-packages/torch/_dynamo/variables/tensor.py:1048] [3/0]     x, mask = self.mask_generator(x, padding_mask)
[rank2]:W0829 20:08:12.191000 58376 site-packages/torch/_dynamo/variables/tensor.py:1048] [3/0]   File "/mnt/weka/mark/espnet/tools/anaconda/envs/espnet/lib/python3.12/site-packages/torchaudio/models/wav2vec2/components.py", line 1040, in forward
[rank2]:W0829 20:08:12.191000 58376 site-packages/torch/_dynamo/variables/tensor.py:1048] [3/0]     mask_indices = _compute_mask_indices(
[rank2]:W0829 20:08:12.191000 58376 site-packages/torch/_dynamo/variables/tensor.py:1048] [3/0]   File "/mnt/weka/mark/espnet/tools/anaconda/envs/espnet/lib/python3.12/site-packages/torchaudio/models/wav2vec2/components.py", line 879, in _compute_mask_indices
[rank2]:W0829 20:08:12.191000 58376 site-packages/torch/_dynamo/variables/tensor.py:1048] [3/0]     all_num_mask = int(mask_prob * frame / float(mask_length) + torch.rand(1))
[rank2]:W0829 20:08:12.191000 58376 site-packages/torch/_dynamo/variables/tensor.py:1048] [3/0] 
[rank2]:W0829 20:08:12.191000 58376 site-packages/torch/_dynamo/variables/tensor.py:1048] [3/0] 
[rank1]:W0829 20:08:12.213000 58375 site-packages/torch/_dynamo/variables/tensor.py:1048] [3/0] Graph break from `Tensor.item()`, consider setting:
[rank1]:W0829 20:08:12.213000 58375 site-packages/torch/_dynamo/variables/tensor.py:1048] [3/0]     torch._dynamo.config.capture_scalar_outputs = True
[rank1]:W0829 20:08:12.213000 58375 site-packages/torch/_dynamo/variables/tensor.py:1048] [3/0] or:
[rank1]:W0829 20:08:12.213000 58375 site-packages/torch/_dynamo/variables/tensor.py:1048] [3/0]     env TORCHDYNAMO_CAPTURE_SCALAR_OUTPUTS=1
[rank1]:W0829 20:08:12.213000 58375 site-packages/torch/_dynamo/variables/tensor.py:1048] [3/0] to include these operations in the captured graph.
[rank1]:W0829 20:08:12.213000 58375 site-packages/torch/_dynamo/variables/tensor.py:1048] [3/0] 
[rank1]:W0829 20:08:12.213000 58375 site-packages/torch/_dynamo/variables/tensor.py:1048] [3/0] Graph break: from user code at:
[rank1]:W0829 20:08:12.213000 58375 site-packages/torch/_dynamo/variables/tensor.py:1048] [3/0]   File "/mnt/weka/mark/espnet/espnet2/hubert/espnet_model.py", line 170, in torch_dynamo_resume_in_encode_at_153
[rank1]:W0829 20:08:12.213000 58375 site-packages/torch/_dynamo/variables/tensor.py:1048] [3/0]     encoder_out = self.encoder(feats, feats_lengths, y_pad, y_pad_length)
[rank1]:W0829 20:08:12.213000 58375 site-packages/torch/_dynamo/variables/tensor.py:1048] [3/0]   File "/mnt/weka/mark/espnet/espnet2/asr/encoder/wavlm_encoder.py", line 384, in forward
[rank1]:W0829 20:08:12.213000 58375 site-packages/torch/_dynamo/variables/tensor.py:1048] [3/0]     return self._pretraining_forward(xs_pad, ilens, ys_pad)
[rank1]:W0829 20:08:12.213000 58375 site-packages/torch/_dynamo/variables/tensor.py:1048] [3/0]   File "/mnt/weka/mark/espnet/espnet2/asr/encoder/wavlm_encoder.py", line 397, in _pretraining_forward
[rank1]:W0829 20:08:12.213000 58375 site-packages/torch/_dynamo/variables/tensor.py:1048] [3/0]     ) = self.wavlm_pretrain_model.forward(xs_pad, ys_pad, ilens)
[rank1]:W0829 20:08:12.213000 58375 site-packages/torch/_dynamo/variables/tensor.py:1048] [3/0]   File "/mnt/weka/mark/espnet/tools/anaconda/envs/espnet/lib/python3.12/site-packages/torchaudio/models/wav2vec2/model.py", line 210, in forward
[rank1]:W0829 20:08:12.213000 58375 site-packages/torch/_dynamo/variables/tensor.py:1048] [3/0]     x, mask = self.mask_generator(x, padding_mask)
[rank1]:W0829 20:08:12.213000 58375 site-packages/torch/_dynamo/variables/tensor.py:1048] [3/0]   File "/mnt/weka/mark/espnet/tools/anaconda/envs/espnet/lib/python3.12/site-packages/torchaudio/models/wav2vec2/components.py", line 1040, in forward
[rank1]:W0829 20:08:12.213000 58375 site-packages/torch/_dynamo/variables/tensor.py:1048] [3/0]     mask_indices = _compute_mask_indices(
[rank1]:W0829 20:08:12.213000 58375 site-packages/torch/_dynamo/variables/tensor.py:1048] [3/0]   File "/mnt/weka/mark/espnet/tools/anaconda/envs/espnet/lib/python3.12/site-packages/torchaudio/models/wav2vec2/components.py", line 879, in _compute_mask_indices
[rank1]:W0829 20:08:12.213000 58375 site-packages/torch/_dynamo/variables/tensor.py:1048] [3/0]     all_num_mask = int(mask_prob * frame / float(mask_length) + torch.rand(1))
[rank1]:W0829 20:08:12.213000 58375 site-packages/torch/_dynamo/variables/tensor.py:1048] [3/0] 
[rank1]:W0829 20:08:12.213000 58375 site-packages/torch/_dynamo/variables/tensor.py:1048] [3/0] 
[rank0]:W0829 20:08:12.213000 58374 site-packages/torch/_dynamo/variables/tensor.py:1048] [3/0] Graph break from `Tensor.item()`, consider setting:
[rank0]:W0829 20:08:12.213000 58374 site-packages/torch/_dynamo/variables/tensor.py:1048] [3/0]     torch._dynamo.config.capture_scalar_outputs = True
[rank0]:W0829 20:08:12.213000 58374 site-packages/torch/_dynamo/variables/tensor.py:1048] [3/0] or:
[rank0]:W0829 20:08:12.213000 58374 site-packages/torch/_dynamo/variables/tensor.py:1048] [3/0]     env TORCHDYNAMO_CAPTURE_SCALAR_OUTPUTS=1
[rank0]:W0829 20:08:12.213000 58374 site-packages/torch/_dynamo/variables/tensor.py:1048] [3/0] to include these operations in the captured graph.
[rank0]:W0829 20:08:12.213000 58374 site-packages/torch/_dynamo/variables/tensor.py:1048] [3/0] 
[rank0]:W0829 20:08:12.213000 58374 site-packages/torch/_dynamo/variables/tensor.py:1048] [3/0] Graph break: from user code at:
[rank0]:W0829 20:08:12.213000 58374 site-packages/torch/_dynamo/variables/tensor.py:1048] [3/0]   File "/mnt/weka/mark/espnet/espnet2/hubert/espnet_model.py", line 170, in torch_dynamo_resume_in_encode_at_153
[rank0]:W0829 20:08:12.213000 58374 site-packages/torch/_dynamo/variables/tensor.py:1048] [3/0]     encoder_out = self.encoder(feats, feats_lengths, y_pad, y_pad_length)
[rank0]:W0829 20:08:12.213000 58374 site-packages/torch/_dynamo/variables/tensor.py:1048] [3/0]   File "/mnt/weka/mark/espnet/espnet2/asr/encoder/wavlm_encoder.py", line 384, in forward
[rank0]:W0829 20:08:12.213000 58374 site-packages/torch/_dynamo/variables/tensor.py:1048] [3/0]     return self._pretraining_forward(xs_pad, ilens, ys_pad)
[rank0]:W0829 20:08:12.213000 58374 site-packages/torch/_dynamo/variables/tensor.py:1048] [3/0]   File "/mnt/weka/mark/espnet/espnet2/asr/encoder/wavlm_encoder.py", line 397, in _pretraining_forward
[rank0]:W0829 20:08:12.213000 58374 site-packages/torch/_dynamo/variables/tensor.py:1048] [3/0]     ) = self.wavlm_pretrain_model.forward(xs_pad, ys_pad, ilens)
[rank0]:W0829 20:08:12.213000 58374 site-packages/torch/_dynamo/variables/tensor.py:1048] [3/0]   File "/mnt/weka/mark/espnet/tools/anaconda/envs/espnet/lib/python3.12/site-packages/torchaudio/models/wav2vec2/model.py", line 210, in forward
[rank0]:W0829 20:08:12.213000 58374 site-packages/torch/_dynamo/variables/tensor.py:1048] [3/0]     x, mask = self.mask_generator(x, padding_mask)
[rank0]:W0829 20:08:12.213000 58374 site-packages/torch/_dynamo/variables/tensor.py:1048] [3/0]   File "/mnt/weka/mark/espnet/tools/anaconda/envs/espnet/lib/python3.12/site-packages/torchaudio/models/wav2vec2/components.py", line 1040, in forward
[rank0]:W0829 20:08:12.213000 58374 site-packages/torch/_dynamo/variables/tensor.py:1048] [3/0]     mask_indices = _compute_mask_indices(
[rank0]:W0829 20:08:12.213000 58374 site-packages/torch/_dynamo/variables/tensor.py:1048] [3/0]   File "/mnt/weka/mark/espnet/tools/anaconda/envs/espnet/lib/python3.12/site-packages/torchaudio/models/wav2vec2/components.py", line 879, in _compute_mask_indices
[rank0]:W0829 20:08:12.213000 58374 site-packages/torch/_dynamo/variables/tensor.py:1048] [3/0]     all_num_mask = int(mask_prob * frame / float(mask_length) + torch.rand(1))
[rank0]:W0829 20:08:12.213000 58374 site-packages/torch/_dynamo/variables/tensor.py:1048] [3/0] 
[rank0]:W0829 20:08:12.213000 58374 site-packages/torch/_dynamo/variables/tensor.py:1048] [3/0] 
[rank4]:W0829 20:08:12.215000 58378 site-packages/torch/_dynamo/variables/tensor.py:1048] [3/0] Graph break from `Tensor.item()`, consider setting:
[rank4]:W0829 20:08:12.215000 58378 site-packages/torch/_dynamo/variables/tensor.py:1048] [3/0]     torch._dynamo.config.capture_scalar_outputs = True
[rank4]:W0829 20:08:12.215000 58378 site-packages/torch/_dynamo/variables/tensor.py:1048] [3/0] or:
[rank4]:W0829 20:08:12.215000 58378 site-packages/torch/_dynamo/variables/tensor.py:1048] [3/0]     env TORCHDYNAMO_CAPTURE_SCALAR_OUTPUTS=1
[rank4]:W0829 20:08:12.215000 58378 site-packages/torch/_dynamo/variables/tensor.py:1048] [3/0] to include these operations in the captured graph.
[rank4]:W0829 20:08:12.215000 58378 site-packages/torch/_dynamo/variables/tensor.py:1048] [3/0] 
[rank4]:W0829 20:08:12.215000 58378 site-packages/torch/_dynamo/variables/tensor.py:1048] [3/0] Graph break: from user code at:
[rank4]:W0829 20:08:12.215000 58378 site-packages/torch/_dynamo/variables/tensor.py:1048] [3/0]   File "/mnt/weka/mark/espnet/espnet2/hubert/espnet_model.py", line 170, in torch_dynamo_resume_in_encode_at_153
[rank4]:W0829 20:08:12.215000 58378 site-packages/torch/_dynamo/variables/tensor.py:1048] [3/0]     encoder_out = self.encoder(feats, feats_lengths, y_pad, y_pad_length)
[rank4]:W0829 20:08:12.215000 58378 site-packages/torch/_dynamo/variables/tensor.py:1048] [3/0]   File "/mnt/weka/mark/espnet/espnet2/asr/encoder/wavlm_encoder.py", line 384, in forward
[rank4]:W0829 20:08:12.215000 58378 site-packages/torch/_dynamo/variables/tensor.py:1048] [3/0]     return self._pretraining_forward(xs_pad, ilens, ys_pad)
[rank4]:W0829 20:08:12.215000 58378 site-packages/torch/_dynamo/variables/tensor.py:1048] [3/0]   File "/mnt/weka/mark/espnet/espnet2/asr/encoder/wavlm_encoder.py", line 397, in _pretraining_forward
[rank4]:W0829 20:08:12.215000 58378 site-packages/torch/_dynamo/variables/tensor.py:1048] [3/0]     ) = self.wavlm_pretrain_model.forward(xs_pad, ys_pad, ilens)
[rank4]:W0829 20:08:12.215000 58378 site-packages/torch/_dynamo/variables/tensor.py:1048] [3/0]   File "/mnt/weka/mark/espnet/tools/anaconda/envs/espnet/lib/python3.12/site-packages/torchaudio/models/wav2vec2/model.py", line 210, in forward
[rank4]:W0829 20:08:12.215000 58378 site-packages/torch/_dynamo/variables/tensor.py:1048] [3/0]     x, mask = self.mask_generator(x, padding_mask)
[rank4]:W0829 20:08:12.215000 58378 site-packages/torch/_dynamo/variables/tensor.py:1048] [3/0]   File "/mnt/weka/mark/espnet/tools/anaconda/envs/espnet/lib/python3.12/site-packages/torchaudio/models/wav2vec2/components.py", line 1040, in forward
[rank4]:W0829 20:08:12.215000 58378 site-packages/torch/_dynamo/variables/tensor.py:1048] [3/0]     mask_indices = _compute_mask_indices(
[rank4]:W0829 20:08:12.215000 58378 site-packages/torch/_dynamo/variables/tensor.py:1048] [3/0]   File "/mnt/weka/mark/espnet/tools/anaconda/envs/espnet/lib/python3.12/site-packages/torchaudio/models/wav2vec2/components.py", line 879, in _compute_mask_indices
[rank4]:W0829 20:08:12.215000 58378 site-packages/torch/_dynamo/variables/tensor.py:1048] [3/0]     all_num_mask = int(mask_prob * frame / float(mask_length) + torch.rand(1))
[rank4]:W0829 20:08:12.215000 58378 site-packages/torch/_dynamo/variables/tensor.py:1048] [3/0] 
[rank4]:W0829 20:08:12.215000 58378 site-packages/torch/_dynamo/variables/tensor.py:1048] [3/0] 
[rank5]:W0829 20:08:12.252000 58379 site-packages/torch/_dynamo/variables/tensor.py:1048] [3/0] Graph break from `Tensor.item()`, consider setting:
[rank5]:W0829 20:08:12.252000 58379 site-packages/torch/_dynamo/variables/tensor.py:1048] [3/0]     torch._dynamo.config.capture_scalar_outputs = True
[rank5]:W0829 20:08:12.252000 58379 site-packages/torch/_dynamo/variables/tensor.py:1048] [3/0] or:
[rank5]:W0829 20:08:12.252000 58379 site-packages/torch/_dynamo/variables/tensor.py:1048] [3/0]     env TORCHDYNAMO_CAPTURE_SCALAR_OUTPUTS=1
[rank5]:W0829 20:08:12.252000 58379 site-packages/torch/_dynamo/variables/tensor.py:1048] [3/0] to include these operations in the captured graph.
[rank5]:W0829 20:08:12.252000 58379 site-packages/torch/_dynamo/variables/tensor.py:1048] [3/0] 
[rank5]:W0829 20:08:12.252000 58379 site-packages/torch/_dynamo/variables/tensor.py:1048] [3/0] Graph break: from user code at:
[rank5]:W0829 20:08:12.252000 58379 site-packages/torch/_dynamo/variables/tensor.py:1048] [3/0]   File "/mnt/weka/mark/espnet/espnet2/hubert/espnet_model.py", line 170, in torch_dynamo_resume_in_encode_at_153
[rank5]:W0829 20:08:12.252000 58379 site-packages/torch/_dynamo/variables/tensor.py:1048] [3/0]     encoder_out = self.encoder(feats, feats_lengths, y_pad, y_pad_length)
[rank5]:W0829 20:08:12.252000 58379 site-packages/torch/_dynamo/variables/tensor.py:1048] [3/0]   File "/mnt/weka/mark/espnet/espnet2/asr/encoder/wavlm_encoder.py", line 384, in forward
[rank5]:W0829 20:08:12.252000 58379 site-packages/torch/_dynamo/variables/tensor.py:1048] [3/0]     return self._pretraining_forward(xs_pad, ilens, ys_pad)
[rank5]:W0829 20:08:12.252000 58379 site-packages/torch/_dynamo/variables/tensor.py:1048] [3/0]   File "/mnt/weka/mark/espnet/espnet2/asr/encoder/wavlm_encoder.py", line 397, in _pretraining_forward
[rank5]:W0829 20:08:12.252000 58379 site-packages/torch/_dynamo/variables/tensor.py:1048] [3/0]     ) = self.wavlm_pretrain_model.forward(xs_pad, ys_pad, ilens)
[rank5]:W0829 20:08:12.252000 58379 site-packages/torch/_dynamo/variables/tensor.py:1048] [3/0]   File "/mnt/weka/mark/espnet/tools/anaconda/envs/espnet/lib/python3.12/site-packages/torchaudio/models/wav2vec2/model.py", line 210, in forward
[rank5]:W0829 20:08:12.252000 58379 site-packages/torch/_dynamo/variables/tensor.py:1048] [3/0]     x, mask = self.mask_generator(x, padding_mask)
[rank5]:W0829 20:08:12.252000 58379 site-packages/torch/_dynamo/variables/tensor.py:1048] [3/0]   File "/mnt/weka/mark/espnet/tools/anaconda/envs/espnet/lib/python3.12/site-packages/torchaudio/models/wav2vec2/components.py", line 1040, in forward
[rank5]:W0829 20:08:12.252000 58379 site-packages/torch/_dynamo/variables/tensor.py:1048] [3/0]     mask_indices = _compute_mask_indices(
[rank5]:W0829 20:08:12.252000 58379 site-packages/torch/_dynamo/variables/tensor.py:1048] [3/0]   File "/mnt/weka/mark/espnet/tools/anaconda/envs/espnet/lib/python3.12/site-packages/torchaudio/models/wav2vec2/components.py", line 879, in _compute_mask_indices
[rank5]:W0829 20:08:12.252000 58379 site-packages/torch/_dynamo/variables/tensor.py:1048] [3/0]     all_num_mask = int(mask_prob * frame / float(mask_length) + torch.rand(1))
[rank5]:W0829 20:08:12.252000 58379 site-packages/torch/_dynamo/variables/tensor.py:1048] [3/0] 
[rank5]:W0829 20:08:12.252000 58379 site-packages/torch/_dynamo/variables/tensor.py:1048] [3/0] 
[rank7]:W0829 20:08:12.253000 58381 site-packages/torch/_dynamo/variables/tensor.py:1048] [3/0] Graph break from `Tensor.item()`, consider setting:
[rank7]:W0829 20:08:12.253000 58381 site-packages/torch/_dynamo/variables/tensor.py:1048] [3/0]     torch._dynamo.config.capture_scalar_outputs = True
[rank7]:W0829 20:08:12.253000 58381 site-packages/torch/_dynamo/variables/tensor.py:1048] [3/0] or:
[rank7]:W0829 20:08:12.253000 58381 site-packages/torch/_dynamo/variables/tensor.py:1048] [3/0]     env TORCHDYNAMO_CAPTURE_SCALAR_OUTPUTS=1
[rank7]:W0829 20:08:12.253000 58381 site-packages/torch/_dynamo/variables/tensor.py:1048] [3/0] to include these operations in the captured graph.
[rank7]:W0829 20:08:12.253000 58381 site-packages/torch/_dynamo/variables/tensor.py:1048] [3/0] 
[rank7]:W0829 20:08:12.253000 58381 site-packages/torch/_dynamo/variables/tensor.py:1048] [3/0] Graph break: from user code at:
[rank7]:W0829 20:08:12.253000 58381 site-packages/torch/_dynamo/variables/tensor.py:1048] [3/0]   File "/mnt/weka/mark/espnet/espnet2/hubert/espnet_model.py", line 170, in torch_dynamo_resume_in_encode_at_153
[rank7]:W0829 20:08:12.253000 58381 site-packages/torch/_dynamo/variables/tensor.py:1048] [3/0]     encoder_out = self.encoder(feats, feats_lengths, y_pad, y_pad_length)
[rank7]:W0829 20:08:12.253000 58381 site-packages/torch/_dynamo/variables/tensor.py:1048] [3/0]   File "/mnt/weka/mark/espnet/espnet2/asr/encoder/wavlm_encoder.py", line 384, in forward
[rank7]:W0829 20:08:12.253000 58381 site-packages/torch/_dynamo/variables/tensor.py:1048] [3/0]     return self._pretraining_forward(xs_pad, ilens, ys_pad)
[rank7]:W0829 20:08:12.253000 58381 site-packages/torch/_dynamo/variables/tensor.py:1048] [3/0]   File "/mnt/weka/mark/espnet/espnet2/asr/encoder/wavlm_encoder.py", line 397, in _pretraining_forward
[rank7]:W0829 20:08:12.253000 58381 site-packages/torch/_dynamo/variables/tensor.py:1048] [3/0]     ) = self.wavlm_pretrain_model.forward(xs_pad, ys_pad, ilens)
[rank7]:W0829 20:08:12.253000 58381 site-packages/torch/_dynamo/variables/tensor.py:1048] [3/0]   File "/mnt/weka/mark/espnet/tools/anaconda/envs/espnet/lib/python3.12/site-packages/torchaudio/models/wav2vec2/model.py", line 210, in forward
[rank7]:W0829 20:08:12.253000 58381 site-packages/torch/_dynamo/variables/tensor.py:1048] [3/0]     x, mask = self.mask_generator(x, padding_mask)
[rank7]:W0829 20:08:12.253000 58381 site-packages/torch/_dynamo/variables/tensor.py:1048] [3/0]   File "/mnt/weka/mark/espnet/tools/anaconda/envs/espnet/lib/python3.12/site-packages/torchaudio/models/wav2vec2/components.py", line 1040, in forward
[rank7]:W0829 20:08:12.253000 58381 site-packages/torch/_dynamo/variables/tensor.py:1048] [3/0]     mask_indices = _compute_mask_indices(
[rank7]:W0829 20:08:12.253000 58381 site-packages/torch/_dynamo/variables/tensor.py:1048] [3/0]   File "/mnt/weka/mark/espnet/tools/anaconda/envs/espnet/lib/python3.12/site-packages/torchaudio/models/wav2vec2/components.py", line 879, in _compute_mask_indices
[rank7]:W0829 20:08:12.253000 58381 site-packages/torch/_dynamo/variables/tensor.py:1048] [3/0]     all_num_mask = int(mask_prob * frame / float(mask_length) + torch.rand(1))
[rank7]:W0829 20:08:12.253000 58381 site-packages/torch/_dynamo/variables/tensor.py:1048] [3/0] 
[rank7]:W0829 20:08:12.253000 58381 site-packages/torch/_dynamo/variables/tensor.py:1048] [3/0] 
/mnt/weka/mark/espnet/tools/anaconda/envs/espnet/lib/python3.12/site-packages/torch/autograd/graph.py:841: UserWarning: Error detected in IndexPutBackward0. Traceback of forward call that caused the error:
  File "/mnt/weka/mark/espnet/tools/anaconda/envs/espnet/lib/python3.12/site-packages/torchaudio/models/wav2vec2/components.py", line 1054, in torch_dynamo_resume_in_forward_at_1040
    x[mask_indices] = self.mask_embedding.to(x.dtype)
 (Triggered internally at /pytorch/torch/csrc/autograd/python_anomaly_mode.cpp:122.)
  return Variable._execution_engine.run_backward(  # Calls into the C++ engine to run the backward pass
/mnt/weka/mark/espnet/tools/anaconda/envs/espnet/lib/python3.12/site-packages/torch/autograd/graph.py:841: UserWarning: Error detected in IndexPutBackward0. Traceback of forward call that caused the error:
  File "/mnt/weka/mark/espnet/tools/anaconda/envs/espnet/lib/python3.12/site-packages/torchaudio/models/wav2vec2/components.py", line 1054, in torch_dynamo_resume_in_forward_at_1040
    x[mask_indices] = self.mask_embedding.to(x.dtype)
 (Triggered internally at /pytorch/torch/csrc/autograd/python_anomaly_mode.cpp:122.)
  return Variable._execution_engine.run_backward(  # Calls into the C++ engine to run the backward pass
[rank4]:W0829 20:09:27.694000 58378 site-packages/torch/_dynamo/exc.py:593] [10/0] Backend compiler exception
[rank4]:W0829 20:09:27.694000 58378 site-packages/torch/_dynamo/exc.py:593] [10/0]   Explanation: Backend compiler `compile_fn` failed with aten.nonzero.default. Adding a graph break.
[rank4]:W0829 20:09:27.694000 58378 site-packages/torch/_dynamo/exc.py:593] [10/0]   Hint: Report an issue to the backend compiler repo.
[rank4]:W0829 20:09:27.694000 58378 site-packages/torch/_dynamo/exc.py:593] [10/0] 
[rank4]:W0829 20:09:27.694000 58378 site-packages/torch/_dynamo/exc.py:593] [10/0]   Developer debug context: Backend: compile_fn
[rank4]:W0829 20:09:27.694000 58378 site-packages/torch/_dynamo/exc.py:593] [10/0]     Exception:aten.nonzero.default
[rank4]:W0829 20:09:27.694000 58378 site-packages/torch/_dynamo/exc.py:593] [10/0]     Traceback:
[rank4]:W0829 20:09:27.694000 58378 site-packages/torch/_dynamo/exc.py:593] [10/0]       File "/mnt/weka/mark/espnet/tools/anaconda/envs/espnet/lib/python3.12/site-packages/torchaudio/models/wav2vec2/components.py", line 1072, in torch_dynamo_resume_in_forward_at_1040
[rank4]:W0829 20:09:27.694000 58378 site-packages/torch/_dynamo/exc.py:593] [10/0]         return x, mask_indices
[rank4]:W0829 20:09:27.694000 58378 site-packages/torch/_dynamo/exc.py:593] [10/0] 
[rank4]:W0829 20:09:27.694000 58378 site-packages/torch/_dynamo/exc.py:593] [10/0] 
[rank4]:W0829 20:09:27.694000 58378 site-packages/torch/_dynamo/exc.py:593] [10/0]  For more details about this graph break, please visit: https://meta-pytorch.github.io/compile-graph-break-site/gb/gb0219.html
[rank2]:W0829 20:09:27.694000 58376 site-packages/torch/_dynamo/exc.py:593] [10/0] Backend compiler exception
[rank2]:W0829 20:09:27.694000 58376 site-packages/torch/_dynamo/exc.py:593] [10/0]   Explanation: Backend compiler `compile_fn` failed with aten.nonzero.default. Adding a graph break.
[rank2]:W0829 20:09:27.694000 58376 site-packages/torch/_dynamo/exc.py:593] [10/0]   Hint: Report an issue to the backend compiler repo.
[rank2]:W0829 20:09:27.694000 58376 site-packages/torch/_dynamo/exc.py:593] [10/0] 
[rank2]:W0829 20:09:27.694000 58376 site-packages/torch/_dynamo/exc.py:593] [10/0]   Developer debug context: Backend: compile_fn
[rank2]:W0829 20:09:27.694000 58376 site-packages/torch/_dynamo/exc.py:593] [10/0]     Exception:aten.nonzero.default
[rank2]:W0829 20:09:27.694000 58376 site-packages/torch/_dynamo/exc.py:593] [10/0]     Traceback:
[rank2]:W0829 20:09:27.694000 58376 site-packages/torch/_dynamo/exc.py:593] [10/0]       File "/mnt/weka/mark/espnet/tools/anaconda/envs/espnet/lib/python3.12/site-packages/torchaudio/models/wav2vec2/components.py", line 1072, in torch_dynamo_resume_in_forward_at_1040
[rank2]:W0829 20:09:27.694000 58376 site-packages/torch/_dynamo/exc.py:593] [10/0]         return x, mask_indices
[rank2]:W0829 20:09:27.694000 58376 site-packages/torch/_dynamo/exc.py:593] [10/0] 
[rank2]:W0829 20:09:27.694000 58376 site-packages/torch/_dynamo/exc.py:593] [10/0] 
[rank2]:W0829 20:09:27.694000 58376 site-packages/torch/_dynamo/exc.py:593] [10/0]  For more details about this graph break, please visit: https://meta-pytorch.github.io/compile-graph-break-site/gb/gb0219.html
/mnt/weka/mark/espnet/tools/anaconda/envs/espnet/lib/python3.12/site-packages/torch/autograd/graph.py:841: UserWarning: Error detected in IndexPutBackward0. Traceback of forward call that caused the error:
  File "/mnt/weka/mark/espnet/tools/anaconda/envs/espnet/lib/python3.12/site-packages/torchaudio/models/wav2vec2/components.py", line 1054, in torch_dynamo_resume_in_forward_at_1040
    x[mask_indices] = self.mask_embedding.to(x.dtype)
 (Triggered internally at /pytorch/torch/csrc/autograd/python_anomaly_mode.cpp:122.)
  return Variable._execution_engine.run_backward(  # Calls into the C++ engine to run the backward pass
/mnt/weka/mark/espnet/tools/anaconda/envs/espnet/lib/python3.12/site-packages/torch/autograd/graph.py:841: UserWarning: Error detected in IndexPutBackward0. Traceback of forward call that caused the error:
  File "/mnt/weka/mark/espnet/tools/anaconda/envs/espnet/lib/python3.12/site-packages/torchaudio/models/wav2vec2/components.py", line 1054, in torch_dynamo_resume_in_forward_at_1040
    x[mask_indices] = self.mask_embedding.to(x.dtype)
 (Triggered internally at /pytorch/torch/csrc/autograd/python_anomaly_mode.cpp:122.)
  return Variable._execution_engine.run_backward(  # Calls into the C++ engine to run the backward pass
[rank4]:W0829 20:09:27.787000 58378 site-packages/torch/_dynamo/exc.py:593] [10/0_1] Backend compiler exception
[rank4]:W0829 20:09:27.787000 58378 site-packages/torch/_dynamo/exc.py:593] [10/0_1]   Explanation: Backend compiler `compile_fn` failed with aten.nonzero.default. Adding a graph break.
[rank4]:W0829 20:09:27.787000 58378 site-packages/torch/_dynamo/exc.py:593] [10/0_1]   Hint: Report an issue to the backend compiler repo.
[rank4]:W0829 20:09:27.787000 58378 site-packages/torch/_dynamo/exc.py:593] [10/0_1] 
[rank4]:W0829 20:09:27.787000 58378 site-packages/torch/_dynamo/exc.py:593] [10/0_1]   Developer debug context: Backend: compile_fn
[rank4]:W0829 20:09:27.787000 58378 site-packages/torch/_dynamo/exc.py:593] [10/0_1]     Exception:aten.nonzero.default
[rank4]:W0829 20:09:27.787000 58378 site-packages/torch/_dynamo/exc.py:593] [10/0_1]     Traceback:
[rank4]:W0829 20:09:27.787000 58378 site-packages/torch/_dynamo/exc.py:593] [10/0_1]       File "/mnt/weka/mark/espnet/tools/anaconda/envs/espnet/lib/python3.12/site-packages/torchaudio/models/wav2vec2/components.py", line 1072, in torch_dynamo_resume_in_forward_at_1040
[rank4]:W0829 20:09:27.787000 58378 site-packages/torch/_dynamo/exc.py:593] [10/0_1]         return x, mask_indices
[rank4]:W0829 20:09:27.787000 58378 site-packages/torch/_dynamo/exc.py:593] [10/0_1] 
[rank4]:W0829 20:09:27.787000 58378 site-packages/torch/_dynamo/exc.py:593] [10/0_1] 
[rank4]:W0829 20:09:27.787000 58378 site-packages/torch/_dynamo/exc.py:593] [10/0_1]  For more details about this graph break, please visit: https://meta-pytorch.github.io/compile-graph-break-site/gb/gb0219.html
[rank2]:W0829 20:09:27.789000 58376 site-packages/torch/_dynamo/exc.py:593] [10/0_1] Backend compiler exception
[rank2]:W0829 20:09:27.789000 58376 site-packages/torch/_dynamo/exc.py:593] [10/0_1]   Explanation: Backend compiler `compile_fn` failed with aten.nonzero.default. Adding a graph break.
[rank2]:W0829 20:09:27.789000 58376 site-packages/torch/_dynamo/exc.py:593] [10/0_1]   Hint: Report an issue to the backend compiler repo.
[rank2]:W0829 20:09:27.789000 58376 site-packages/torch/_dynamo/exc.py:593] [10/0_1] 
[rank2]:W0829 20:09:27.789000 58376 site-packages/torch/_dynamo/exc.py:593] [10/0_1]   Developer debug context: Backend: compile_fn
[rank2]:W0829 20:09:27.789000 58376 site-packages/torch/_dynamo/exc.py:593] [10/0_1]     Exception:aten.nonzero.default
[rank2]:W0829 20:09:27.789000 58376 site-packages/torch/_dynamo/exc.py:593] [10/0_1]     Traceback:
[rank2]:W0829 20:09:27.789000 58376 site-packages/torch/_dynamo/exc.py:593] [10/0_1]       File "/mnt/weka/mark/espnet/tools/anaconda/envs/espnet/lib/python3.12/site-packages/torchaudio/models/wav2vec2/components.py", line 1072, in torch_dynamo_resume_in_forward_at_1040
[rank2]:W0829 20:09:27.789000 58376 site-packages/torch/_dynamo/exc.py:593] [10/0_1]         return x, mask_indices
[rank2]:W0829 20:09:27.789000 58376 site-packages/torch/_dynamo/exc.py:593] [10/0_1] 
[rank2]:W0829 20:09:27.789000 58376 site-packages/torch/_dynamo/exc.py:593] [10/0_1] 
[rank2]:W0829 20:09:27.789000 58376 site-packages/torch/_dynamo/exc.py:593] [10/0_1]  For more details about this graph break, please visit: https://meta-pytorch.github.io/compile-graph-break-site/gb/gb0219.html
/mnt/weka/mark/espnet/tools/anaconda/envs/espnet/lib/python3.12/site-packages/torch/autograd/graph.py:841: UserWarning: Error detected in IndexPutBackward0. Traceback of forward call that caused the error:
  File "/mnt/weka/mark/espnet/tools/anaconda/envs/espnet/lib/python3.12/site-packages/torchaudio/models/wav2vec2/components.py", line 1054, in torch_dynamo_resume_in_forward_at_1040
    x[mask_indices] = self.mask_embedding.to(x.dtype)
 (Triggered internally at /pytorch/torch/csrc/autograd/python_anomaly_mode.cpp:122.)
  return Variable._execution_engine.run_backward(  # Calls into the C++ engine to run the backward pass
[rank0]:W0829 20:09:28.898000 58374 site-packages/torch/_dynamo/exc.py:593] [10/0] Backend compiler exception
[rank0]:W0829 20:09:28.898000 58374 site-packages/torch/_dynamo/exc.py:593] [10/0]   Explanation: Backend compiler `compile_fn` failed with aten.nonzero.default. Adding a graph break.
[rank0]:W0829 20:09:28.898000 58374 site-packages/torch/_dynamo/exc.py:593] [10/0]   Hint: Report an issue to the backend compiler repo.
[rank0]:W0829 20:09:28.898000 58374 site-packages/torch/_dynamo/exc.py:593] [10/0] 
[rank0]:W0829 20:09:28.898000 58374 site-packages/torch/_dynamo/exc.py:593] [10/0]   Developer debug context: Backend: compile_fn
[rank0]:W0829 20:09:28.898000 58374 site-packages/torch/_dynamo/exc.py:593] [10/0]     Exception:aten.nonzero.default
[rank0]:W0829 20:09:28.898000 58374 site-packages/torch/_dynamo/exc.py:593] [10/0]     Traceback:
[rank0]:W0829 20:09:28.898000 58374 site-packages/torch/_dynamo/exc.py:593] [10/0]       File "/mnt/weka/mark/espnet/tools/anaconda/envs/espnet/lib/python3.12/site-packages/torchaudio/models/wav2vec2/components.py", line 1072, in torch_dynamo_resume_in_forward_at_1040
[rank0]:W0829 20:09:28.898000 58374 site-packages/torch/_dynamo/exc.py:593] [10/0]         return x, mask_indices
[rank0]:W0829 20:09:28.898000 58374 site-packages/torch/_dynamo/exc.py:593] [10/0] 
[rank0]:W0829 20:09:28.898000 58374 site-packages/torch/_dynamo/exc.py:593] [10/0] 
[rank0]:W0829 20:09:28.898000 58374 site-packages/torch/_dynamo/exc.py:593] [10/0]  For more details about this graph break, please visit: https://meta-pytorch.github.io/compile-graph-break-site/gb/gb0219.html
/mnt/weka/mark/espnet/tools/anaconda/envs/espnet/lib/python3.12/site-packages/torch/autograd/graph.py:841: UserWarning: Error detected in IndexPutBackward0. Traceback of forward call that caused the error:
  File "/mnt/weka/mark/espnet/tools/anaconda/envs/espnet/lib/python3.12/site-packages/torchaudio/models/wav2vec2/components.py", line 1054, in torch_dynamo_resume_in_forward_at_1040
    x[mask_indices] = self.mask_embedding.to(x.dtype)
 (Triggered internally at /pytorch/torch/csrc/autograd/python_anomaly_mode.cpp:122.)
  return Variable._execution_engine.run_backward(  # Calls into the C++ engine to run the backward pass
[rank0]:W0829 20:09:28.989000 58374 site-packages/torch/_dynamo/exc.py:593] [10/0_1] Backend compiler exception
[rank0]:W0829 20:09:28.989000 58374 site-packages/torch/_dynamo/exc.py:593] [10/0_1]   Explanation: Backend compiler `compile_fn` failed with aten.nonzero.default. Adding a graph break.
[rank0]:W0829 20:09:28.989000 58374 site-packages/torch/_dynamo/exc.py:593] [10/0_1]   Hint: Report an issue to the backend compiler repo.
[rank0]:W0829 20:09:28.989000 58374 site-packages/torch/_dynamo/exc.py:593] [10/0_1] 
[rank0]:W0829 20:09:28.989000 58374 site-packages/torch/_dynamo/exc.py:593] [10/0_1]   Developer debug context: Backend: compile_fn
[rank0]:W0829 20:09:28.989000 58374 site-packages/torch/_dynamo/exc.py:593] [10/0_1]     Exception:aten.nonzero.default
[rank0]:W0829 20:09:28.989000 58374 site-packages/torch/_dynamo/exc.py:593] [10/0_1]     Traceback:
[rank0]:W0829 20:09:28.989000 58374 site-packages/torch/_dynamo/exc.py:593] [10/0_1]       File "/mnt/weka/mark/espnet/tools/anaconda/envs/espnet/lib/python3.12/site-packages/torchaudio/models/wav2vec2/components.py", line 1072, in torch_dynamo_resume_in_forward_at_1040
[rank0]:W0829 20:09:28.989000 58374 site-packages/torch/_dynamo/exc.py:593] [10/0_1]         return x, mask_indices
[rank0]:W0829 20:09:28.989000 58374 site-packages/torch/_dynamo/exc.py:593] [10/0_1] 
[rank0]:W0829 20:09:28.989000 58374 site-packages/torch/_dynamo/exc.py:593] [10/0_1] 
[rank0]:W0829 20:09:28.989000 58374 site-packages/torch/_dynamo/exc.py:593] [10/0_1]  For more details about this graph break, please visit: https://meta-pytorch.github.io/compile-graph-break-site/gb/gb0219.html
/mnt/weka/mark/espnet/tools/anaconda/envs/espnet/lib/python3.12/site-packages/torch/autograd/graph.py:841: UserWarning: Error detected in IndexPutBackward0. Traceback of forward call that caused the error:
  File "/mnt/weka/mark/espnet/tools/anaconda/envs/espnet/lib/python3.12/site-packages/torchaudio/models/wav2vec2/components.py", line 1054, in torch_dynamo_resume_in_forward_at_1040
    x[mask_indices] = self.mask_embedding.to(x.dtype)
 (Triggered internally at /pytorch/torch/csrc/autograd/python_anomaly_mode.cpp:122.)
  return Variable._execution_engine.run_backward(  # Calls into the C++ engine to run the backward pass
[rank3]:W0829 20:09:32.428000 58377 site-packages/torch/_dynamo/exc.py:593] [10/0] Backend compiler exception
[rank3]:W0829 20:09:32.428000 58377 site-packages/torch/_dynamo/exc.py:593] [10/0]   Explanation: Backend compiler `compile_fn` failed with aten.nonzero.default. Adding a graph break.
[rank3]:W0829 20:09:32.428000 58377 site-packages/torch/_dynamo/exc.py:593] [10/0]   Hint: Report an issue to the backend compiler repo.
[rank3]:W0829 20:09:32.428000 58377 site-packages/torch/_dynamo/exc.py:593] [10/0] 
[rank3]:W0829 20:09:32.428000 58377 site-packages/torch/_dynamo/exc.py:593] [10/0]   Developer debug context: Backend: compile_fn
[rank3]:W0829 20:09:32.428000 58377 site-packages/torch/_dynamo/exc.py:593] [10/0]     Exception:aten.nonzero.default
[rank3]:W0829 20:09:32.428000 58377 site-packages/torch/_dynamo/exc.py:593] [10/0]     Traceback:
[rank3]:W0829 20:09:32.428000 58377 site-packages/torch/_dynamo/exc.py:593] [10/0]       File "/mnt/weka/mark/espnet/tools/anaconda/envs/espnet/lib/python3.12/site-packages/torchaudio/models/wav2vec2/components.py", line 1072, in torch_dynamo_resume_in_forward_at_1040
[rank3]:W0829 20:09:32.428000 58377 site-packages/torch/_dynamo/exc.py:593] [10/0]         return x, mask_indices
[rank3]:W0829 20:09:32.428000 58377 site-packages/torch/_dynamo/exc.py:593] [10/0] 
[rank3]:W0829 20:09:32.428000 58377 site-packages/torch/_dynamo/exc.py:593] [10/0] 
[rank3]:W0829 20:09:32.428000 58377 site-packages/torch/_dynamo/exc.py:593] [10/0]  For more details about this graph break, please visit: https://meta-pytorch.github.io/compile-graph-break-site/gb/gb0219.html
/mnt/weka/mark/espnet/tools/anaconda/envs/espnet/lib/python3.12/site-packages/torch/autograd/graph.py:841: UserWarning: Error detected in IndexPutBackward0. Traceback of forward call that caused the error:
  File "/mnt/weka/mark/espnet/tools/anaconda/envs/espnet/lib/python3.12/site-packages/torchaudio/models/wav2vec2/components.py", line 1054, in torch_dynamo_resume_in_forward_at_1040
    x[mask_indices] = self.mask_embedding.to(x.dtype)
 (Triggered internally at /pytorch/torch/csrc/autograd/python_anomaly_mode.cpp:122.)
  return Variable._execution_engine.run_backward(  # Calls into the C++ engine to run the backward pass
[rank3]:W0829 20:09:32.524000 58377 site-packages/torch/_dynamo/exc.py:593] [10/0_1] Backend compiler exception
[rank3]:W0829 20:09:32.524000 58377 site-packages/torch/_dynamo/exc.py:593] [10/0_1]   Explanation: Backend compiler `compile_fn` failed with aten.nonzero.default. Adding a graph break.
[rank3]:W0829 20:09:32.524000 58377 site-packages/torch/_dynamo/exc.py:593] [10/0_1]   Hint: Report an issue to the backend compiler repo.
[rank3]:W0829 20:09:32.524000 58377 site-packages/torch/_dynamo/exc.py:593] [10/0_1] 
[rank3]:W0829 20:09:32.524000 58377 site-packages/torch/_dynamo/exc.py:593] [10/0_1]   Developer debug context: Backend: compile_fn
[rank3]:W0829 20:09:32.524000 58377 site-packages/torch/_dynamo/exc.py:593] [10/0_1]     Exception:aten.nonzero.default
[rank3]:W0829 20:09:32.524000 58377 site-packages/torch/_dynamo/exc.py:593] [10/0_1]     Traceback:
[rank3]:W0829 20:09:32.524000 58377 site-packages/torch/_dynamo/exc.py:593] [10/0_1]       File "/mnt/weka/mark/espnet/tools/anaconda/envs/espnet/lib/python3.12/site-packages/torchaudio/models/wav2vec2/components.py", line 1072, in torch_dynamo_resume_in_forward_at_1040
[rank3]:W0829 20:09:32.524000 58377 site-packages/torch/_dynamo/exc.py:593] [10/0_1]         return x, mask_indices
[rank3]:W0829 20:09:32.524000 58377 site-packages/torch/_dynamo/exc.py:593] [10/0_1] 
[rank3]:W0829 20:09:32.524000 58377 site-packages/torch/_dynamo/exc.py:593] [10/0_1] 
[rank3]:W0829 20:09:32.524000 58377 site-packages/torch/_dynamo/exc.py:593] [10/0_1]  For more details about this graph break, please visit: https://meta-pytorch.github.io/compile-graph-break-site/gb/gb0219.html
/mnt/weka/mark/espnet/tools/anaconda/envs/espnet/lib/python3.12/site-packages/torch/autograd/graph.py:841: UserWarning: Error detected in IndexPutBackward0. Traceback of forward call that caused the error:
  File "/mnt/weka/mark/espnet/tools/anaconda/envs/espnet/lib/python3.12/site-packages/torchaudio/models/wav2vec2/components.py", line 1054, in torch_dynamo_resume_in_forward_at_1040
    x[mask_indices] = self.mask_embedding.to(x.dtype)
 (Triggered internally at /pytorch/torch/csrc/autograd/python_anomaly_mode.cpp:122.)
  return Variable._execution_engine.run_backward(  # Calls into the C++ engine to run the backward pass
[rank7]:W0829 20:09:35.377000 58381 site-packages/torch/_dynamo/exc.py:593] [10/0] Backend compiler exception
[rank7]:W0829 20:09:35.377000 58381 site-packages/torch/_dynamo/exc.py:593] [10/0]   Explanation: Backend compiler `compile_fn` failed with aten.nonzero.default. Adding a graph break.
[rank7]:W0829 20:09:35.377000 58381 site-packages/torch/_dynamo/exc.py:593] [10/0]   Hint: Report an issue to the backend compiler repo.
[rank7]:W0829 20:09:35.377000 58381 site-packages/torch/_dynamo/exc.py:593] [10/0] 
[rank7]:W0829 20:09:35.377000 58381 site-packages/torch/_dynamo/exc.py:593] [10/0]   Developer debug context: Backend: compile_fn
[rank7]:W0829 20:09:35.377000 58381 site-packages/torch/_dynamo/exc.py:593] [10/0]     Exception:aten.nonzero.default
[rank7]:W0829 20:09:35.377000 58381 site-packages/torch/_dynamo/exc.py:593] [10/0]     Traceback:
[rank7]:W0829 20:09:35.377000 58381 site-packages/torch/_dynamo/exc.py:593] [10/0]       File "/mnt/weka/mark/espnet/tools/anaconda/envs/espnet/lib/python3.12/site-packages/torchaudio/models/wav2vec2/components.py", line 1072, in torch_dynamo_resume_in_forward_at_1040
[rank7]:W0829 20:09:35.377000 58381 site-packages/torch/_dynamo/exc.py:593] [10/0]         return x, mask_indices
[rank7]:W0829 20:09:35.377000 58381 site-packages/torch/_dynamo/exc.py:593] [10/0] 
[rank7]:W0829 20:09:35.377000 58381 site-packages/torch/_dynamo/exc.py:593] [10/0] 
[rank7]:W0829 20:09:35.377000 58381 site-packages/torch/_dynamo/exc.py:593] [10/0]  For more details about this graph break, please visit: https://meta-pytorch.github.io/compile-graph-break-site/gb/gb0219.html
/mnt/weka/mark/espnet/tools/anaconda/envs/espnet/lib/python3.12/site-packages/torch/autograd/graph.py:841: UserWarning: Error detected in IndexPutBackward0. Traceback of forward call that caused the error:
  File "/mnt/weka/mark/espnet/tools/anaconda/envs/espnet/lib/python3.12/site-packages/torchaudio/models/wav2vec2/components.py", line 1054, in torch_dynamo_resume_in_forward_at_1040
    x[mask_indices] = self.mask_embedding.to(x.dtype)
 (Triggered internally at /pytorch/torch/csrc/autograd/python_anomaly_mode.cpp:122.)
  return Variable._execution_engine.run_backward(  # Calls into the C++ engine to run the backward pass
[rank7]:W0829 20:09:35.470000 58381 site-packages/torch/_dynamo/exc.py:593] [10/0_1] Backend compiler exception
[rank7]:W0829 20:09:35.470000 58381 site-packages/torch/_dynamo/exc.py:593] [10/0_1]   Explanation: Backend compiler `compile_fn` failed with aten.nonzero.default. Adding a graph break.
[rank7]:W0829 20:09:35.470000 58381 site-packages/torch/_dynamo/exc.py:593] [10/0_1]   Hint: Report an issue to the backend compiler repo.
[rank7]:W0829 20:09:35.470000 58381 site-packages/torch/_dynamo/exc.py:593] [10/0_1] 
[rank7]:W0829 20:09:35.470000 58381 site-packages/torch/_dynamo/exc.py:593] [10/0_1]   Developer debug context: Backend: compile_fn
[rank7]:W0829 20:09:35.470000 58381 site-packages/torch/_dynamo/exc.py:593] [10/0_1]     Exception:aten.nonzero.default
[rank7]:W0829 20:09:35.470000 58381 site-packages/torch/_dynamo/exc.py:593] [10/0_1]     Traceback:
[rank7]:W0829 20:09:35.470000 58381 site-packages/torch/_dynamo/exc.py:593] [10/0_1]       File "/mnt/weka/mark/espnet/tools/anaconda/envs/espnet/lib/python3.12/site-packages/torchaudio/models/wav2vec2/components.py", line 1072, in torch_dynamo_resume_in_forward_at_1040
[rank7]:W0829 20:09:35.470000 58381 site-packages/torch/_dynamo/exc.py:593] [10/0_1]         return x, mask_indices
[rank7]:W0829 20:09:35.470000 58381 site-packages/torch/_dynamo/exc.py:593] [10/0_1] 
[rank7]:W0829 20:09:35.470000 58381 site-packages/torch/_dynamo/exc.py:593] [10/0_1] 
[rank7]:W0829 20:09:35.470000 58381 site-packages/torch/_dynamo/exc.py:593] [10/0_1]  For more details about this graph break, please visit: https://meta-pytorch.github.io/compile-graph-break-site/gb/gb0219.html
/mnt/weka/mark/espnet/tools/anaconda/envs/espnet/lib/python3.12/site-packages/torch/autograd/graph.py:841: UserWarning: Error detected in IndexPutBackward0. Traceback of forward call that caused the error:
  File "/mnt/weka/mark/espnet/tools/anaconda/envs/espnet/lib/python3.12/site-packages/torchaudio/models/wav2vec2/components.py", line 1054, in torch_dynamo_resume_in_forward_at_1040
    x[mask_indices] = self.mask_embedding.to(x.dtype)
 (Triggered internally at /pytorch/torch/csrc/autograd/python_anomaly_mode.cpp:122.)
  return Variable._execution_engine.run_backward(  # Calls into the C++ engine to run the backward pass
[rank6]:W0829 20:09:38.498000 58380 site-packages/torch/_dynamo/exc.py:593] [10/0] Backend compiler exception
[rank6]:W0829 20:09:38.498000 58380 site-packages/torch/_dynamo/exc.py:593] [10/0]   Explanation: Backend compiler `compile_fn` failed with aten.nonzero.default. Adding a graph break.
[rank6]:W0829 20:09:38.498000 58380 site-packages/torch/_dynamo/exc.py:593] [10/0]   Hint: Report an issue to the backend compiler repo.
[rank6]:W0829 20:09:38.498000 58380 site-packages/torch/_dynamo/exc.py:593] [10/0] 
[rank6]:W0829 20:09:38.498000 58380 site-packages/torch/_dynamo/exc.py:593] [10/0]   Developer debug context: Backend: compile_fn
[rank6]:W0829 20:09:38.498000 58380 site-packages/torch/_dynamo/exc.py:593] [10/0]     Exception:aten.nonzero.default
[rank6]:W0829 20:09:38.498000 58380 site-packages/torch/_dynamo/exc.py:593] [10/0]     Traceback:
[rank6]:W0829 20:09:38.498000 58380 site-packages/torch/_dynamo/exc.py:593] [10/0]       File "/mnt/weka/mark/espnet/tools/anaconda/envs/espnet/lib/python3.12/site-packages/torchaudio/models/wav2vec2/components.py", line 1072, in torch_dynamo_resume_in_forward_at_1040
[rank6]:W0829 20:09:38.498000 58380 site-packages/torch/_dynamo/exc.py:593] [10/0]         return x, mask_indices
[rank6]:W0829 20:09:38.498000 58380 site-packages/torch/_dynamo/exc.py:593] [10/0] 
[rank6]:W0829 20:09:38.498000 58380 site-packages/torch/_dynamo/exc.py:593] [10/0] 
[rank6]:W0829 20:09:38.498000 58380 site-packages/torch/_dynamo/exc.py:593] [10/0]  For more details about this graph break, please visit: https://meta-pytorch.github.io/compile-graph-break-site/gb/gb0219.html
/mnt/weka/mark/espnet/tools/anaconda/envs/espnet/lib/python3.12/site-packages/torch/autograd/graph.py:841: UserWarning: Error detected in IndexPutBackward0. Traceback of forward call that caused the error:
  File "/mnt/weka/mark/espnet/tools/anaconda/envs/espnet/lib/python3.12/site-packages/torchaudio/models/wav2vec2/components.py", line 1054, in torch_dynamo_resume_in_forward_at_1040
    x[mask_indices] = self.mask_embedding.to(x.dtype)
 (Triggered internally at /pytorch/torch/csrc/autograd/python_anomaly_mode.cpp:122.)
  return Variable._execution_engine.run_backward(  # Calls into the C++ engine to run the backward pass
[rank6]:W0829 20:09:38.594000 58380 site-packages/torch/_dynamo/exc.py:593] [10/0_1] Backend compiler exception
[rank6]:W0829 20:09:38.594000 58380 site-packages/torch/_dynamo/exc.py:593] [10/0_1]   Explanation: Backend compiler `compile_fn` failed with aten.nonzero.default. Adding a graph break.
[rank6]:W0829 20:09:38.594000 58380 site-packages/torch/_dynamo/exc.py:593] [10/0_1]   Hint: Report an issue to the backend compiler repo.
[rank6]:W0829 20:09:38.594000 58380 site-packages/torch/_dynamo/exc.py:593] [10/0_1] 
[rank6]:W0829 20:09:38.594000 58380 site-packages/torch/_dynamo/exc.py:593] [10/0_1]   Developer debug context: Backend: compile_fn
[rank6]:W0829 20:09:38.594000 58380 site-packages/torch/_dynamo/exc.py:593] [10/0_1]     Exception:aten.nonzero.default
[rank6]:W0829 20:09:38.594000 58380 site-packages/torch/_dynamo/exc.py:593] [10/0_1]     Traceback:
[rank6]:W0829 20:09:38.594000 58380 site-packages/torch/_dynamo/exc.py:593] [10/0_1]       File "/mnt/weka/mark/espnet/tools/anaconda/envs/espnet/lib/python3.12/site-packages/torchaudio/models/wav2vec2/components.py", line 1072, in torch_dynamo_resume_in_forward_at_1040
[rank6]:W0829 20:09:38.594000 58380 site-packages/torch/_dynamo/exc.py:593] [10/0_1]         return x, mask_indices
[rank6]:W0829 20:09:38.594000 58380 site-packages/torch/_dynamo/exc.py:593] [10/0_1] 
[rank6]:W0829 20:09:38.594000 58380 site-packages/torch/_dynamo/exc.py:593] [10/0_1] 
[rank6]:W0829 20:09:38.594000 58380 site-packages/torch/_dynamo/exc.py:593] [10/0_1]  For more details about this graph break, please visit: https://meta-pytorch.github.io/compile-graph-break-site/gb/gb0219.html
/mnt/weka/mark/espnet/tools/anaconda/envs/espnet/lib/python3.12/site-packages/torch/nn/functional.py:6044: UserWarning: Support for mismatched key_padding_mask and  is deprecated. Use same type for both instead.
  warnings.warn(
[rank4]:W0829 20:09:40.302000 58378 site-packages/torch/fx/experimental/symbolic_shapes.py:6833] [16/0] _maybe_guard_rel() was called on non-relation expression Eq(s29, s38) | Eq(s38, 1)
[rank4]:W0829 20:09:40.308000 58378 site-packages/torch/fx/experimental/symbolic_shapes.py:6833] [16/0] _maybe_guard_rel() was called on non-relation expression Eq(s57, 1) | Eq(s57, 16)
[rank4]:W0829 20:09:40.311000 58378 site-packages/torch/fx/experimental/symbolic_shapes.py:6833] [16/0] _maybe_guard_rel() was called on non-relation expression Eq(s21, s76) | Eq(s76, 1)
[rank4]:W0829 20:09:40.313000 58378 site-packages/torch/fx/experimental/symbolic_shapes.py:6833] [16/0] _maybe_guard_rel() was called on non-relation expression Eq(s21, s39) | Eq(s39, 1)
/mnt/weka/mark/espnet/tools/anaconda/envs/espnet/lib/python3.12/site-packages/torch/nn/functional.py:6044: UserWarning: Support for mismatched key_padding_mask and  is deprecated. Use same type for both instead.
  warnings.warn(
/mnt/weka/mark/espnet/tools/anaconda/envs/espnet/lib/python3.12/site-packages/torch/autograd/graph.py:841: UserWarning: Error detected in IndexPutBackward0. Traceback of forward call that caused the error:
  File "/mnt/weka/mark/espnet/tools/anaconda/envs/espnet/lib/python3.12/site-packages/torchaudio/models/wav2vec2/components.py", line 1054, in torch_dynamo_resume_in_forward_at_1040
    x[mask_indices] = self.mask_embedding.to(x.dtype)
 (Triggered internally at /pytorch/torch/csrc/autograd/python_anomaly_mode.cpp:122.)
  return Variable._execution_engine.run_backward(  # Calls into the C++ engine to run the backward pass
[rank1]:W0829 20:09:40.951000 58375 site-packages/torch/_dynamo/exc.py:593] [10/0] Backend compiler exception
[rank1]:W0829 20:09:40.951000 58375 site-packages/torch/_dynamo/exc.py:593] [10/0]   Explanation: Backend compiler `compile_fn` failed with aten.nonzero.default. Adding a graph break.
[rank1]:W0829 20:09:40.951000 58375 site-packages/torch/_dynamo/exc.py:593] [10/0]   Hint: Report an issue to the backend compiler repo.
[rank1]:W0829 20:09:40.951000 58375 site-packages/torch/_dynamo/exc.py:593] [10/0] 
[rank1]:W0829 20:09:40.951000 58375 site-packages/torch/_dynamo/exc.py:593] [10/0]   Developer debug context: Backend: compile_fn
[rank1]:W0829 20:09:40.951000 58375 site-packages/torch/_dynamo/exc.py:593] [10/0]     Exception:aten.nonzero.default
[rank1]:W0829 20:09:40.951000 58375 site-packages/torch/_dynamo/exc.py:593] [10/0]     Traceback:
[rank1]:W0829 20:09:40.951000 58375 site-packages/torch/_dynamo/exc.py:593] [10/0]       File "/mnt/weka/mark/espnet/tools/anaconda/envs/espnet/lib/python3.12/site-packages/torchaudio/models/wav2vec2/components.py", line 1072, in torch_dynamo_resume_in_forward_at_1040
[rank1]:W0829 20:09:40.951000 58375 site-packages/torch/_dynamo/exc.py:593] [10/0]         return x, mask_indices
[rank1]:W0829 20:09:40.951000 58375 site-packages/torch/_dynamo/exc.py:593] [10/0] 
[rank1]:W0829 20:09:40.951000 58375 site-packages/torch/_dynamo/exc.py:593] [10/0] 
[rank1]:W0829 20:09:40.951000 58375 site-packages/torch/_dynamo/exc.py:593] [10/0]  For more details about this graph break, please visit: https://meta-pytorch.github.io/compile-graph-break-site/gb/gb0219.html
[rank2]:W0829 20:09:41.019000 58376 site-packages/torch/fx/experimental/symbolic_shapes.py:6833] [16/0] _maybe_guard_rel() was called on non-relation expression Eq(s29, s38) | Eq(s38, 1)
[rank2]:W0829 20:09:41.024000 58376 site-packages/torch/fx/experimental/symbolic_shapes.py:6833] [16/0] _maybe_guard_rel() was called on non-relation expression Eq(s57, 1) | Eq(s57, 16)
[rank2]:W0829 20:09:41.026000 58376 site-packages/torch/fx/experimental/symbolic_shapes.py:6833] [16/0] _maybe_guard_rel() was called on non-relation expression Eq(s21, s76) | Eq(s76, 1)
[rank2]:W0829 20:09:41.028000 58376 site-packages/torch/fx/experimental/symbolic_shapes.py:6833] [16/0] _maybe_guard_rel() was called on non-relation expression Eq(s21, s39) | Eq(s39, 1)
/mnt/weka/mark/espnet/tools/anaconda/envs/espnet/lib/python3.12/site-packages/torch/autograd/graph.py:841: UserWarning: Error detected in IndexPutBackward0. Traceback of forward call that caused the error:
  File "/mnt/weka/mark/espnet/tools/anaconda/envs/espnet/lib/python3.12/site-packages/torchaudio/models/wav2vec2/components.py", line 1054, in torch_dynamo_resume_in_forward_at_1040
    x[mask_indices] = self.mask_embedding.to(x.dtype)
 (Triggered internally at /pytorch/torch/csrc/autograd/python_anomaly_mode.cpp:122.)
  return Variable._execution_engine.run_backward(  # Calls into the C++ engine to run the backward pass
[rank1]:W0829 20:09:41.048000 58375 site-packages/torch/_dynamo/exc.py:593] [10/0_1] Backend compiler exception
[rank1]:W0829 20:09:41.048000 58375 site-packages/torch/_dynamo/exc.py:593] [10/0_1]   Explanation: Backend compiler `compile_fn` failed with aten.nonzero.default. Adding a graph break.
[rank1]:W0829 20:09:41.048000 58375 site-packages/torch/_dynamo/exc.py:593] [10/0_1]   Hint: Report an issue to the backend compiler repo.
[rank1]:W0829 20:09:41.048000 58375 site-packages/torch/_dynamo/exc.py:593] [10/0_1] 
[rank1]:W0829 20:09:41.048000 58375 site-packages/torch/_dynamo/exc.py:593] [10/0_1]   Developer debug context: Backend: compile_fn
[rank1]:W0829 20:09:41.048000 58375 site-packages/torch/_dynamo/exc.py:593] [10/0_1]     Exception:aten.nonzero.default
[rank1]:W0829 20:09:41.048000 58375 site-packages/torch/_dynamo/exc.py:593] [10/0_1]     Traceback:
[rank1]:W0829 20:09:41.048000 58375 site-packages/torch/_dynamo/exc.py:593] [10/0_1]       File "/mnt/weka/mark/espnet/tools/anaconda/envs/espnet/lib/python3.12/site-packages/torchaudio/models/wav2vec2/components.py", line 1072, in torch_dynamo_resume_in_forward_at_1040
[rank1]:W0829 20:09:41.048000 58375 site-packages/torch/_dynamo/exc.py:593] [10/0_1]         return x, mask_indices
[rank1]:W0829 20:09:41.048000 58375 site-packages/torch/_dynamo/exc.py:593] [10/0_1] 
[rank1]:W0829 20:09:41.048000 58375 site-packages/torch/_dynamo/exc.py:593] [10/0_1] 
[rank1]:W0829 20:09:41.048000 58375 site-packages/torch/_dynamo/exc.py:593] [10/0_1]  For more details about this graph break, please visit: https://meta-pytorch.github.io/compile-graph-break-site/gb/gb0219.html
[rank4]:W0829 20:09:41.230000 58378 site-packages/torch/fx/experimental/symbolic_shapes.py:6833] [16/0_1] _maybe_guard_rel() was called on non-relation expression Eq(s29, s38) | Eq(s38, 1)
[rank4]:W0829 20:09:41.232000 58378 site-packages/torch/fx/experimental/symbolic_shapes.py:6833] [16/0_1] _maybe_guard_rel() was called on non-relation expression Eq(s57, 1) | Eq(s57, 16)
[rank4]:W0829 20:09:41.233000 58378 site-packages/torch/fx/experimental/symbolic_shapes.py:6833] [16/0_1] _maybe_guard_rel() was called on non-relation expression Eq(s21, s76) | Eq(s76, 1)
[rank4]:W0829 20:09:41.235000 58378 site-packages/torch/fx/experimental/symbolic_shapes.py:6833] [16/0_1] _maybe_guard_rel() was called on non-relation expression Eq(s21, s39) | Eq(s39, 1)
/mnt/weka/mark/espnet/tools/anaconda/envs/espnet/lib/python3.12/site-packages/torch/nn/functional.py:6044: UserWarning: Support for mismatched key_padding_mask and  is deprecated. Use same type for both instead.
  warnings.warn(
[rank0]:W0829 20:09:41.755000 58374 site-packages/torch/fx/experimental/symbolic_shapes.py:6833] [16/0] _maybe_guard_rel() was called on non-relation expression Eq(s29, s38) | Eq(s38, 1)
[rank0]:W0829 20:09:41.761000 58374 site-packages/torch/fx/experimental/symbolic_shapes.py:6833] [16/0] _maybe_guard_rel() was called on non-relation expression Eq(s57, 1) | Eq(s57, 16)
[rank0]:W0829 20:09:41.763000 58374 site-packages/torch/fx/experimental/symbolic_shapes.py:6833] [16/0] _maybe_guard_rel() was called on non-relation expression Eq(s21, s76) | Eq(s76, 1)
[rank0]:W0829 20:09:41.766000 58374 site-packages/torch/fx/experimental/symbolic_shapes.py:6833] [16/0] _maybe_guard_rel() was called on non-relation expression Eq(s21, s39) | Eq(s39, 1)
[rank2]:W0829 20:09:41.963000 58376 site-packages/torch/fx/experimental/symbolic_shapes.py:6833] [16/0_1] _maybe_guard_rel() was called on non-relation expression Eq(s29, s38) | Eq(s38, 1)
[rank2]:W0829 20:09:41.965000 58376 site-packages/torch/fx/experimental/symbolic_shapes.py:6833] [16/0_1] _maybe_guard_rel() was called on non-relation expression Eq(s57, 1) | Eq(s57, 16)
[rank2]:W0829 20:09:41.966000 58376 site-packages/torch/fx/experimental/symbolic_shapes.py:6833] [16/0_1] _maybe_guard_rel() was called on non-relation expression Eq(s21, s76) | Eq(s76, 1)
[rank2]:W0829 20:09:41.968000 58376 site-packages/torch/fx/experimental/symbolic_shapes.py:6833] [16/0_1] _maybe_guard_rel() was called on non-relation expression Eq(s21, s39) | Eq(s39, 1)
[rank0]:W0829 20:09:42.703000 58374 site-packages/torch/fx/experimental/symbolic_shapes.py:6833] [16/0_1] _maybe_guard_rel() was called on non-relation expression Eq(s29, s38) | Eq(s38, 1)
[rank0]:W0829 20:09:42.705000 58374 site-packages/torch/fx/experimental/symbolic_shapes.py:6833] [16/0_1] _maybe_guard_rel() was called on non-relation expression Eq(s57, 1) | Eq(s57, 16)
[rank0]:W0829 20:09:42.706000 58374 site-packages/torch/fx/experimental/symbolic_shapes.py:6833] [16/0_1] _maybe_guard_rel() was called on non-relation expression Eq(s21, s76) | Eq(s76, 1)
[rank0]:W0829 20:09:42.708000 58374 site-packages/torch/fx/experimental/symbolic_shapes.py:6833] [16/0_1] _maybe_guard_rel() was called on non-relation expression Eq(s21, s39) | Eq(s39, 1)
/mnt/weka/mark/espnet/tools/anaconda/envs/espnet/lib/python3.12/site-packages/torch/autograd/graph.py:841: UserWarning: Error detected in IndexPutBackward0. Traceback of forward call that caused the error:
  File "/mnt/weka/mark/espnet/tools/anaconda/envs/espnet/lib/python3.12/site-packages/torchaudio/models/wav2vec2/components.py", line 1054, in torch_dynamo_resume_in_forward_at_1040
    x[mask_indices] = self.mask_embedding.to(x.dtype)
 (Triggered internally at /pytorch/torch/csrc/autograd/python_anomaly_mode.cpp:122.)
  return Variable._execution_engine.run_backward(  # Calls into the C++ engine to run the backward pass
[rank5]:W0829 20:09:43.469000 58379 site-packages/torch/_dynamo/exc.py:593] [10/0] Backend compiler exception
[rank5]:W0829 20:09:43.469000 58379 site-packages/torch/_dynamo/exc.py:593] [10/0]   Explanation: Backend compiler `compile_fn` failed with aten.nonzero.default. Adding a graph break.
[rank5]:W0829 20:09:43.469000 58379 site-packages/torch/_dynamo/exc.py:593] [10/0]   Hint: Report an issue to the backend compiler repo.
[rank5]:W0829 20:09:43.469000 58379 site-packages/torch/_dynamo/exc.py:593] [10/0] 
[rank5]:W0829 20:09:43.469000 58379 site-packages/torch/_dynamo/exc.py:593] [10/0]   Developer debug context: Backend: compile_fn
[rank5]:W0829 20:09:43.469000 58379 site-packages/torch/_dynamo/exc.py:593] [10/0]     Exception:aten.nonzero.default
[rank5]:W0829 20:09:43.469000 58379 site-packages/torch/_dynamo/exc.py:593] [10/0]     Traceback:
[rank5]:W0829 20:09:43.469000 58379 site-packages/torch/_dynamo/exc.py:593] [10/0]       File "/mnt/weka/mark/espnet/tools/anaconda/envs/espnet/lib/python3.12/site-packages/torchaudio/models/wav2vec2/components.py", line 1072, in torch_dynamo_resume_in_forward_at_1040
[rank5]:W0829 20:09:43.469000 58379 site-packages/torch/_dynamo/exc.py:593] [10/0]         return x, mask_indices
[rank5]:W0829 20:09:43.469000 58379 site-packages/torch/_dynamo/exc.py:593] [10/0] 
[rank5]:W0829 20:09:43.469000 58379 site-packages/torch/_dynamo/exc.py:593] [10/0] 
[rank5]:W0829 20:09:43.469000 58379 site-packages/torch/_dynamo/exc.py:593] [10/0]  For more details about this graph break, please visit: https://meta-pytorch.github.io/compile-graph-break-site/gb/gb0219.html
/mnt/weka/mark/espnet/tools/anaconda/envs/espnet/lib/python3.12/site-packages/torch/autograd/graph.py:841: UserWarning: Error detected in IndexPutBackward0. Traceback of forward call that caused the error:
  File "/mnt/weka/mark/espnet/tools/anaconda/envs/espnet/lib/python3.12/site-packages/torchaudio/models/wav2vec2/components.py", line 1054, in torch_dynamo_resume_in_forward_at_1040
    x[mask_indices] = self.mask_embedding.to(x.dtype)
 (Triggered internally at /pytorch/torch/csrc/autograd/python_anomaly_mode.cpp:122.)
  return Variable._execution_engine.run_backward(  # Calls into the C++ engine to run the backward pass
[rank5]:W0829 20:09:43.563000 58379 site-packages/torch/_dynamo/exc.py:593] [10/0_1] Backend compiler exception
[rank5]:W0829 20:09:43.563000 58379 site-packages/torch/_dynamo/exc.py:593] [10/0_1]   Explanation: Backend compiler `compile_fn` failed with aten.nonzero.default. Adding a graph break.
[rank5]:W0829 20:09:43.563000 58379 site-packages/torch/_dynamo/exc.py:593] [10/0_1]   Hint: Report an issue to the backend compiler repo.
[rank5]:W0829 20:09:43.563000 58379 site-packages/torch/_dynamo/exc.py:593] [10/0_1] 
[rank5]:W0829 20:09:43.563000 58379 site-packages/torch/_dynamo/exc.py:593] [10/0_1]   Developer debug context: Backend: compile_fn
[rank5]:W0829 20:09:43.563000 58379 site-packages/torch/_dynamo/exc.py:593] [10/0_1]     Exception:aten.nonzero.default
[rank5]:W0829 20:09:43.563000 58379 site-packages/torch/_dynamo/exc.py:593] [10/0_1]     Traceback:
[rank5]:W0829 20:09:43.563000 58379 site-packages/torch/_dynamo/exc.py:593] [10/0_1]       File "/mnt/weka/mark/espnet/tools/anaconda/envs/espnet/lib/python3.12/site-packages/torchaudio/models/wav2vec2/components.py", line 1072, in torch_dynamo_resume_in_forward_at_1040
[rank5]:W0829 20:09:43.563000 58379 site-packages/torch/_dynamo/exc.py:593] [10/0_1]         return x, mask_indices
[rank5]:W0829 20:09:43.563000 58379 site-packages/torch/_dynamo/exc.py:593] [10/0_1] 
[rank5]:W0829 20:09:43.563000 58379 site-packages/torch/_dynamo/exc.py:593] [10/0_1] 
[rank5]:W0829 20:09:43.563000 58379 site-packages/torch/_dynamo/exc.py:593] [10/0_1]  For more details about this graph break, please visit: https://meta-pytorch.github.io/compile-graph-break-site/gb/gb0219.html
/mnt/weka/mark/espnet/tools/anaconda/envs/espnet/lib/python3.12/site-packages/torch/nn/functional.py:6044: UserWarning: Support for mismatched key_padding_mask and  is deprecated. Use same type for both instead.
  warnings.warn(
[rank3]:W0829 20:09:45.663000 58377 site-packages/torch/fx/experimental/symbolic_shapes.py:6833] [16/0] _maybe_guard_rel() was called on non-relation expression Eq(s29, s38) | Eq(s38, 1)
[rank3]:W0829 20:09:45.669000 58377 site-packages/torch/fx/experimental/symbolic_shapes.py:6833] [16/0] _maybe_guard_rel() was called on non-relation expression Eq(s57, 1) | Eq(s57, 16)
[rank3]:W0829 20:09:45.672000 58377 site-packages/torch/fx/experimental/symbolic_shapes.py:6833] [16/0] _maybe_guard_rel() was called on non-relation expression Eq(s21, s76) | Eq(s76, 1)
[rank3]:W0829 20:09:45.674000 58377 site-packages/torch/fx/experimental/symbolic_shapes.py:6833] [16/0] _maybe_guard_rel() was called on non-relation expression Eq(s21, s39) | Eq(s39, 1)
[rank3]:W0829 20:09:46.627000 58377 site-packages/torch/fx/experimental/symbolic_shapes.py:6833] [16/0_1] _maybe_guard_rel() was called on non-relation expression Eq(s29, s38) | Eq(s38, 1)
[rank3]:W0829 20:09:46.628000 58377 site-packages/torch/fx/experimental/symbolic_shapes.py:6833] [16/0_1] _maybe_guard_rel() was called on non-relation expression Eq(s57, 1) | Eq(s57, 16)
[rank3]:W0829 20:09:46.630000 58377 site-packages/torch/fx/experimental/symbolic_shapes.py:6833] [16/0_1] _maybe_guard_rel() was called on non-relation expression Eq(s21, s76) | Eq(s76, 1)
[rank3]:W0829 20:09:46.631000 58377 site-packages/torch/fx/experimental/symbolic_shapes.py:6833] [16/0_1] _maybe_guard_rel() was called on non-relation expression Eq(s21, s39) | Eq(s39, 1)
/mnt/weka/mark/espnet/tools/anaconda/envs/espnet/lib/python3.12/site-packages/torch/nn/functional.py:6044: UserWarning: Support for mismatched key_padding_mask and  is deprecated. Use same type for both instead.
  warnings.warn(
[rank7]:W0829 20:09:48.620000 58381 site-packages/torch/fx/experimental/symbolic_shapes.py:6833] [16/0] _maybe_guard_rel() was called on non-relation expression Eq(s29, s38) | Eq(s38, 1)
[rank7]:W0829 20:09:48.627000 58381 site-packages/torch/fx/experimental/symbolic_shapes.py:6833] [16/0] _maybe_guard_rel() was called on non-relation expression Eq(s57, 1) | Eq(s57, 16)
[rank7]:W0829 20:09:48.629000 58381 site-packages/torch/fx/experimental/symbolic_shapes.py:6833] [16/0] _maybe_guard_rel() was called on non-relation expression Eq(s21, s76) | Eq(s76, 1)
[rank7]:W0829 20:09:48.632000 58381 site-packages/torch/fx/experimental/symbolic_shapes.py:6833] [16/0] _maybe_guard_rel() was called on non-relation expression Eq(s21, s39) | Eq(s39, 1)
[rank7]:W0829 20:09:49.557000 58381 site-packages/torch/fx/experimental/symbolic_shapes.py:6833] [16/0_1] _maybe_guard_rel() was called on non-relation expression Eq(s29, s38) | Eq(s38, 1)
[rank7]:W0829 20:09:49.559000 58381 site-packages/torch/fx/experimental/symbolic_shapes.py:6833] [16/0_1] _maybe_guard_rel() was called on non-relation expression Eq(s57, 1) | Eq(s57, 16)
[rank7]:W0829 20:09:49.560000 58381 site-packages/torch/fx/experimental/symbolic_shapes.py:6833] [16/0_1] _maybe_guard_rel() was called on non-relation expression Eq(s21, s76) | Eq(s76, 1)
[rank7]:W0829 20:09:49.562000 58381 site-packages/torch/fx/experimental/symbolic_shapes.py:6833] [16/0_1] _maybe_guard_rel() was called on non-relation expression Eq(s21, s39) | Eq(s39, 1)
/mnt/weka/mark/espnet/tools/anaconda/envs/espnet/lib/python3.12/site-packages/torch/nn/functional.py:6044: UserWarning: Support for mismatched key_padding_mask and  is deprecated. Use same type for both instead.
  warnings.warn(
[rank6]:W0829 20:09:51.877000 58380 site-packages/torch/fx/experimental/symbolic_shapes.py:6833] [16/0] _maybe_guard_rel() was called on non-relation expression Eq(s29, s38) | Eq(s38, 1)
[rank6]:W0829 20:09:51.883000 58380 site-packages/torch/fx/experimental/symbolic_shapes.py:6833] [16/0] _maybe_guard_rel() was called on non-relation expression Eq(s57, 1) | Eq(s57, 16)
[rank6]:W0829 20:09:51.886000 58380 site-packages/torch/fx/experimental/symbolic_shapes.py:6833] [16/0] _maybe_guard_rel() was called on non-relation expression Eq(s21, s76) | Eq(s76, 1)
[rank6]:W0829 20:09:51.888000 58380 site-packages/torch/fx/experimental/symbolic_shapes.py:6833] [16/0] _maybe_guard_rel() was called on non-relation expression Eq(s21, s39) | Eq(s39, 1)
/mnt/weka/mark/espnet/tools/anaconda/envs/espnet/lib/python3.12/site-packages/torch/nn/functional.py:6044: UserWarning: Support for mismatched key_padding_mask and  is deprecated. Use same type for both instead.
  warnings.warn(
/mnt/weka/mark/espnet/tools/anaconda/envs/espnet/lib/python3.12/site-packages/torch/nn/functional.py:6044: UserWarning: Support for mismatched key_padding_mask and  is deprecated. Use same type for both instead.
  warnings.warn(
[rank6]:W0829 20:09:52.826000 58380 site-packages/torch/fx/experimental/symbolic_shapes.py:6833] [16/0_1] _maybe_guard_rel() was called on non-relation expression Eq(s29, s38) | Eq(s38, 1)
[rank6]:W0829 20:09:52.828000 58380 site-packages/torch/fx/experimental/symbolic_shapes.py:6833] [16/0_1] _maybe_guard_rel() was called on non-relation expression Eq(s57, 1) | Eq(s57, 16)
[rank6]:W0829 20:09:52.829000 58380 site-packages/torch/fx/experimental/symbolic_shapes.py:6833] [16/0_1] _maybe_guard_rel() was called on non-relation expression Eq(s21, s76) | Eq(s76, 1)
[rank6]:W0829 20:09:52.831000 58380 site-packages/torch/fx/experimental/symbolic_shapes.py:6833] [16/0_1] _maybe_guard_rel() was called on non-relation expression Eq(s21, s39) | Eq(s39, 1)
/mnt/weka/mark/espnet/tools/anaconda/envs/espnet/lib/python3.12/site-packages/torch/nn/functional.py:6044: UserWarning: Support for mismatched key_padding_mask and  is deprecated. Use same type for both instead.
  warnings.warn(
/mnt/weka/mark/espnet/tools/anaconda/envs/espnet/lib/python3.12/site-packages/torch/nn/functional.py:6044: UserWarning: Support for mismatched key_padding_mask and  is deprecated. Use same type for both instead.
  warnings.warn(
[rank1]:W0829 20:09:54.309000 58375 site-packages/torch/fx/experimental/symbolic_shapes.py:6833] [16/0] _maybe_guard_rel() was called on non-relation expression Eq(s29, s38) | Eq(s38, 1)
[rank1]:W0829 20:09:54.317000 58375 site-packages/torch/fx/experimental/symbolic_shapes.py:6833] [16/0] _maybe_guard_rel() was called on non-relation expression Eq(s57, 1) | Eq(s57, 16)
[rank1]:W0829 20:09:54.320000 58375 site-packages/torch/fx/experimental/symbolic_shapes.py:6833] [16/0] _maybe_guard_rel() was called on non-relation expression Eq(s21, s76) | Eq(s76, 1)
[rank1]:W0829 20:09:54.322000 58375 site-packages/torch/fx/experimental/symbolic_shapes.py:6833] [16/0] _maybe_guard_rel() was called on non-relation expression Eq(s21, s39) | Eq(s39, 1)
[rank1]:W0829 20:09:55.248000 58375 site-packages/torch/fx/experimental/symbolic_shapes.py:6833] [16/0_1] _maybe_guard_rel() was called on non-relation expression Eq(s29, s38) | Eq(s38, 1)
[rank1]:W0829 20:09:55.250000 58375 site-packages/torch/fx/experimental/symbolic_shapes.py:6833] [16/0_1] _maybe_guard_rel() was called on non-relation expression Eq(s57, 1) | Eq(s57, 16)
[rank1]:W0829 20:09:55.252000 58375 site-packages/torch/fx/experimental/symbolic_shapes.py:6833] [16/0_1] _maybe_guard_rel() was called on non-relation expression Eq(s21, s76) | Eq(s76, 1)
[rank1]:W0829 20:09:55.253000 58375 site-packages/torch/fx/experimental/symbolic_shapes.py:6833] [16/0_1] _maybe_guard_rel() was called on non-relation expression Eq(s21, s39) | Eq(s39, 1)
/mnt/weka/mark/espnet/tools/anaconda/envs/espnet/lib/python3.12/site-packages/torch/nn/functional.py:6044: UserWarning: Support for mismatched key_padding_mask and  is deprecated. Use same type for both instead.
  warnings.warn(
[rank5]:W0829 20:09:56.272000 58379 site-packages/torch/fx/experimental/symbolic_shapes.py:6833] [16/0] _maybe_guard_rel() was called on non-relation expression Eq(s29, s38) | Eq(s38, 1)
[rank5]:W0829 20:09:56.281000 58379 site-packages/torch/fx/experimental/symbolic_shapes.py:6833] [16/0] _maybe_guard_rel() was called on non-relation expression Eq(s57, 1) | Eq(s57, 16)
[rank5]:W0829 20:09:56.283000 58379 site-packages/torch/fx/experimental/symbolic_shapes.py:6833] [16/0] _maybe_guard_rel() was called on non-relation expression Eq(s21, s76) | Eq(s76, 1)
[rank5]:W0829 20:09:56.286000 58379 site-packages/torch/fx/experimental/symbolic_shapes.py:6833] [16/0] _maybe_guard_rel() was called on non-relation expression Eq(s21, s39) | Eq(s39, 1)
/mnt/weka/mark/espnet/tools/anaconda/envs/espnet/lib/python3.12/site-packages/torch/nn/functional.py:6044: UserWarning: Support for mismatched key_padding_mask and  is deprecated. Use same type for both instead.
  warnings.warn(
[rank5]:W0829 20:09:57.220000 58379 site-packages/torch/fx/experimental/symbolic_shapes.py:6833] [16/0_1] _maybe_guard_rel() was called on non-relation expression Eq(s29, s38) | Eq(s38, 1)
[rank5]:W0829 20:09:57.222000 58379 site-packages/torch/fx/experimental/symbolic_shapes.py:6833] [16/0_1] _maybe_guard_rel() was called on non-relation expression Eq(s57, 1) | Eq(s57, 16)
[rank5]:W0829 20:09:57.224000 58379 site-packages/torch/fx/experimental/symbolic_shapes.py:6833] [16/0_1] _maybe_guard_rel() was called on non-relation expression Eq(s21, s76) | Eq(s76, 1)
[rank5]:W0829 20:09:57.225000 58379 site-packages/torch/fx/experimental/symbolic_shapes.py:6833] [16/0_1] _maybe_guard_rel() was called on non-relation expression Eq(s21, s39) | Eq(s39, 1)
/mnt/weka/mark/espnet/tools/anaconda/envs/espnet/lib/python3.12/site-packages/torch/nn/functional.py:6044: UserWarning: Support for mismatched key_padding_mask and  is deprecated. Use same type for both instead.
  warnings.warn(
/mnt/weka/mark/espnet/tools/anaconda/envs/espnet/lib/python3.12/site-packages/torch/nn/functional.py:6044: UserWarning: Support for mismatched key_padding_mask and  is deprecated. Use same type for both instead.
  warnings.warn(
/mnt/weka/mark/espnet/tools/anaconda/envs/espnet/lib/python3.12/site-packages/torch/nn/functional.py:6044: UserWarning: Support for mismatched key_padding_mask and  is deprecated. Use same type for both instead.
  warnings.warn(
/mnt/weka/mark/espnet/tools/anaconda/envs/espnet/lib/python3.12/site-packages/torch/nn/functional.py:6044: UserWarning: Support for mismatched key_padding_mask and  is deprecated. Use same type for both instead.
  warnings.warn(
/mnt/weka/mark/espnet/tools/anaconda/envs/espnet/lib/python3.12/site-packages/torch/nn/functional.py:6044: UserWarning: Support for mismatched key_padding_mask and  is deprecated. Use same type for both instead.
  warnings.warn(
/mnt/weka/mark/espnet/tools/anaconda/envs/espnet/lib/python3.12/site-packages/torch/nn/functional.py:6044: UserWarning: Support for mismatched key_padding_mask and  is deprecated. Use same type for both instead.
  warnings.warn(
/mnt/weka/mark/espnet/tools/anaconda/envs/espnet/lib/python3.12/site-packages/torch/nn/functional.py:6044: UserWarning: Support for mismatched key_padding_mask and  is deprecated. Use same type for both instead.
  warnings.warn(
/mnt/weka/mark/espnet/tools/anaconda/envs/espnet/lib/python3.12/site-packages/torch/nn/functional.py:6044: UserWarning: Support for mismatched key_padding_mask and  is deprecated. Use same type for both instead.
  warnings.warn(
/mnt/weka/mark/espnet/tools/anaconda/envs/espnet/lib/python3.12/site-packages/torch/nn/functional.py:6044: UserWarning: Support for mismatched key_padding_mask and  is deprecated. Use same type for both instead.
  warnings.warn(
/mnt/weka/mark/espnet/tools/anaconda/envs/espnet/lib/python3.12/site-packages/torch/nn/functional.py:6044: UserWarning: Support for mismatched key_padding_mask and  is deprecated. Use same type for both instead.
  warnings.warn(
/mnt/weka/mark/espnet/tools/anaconda/envs/espnet/lib/python3.12/site-packages/torch/nn/functional.py:6044: UserWarning: Support for mismatched key_padding_mask and  is deprecated. Use same type for both instead.
  warnings.warn(
/mnt/weka/mark/espnet/tools/anaconda/envs/espnet/lib/python3.12/site-packages/torch/nn/functional.py:6044: UserWarning: Support for mismatched key_padding_mask and  is deprecated. Use same type for both instead.
  warnings.warn(
[rank6]:W0829 20:10:29.408000 58380 site-packages/torch/fx/experimental/symbolic_shapes.py:6833] [16/1] _maybe_guard_rel() was called on non-relation expression Eq(s29, s38) | Eq(s38, 1)
[rank2]:W0829 20:10:29.406000 58376 site-packages/torch/fx/experimental/symbolic_shapes.py:6833] [16/1] _maybe_guard_rel() was called on non-relation expression Eq(s29, s38) | Eq(s38, 1)
[rank0]:W0829 20:10:29.409000 58374 site-packages/torch/fx/experimental/symbolic_shapes.py:6833] [16/1] _maybe_guard_rel() was called on non-relation expression Eq(s29, s38) | Eq(s38, 1)
[rank1]:W0829 20:10:29.409000 58375 site-packages/torch/fx/experimental/symbolic_shapes.py:6833] [16/1] _maybe_guard_rel() was called on non-relation expression Eq(s29, s38) | Eq(s38, 1)
[rank5]:W0829 20:10:29.410000 58379 site-packages/torch/fx/experimental/symbolic_shapes.py:6833] [16/1] _maybe_guard_rel() was called on non-relation expression Eq(s29, s38) | Eq(s38, 1)
[rank3]:W0829 20:10:29.410000 58377 site-packages/torch/fx/experimental/symbolic_shapes.py:6833] [16/1] _maybe_guard_rel() was called on non-relation expression Eq(s29, s38) | Eq(s38, 1)
[rank7]:W0829 20:10:29.411000 58381 site-packages/torch/fx/experimental/symbolic_shapes.py:6833] [16/1] _maybe_guard_rel() was called on non-relation expression Eq(s29, s38) | Eq(s38, 1)
[rank2]:W0829 20:10:29.411000 58376 site-packages/torch/fx/experimental/symbolic_shapes.py:6833] [16/1] _maybe_guard_rel() was called on non-relation expression Eq(s57, 1) | Eq(s57, 16)
[rank6]:W0829 20:10:29.411000 58380 site-packages/torch/fx/experimental/symbolic_shapes.py:6833] [16/1] _maybe_guard_rel() was called on non-relation expression Eq(s57, 1) | Eq(s57, 16)
[rank4]:W0829 20:10:29.411000 58378 site-packages/torch/fx/experimental/symbolic_shapes.py:6833] [16/1] _maybe_guard_rel() was called on non-relation expression Eq(s29, s38) | Eq(s38, 1)
[rank0]:W0829 20:10:29.412000 58374 site-packages/torch/fx/experimental/symbolic_shapes.py:6833] [16/1] _maybe_guard_rel() was called on non-relation expression Eq(s57, 1) | Eq(s57, 16)
[rank1]:W0829 20:10:29.412000 58375 site-packages/torch/fx/experimental/symbolic_shapes.py:6833] [16/1] _maybe_guard_rel() was called on non-relation expression Eq(s57, 1) | Eq(s57, 16)
[rank5]:W0829 20:10:29.413000 58379 site-packages/torch/fx/experimental/symbolic_shapes.py:6833] [16/1] _maybe_guard_rel() was called on non-relation expression Eq(s57, 1) | Eq(s57, 16)
[rank3]:W0829 20:10:29.413000 58377 site-packages/torch/fx/experimental/symbolic_shapes.py:6833] [16/1] _maybe_guard_rel() was called on non-relation expression Eq(s57, 1) | Eq(s57, 16)
[rank6]:W0829 20:10:29.413000 58380 site-packages/torch/fx/experimental/symbolic_shapes.py:6833] [16/1] _maybe_guard_rel() was called on non-relation expression Eq(s21, s76) | Eq(s76, 1)
[rank7]:W0829 20:10:29.413000 58381 site-packages/torch/fx/experimental/symbolic_shapes.py:6833] [16/1] _maybe_guard_rel() was called on non-relation expression Eq(s57, 1) | Eq(s57, 16)
[rank2]:W0829 20:10:29.413000 58376 site-packages/torch/fx/experimental/symbolic_shapes.py:6833] [16/1] _maybe_guard_rel() was called on non-relation expression Eq(s21, s76) | Eq(s76, 1)
[rank0]:W0829 20:10:29.414000 58374 site-packages/torch/fx/experimental/symbolic_shapes.py:6833] [16/1] _maybe_guard_rel() was called on non-relation expression Eq(s21, s76) | Eq(s76, 1)
[rank4]:W0829 20:10:29.414000 58378 site-packages/torch/fx/experimental/symbolic_shapes.py:6833] [16/1] _maybe_guard_rel() was called on non-relation expression Eq(s57, 1) | Eq(s57, 16)
[rank1]:W0829 20:10:29.414000 58375 site-packages/torch/fx/experimental/symbolic_shapes.py:6833] [16/1] _maybe_guard_rel() was called on non-relation expression Eq(s21, s76) | Eq(s76, 1)
[rank5]:W0829 20:10:29.415000 58379 site-packages/torch/fx/experimental/symbolic_shapes.py:6833] [16/1] _maybe_guard_rel() was called on non-relation expression Eq(s21, s76) | Eq(s76, 1)
[rank6]:W0829 20:10:29.415000 58380 site-packages/torch/fx/experimental/symbolic_shapes.py:6833] [16/1] _maybe_guard_rel() was called on non-relation expression Eq(s21, s39) | Eq(s39, 1)
[rank3]:W0829 20:10:29.416000 58377 site-packages/torch/fx/experimental/symbolic_shapes.py:6833] [16/1] _maybe_guard_rel() was called on non-relation expression Eq(s21, s76) | Eq(s76, 1)
[rank2]:W0829 20:10:29.416000 58376 site-packages/torch/fx/experimental/symbolic_shapes.py:6833] [16/1] _maybe_guard_rel() was called on non-relation expression Eq(s21, s39) | Eq(s39, 1)
[rank7]:W0829 20:10:29.416000 58381 site-packages/torch/fx/experimental/symbolic_shapes.py:6833] [16/1] _maybe_guard_rel() was called on non-relation expression Eq(s21, s76) | Eq(s76, 1)
[rank0]:W0829 20:10:29.417000 58374 site-packages/torch/fx/experimental/symbolic_shapes.py:6833] [16/1] _maybe_guard_rel() was called on non-relation expression Eq(s21, s39) | Eq(s39, 1)
[rank4]:W0829 20:10:29.417000 58378 site-packages/torch/fx/experimental/symbolic_shapes.py:6833] [16/1] _maybe_guard_rel() was called on non-relation expression Eq(s21, s76) | Eq(s76, 1)
[rank1]:W0829 20:10:29.417000 58375 site-packages/torch/fx/experimental/symbolic_shapes.py:6833] [16/1] _maybe_guard_rel() was called on non-relation expression Eq(s21, s39) | Eq(s39, 1)
[rank5]:W0829 20:10:29.418000 58379 site-packages/torch/fx/experimental/symbolic_shapes.py:6833] [16/1] _maybe_guard_rel() was called on non-relation expression Eq(s21, s39) | Eq(s39, 1)
[rank3]:W0829 20:10:29.418000 58377 site-packages/torch/fx/experimental/symbolic_shapes.py:6833] [16/1] _maybe_guard_rel() was called on non-relation expression Eq(s21, s39) | Eq(s39, 1)
[rank7]:W0829 20:10:29.418000 58381 site-packages/torch/fx/experimental/symbolic_shapes.py:6833] [16/1] _maybe_guard_rel() was called on non-relation expression Eq(s21, s39) | Eq(s39, 1)
[rank4]:W0829 20:10:29.419000 58378 site-packages/torch/fx/experimental/symbolic_shapes.py:6833] [16/1] _maybe_guard_rel() was called on non-relation expression Eq(s21, s39) | Eq(s39, 1)
[rank2]:W0829 20:10:30.261000 58376 site-packages/torch/fx/experimental/symbolic_shapes.py:6833] [16/1_1] _maybe_guard_rel() was called on non-relation expression Eq(s29, s38) | Eq(s38, 1)
[rank6]:W0829 20:10:30.264000 58380 site-packages/torch/fx/experimental/symbolic_shapes.py:6833] [16/1_1] _maybe_guard_rel() was called on non-relation expression Eq(s29, s38) | Eq(s38, 1)
[rank5]:W0829 20:10:30.265000 58379 site-packages/torch/fx/experimental/symbolic_shapes.py:6833] [16/1_1] _maybe_guard_rel() was called on non-relation expression Eq(s29, s38) | Eq(s38, 1)
[rank0]:W0829 20:10:30.266000 58374 site-packages/torch/fx/experimental/symbolic_shapes.py:6833] [16/1_1] _maybe_guard_rel() was called on non-relation expression Eq(s29, s38) | Eq(s38, 1)
[rank3]:W0829 20:10:30.267000 58377 site-packages/torch/fx/experimental/symbolic_shapes.py:6833] [16/1_1] _maybe_guard_rel() was called on non-relation expression Eq(s29, s38) | Eq(s38, 1)
[rank7]:W0829 20:10:30.267000 58381 site-packages/torch/fx/experimental/symbolic_shapes.py:6833] [16/1_1] _maybe_guard_rel() was called on non-relation expression Eq(s29, s38) | Eq(s38, 1)
[rank6]:W0829 20:10:30.267000 58380 site-packages/torch/fx/experimental/symbolic_shapes.py:6833] [16/1_1] _maybe_guard_rel() was called on non-relation expression Eq(s57, 1) | Eq(s57, 16)
[rank2]:W0829 20:10:30.267000 58376 site-packages/torch/fx/experimental/symbolic_shapes.py:6833] [16/1_1] _maybe_guard_rel() was called on non-relation expression Eq(s57, 1) | Eq(s57, 16)
[rank5]:W0829 20:10:30.267000 58379 site-packages/torch/fx/experimental/symbolic_shapes.py:6833] [16/1_1] _maybe_guard_rel() was called on non-relation expression Eq(s57, 1) | Eq(s57, 16)
[rank0]:W0829 20:10:30.267000 58374 site-packages/torch/fx/experimental/symbolic_shapes.py:6833] [16/1_1] _maybe_guard_rel() was called on non-relation expression Eq(s57, 1) | Eq(s57, 16)
[rank1]:W0829 20:10:30.268000 58375 site-packages/torch/fx/experimental/symbolic_shapes.py:6833] [16/1_1] _maybe_guard_rel() was called on non-relation expression Eq(s29, s38) | Eq(s38, 1)
[rank3]:W0829 20:10:30.269000 58377 site-packages/torch/fx/experimental/symbolic_shapes.py:6833] [16/1_1] _maybe_guard_rel() was called on non-relation expression Eq(s57, 1) | Eq(s57, 16)
[rank7]:W0829 20:10:30.269000 58381 site-packages/torch/fx/experimental/symbolic_shapes.py:6833] [16/1_1] _maybe_guard_rel() was called on non-relation expression Eq(s57, 1) | Eq(s57, 16)
[rank6]:W0829 20:10:30.269000 58380 site-packages/torch/fx/experimental/symbolic_shapes.py:6833] [16/1_1] _maybe_guard_rel() was called on non-relation expression Eq(s21, s76) | Eq(s76, 1)
[rank2]:W0829 20:10:30.269000 58376 site-packages/torch/fx/experimental/symbolic_shapes.py:6833] [16/1_1] _maybe_guard_rel() was called on non-relation expression Eq(s21, s76) | Eq(s76, 1)
[rank5]:W0829 20:10:30.269000 58379 site-packages/torch/fx/experimental/symbolic_shapes.py:6833] [16/1_1] _maybe_guard_rel() was called on non-relation expression Eq(s21, s76) | Eq(s76, 1)
[rank0]:W0829 20:10:30.269000 58374 site-packages/torch/fx/experimental/symbolic_shapes.py:6833] [16/1_1] _maybe_guard_rel() was called on non-relation expression Eq(s21, s76) | Eq(s76, 1)
[rank1]:W0829 20:10:30.270000 58375 site-packages/torch/fx/experimental/symbolic_shapes.py:6833] [16/1_1] _maybe_guard_rel() was called on non-relation expression Eq(s57, 1) | Eq(s57, 16)
[rank3]:W0829 20:10:30.270000 58377 site-packages/torch/fx/experimental/symbolic_shapes.py:6833] [16/1_1] _maybe_guard_rel() was called on non-relation expression Eq(s21, s76) | Eq(s76, 1)
[rank7]:W0829 20:10:30.270000 58381 site-packages/torch/fx/experimental/symbolic_shapes.py:6833] [16/1_1] _maybe_guard_rel() was called on non-relation expression Eq(s21, s76) | Eq(s76, 1)
[rank6]:W0829 20:10:30.271000 58380 site-packages/torch/fx/experimental/symbolic_shapes.py:6833] [16/1_1] _maybe_guard_rel() was called on non-relation expression Eq(s21, s39) | Eq(s39, 1)
[rank5]:W0829 20:10:30.271000 58379 site-packages/torch/fx/experimental/symbolic_shapes.py:6833] [16/1_1] _maybe_guard_rel() was called on non-relation expression Eq(s21, s39) | Eq(s39, 1)
[rank2]:W0829 20:10:30.271000 58376 site-packages/torch/fx/experimental/symbolic_shapes.py:6833] [16/1_1] _maybe_guard_rel() was called on non-relation expression Eq(s21, s39) | Eq(s39, 1)
[rank0]:W0829 20:10:30.271000 58374 site-packages/torch/fx/experimental/symbolic_shapes.py:6833] [16/1_1] _maybe_guard_rel() was called on non-relation expression Eq(s21, s39) | Eq(s39, 1)
[rank1]:W0829 20:10:30.271000 58375 site-packages/torch/fx/experimental/symbolic_shapes.py:6833] [16/1_1] _maybe_guard_rel() was called on non-relation expression Eq(s21, s76) | Eq(s76, 1)
[rank3]:W0829 20:10:30.272000 58377 site-packages/torch/fx/experimental/symbolic_shapes.py:6833] [16/1_1] _maybe_guard_rel() was called on non-relation expression Eq(s21, s39) | Eq(s39, 1)
[rank7]:W0829 20:10:30.272000 58381 site-packages/torch/fx/experimental/symbolic_shapes.py:6833] [16/1_1] _maybe_guard_rel() was called on non-relation expression Eq(s21, s39) | Eq(s39, 1)
[rank4]:W0829 20:10:30.272000 58378 site-packages/torch/fx/experimental/symbolic_shapes.py:6833] [16/1_1] _maybe_guard_rel() was called on non-relation expression Eq(s29, s38) | Eq(s38, 1)
[rank4]:W0829 20:10:30.274000 58378 site-packages/torch/fx/experimental/symbolic_shapes.py:6833] [16/1_1] _maybe_guard_rel() was called on non-relation expression Eq(s57, 1) | Eq(s57, 16)
[rank1]:W0829 20:10:30.274000 58375 site-packages/torch/fx/experimental/symbolic_shapes.py:6833] [16/1_1] _maybe_guard_rel() was called on non-relation expression Eq(s21, s39) | Eq(s39, 1)
[rank4]:W0829 20:10:30.275000 58378 site-packages/torch/fx/experimental/symbolic_shapes.py:6833] [16/1_1] _maybe_guard_rel() was called on non-relation expression Eq(s21, s76) | Eq(s76, 1)
[rank4]:W0829 20:10:30.278000 58378 site-packages/torch/fx/experimental/symbolic_shapes.py:6833] [16/1_1] _maybe_guard_rel() was called on non-relation expression Eq(s21, s39) | Eq(s39, 1)
/mnt/weka/mark/espnet/tools/anaconda/envs/espnet/lib/python3.12/site-packages/torch/nn/functional.py:6044: UserWarning: Support for mismatched key_padding_mask and  is deprecated. Use same type for both instead.
  warnings.warn(
/mnt/weka/mark/espnet/tools/anaconda/envs/espnet/lib/python3.12/site-packages/torch/nn/functional.py:6044: UserWarning: Support for mismatched key_padding_mask and  is deprecated. Use same type for both instead.
  warnings.warn(
/mnt/weka/mark/espnet/tools/anaconda/envs/espnet/lib/python3.12/site-packages/torch/nn/functional.py:6044: UserWarning: Support for mismatched key_padding_mask and  is deprecated. Use same type for both instead.
  warnings.warn(
/mnt/weka/mark/espnet/tools/anaconda/envs/espnet/lib/python3.12/site-packages/torch/nn/functional.py:6044: UserWarning: Support for mismatched key_padding_mask and  is deprecated. Use same type for both instead.
  warnings.warn(
/mnt/weka/mark/espnet/tools/anaconda/envs/espnet/lib/python3.12/site-packages/torch/nn/functional.py:6044: UserWarning: Support for mismatched key_padding_mask and  is deprecated. Use same type for both instead.
  warnings.warn(
/mnt/weka/mark/espnet/tools/anaconda/envs/espnet/lib/python3.12/site-packages/torch/nn/functional.py:6044: UserWarning: Support for mismatched key_padding_mask and  is deprecated. Use same type for both instead.
  warnings.warn(
/mnt/weka/mark/espnet/tools/anaconda/envs/espnet/lib/python3.12/site-packages/torch/nn/functional.py:6044: UserWarning: Support for mismatched key_padding_mask and  is deprecated. Use same type for both instead.
  warnings.warn(
/mnt/weka/mark/espnet/tools/anaconda/envs/espnet/lib/python3.12/site-packages/torch/nn/functional.py:6044: UserWarning: Support for mismatched key_padding_mask and  is deprecated. Use same type for both instead.
  warnings.warn(
[pg12b-14-2-hpc:0/8] 2026-08-29 20:13:11,506 (trainer:873) INFO: 1epoch:train:1-500batch: iter_time=5.590e-04, forward_time=0.375, loss=3.652e+04, correct_m=86.601, count_m=5.393e+03, acc_m=0.016, correct_u=80.433, count_u=5.212e+03, acc_u=0.015, backward_time=0.155, grad_norm=8.016e+11, clip=100.000, loss_scale=1.000, optim_step_time=0.005, optim0_lr0=3.930e-06, train_time=0.828
[pg12b-14-2-hpc:0/8] 2026-08-29 20:15:47,334 (trainer:873) INFO: 1epoch:train:501-1000batch: iter_time=8.579e-05, forward_time=0.127, loss=2.526e+04, correct_m=279.834, count_m=5.426e+03, acc_m=0.051, correct_u=270.997, count_u=5.245e+03, acc_u=0.052, backward_time=0.135, grad_norm=184.165, clip=100.000, loss_scale=1.000, optim_step_time=0.005, optim0_lr0=1.174e-05, train_time=0.312
[pg12b-14-2-hpc:0/8] 2026-08-29 20:18:22,171 (trainer:873) INFO: 1epoch:train:1001-1500batch: iter_time=8.373e-05, forward_time=0.130, loss=2.498e+04, correct_m=376.431, count_m=5.416e+03, acc_m=0.069, correct_u=373.804, count_u=5.243e+03, acc_u=0.071, backward_time=0.135, grad_norm=148.172, clip=100.000, loss_scale=1.000, optim_step_time=0.005, optim0_lr0=1.955e-05, train_time=0.310
[pg12b-14-2-hpc:0/8] 2026-08-29 20:20:56,831 (trainer:873) INFO: 1epoch:train:1501-2000batch: iter_time=8.616e-05, forward_time=0.127, loss=2.516e+04, correct_m=426.924, count_m=5.459e+03, acc_m=0.078, correct_u=412.383, count_u=5.219e+03, acc_u=0.079, backward_time=0.134, grad_norm=131.424, clip=100.000, loss_scale=1.000, optim_step_time=0.005, optim0_lr0=2.737e-05, train_time=0.309
[pg12b-14-2-hpc:0/8] 2026-08-29 20:23:29,127 (trainer:873) INFO: 1epoch:train:2001-2500batch: iter_time=8.475e-05, forward_time=0.123, loss=2.503e+04, correct_m=488.532, count_m=5.432e+03, acc_m=0.090, correct_u=477.870, count_u=5.235e+03, acc_u=0.091, backward_time=0.129, grad_norm=115.241, clip=100.000, loss_scale=1.000, optim_step_time=0.004, optim0_lr0=3.518e-05, train_time=0.304
[pg12b-14-2-hpc:0/8] 2026-08-29 20:26:00,150 (trainer:873) INFO: 1epoch:train:2501-3000batch: iter_time=8.197e-05, forward_time=0.124, loss=2.526e+04, correct_m=1.320e+03, count_m=5.484e+03, acc_m=0.240, correct_u=1.249e+03, count_u=5.201e+03, acc_u=0.240, backward_time=0.133, grad_norm=106.244, clip=100.000, loss_scale=1.000, optim_step_time=0.004, optim0_lr0=4.299e-05, train_time=0.302
[pg12b-14-2-hpc:0/8] 2026-08-29 20:28:33,057 (trainer:873) INFO: 1epoch:train:3001-3500batch: iter_time=8.311e-05, forward_time=0.123, loss=2.504e+04, correct_m=1.577e+03, count_m=5.437e+03, acc_m=0.289, correct_u=1.502e+03, count_u=5.237e+03, acc_u=0.288, backward_time=0.134, grad_norm=95.264, clip=100.000, loss_scale=1.000, optim_step_time=0.004, optim0_lr0=5.080e-05, train_time=0.306
[pg12b-14-2-hpc:0/8] 2026-08-29 20:31:05,714 (trainer:873) INFO: 1epoch:train:3501-4000batch: iter_time=8.431e-05, forward_time=0.123, loss=2.463e+04, correct_m=1.612e+03, count_m=5.348e+03, acc_m=0.305, correct_u=1.585e+03, count_u=5.245e+03, acc_u=0.304, backward_time=0.132, grad_norm=85.048, clip=100.000, loss_scale=1.000, optim_step_time=0.004, optim0_lr0=5.862e-05, train_time=0.305
[pg12b-14-2-hpc:0/8] 2026-08-29 20:33:37,529 (trainer:873) INFO: 1epoch:train:4001-4500batch: iter_time=7.953e-05, forward_time=0.123, loss=2.500e+04, correct_m=1.590e+03, count_m=5.429e+03, acc_m=0.292, correct_u=1.523e+03, count_u=5.240e+03, acc_u=0.291, backward_time=0.130, grad_norm=75.338, clip=100.000, loss_scale=1.000, optim_step_time=0.004, optim0_lr0=6.643e-05, train_time=0.304
[pg12b-14-2-hpc:0/8] 2026-08-29 20:36:09,746 (trainer:873) INFO: 1epoch:train:4501-5000batch: iter_time=7.967e-05, forward_time=0.123, loss=2.498e+04, correct_m=2.445e+03, count_m=5.423e+03, acc_m=0.451, correct_u=2.372e+03, count_u=5.247e+03, acc_u=0.452, backward_time=0.132, grad_norm=69.562, clip=100.000, loss_scale=1.000, optim_step_time=0.005, optim0_lr0=7.424e-05, train_time=0.304
[pg12b-14-2-hpc:0/8] 2026-08-29 20:38:41,217 (trainer:873) INFO: 1epoch:train:5001-5500batch: iter_time=8.594e-05, forward_time=0.122, loss=2.486e+04, correct_m=1.048e+03, count_m=5.399e+03, acc_m=0.195, correct_u=1.015e+03, count_u=5.203e+03, acc_u=0.195, backward_time=0.134, grad_norm=61.187, clip=100.000, loss_scale=1.000, optim_step_time=0.004, optim0_lr0=8.205e-05, train_time=0.303
[pg12b-14-2-hpc:0/8] 2026-08-29 20:41:13,195 (trainer:873) INFO: 1epoch:train:5501-6000batch: iter_time=8.730e-05, forward_time=0.123, loss=2.498e+04, correct_m=447.827, count_m=5.425e+03, acc_m=0.083, correct_u=434.802, count_u=5.245e+03, acc_u=0.083, backward_time=0.133, grad_norm=53.965, clip=100.000, loss_scale=1.000, optim_step_time=0.004, optim0_lr0=8.987e-05, train_time=0.304
[pg12b-14-2-hpc:0/8] 2026-08-29 20:43:43,669 (trainer:873) INFO: 1epoch:train:6001-6500batch: iter_time=8.514e-05, forward_time=0.123, loss=2.480e+04, correct_m=421.782, count_m=5.385e+03, acc_m=0.078, correct_u=406.968, count_u=5.221e+03, acc_u=0.078, backward_time=0.130, grad_norm=49.608, clip=100.000, loss_scale=1.000, optim_step_time=0.004, optim0_lr0=9.768e-05, train_time=0.301
[pg12b-14-2-hpc:0/8] 2026-08-29 20:46:15,748 (trainer:873) INFO: 1epoch:train:6501-7000batch: iter_time=8.211e-05, forward_time=0.123, loss=2.501e+04, correct_m=868.754, count_m=5.430e+03, acc_m=0.160, correct_u=832.814, count_u=5.238e+03, acc_u=0.158, backward_time=0.132, grad_norm=46.030, clip=100.000, loss_scale=1.000, optim_step_time=0.005, optim0_lr0=1.055e-04, train_time=0.304
[pg12b-14-2-hpc:0/8] 2026-08-29 20:48:48,482 (trainer:873) INFO: 1epoch:train:7001-7500batch: iter_time=7.995e-05, forward_time=0.122, loss=2.508e+04, correct_m=824.538, count_m=5.446e+03, acc_m=0.151, correct_u=808.663, count_u=5.229e+03, acc_u=0.154, backward_time=0.133, grad_norm=43.179, clip=100.000, loss_scale=1.000, optim_step_time=0.005, optim0_lr0=1.133e-04, train_time=0.305
[pg12b-14-2-hpc:0/8] 2026-08-29 20:51:23,349 (trainer:873) INFO: 1epoch:train:7501-8000batch: iter_time=8.470e-05, forward_time=0.124, loss=2.496e+04, correct_m=2.560e+03, count_m=5.419e+03, acc_m=0.476, correct_u=2.509e+03, count_u=5.246e+03, acc_u=0.476, backward_time=0.134, grad_norm=41.820, clip=100.000, loss_scale=1.000, optim_step_time=0.005, optim0_lr0=1.211e-04, train_time=0.310
[pg12b-14-2-hpc:0/8] 2026-08-29 20:53:54,565 (trainer:873) INFO: 1epoch:train:8001-8500batch: iter_time=8.960e-05, forward_time=0.123, loss=2.478e+04, correct_m=2.833e+03, count_m=5.380e+03, acc_m=0.530, correct_u=2.772e+03, count_u=5.226e+03, acc_u=0.529, backward_time=0.130, grad_norm=40.138, clip=100.000, loss_scale=1.000, optim_step_time=0.005, optim0_lr0=1.289e-04, train_time=0.302
[pg12b-14-2-hpc:0/8] 2026-08-29 20:56:25,814 (trainer:873) INFO: 1epoch:train:8501-9000batch: iter_time=8.277e-05, forward_time=0.122, loss=2.510e+04, correct_m=2.966e+03, count_m=5.450e+03, acc_m=0.545, correct_u=2.847e+03, count_u=5.226e+03, acc_u=0.545, backward_time=0.132, grad_norm=37.983, clip=100.000, loss_scale=1.000, optim_step_time=0.004, optim0_lr0=1.367e-04, train_time=0.302
[pg12b-14-2-hpc:0/8] 2026-08-29 20:58:58,541 (trainer:873) INFO: 1epoch:train:9001-9500batch: iter_time=8.145e-05, forward_time=0.123, loss=2.499e+04, correct_m=3.013e+03, count_m=5.426e+03, acc_m=0.554, correct_u=2.899e+03, count_u=5.248e+03, acc_u=0.553, backward_time=0.133, grad_norm=37.295, clip=100.000, loss_scale=1.000, optim_step_time=0.004, optim0_lr0=1.446e-04, train_time=0.305
[pg12b-14-2-hpc:0/8] 2026-08-29 21:01:32,050 (trainer:873) INFO: 1epoch:train:9501-10000batch: iter_time=7.588e-05, forward_time=0.125, loss=2.514e+04, correct_m=3.385e+03, count_m=5.458e+03, acc_m=0.620, correct_u=3.234e+03, count_u=5.214e+03, acc_u=0.620, backward_time=0.133, grad_norm=36.554, clip=100.000, loss_scale=1.000, optim_step_time=0.004, optim0_lr0=1.524e-04, train_time=0.307
The length of the text output exceeds 500, which may cause OOM on the GPU. Please ensure that the data processing is correct and verify it. Adjust the threshold with preprocessor_conf.text_length_warning_thres, or silence this message alone with logging.getLogger('espnet2.train.preprocessor').
The length of the text output exceeds 500, which may cause OOM on the GPU. Please ensure that the data processing is correct and verify it. Adjust the threshold with preprocessor_conf.text_length_warning_thres, or silence this message alone with logging.getLogger('espnet2.train.preprocessor').
The length of the text output exceeds 500, which may cause OOM on the GPU. Please ensure that the data processing is correct and verify it. Adjust the threshold with preprocessor_conf.text_length_warning_thres, or silence this message alone with logging.getLogger('espnet2.train.preprocessor').
The length of the text output exceeds 500, which may cause OOM on the GPU. Please ensure that the data processing is correct and verify it. Adjust the threshold with preprocessor_conf.text_length_warning_thres, or silence this message alone with logging.getLogger('espnet2.train.preprocessor').
The length of the text output exceeds 500, which may cause OOM on the GPU. Please ensure that the data processing is correct and verify it. Adjust the threshold with preprocessor_conf.text_length_warning_thres, or silence this message alone with logging.getLogger('espnet2.train.preprocessor').
The length of the text output exceeds 500, which may cause OOM on the GPU. Please ensure that the data processing is correct and verify it. Adjust the threshold with preprocessor_conf.text_length_warning_thres, or silence this message alone with logging.getLogger('espnet2.train.preprocessor').
The length of the text output exceeds 500, which may cause OOM on the GPU. Please ensure that the data processing is correct and verify it. Adjust the threshold with preprocessor_conf.text_length_warning_thres, or silence this message alone with logging.getLogger('espnet2.train.preprocessor').
The length of the text output exceeds 500, which may cause OOM on the GPU. Please ensure that the data processing is correct and verify it. Adjust the threshold with preprocessor_conf.text_length_warning_thres, or silence this message alone with logging.getLogger('espnet2.train.preprocessor').
The length of the text output exceeds 500, which may cause OOM on the GPU. Please ensure that the data processing is correct and verify it. Adjust the threshold with preprocessor_conf.text_length_warning_thres, or silence this message alone with logging.getLogger('espnet2.train.preprocessor').
The length of the text output exceeds 500, which may cause OOM on the GPU. Please ensure that the data processing is correct and verify it. Adjust the threshold with preprocessor_conf.text_length_warning_thres, or silence this message alone with logging.getLogger('espnet2.train.preprocessor').
The length of the text output exceeds 500, which may cause OOM on the GPU. Please ensure that the data processing is correct and verify it. Adjust the threshold with preprocessor_conf.text_length_warning_thres, or silence this message alone with logging.getLogger('espnet2.train.preprocessor').
The length of the text output exceeds 500, which may cause OOM on the GPU. Please ensure that the data processing is correct and verify it. Adjust the threshold with preprocessor_conf.text_length_warning_thres, or silence this message alone with logging.getLogger('espnet2.train.preprocessor').
The length of the text output exceeds 500, which may cause OOM on the GPU. Please ensure that the data processing is correct and verify it. Adjust the threshold with preprocessor_conf.text_length_warning_thres, or silence this message alone with logging.getLogger('espnet2.train.preprocessor').
The length of the text output exceeds 500, which may cause OOM on the GPU. Please ensure that the data processing is correct and verify it. Adjust the threshold with preprocessor_conf.text_length_warning_thres, or silence this message alone with logging.getLogger('espnet2.train.preprocessor').
The length of the text output exceeds 500, which may cause OOM on the GPU. Please ensure that the data processing is correct and verify it. Adjust the threshold with preprocessor_conf.text_length_warning_thres, or silence this message alone with logging.getLogger('espnet2.train.preprocessor').
The length of the text output exceeds 500, which may cause OOM on the GPU. Please ensure that the data processing is correct and verify it. Adjust the threshold with preprocessor_conf.text_length_warning_thres, or silence this message alone with logging.getLogger('espnet2.train.preprocessor').
The length of the text output exceeds 500, which may cause OOM on the GPU. Please ensure that the data processing is correct and verify it. Adjust the threshold with preprocessor_conf.text_length_warning_thres, or silence this message alone with logging.getLogger('espnet2.train.preprocessor').
The length of the text output exceeds 500, which may cause OOM on the GPU. Please ensure that the data processing is correct and verify it. Adjust the threshold with preprocessor_conf.text_length_warning_thres, or silence this message alone with logging.getLogger('espnet2.train.preprocessor').
The length of the text output exceeds 500, which may cause OOM on the GPU. Please ensure that the data processing is correct and verify it. Adjust the threshold with preprocessor_conf.text_length_warning_thres, or silence this message alone with logging.getLogger('espnet2.train.preprocessor').
The length of the text output exceeds 500, which may cause OOM on the GPU. Please ensure that the data processing is correct and verify it. Adjust the threshold with preprocessor_conf.text_length_warning_thres, or silence this message alone with logging.getLogger('espnet2.train.preprocessor').
The length of the text output exceeds 500, which may cause OOM on the GPU. Please ensure that the data processing is correct and verify it. Adjust the threshold with preprocessor_conf.text_length_warning_thres, or silence this message alone with logging.getLogger('espnet2.train.preprocessor').
The length of the text output exceeds 500, which may cause OOM on the GPU. Please ensure that the data processing is correct and verify it. Adjust the threshold with preprocessor_conf.text_length_warning_thres, or silence this message alone with logging.getLogger('espnet2.train.preprocessor').
The length of the text output exceeds 500, which may cause OOM on the GPU. Please ensure that the data processing is correct and verify it. Adjust the threshold with preprocessor_conf.text_length_warning_thres, or silence this message alone with logging.getLogger('espnet2.train.preprocessor').
The length of the text output exceeds 500, which may cause OOM on the GPU. Please ensure that the data processing is correct and verify it. Adjust the threshold with preprocessor_conf.text_length_warning_thres, or silence this message alone with logging.getLogger('espnet2.train.preprocessor').
The length of the text output exceeds 500, which may cause OOM on the GPU. Please ensure that the data processing is correct and verify it. Adjust the threshold with preprocessor_conf.text_length_warning_thres, or silence this message alone with logging.getLogger('espnet2.train.preprocessor').
The length of the text output exceeds 500, which may cause OOM on the GPU. Please ensure that the data processing is correct and verify it. Adjust the threshold with preprocessor_conf.text_length_warning_thres, or silence this message alone with logging.getLogger('espnet2.train.preprocessor').
The length of the text output exceeds 500, which may cause OOM on the GPU. Please ensure that the data processing is correct and verify it. Adjust the threshold with preprocessor_conf.text_length_warning_thres, or silence this message alone with logging.getLogger('espnet2.train.preprocessor').
The length of the text output exceeds 500, which may cause OOM on the GPU. Please ensure that the data processing is correct and verify it. Adjust the threshold with preprocessor_conf.text_length_warning_thres, or silence this message alone with logging.getLogger('espnet2.train.preprocessor').
The length of the text output exceeds 500, which may cause OOM on the GPU. Please ensure that the data processing is correct and verify it. Adjust the threshold with preprocessor_conf.text_length_warning_thres, or silence this message alone with logging.getLogger('espnet2.train.preprocessor').
The length of the text output exceeds 500, which may cause OOM on the GPU. Please ensure that the data processing is correct and verify it. Adjust the threshold with preprocessor_conf.text_length_warning_thres, or silence this message alone with logging.getLogger('espnet2.train.preprocessor').
The length of the text output exceeds 500, which may cause OOM on the GPU. Please ensure that the data processing is correct and verify it. Adjust the threshold with preprocessor_conf.text_length_warning_thres, or silence this message alone with logging.getLogger('espnet2.train.preprocessor').
The length of the text output exceeds 500, which may cause OOM on the GPU. Please ensure that the data processing is correct and verify it. Adjust the threshold with preprocessor_conf.text_length_warning_thres, or silence this message alone with logging.getLogger('espnet2.train.preprocessor').
The length of the text output exceeds 500, which may cause OOM on the GPU. Please ensure that the data processing is correct and verify it. Adjust the threshold with preprocessor_conf.text_length_warning_thres, or silence this message alone with logging.getLogger('espnet2.train.preprocessor').
The length of the text output exceeds 500, which may cause OOM on the GPU. Please ensure that the data processing is correct and verify it. Adjust the threshold with preprocessor_conf.text_length_warning_thres, or silence this message alone with logging.getLogger('espnet2.train.preprocessor').
The length of the text output exceeds 500, which may cause OOM on the GPU. Please ensure that the data processing is correct and verify it. Adjust the threshold with preprocessor_conf.text_length_warning_thres, or silence this message alone with logging.getLogger('espnet2.train.preprocessor').
The length of the text output exceeds 500, which may cause OOM on the GPU. Please ensure that the data processing is correct and verify it. Adjust the threshold with preprocessor_conf.text_length_warning_thres, or silence this message alone with logging.getLogger('espnet2.train.preprocessor').
The length of the text output exceeds 500, which may cause OOM on the GPU. Please ensure that the data processing is correct and verify it. Adjust the threshold with preprocessor_conf.text_length_warning_thres, or silence this message alone with logging.getLogger('espnet2.train.preprocessor').
The length of the text output exceeds 500, which may cause OOM on the GPU. Please ensure that the data processing is correct and verify it. Adjust the threshold with preprocessor_conf.text_length_warning_thres, or silence this message alone with logging.getLogger('espnet2.train.preprocessor').
The length of the text output exceeds 500, which may cause OOM on the GPU. Please ensure that the data processing is correct and verify it. Adjust the threshold with preprocessor_conf.text_length_warning_thres, or silence this message alone with logging.getLogger('espnet2.train.preprocessor').
The length of the text output exceeds 500, which may cause OOM on the GPU. Please ensure that the data processing is correct and verify it. Adjust the threshold with preprocessor_conf.text_length_warning_thres, or silence this message alone with logging.getLogger('espnet2.train.preprocessor').
The length of the text output exceeds 500, which may cause OOM on the GPU. Please ensure that the data processing is correct and verify it. Adjust the threshold with preprocessor_conf.text_length_warning_thres, or silence this message alone with logging.getLogger('espnet2.train.preprocessor').
The length of the text output exceeds 500, which may cause OOM on the GPU. Please ensure that the data processing is correct and verify it. Adjust the threshold with preprocessor_conf.text_length_warning_thres, or silence this message alone with logging.getLogger('espnet2.train.preprocessor').
The length of the text output exceeds 500, which may cause OOM on the GPU. Please ensure that the data processing is correct and verify it. Adjust the threshold with preprocessor_conf.text_length_warning_thres, or silence this message alone with logging.getLogger('espnet2.train.preprocessor').
The length of the text output exceeds 500, which may cause OOM on the GPU. Please ensure that the data processing is correct and verify it. Adjust the threshold with preprocessor_conf.text_length_warning_thres, or silence this message alone with logging.getLogger('espnet2.train.preprocessor').
The length of the text output exceeds 500, which may cause OOM on the GPU. Please ensure that the data processing is correct and verify it. Adjust the threshold with preprocessor_conf.text_length_warning_thres, or silence this message alone with logging.getLogger('espnet2.train.preprocessor').
The length of the text output exceeds 500, which may cause OOM on the GPU. Please ensure that the data processing is correct and verify it. Adjust the threshold with preprocessor_conf.text_length_warning_thres, or silence this message alone with logging.getLogger('espnet2.train.preprocessor').
The length of the text output exceeds 500, which may cause OOM on the GPU. Please ensure that the data processing is correct and verify it. Adjust the threshold with preprocessor_conf.text_length_warning_thres, or silence this message alone with logging.getLogger('espnet2.train.preprocessor').
The length of the text output exceeds 500, which may cause OOM on the GPU. Please ensure that the data processing is correct and verify it. Adjust the threshold with preprocessor_conf.text_length_warning_thres, or silence this message alone with logging.getLogger('espnet2.train.preprocessor').
The length of the text output exceeds 500, which may cause OOM on the GPU. Please ensure that the data processing is correct and verify it. Adjust the threshold with preprocessor_conf.text_length_warning_thres, or silence this message alone with logging.getLogger('espnet2.train.preprocessor').
The length of the text output exceeds 500, which may cause OOM on the GPU. Please ensure that the data processing is correct and verify it. Adjust the threshold with preprocessor_conf.text_length_warning_thres, or silence this message alone with logging.getLogger('espnet2.train.preprocessor').
The length of the text output exceeds 500, which may cause OOM on the GPU. Please ensure that the data processing is correct and verify it. Adjust the threshold with preprocessor_conf.text_length_warning_thres, or silence this message alone with logging.getLogger('espnet2.train.preprocessor').
The length of the text output exceeds 500, which may cause OOM on the GPU. Please ensure that the data processing is correct and verify it. Adjust the threshold with preprocessor_conf.text_length_warning_thres, or silence this message alone with logging.getLogger('espnet2.train.preprocessor').
The length of the text output exceeds 500, which may cause OOM on the GPU. Please ensure that the data processing is correct and verify it. Adjust the threshold with preprocessor_conf.text_length_warning_thres, or silence this message alone with logging.getLogger('espnet2.train.preprocessor').
The length of the text output exceeds 500, which may cause OOM on the GPU. Please ensure that the data processing is correct and verify it. Adjust the threshold with preprocessor_conf.text_length_warning_thres, or silence this message alone with logging.getLogger('espnet2.train.preprocessor').
The length of the text output exceeds 500, which may cause OOM on the GPU. Please ensure that the data processing is correct and verify it. Adjust the threshold with preprocessor_conf.text_length_warning_thres, or silence this message alone with logging.getLogger('espnet2.train.preprocessor').
The length of the text output exceeds 500, which may cause OOM on the GPU. Please ensure that the data processing is correct and verify it. Adjust the threshold with preprocessor_conf.text_length_warning_thres, or silence this message alone with logging.getLogger('espnet2.train.preprocessor').
The length of the text output exceeds 500, which may cause OOM on the GPU. Please ensure that the data processing is correct and verify it. Adjust the threshold with preprocessor_conf.text_length_warning_thres, or silence this message alone with logging.getLogger('espnet2.train.preprocessor').
The length of the text output exceeds 500, which may cause OOM on the GPU. Please ensure that the data processing is correct and verify it. Adjust the threshold with preprocessor_conf.text_length_warning_thres, or silence this message alone with logging.getLogger('espnet2.train.preprocessor').
The length of the text output exceeds 500, which may cause OOM on the GPU. Please ensure that the data processing is correct and verify it. Adjust the threshold with preprocessor_conf.text_length_warning_thres, or silence this message alone with logging.getLogger('espnet2.train.preprocessor').
The length of the text output exceeds 500, which may cause OOM on the GPU. Please ensure that the data processing is correct and verify it. Adjust the threshold with preprocessor_conf.text_length_warning_thres, or silence this message alone with logging.getLogger('espnet2.train.preprocessor').
The length of the text output exceeds 500, which may cause OOM on the GPU. Please ensure that the data processing is correct and verify it. Adjust the threshold with preprocessor_conf.text_length_warning_thres, or silence this message alone with logging.getLogger('espnet2.train.preprocessor').
The length of the text output exceeds 500, which may cause OOM on the GPU. Please ensure that the data processing is correct and verify it. Adjust the threshold with preprocessor_conf.text_length_warning_thres, or silence this message alone with logging.getLogger('espnet2.train.preprocessor').
The length of the text output exceeds 500, which may cause OOM on the GPU. Please ensure that the data processing is correct and verify it. Adjust the threshold with preprocessor_conf.text_length_warning_thres, or silence this message alone with logging.getLogger('espnet2.train.preprocessor').
The length of the text output exceeds 500, which may cause OOM on the GPU. Please ensure that the data processing is correct and verify it. Adjust the threshold with preprocessor_conf.text_length_warning_thres, or silence this message alone with logging.getLogger('espnet2.train.preprocessor').
/mnt/weka/mark/espnet/tools/anaconda/envs/espnet/lib/python3.12/site-packages/torch/nn/functional.py:6044: UserWarning: Support for mismatched key_padding_mask and  is deprecated. Use same type for both instead.
  warnings.warn(
/mnt/weka/mark/espnet/tools/anaconda/envs/espnet/lib/python3.12/site-packages/torch/nn/functional.py:6044: UserWarning: Support for mismatched key_padding_mask and  is deprecated. Use same type for both instead.
  warnings.warn(
[rank1]:W0829 21:03:59.192000 58375 site-packages/torch/fx/experimental/symbolic_shapes.py:6833] [16/2] _maybe_guard_rel() was called on non-relation expression Eq(s29, s38) | Eq(s38, 1)
[rank1]:W0829 21:03:59.197000 58375 site-packages/torch/fx/experimental/symbolic_shapes.py:6833] [16/2] _maybe_guard_rel() was called on non-relation expression Eq(s57, 1) | Eq(s57, 16)
[rank1]:W0829 21:03:59.200000 58375 site-packages/torch/fx/experimental/symbolic_shapes.py:6833] [16/2] _maybe_guard_rel() was called on non-relation expression Eq(s21, s76) | Eq(s76, 1)
[rank1]:W0829 21:03:59.202000 58375 site-packages/torch/fx/experimental/symbolic_shapes.py:6833] [16/2] _maybe_guard_rel() was called on non-relation expression Eq(s21, s39) | Eq(s39, 1)
[rank0]:W0829 21:03:59.309000 58374 site-packages/torch/fx/experimental/symbolic_shapes.py:6833] [16/2] _maybe_guard_rel() was called on non-relation expression Eq(s29, s38) | Eq(s38, 1)
[rank0]:W0829 21:03:59.312000 58374 site-packages/torch/fx/experimental/symbolic_shapes.py:6833] [16/2] _maybe_guard_rel() was called on non-relation expression Eq(s57, 1) | Eq(s57, 16)
[rank0]:W0829 21:03:59.315000 58374 site-packages/torch/fx/experimental/symbolic_shapes.py:6833] [16/2] _maybe_guard_rel() was called on non-relation expression Eq(s21, s76) | Eq(s76, 1)
[rank0]:W0829 21:03:59.317000 58374 site-packages/torch/fx/experimental/symbolic_shapes.py:6833] [16/2] _maybe_guard_rel() was called on non-relation expression Eq(s21, s39) | Eq(s39, 1)
/mnt/weka/mark/espnet/tools/anaconda/envs/espnet/lib/python3.12/site-packages/torch/nn/functional.py:6044: UserWarning: Support for mismatched key_padding_mask and  is deprecated. Use same type for both instead.
  warnings.warn(
/mnt/weka/mark/espnet/tools/anaconda/envs/espnet/lib/python3.12/site-packages/torch/nn/functional.py:6044: UserWarning: Support for mismatched key_padding_mask and  is deprecated. Use same type for both instead.
  warnings.warn(
/mnt/weka/mark/espnet/tools/anaconda/envs/espnet/lib/python3.12/site-packages/torch/nn/functional.py:6044: UserWarning: Support for mismatched key_padding_mask and  is deprecated. Use same type for both instead.
  warnings.warn(
/mnt/weka/mark/espnet/tools/anaconda/envs/espnet/lib/python3.12/site-packages/torch/nn/functional.py:6044: UserWarning: Support for mismatched key_padding_mask and  is deprecated. Use same type for both instead.
  warnings.warn(
[rank6]:W0829 21:03:59.712000 58380 site-packages/torch/fx/experimental/symbolic_shapes.py:6833] [16/2] _maybe_guard_rel() was called on non-relation expression Eq(s29, s38) | Eq(s38, 1)
[rank6]:W0829 21:03:59.715000 58380 site-packages/torch/fx/experimental/symbolic_shapes.py:6833] [16/2] _maybe_guard_rel() was called on non-relation expression Eq(s57, 1) | Eq(s57, 16)
[rank6]:W0829 21:03:59.718000 58380 site-packages/torch/fx/experimental/symbolic_shapes.py:6833] [16/2] _maybe_guard_rel() was called on non-relation expression Eq(s21, s76) | Eq(s76, 1)
[rank6]:W0829 21:03:59.721000 58380 site-packages/torch/fx/experimental/symbolic_shapes.py:6833] [16/2] _maybe_guard_rel() was called on non-relation expression Eq(s21, s39) | Eq(s39, 1)
/mnt/weka/mark/espnet/tools/anaconda/envs/espnet/lib/python3.12/site-packages/torch/nn/functional.py:6044: UserWarning: Support for mismatched key_padding_mask and  is deprecated. Use same type for both instead.
  warnings.warn(
[rank3]:W0829 21:03:59.934000 58377 site-packages/torch/fx/experimental/symbolic_shapes.py:6833] [16/2] _maybe_guard_rel() was called on non-relation expression Eq(s29, s38) | Eq(s38, 1)
[rank4]:W0829 21:03:59.938000 58378 site-packages/torch/fx/experimental/symbolic_shapes.py:6833] [16/2] _maybe_guard_rel() was called on non-relation expression Eq(s29, s38) | Eq(s38, 1)
[rank4]:W0829 21:03:59.941000 58378 site-packages/torch/fx/experimental/symbolic_shapes.py:6833] [16/2] _maybe_guard_rel() was called on non-relation expression Eq(s57, 1) | Eq(s57, 16)
[rank3]:W0829 21:03:59.941000 58377 site-packages/torch/fx/experimental/symbolic_shapes.py:6833] [16/2] _maybe_guard_rel() was called on non-relation expression Eq(s57, 1) | Eq(s57, 16)
/mnt/weka/mark/espnet/tools/anaconda/envs/espnet/lib/python3.12/site-packages/torch/nn/functional.py:6044: UserWarning: Support for mismatched key_padding_mask and  is deprecated. Use same type for both instead.
  warnings.warn(
[rank4]:W0829 21:03:59.944000 58378 site-packages/torch/fx/experimental/symbolic_shapes.py:6833] [16/2] _maybe_guard_rel() was called on non-relation expression Eq(s21, s76) | Eq(s76, 1)
[rank3]:W0829 21:03:59.944000 58377 site-packages/torch/fx/experimental/symbolic_shapes.py:6833] [16/2] _maybe_guard_rel() was called on non-relation expression Eq(s21, s76) | Eq(s76, 1)
[rank4]:W0829 21:03:59.946000 58378 site-packages/torch/fx/experimental/symbolic_shapes.py:6833] [16/2] _maybe_guard_rel() was called on non-relation expression Eq(s21, s39) | Eq(s39, 1)
[rank3]:W0829 21:03:59.946000 58377 site-packages/torch/fx/experimental/symbolic_shapes.py:6833] [16/2] _maybe_guard_rel() was called on non-relation expression Eq(s21, s39) | Eq(s39, 1)
[rank5]:W0829 21:03:59.970000 58379 site-packages/torch/fx/experimental/symbolic_shapes.py:6833] [16/2] _maybe_guard_rel() was called on non-relation expression Eq(s29, s38) | Eq(s38, 1)
[rank5]:W0829 21:03:59.973000 58379 site-packages/torch/fx/experimental/symbolic_shapes.py:6833] [16/2] _maybe_guard_rel() was called on non-relation expression Eq(s57, 1) | Eq(s57, 16)
[rank5]:W0829 21:03:59.975000 58379 site-packages/torch/fx/experimental/symbolic_shapes.py:6833] [16/2] _maybe_guard_rel() was called on non-relation expression Eq(s21, s76) | Eq(s76, 1)
[rank5]:W0829 21:03:59.978000 58379 site-packages/torch/fx/experimental/symbolic_shapes.py:6833] [16/2] _maybe_guard_rel() was called on non-relation expression Eq(s21, s39) | Eq(s39, 1)
[rank7]:W0829 21:04:00.008000 58381 site-packages/torch/fx/experimental/symbolic_shapes.py:6833] [16/2] _maybe_guard_rel() was called on non-relation expression Eq(s29, s38) | Eq(s38, 1)
[rank7]:W0829 21:04:00.011000 58381 site-packages/torch/fx/experimental/symbolic_shapes.py:6833] [16/2] _maybe_guard_rel() was called on non-relation expression Eq(s57, 1) | Eq(s57, 16)
[rank7]:W0829 21:04:00.013000 58381 site-packages/torch/fx/experimental/symbolic_shapes.py:6833] [16/2] _maybe_guard_rel() was called on non-relation expression Eq(s21, s76) | Eq(s76, 1)
[rank7]:W0829 21:04:00.016000 58381 site-packages/torch/fx/experimental/symbolic_shapes.py:6833] [16/2] _maybe_guard_rel() was called on non-relation expression Eq(s21, s39) | Eq(s39, 1)
[rank2]:W0829 21:04:00.219000 58376 site-packages/torch/fx/experimental/symbolic_shapes.py:6833] [16/2] _maybe_guard_rel() was called on non-relation expression Eq(s29, s38) | Eq(s38, 1)
[rank2]:W0829 21:04:00.224000 58376 site-packages/torch/fx/experimental/symbolic_shapes.py:6833] [16/2] _maybe_guard_rel() was called on non-relation expression Eq(s57, 1) | Eq(s57, 16)
[rank2]:W0829 21:04:00.226000 58376 site-packages/torch/fx/experimental/symbolic_shapes.py:6833] [16/2] _maybe_guard_rel() was called on non-relation expression Eq(s21, s76) | Eq(s76, 1)
[rank2]:W0829 21:04:00.229000 58376 site-packages/torch/fx/experimental/symbolic_shapes.py:6833] [16/2] _maybe_guard_rel() was called on non-relation expression Eq(s21, s39) | Eq(s39, 1)
/mnt/weka/mark/espnet/tools/anaconda/envs/espnet/lib/python3.12/site-packages/torch/nn/functional.py:6044: UserWarning: Support for mismatched key_padding_mask and  is deprecated. Use same type for both instead.
  warnings.warn(
/mnt/weka/mark/espnet/tools/anaconda/envs/espnet/lib/python3.12/site-packages/torch/nn/functional.py:6044: UserWarning: Support for mismatched key_padding_mask and  is deprecated. Use same type for both instead.
  warnings.warn(
/mnt/weka/mark/espnet/tools/anaconda/envs/espnet/lib/python3.12/site-packages/torch/nn/functional.py:6044: UserWarning: Support for mismatched key_padding_mask and  is deprecated. Use same type for both instead.
  warnings.warn(
/mnt/weka/mark/espnet/tools/anaconda/envs/espnet/lib/python3.12/site-packages/torch/nn/functional.py:6044: UserWarning: Support for mismatched key_padding_mask and  is deprecated. Use same type for both instead.
  warnings.warn(
/mnt/weka/mark/espnet/tools/anaconda/envs/espnet/lib/python3.12/site-packages/torch/nn/functional.py:6044: UserWarning: Support for mismatched key_padding_mask and  is deprecated. Use same type for both instead.
  warnings.warn(
/mnt/weka/mark/espnet/tools/anaconda/envs/espnet/lib/python3.12/site-packages/torch/nn/functional.py:6044: UserWarning: Support for mismatched key_padding_mask and  is deprecated. Use same type for both instead.
  warnings.warn(
/mnt/weka/mark/espnet/tools/anaconda/envs/espnet/lib/python3.12/site-packages/torch/nn/functional.py:6044: UserWarning: Support for mismatched key_padding_mask and  is deprecated. Use same type for both instead.
  warnings.warn(
/mnt/weka/mark/espnet/tools/anaconda/envs/espnet/lib/python3.12/site-packages/torch/nn/functional.py:6044: UserWarning: Support for mismatched key_padding_mask and  is deprecated. Use same type for both instead.
  warnings.warn(
/mnt/weka/mark/espnet/tools/anaconda/envs/espnet/lib/python3.12/site-packages/torch/nn/functional.py:6044: UserWarning: Support for mismatched key_padding_mask and  is deprecated. Use same type for both instead.
  warnings.warn(
/mnt/weka/mark/espnet/tools/anaconda/envs/espnet/lib/python3.12/site-packages/torch/nn/functional.py:6044: UserWarning: Support for mismatched key_padding_mask and  is deprecated. Use same type for both instead.
  warnings.warn(
/mnt/weka/mark/espnet/tools/anaconda/envs/espnet/lib/python3.12/site-packages/torch/nn/functional.py:6044: UserWarning: Support for mismatched key_padding_mask and  is deprecated. Use same type for both instead.
  warnings.warn(
/mnt/weka/mark/espnet/tools/anaconda/envs/espnet/lib/python3.12/site-packages/torch/nn/functional.py:6044: UserWarning: Support for mismatched key_padding_mask and  is deprecated. Use same type for both instead.
  warnings.warn(
/mnt/weka/mark/espnet/tools/anaconda/envs/espnet/lib/python3.12/site-packages/torch/nn/functional.py:6044: UserWarning: Support for mismatched key_padding_mask and  is deprecated. Use same type for both instead.
  warnings.warn(
/mnt/weka/mark/espnet/tools/anaconda/envs/espnet/lib/python3.12/site-packages/torch/nn/functional.py:6044: UserWarning: Support for mismatched key_padding_mask and  is deprecated. Use same type for both instead.
  warnings.warn(
/mnt/weka/mark/espnet/tools/anaconda/envs/espnet/lib/python3.12/site-packages/torch/nn/functional.py:6044: UserWarning: Support for mismatched key_padding_mask and  is deprecated. Use same type for both instead.
  warnings.warn(
/mnt/weka/mark/espnet/tools/anaconda/envs/espnet/lib/python3.12/site-packages/torch/nn/functional.py:6044: UserWarning: Support for mismatched key_padding_mask and  is deprecated. Use same type for both instead.
  warnings.warn(
[pg12b-14-2-hpc:0/8] 2026-08-29 21:04:15,665 (trainer:426) INFO: 1epoch results: [train] iter_time=1.071e-04, forward_time=0.136, loss=2.558e+04, correct_m=1.429e+03, count_m=5.423e+03, acc_m=0.264, correct_u=1.381e+03, count_u=5.231e+03, acc_u=0.264, backward_time=0.134, grad_norm=4.008e+10, clip=100.000, loss_scale=1.000, optim_step_time=0.005, optim0_lr0=7.815e-05, train_time=0.331, time=55 minutes and 17.12 seconds, total_count=10000, gpu_max_cached_mem_GB=29.949, [valid] loss=1.959e+04, correct_m=3.360e+03, count_m=4.255e+03, acc_m=0.790, correct_u=4.278e+03, count_u=5.416e+03, acc_u=0.790, time=2 minutes and 30.46 seconds, total_count=15, gpu_max_cached_mem_GB=29.949
pg12b-14-2-hpc:58376:94677 [2] NCCL INFO NVLS comm 0x55e90b3f2260 headRank 2 nHeads 8 nvlsRanks 8 buffSize 1048576 nvlsPerRankSize 33554432 nvlsTotalSize 268435456
pg12b-14-2-hpc:58380:94676 [6] NCCL INFO NVLS comm 0x5619e68152d0 headRank 6 nHeads 8 nvlsRanks 8 buffSize 1048576 nvlsPerRankSize 33554432 nvlsTotalSize 268435456
pg12b-14-2-hpc:58379:94680 [5] NCCL INFO NVLS comm 0x55a7ac502460 headRank 5 nHeads 8 nvlsRanks 8 buffSize 1048576 nvlsPerRankSize 33554432 nvlsTotalSize 268435456
pg12b-14-2-hpc:58381:94675 [7] NCCL INFO NVLS comm 0x55ae98c30b40 headRank 7 nHeads 8 nvlsRanks 8 buffSize 1048576 nvlsPerRankSize 33554432 nvlsTotalSize 268435456
pg12b-14-2-hpc:58377:94678 [3] NCCL INFO NVLS comm 0x55c03b2b0c20 headRank 3 nHeads 8 nvlsRanks 8 buffSize 1048576 nvlsPerRankSize 33554432 nvlsTotalSize 268435456
pg12b-14-2-hpc:58378:94679 [4] NCCL INFO NVLS comm 0x558692f78750 headRank 4 nHeads 8 nvlsRanks 8 buffSize 1048576 nvlsPerRankSize 33554432 nvlsTotalSize 268435456
pg12b-14-2-hpc:58375:94681 [1] NCCL INFO NVLS comm 0x560670e0da30 headRank 1 nHeads 8 nvlsRanks 8 buffSize 1048576 nvlsPerRankSize 33554432 nvlsTotalSize 268435456
pg12b-14-2-hpc:58377:193229 [3] NCCL INFO misc/socket.cc:64 -> 3
pg12b-14-2-hpc:58377:193229 [3] NCCL INFO misc/socket.cc:81 -> 3
pg12b-14-2-hpc:58377:193229 [3] NCCL INFO misc/socket.cc:863 -> 3
pg12b-14-2-hpc:58377:193229 [3] NCCL INFO misc/socket.cc:64 -> 3
pg12b-14-2-hpc:58377:193229 [3] NCCL INFO misc/socket.cc:81 -> 3
pg12b-14-2-hpc:58377:193229 [3] NCCL INFO misc/socket.cc:863 -> 3
pg12b-14-2-hpc:58377:193229 [3] NCCL INFO misc/socket.cc:64 -> 3
pg12b-14-2-hpc:58377:193229 [3] NCCL INFO misc/socket.cc:81 -> 3
pg12b-14-2-hpc:58377:193229 [3] NCCL INFO misc/socket.cc:863 -> 3
pg12b-14-2-hpc:58377:193229 [3] NCCL INFO misc/socket.cc:64 -> 3
pg12b-14-2-hpc:58377:193229 [3] NCCL INFO misc/socket.cc:81 -> 3
pg12b-14-2-hpc:58377:193229 [3] NCCL INFO misc/socket.cc:863 -> 3
pg12b-14-2-hpc:58377:58978 [3] NCCL INFO misc/socket.cc:915 -> 3
pg12b-14-2-hpc:58377:58978 [3] NCCL INFO misc/socket.cc:915 -> 3
pg12b-14-2-hpc:58377:193229 [3] NCCL INFO comm 0x55c03b2b0c20 rank 3 nranks 8 cudaDev 3 busId 5d000 - Abort COMPLETE
pg12b-14-2-hpc:58375:193234 [1] NCCL INFO misc/socket.cc:64 -> 3
pg12b-14-2-hpc:58375:193234 [1] NCCL INFO misc/socket.cc:81 -> 3
pg12b-14-2-hpc:58375:193234 [1] NCCL INFO misc/socket.cc:863 -> 3
pg12b-14-2-hpc:58375:193234 [1] NCCL INFO misc/socket.cc:64 -> 3
pg12b-14-2-hpc:58375:193234 [1] NCCL INFO misc/socket.cc:81 -> 3
pg12b-14-2-hpc:58375:193234 [1] NCCL INFO misc/socket.cc:863 -> 3
pg12b-14-2-hpc:58375:58966 [1] NCCL INFO misc/socket.cc:915 -> 3
pg12b-14-2-hpc:58375:193234 [1] NCCL INFO misc/socket.cc:64 -> 3
pg12b-14-2-hpc:58375:193234 [1] NCCL INFO misc/socket.cc:81 -> 3
pg12b-14-2-hpc:58375:193234 [1] NCCL INFO misc/socket.cc:863 -> 3
pg12b-14-2-hpc:58375:58966 [1] NCCL INFO misc/socket.cc:915 -> 3
pg12b-14-2-hpc:58375:193234 [1] NCCL INFO comm 0x560670e0da30 rank 1 nranks 8 cudaDev 1 busId 3b000 - Abort COMPLETE
pg12b-14-2-hpc:58380:193232 [6] NCCL INFO misc/socket.cc:64 -> 3
pg12b-14-2-hpc:58380:193232 [6] NCCL INFO misc/socket.cc:81 -> 3
pg12b-14-2-hpc:58380:193232 [6] NCCL INFO misc/socket.cc:863 -> 3
pg12b-14-2-hpc:58380:193232 [6] NCCL INFO misc/socket.cc:64 -> 3
pg12b-14-2-hpc:58380:193232 [6] NCCL INFO misc/socket.cc:81 -> 3
pg12b-14-2-hpc:58380:193232 [6] NCCL INFO misc/socket.cc:863 -> 3
pg12b-14-2-hpc:58380:193232 [6] NCCL INFO misc/socket.cc:64 -> 3
pg12b-14-2-hpc:58380:193232 [6] NCCL INFO misc/socket.cc:81 -> 3
pg12b-14-2-hpc:58380:193232 [6] NCCL INFO misc/socket.cc:863 -> 3
pg12b-14-2-hpc:58380:193232 [6] NCCL INFO misc/socket.cc:64 -> 3
pg12b-14-2-hpc:58380:193232 [6] NCCL INFO misc/socket.cc:81 -> 3
pg12b-14-2-hpc:58380:193232 [6] NCCL INFO misc/socket.cc:863 -> 3
pg12b-14-2-hpc:58380:58965 [6] NCCL INFO misc/socket.cc:915 -> 3
pg12b-14-2-hpc:58380:58965 [6] NCCL INFO misc/socket.cc:915 -> 3
pg12b-14-2-hpc:58380:193232 [6] NCCL INFO comm 0x5619e68152d0 rank 6 nranks 8 cudaDev 6 busId cb000 - Abort COMPLETE
pg12b-14-2-hpc:58379:193238 [5] NCCL INFO misc/socket.cc:64 -> 3
pg12b-14-2-hpc:58379:193238 [5] NCCL INFO misc/socket.cc:81 -> 3
pg12b-14-2-hpc:58379:193238 [5] NCCL INFO misc/socket.cc:863 -> 3
pg12b-14-2-hpc:58379:193238 [5] NCCL INFO misc/socket.cc:64 -> 3
pg12b-14-2-hpc:58379:193238 [5] NCCL INFO misc/socket.cc:81 -> 3
pg12b-14-2-hpc:58379:193238 [5] NCCL INFO misc/socket.cc:863 -> 3
pg12b-14-2-hpc:58379:193238 [5] NCCL INFO misc/socket.cc:64 -> 3
pg12b-14-2-hpc:58379:193238 [5] NCCL INFO misc/socket.cc:81 -> 3
pg12b-14-2-hpc:58379:193238 [5] NCCL INFO misc/socket.cc:863 -> 3
pg12b-14-2-hpc:58379:58964 [5] NCCL INFO misc/socket.cc:915 -> 3
pg12b-14-2-hpc:58379:193238 [5] NCCL INFO misc/socket.cc:64 -> 3
pg12b-14-2-hpc:58379:193238 [5] NCCL INFO misc/socket.cc:81 -> 3
pg12b-14-2-hpc:58379:193238 [5] NCCL INFO misc/socket.cc:863 -> 3
pg12b-14-2-hpc:58379:58964 [5] NCCL INFO misc/socket.cc:915 -> 3
pg12b-14-2-hpc:58379:193238 [5] NCCL INFO comm 0x55a7ac502460 rank 5 nranks 8 cudaDev 5 busId bb000 - Abort COMPLETE
pg12b-14-2-hpc:58381:193236 [7] NCCL INFO misc/socket.cc:64 -> 3
pg12b-14-2-hpc:58381:193236 [7] NCCL INFO misc/socket.cc:81 -> 3
pg12b-14-2-hpc:58381:193236 [7] NCCL INFO misc/socket.cc:863 -> 3
pg12b-14-2-hpc:58381:193236 [7] NCCL INFO misc/socket.cc:64 -> 3
pg12b-14-2-hpc:58381:193236 [7] NCCL INFO misc/socket.cc:81 -> 3
pg12b-14-2-hpc:58381:193236 [7] NCCL INFO misc/socket.cc:863 -> 3
pg12b-14-2-hpc:58381:193236 [7] NCCL INFO misc/socket.cc:64 -> 3
pg12b-14-2-hpc:58381:193236 [7] NCCL INFO misc/socket.cc:81 -> 3
pg12b-14-2-hpc:58381:193236 [7] NCCL INFO misc/socket.cc:863 -> 3
pg12b-14-2-hpc:58381:58967 [7] NCCL INFO misc/socket.cc:915 -> 3
pg12b-14-2-hpc:58381:193236 [7] NCCL INFO comm 0x55ae98c30b40 rank 7 nranks 8 cudaDev 7 busId db000 - Abort COMPLETE
pg12b-14-2-hpc:58378:193240 [4] NCCL INFO misc/socket.cc:64 -> 3
pg12b-14-2-hpc:58378:193240 [4] NCCL INFO misc/socket.cc:81 -> 3
pg12b-14-2-hpc:58378:193240 [4] NCCL INFO misc/socket.cc:863 -> 3
pg12b-14-2-hpc:58378:193240 [4] NCCL INFO misc/socket.cc:64 -> 3
pg12b-14-2-hpc:58378:193240 [4] NCCL INFO misc/socket.cc:81 -> 3
pg12b-14-2-hpc:58378:193240 [4] NCCL INFO misc/socket.cc:863 -> 3
pg12b-14-2-hpc:58378:193240 [4] NCCL INFO misc/socket.cc:64 -> 3
pg12b-14-2-hpc:58378:193240 [4] NCCL INFO misc/socket.cc:81 -> 3
pg12b-14-2-hpc:58378:193240 [4] NCCL INFO misc/socket.cc:863 -> 3
pg12b-14-2-hpc:58378:58968 [4] NCCL INFO misc/socket.cc:915 -> 3
pg12b-14-2-hpc:58378:193240 [4] NCCL INFO misc/socket.cc:64 -> 3
pg12b-14-2-hpc:58378:193240 [4] NCCL INFO misc/socket.cc:81 -> 3
pg12b-14-2-hpc:58378:193240 [4] NCCL INFO misc/socket.cc:863 -> 3
pg12b-14-2-hpc:58378:193240 [4] NCCL INFO comm 0x558692f78750 rank 4 nranks 8 cudaDev 4 busId 9b000 - Abort COMPLETE
pg12b-14-2-hpc:58376:193242 [2] NCCL INFO misc/socket.cc:64 -> 3
pg12b-14-2-hpc:58376:193242 [2] NCCL INFO misc/socket.cc:81 -> 3
pg12b-14-2-hpc:58376:193242 [2] NCCL INFO misc/socket.cc:863 -> 3
pg12b-14-2-hpc:58376:193242 [2] NCCL INFO misc/socket.cc:64 -> 3
pg12b-14-2-hpc:58376:193242 [2] NCCL INFO misc/socket.cc:81 -> 3
pg12b-14-2-hpc:58376:193242 [2] NCCL INFO misc/socket.cc:863 -> 3
pg12b-14-2-hpc:58376:193242 [2] NCCL INFO misc/socket.cc:64 -> 3
pg12b-14-2-hpc:58376:193242 [2] NCCL INFO misc/socket.cc:81 -> 3
pg12b-14-2-hpc:58376:193242 [2] NCCL INFO misc/socket.cc:863 -> 3
pg12b-14-2-hpc:58376:58975 [2] NCCL INFO misc/socket.cc:915 -> 3
pg12b-14-2-hpc:58376:193242 [2] NCCL INFO misc/socket.cc:64 -> 3
pg12b-14-2-hpc:58376:193242 [2] NCCL INFO misc/socket.cc:81 -> 3
pg12b-14-2-hpc:58376:193242 [2] NCCL INFO misc/socket.cc:863 -> 3
pg12b-14-2-hpc:58376:193242 [2] NCCL INFO comm 0x55e90b3f2260 rank 2 nranks 8 cudaDev 2 busId 4c000 - Abort COMPLETE
[pg12b-14-2-hpc:0/8] 2026-08-29 21:04:22,421 (trainer:494) INFO: The best model has been updated: valid.loss
[pg12b-14-2-hpc:0/8] 2026-08-29 21:04:22,421 (trainer:566) INFO: The training was finished at 1 epochs 
pg12b-14-2-hpc:58374:94682 [0] NCCL INFO NVLS comm 0x55b07dcdc570 headRank 0 nHeads 8 nvlsRanks 8 buffSize 1048576 nvlsPerRankSize 33554432 nvlsTotalSize 268435456
[rank0]:[W829 21:04:24.211273377 ProcessGroupNCCL.cpp:1524] Warning: WARNING: destroy_process_group() was not called before program exit, which can leak resources. For more info, please see https://pytorch.org/docs/stable/distributed.html#shutdown (function operator())
pg12b-14-2-hpc:58374:193335 [0] NCCL INFO misc/socket.cc:64 -> 3
pg12b-14-2-hpc:58374:193335 [0] NCCL INFO misc/socket.cc:81 -> 3
pg12b-14-2-hpc:58374:193335 [0] NCCL INFO misc/socket.cc:863 -> 3
pg12b-14-2-hpc:58374:58974 [0] NCCL INFO misc/socket.cc:915 -> 3
pg12b-14-2-hpc:58374:193335 [0] NCCL INFO misc/socket.cc:64 -> 3
pg12b-14-2-hpc:58374:193335 [0] NCCL INFO misc/socket.cc:81 -> 3
pg12b-14-2-hpc:58374:193335 [0] NCCL INFO misc/socket.cc:863 -> 3
pg12b-14-2-hpc:58374:193335 [0] NCCL INFO misc/socket.cc:64 -> 3
pg12b-14-2-hpc:58374:193335 [0] NCCL INFO misc/socket.cc:81 -> 3
pg12b-14-2-hpc:58374:193335 [0] NCCL INFO misc/socket.cc:863 -> 3
pg12b-14-2-hpc:58374:193335 [0] NCCL INFO comm 0x55b07dcdc570 rank 0 nranks 8 cudaDev 0 busId 19000 - Abort COMPLETE
