/mnt/weka/mark/espnet/tools/anaconda/envs/espnet/bin/python3 /mnt/weka/mark/espnet/espnet2/bin/wavlm_train.py --use_preprocessor true --normalize null --token_type word --token_list data/en_token_list_kmeans_iter0_rand100_100clusters/word/tokens.txt --num_classes 100 --train_data_path_and_name_and_type dump/raw/train_960/wav.scp,speech,sound --train_data_path_and_name_and_type dump/raw/train_960/text.km.kmeans_iter0_rand100_train_960_portion1.0,text,text --valid_data_path_and_name_and_type dump/raw/dev/wav.scp,speech,sound --valid_data_path_and_name_and_type dump/raw/dev/text.km.kmeans_iter0_rand100_train_960_portion1.0,text,text --train_shape_file exp_it0rand/wavlm_iter0_stats_raw/train/speech_shape --train_shape_file exp_it0rand/wavlm_iter0_stats_raw/train/text_shape.word --valid_shape_file exp_it0rand/wavlm_iter0_stats_raw/valid/speech_shape --valid_shape_file exp_it0rand/wavlm_iter0_stats_raw/valid/text_shape.word --config conf/tuning/train_ssl_torchaudiowavlm_large_960h_pretrain_it0rand.yaml --frontend_conf fs=16k --resume false --fold_length 80000 --fold_length 400 --output_dir exp_phaseb/SMOKE_compile --num_iters_per_epoch 60 --max_epoch 1 --num_att_plot 0 --keep_nbest_models 1 --patience none --batch_bins 36000000 --accum_grad 1 --unused_parameters false --use_torch_compile true --ngpu 8 --multiprocessing_distributed true
[W829 20:00:10.246677698 Utils.hpp:166] Warning: Environment variable NCCL_BLOCKING_WAIT is deprecated; use TORCH_NCCL_BLOCKING_WAIT instead (function operator())
[W829 20:00:10.250732823 Utils.hpp:166] Warning: Environment variable NCCL_BLOCKING_WAIT is deprecated; use TORCH_NCCL_BLOCKING_WAIT instead (function operator())
[W829 20:00:10.251423990 Utils.hpp:166] Warning: Environment variable NCCL_BLOCKING_WAIT is deprecated; use TORCH_NCCL_BLOCKING_WAIT instead (function operator())
[W829 20:00:10.252125799 Utils.hpp:166] Warning: Environment variable NCCL_BLOCKING_WAIT is deprecated; use TORCH_NCCL_BLOCKING_WAIT instead (function operator())
[W829 20:00:10.463392491 Utils.hpp:166] Warning: Environment variable NCCL_BLOCKING_WAIT is deprecated; use TORCH_NCCL_BLOCKING_WAIT instead (function operator())
[W829 20:00:10.543931781 Utils.hpp:166] Warning: Environment variable NCCL_BLOCKING_WAIT is deprecated; use TORCH_NCCL_BLOCKING_WAIT instead (function operator())
[W829 20:00:10.567950632 Utils.hpp:166] Warning: Environment variable NCCL_BLOCKING_WAIT is deprecated; use TORCH_NCCL_BLOCKING_WAIT instead (function operator())
[W829 20:00:10.568895546 Utils.hpp:166] Warning: Environment variable NCCL_BLOCKING_WAIT is deprecated; use TORCH_NCCL_BLOCKING_WAIT instead (function operator())
[pg12b-4-2-hpc:0/8] 2026-08-29 20:00:11,153 (wavlm:380) INFO: Vocabulary size: 102
[pg12b-4-2-hpc:0/8] 2026-08-29 20:00:14,439 (abs_task:1487) INFO: pytorch.version=2.9.1+cu128, cuda.available=True, cudnn.version=91002, cudnn.benchmark=False, cudnn.deterministic=True
[pg12b-4-2-hpc:0/8] 2026-08-29 20:00:14,442 (abs_task:1488) INFO: Model structure:
TorchAudioHubertPretrainModel(
  (encoder): TorchAudioWavLMPretrainEncoder(
    (wavlm_pretrain_model): HuBERTPretrainModel(
      (wav2vec2): Wav2Vec2Model(
        (feature_extractor): FeatureExtractor(
          (conv_layers): ModuleList(
            (0): ConvLayerBlock(
              (layer_norm): LayerNorm((512,), eps=1e-05, elementwise_affine=True)
              (conv): Conv1d(1, 512, kernel_size=(10,), stride=(5,), bias=False)
            )
            (1-4): 4 x ConvLayerBlock(
              (layer_norm): LayerNorm((512,), eps=1e-05, elementwise_affine=True)
              (conv): Conv1d(512, 512, kernel_size=(3,), stride=(2,), bias=False)
            )
            (5-6): 2 x ConvLayerBlock(
              (layer_norm): LayerNorm((512,), eps=1e-05, elementwise_affine=True)
              (conv): Conv1d(512, 512, kernel_size=(2,), stride=(2,), bias=False)
            )
          )
        )
        (encoder): WavLMEncoder(
          (feature_projection): FeatureProjection(
            (layer_norm): LayerNorm((512,), eps=1e-05, elementwise_affine=True)
            (projection): Linear(in_features=512, out_features=1024, bias=True)
            (dropout): Dropout(p=0.0, inplace=False)
          )
          (transformer): WavLMTransformer(
            (pos_conv_embed): ConvolutionalPositionalEmbedding(
              (conv): ParametrizedConv1d(
                1024, 1024, kernel_size=(128,), stride=(1,), padding=(64,), groups=16
                (parametrizations): ModuleDict(
                  (weight): ParametrizationList(
                    (0): _WeightNorm()
                  )
                )
              )
            )
            (layer_norm): LayerNorm((1024,), eps=1e-05, elementwise_affine=True)
            (dropout): Dropout(p=0.0, inplace=False)
            (layers): ModuleList(
              (0): EncoderLayer(
                (attention): WavLMSelfAttention(
                  (rel_attn_embed): Embedding(320, 16)
                  (attention): MultiheadAttention(
                    (out_proj): NonDynamicallyQuantizableLinear(in_features=1024, out_features=1024, bias=True)
                  )
                  (gru_rel_pos_linear): Linear(in_features=64, out_features=8, bias=True)
                )
                (dropout): Dropout(p=0.0, inplace=False)
                (layer_norm): LayerNorm((1024,), eps=1e-05, elementwise_affine=True)
                (feed_forward): FeedForward(
                  (intermediate_dense): Linear(in_features=1024, out_features=4096, bias=True)
                  (intermediate_dropout): Dropout(p=0.0, inplace=False)
                  (output_dense): Linear(in_features=4096, out_features=1024, bias=True)
                  (output_dropout): Dropout(p=0.0, inplace=False)
                )
                (final_layer_norm): LayerNorm((1024,), eps=1e-05, elementwise_affine=True)
              )
              (1-23): 23 x EncoderLayer(
                (attention): WavLMSelfAttention(
                  (attention): MultiheadAttention(
                    (out_proj): NonDynamicallyQuantizableLinear(in_features=1024, out_features=1024, bias=True)
                  )
                  (gru_rel_pos_linear): Linear(in_features=64, out_features=8, bias=True)
                )
                (dropout): Dropout(p=0.0, inplace=False)
                (layer_norm): LayerNorm((1024,), eps=1e-05, elementwise_affine=True)
                (feed_forward): FeedForward(
                  (intermediate_dense): Linear(in_features=1024, out_features=4096, bias=True)
                  (intermediate_dropout): Dropout(p=0.0, inplace=False)
                  (output_dense): Linear(in_features=4096, out_features=1024, bias=True)
                  (output_dropout): Dropout(p=0.0, inplace=False)
                )
                (final_layer_norm): LayerNorm((1024,), eps=1e-05, elementwise_affine=True)
              )
            )
          )
        )
      )
      (mask_generator): MaskGenerator()
      (logit_generator): LogitGenerator(
        (final_proj): Linear(in_features=1024, out_features=768, bias=True)
      )
    )
  )
)

Model summary:
    Class Name: TorchAudioHubertPretrainModel
    Total Number of model parameters: 316.32 M
    Number of trainable parameters: 316.32 M (100.0%)
    Size: 1.27 GB
    Type: torch.float32
[pg12b-4-2-hpc:0/8] 2026-08-29 20:00:14,442 (abs_task:1491) INFO: Optimizer:
Adam (
Parameter Group 0
    amsgrad: False
    betas: (0.9, 0.999)
    capturable: False
    decoupled_weight_decay: False
    differentiable: False
    eps: 1e-08
    foreach: None
    fused: None
    initial_lr: 0.0005
    lr: 1.5625e-08
    maximize: False
    weight_decay: 0
)
[pg12b-4-2-hpc:0/8] 2026-08-29 20:00:14,442 (abs_task:1492) INFO: Scheduler: WarmupLR(warmup_steps=32000)
[pg12b-4-2-hpc:0/8] 2026-08-29 20:00:14,446 (abs_task:1501) INFO: Saving the configuration in exp_phaseb/SMOKE_compile/config.yaml
[pg12b-4-2-hpc:0/8] 2026-08-29 20:00:16,597 (abs_task:1920) INFO: [train] Batch sampler: NumElementsBatchSampler(N-batch=2021, batch_bins=36000000, sort_in_batch=descending, sort_batch=descending)
[pg12b-4-2-hpc:0/8] 2026-08-29 20:00:16,598 (abs_task:1921) INFO: [train] mini-batch sizes summary: N-batch=2021, mean=139.2, min=45, max=842
[pg12b-4-2-hpc:0/8] 2026-08-29 20:00:16,768 (read_text:31) INFO: keys_to_load is not None, only loading 36033 keys from dump/raw/train_960/text.km.kmeans_iter0_rand100_train_960_portion1.0
[pg12b-4-2-hpc:0/8] 2026-08-29 20:00:17,558 (abs_task:1945) INFO: [train] dataset:
ESPnetDataset(
  speech: {"path": "dump/raw/train_960/wav.scp", "type": "sound"}
  text: {"path": "dump/raw/train_960/text.km.kmeans_iter0_rand100_train_960_portion1.0", "type": "text"}
  preprocess: <espnet2.train.preprocessor.CommonPreprocessor object at 0x7f35268e7e30>)
[pg12b-4-2-hpc:0/8] 2026-08-29 20:00:17,580 (abs_task:1920) INFO: [valid] Batch sampler: NumElementsBatchSampler(N-batch=15, batch_bins=36000000, sort_in_batch=descending, sort_batch=descending)
[pg12b-4-2-hpc:0/8] 2026-08-29 20:00:17,580 (abs_task:1921) INFO: [valid] mini-batch sizes summary: N-batch=15, mean=237.5, min=51, max=578
[pg12b-4-2-hpc:0/8] 2026-08-29 20:00:17,582 (read_text:31) INFO: keys_to_load is not None, only loading 453 keys from dump/raw/dev/text.km.kmeans_iter0_rand100_train_960_portion1.0
[pg12b-4-2-hpc:0/8] 2026-08-29 20:00:17,588 (abs_task:1945) INFO: [valid] dataset:
ESPnetDataset(
  speech: {"path": "dump/raw/dev/wav.scp", "type": "sound"}
  text: {"path": "dump/raw/dev/text.km.kmeans_iter0_rand100_train_960_portion1.0", "type": "text"}
  preprocess: <espnet2.train.preprocessor.CommonPreprocessor object at 0x7f35273ba270>)
[pg12b-4-2-hpc:0/8] 2026-08-29 20:00:17,588 (trainer:227) INFO: AMP is enabled with dtype=torch.bfloat16 and loss scaling disabled.
[pg12b-4-2-hpc:0/8] 2026-08-29 20:00:17,588 (trainer:597) INFO: Applying torch.compile with {'dynamic': True}
pg12b-4-2-hpc:2735343:2735343 [0] NCCL INFO NCCL_SOCKET_IFNAME set by environment to ^lo,docker,virbr,vmnet,vboxnet
pg12b-4-2-hpc:2735343:2735343 [0] NCCL INFO Bootstrap: Using enp27s0f0np0:10.166.111.42<0>
pg12b-4-2-hpc:2735343:2735343 [0] NCCL INFO cudaDriverVersion 12080
pg12b-4-2-hpc:2735343:2735343 [0] NCCL INFO NCCL version 2.27.5+cuda12.9
pg12b-4-2-hpc:2735343:2735343 [0] NCCL INFO Comm config Blocking set to 1
pg12b-4-2-hpc:2735343:2735434 [0] NCCL INFO NET/Plugin: Could not find: libnccl-net.so. 
pg12b-4-2-hpc:2735343:2735434 [0] NCCL INFO NCCL_SOCKET_IFNAME set by environment to ^lo,docker,virbr,vmnet,vboxnet
pg12b-4-2-hpc:2735343:2735434 [0] NCCL INFO NET/IB : Using [0]mlx5_0:1/IB [1]mlx5_1:1/RoCE [2]mlx5_3:1/IB [3]mlx5_4:1/IB [4]mlx5_5:1/IB [5]mlx5_6:1/IB [6]mlx5_7:1/RoCE [7]mlx5_9:1/IB [8]mlx5_10:1/IB [9]mlx5_11:1/IB [RO]; OOB enp27s0f0np0:10.166.111.42<0>
pg12b-4-2-hpc:2735343:2735434 [0] NCCL INFO Initialized NET plugin IB
pg12b-4-2-hpc:2735343:2735434 [0] NCCL INFO Assigned NET plugin IB to comm
pg12b-4-2-hpc:2735343:2735434 [0] NCCL INFO Using network IB
pg12b-4-2-hpc:2735343:2735434 [0] NCCL INFO ncclCommInitRankConfig comm 0x562ba07e8260 rank 0 nranks 8 cudaDev 0 nvmlDev 0 busId 19000 commId 0x7559998f1febd9c9 - Init START
pg12b-4-2-hpc:2735343:2735434 [0] NCCL INFO RAS client listening socket at 127.0.0.1<28028>
pg12b-4-2-hpc:2735343:2735434 [0] NCCL INFO Bootstrap timings total 0.014617 (create 0.000023, send 0.000098, recv 0.009204, ring 0.005007, delay 0.000000)
pg12b-4-2-hpc:2735343:2735434 [0] NCCL INFO MNNVL busId 0x19000 fabric UUID 0.0 cliqueId 0x0 state 3 healthMask 0x0
pg12b-4-2-hpc:2735343:2735434 [0] NCCL INFO Setting affinity for GPU 0 to 0,2,4,6,8,10,12,14,16,18,20,22,24,26,28,30,32,34,36,38,40,42,44,46,48,50,52,54,56,58,60,62,64,66,68,70,72,74,76,78,80,82,84,86,88,90,92,94,104,106,108,110,112,114,116,118,120,122,124,126,128,130,132,134,136,138,140,142,144,146,148,150,152,154,156,158,160,
pg12b-4-2-hpc:2735343:2735434 [0] NCCL INFO NVLS multicast support is available on dev 0 (NVLS_NCHANNELS 16)
pg12b-4-2-hpc:2735343:2735434 [0] NCCL INFO comm 0x562ba07e8260 rank 0 nRanks 8 nNodes 1 localRanks 8 localRank 0 MNNVL 0
pg12b-4-2-hpc:2735343:2735434 [0] NCCL INFO Channel 00/24 : 0 1 2 3 4 5 6 7
pg12b-4-2-hpc:2735343:2735434 [0] NCCL INFO Channel 01/24 : 0 1 2 3 4 5 6 7
pg12b-4-2-hpc:2735343:2735434 [0] NCCL INFO Channel 02/24 : 0 1 2 3 4 5 6 7
pg12b-4-2-hpc:2735343:2735434 [0] NCCL INFO Channel 03/24 : 0 1 2 3 4 5 6 7
pg12b-4-2-hpc:2735343:2735434 [0] NCCL INFO Channel 04/24 : 0 1 2 3 4 5 6 7
pg12b-4-2-hpc:2735343:2735434 [0] NCCL INFO Channel 05/24 : 0 1 2 3 4 5 6 7
pg12b-4-2-hpc:2735343:2735434 [0] NCCL INFO Channel 06/24 : 0 1 2 3 4 5 6 7
pg12b-4-2-hpc:2735343:2735434 [0] NCCL INFO Channel 07/24 : 0 1 2 3 4 5 6 7
pg12b-4-2-hpc:2735343:2735434 [0] NCCL INFO Channel 08/24 : 0 1 2 3 4 5 6 7
pg12b-4-2-hpc:2735343:2735434 [0] NCCL INFO Channel 09/24 : 0 1 2 3 4 5 6 7
pg12b-4-2-hpc:2735343:2735434 [0] NCCL INFO Channel 10/24 : 0 1 2 3 4 5 6 7
pg12b-4-2-hpc:2735343:2735434 [0] NCCL INFO Channel 11/24 : 0 1 2 3 4 5 6 7
pg12b-4-2-hpc:2735343:2735434 [0] NCCL INFO Channel 12/24 : 0 1 2 3 4 5 6 7
pg12b-4-2-hpc:2735343:2735434 [0] NCCL INFO Channel 13/24 : 0 1 2 3 4 5 6 7
pg12b-4-2-hpc:2735343:2735434 [0] NCCL INFO Channel 14/24 : 0 1 2 3 4 5 6 7
pg12b-4-2-hpc:2735343:2735434 [0] NCCL INFO Channel 15/24 : 0 1 2 3 4 5 6 7
pg12b-4-2-hpc:2735343:2735434 [0] NCCL INFO Channel 16/24 : 0 1 2 3 4 5 6 7
pg12b-4-2-hpc:2735343:2735434 [0] NCCL INFO Channel 17/24 : 0 1 2 3 4 5 6 7
pg12b-4-2-hpc:2735343:2735434 [0] NCCL INFO Channel 18/24 : 0 1 2 3 4 5 6 7
pg12b-4-2-hpc:2735343:2735434 [0] NCCL INFO Channel 19/24 : 0 1 2 3 4 5 6 7
pg12b-4-2-hpc:2735343:2735434 [0] NCCL INFO Channel 20/24 : 0 1 2 3 4 5 6 7
pg12b-4-2-hpc:2735343:2735434 [0] NCCL INFO Channel 21/24 : 0 1 2 3 4 5 6 7
pg12b-4-2-hpc:2735343:2735434 [0] NCCL INFO Channel 22/24 : 0 1 2 3 4 5 6 7
pg12b-4-2-hpc:2735343:2735434 [0] NCCL INFO Channel 23/24 : 0 1 2 3 4 5 6 7
pg12b-4-2-hpc:2735343:2735434 [0] NCCL INFO Trees [0] 1/-1/-1->0->-1 [1] 1/-1/-1->0->pg12b-4-2-hpc:2735350:2735350 [7] NCCL INFO cudaDriverVersion 12080
pg12b-4-2-hpc:2735350:2735350 [7] NCCL INFO NCCL_SOCKET_IFNAME set by environment to ^lo,docker,virbr,vmnet,vboxnet
pg12b-4-2-hpc:2735350:2735350 [7] NCCL INFO Bootstrap: Using enp27s0f0np0:10.166.111.42<0>
pg12b-4-2-hpc:2735350:2735350 [7] NCCL INFO NCCL version 2.27.5+cuda12.9
pg12b-4-2-hpc:2735350:2735350 [7] NCCL INFO Comm config Blocking set to 1
pg12b-4-2-hpc:2735350:2735440 [7] NCCL INFO NET/Plugin: Could not find: libnccl-net.so. 
pg12b-4-2-hpc:2735350:2735440 [7] NCCL INFO NCCL_SOCKET_IFNAME set by environment to ^lo,docker,virbr,vmnet,vboxnet
pg12b-4-2-hpc:2735350:2735440 [7] NCCL INFO NET/IB : Using [0]mlx5_0:1/IB [1]mlx5_1:1/RoCE [2]mlx5_3:1/IB [3]mlx5_4:1/IB [4]mlx5_5:1/IB [5]mlx5_6:1/IB [6]mlx5_7:1/RoCE [7]mlx5_9:1/IB [8]mlx5_10:1/IB [9]mlx5_11:1/IB [RO]; OOB enp27s0f0np0:10.166.111.42<0>
pg12b-4-2-hpc:2735350:2735440 [7] NCCL INFO Initialized NET plugin IB
pg12b-4-2-hpc:2735350:2735440 [7] NCCL INFO Assigned NET plugin IB to comm
pg12b-4-2-hpc:2735350:2735440 [7] NCCL INFO Using network IB
pg12b-4-2-hpc:2735350:2735440 [7] NCCL INFO ncclCommInitRankConfig comm 0x5640323c20a0 rank 7 nranks 8 cudaDev 7 nvmlDev 7 busId db000 commId 0x7559998f1febd9c9 - Init START
pg12b-4-2-hpc:2735350:2735440 [7] NCCL INFO RAS client listening socket at 127.0.0.1<28028>
pg12b-4-2-hpc:2735350:2735440 [7] NCCL INFO Bootstrap timings total 0.073207 (create 0.000026, send 0.000116, recv 0.058628, ring 0.001957, delay 0.000000)
pg12b-4-2-hpc:2735350:2735440 [7] NCCL INFO MNNVL busId 0xdb000 fabric UUID 0.0 cliqueId 0x0 state 3 healthMask 0x0
pg12b-4-2-hpc:2735350:2735440 [7] NCCL INFO Setting affinity for GPU 7 to 1,3,5,7,9,11,13,15,17,19,21,23,25,27,29,31,33,35,37,39,41,43,45,47,49,51,53,55,57,59,61,63,65,67,69,71,73,75,77,79,81,83,85,87,89,91,93,95,105,107,109,111,113,115,117,119,121,123,125,127,129,131,133,135,137,139,141,143,145,147,149,151,153,155,157,159,161,
pg12b-4-2-hpc:2735350:2735440 [7] NCCL INFO NVLS multicast support is available on dev 7 (NVLS_NCHANNELS 16)
pg12b-4-2-hpc:2735350:2735440 [7] NCCL INFO comm 0x5640323c20a0 rank 7 nRanks 8 nNodes 1 localRanks 8 localRank 7 MNNVL 0
pg12b-4-2-hpc:2735350:2735440 [7] NCCL INFO Trees [0] -1/-1/-1->7->6 [1] -1/-1/-1->7->6 [2] -1/-1/-1->7->6 [3] -1/-1/-1->7->6 [4] -1/-1/-1->7->6 [5] -1/-1/-1->7->6 [6] -1/-1/-1->7->6 [7] -1/-1/-1->7->6 [8] -1/-1/-1->7->6 [9] -1/-1/-1->7->6 [10] -1/-1/-1->7->6 [11] -1/-1/-1->7->6 [12] -1/-1/-1->7->6 [13] -1/-1/-1->7->6 [14] -1/-1/-1->7->6 [15] -1/-1/-1->7->6 [16] -1/-1/-1->7->6 [17] -1/-1/-1->7->6 [18] -1/-1/-1->7->6 [19] -1/-1/-1->7->6 [20] -1/-1/-1->7->6 [21] -1/-1/-1->7->6 [22] -1/-1/-1->7->6 [23] -1/-1/-1->7->6
pg12b-4-2-hpc:2735350:2735440 [7] NCCL INFO P2P Chunksize set to 524288
pg12b-4-2-hpc:2735350:2735440 [7] NCCL INFO PROFILER/Plugin: Could not find: libnccl-profiler.so. 
pg12b-4-2-hpc:2735350:2735542 [7] NCCL INFO [Proxy Service] Device 7 CPU core 149
pg12b-4-2-hpc:2735350:2735545 [7] NCCL INFO [Proxy Service UDS] Device 7 CPU core 151
pg12b-4-2-hpc:2735350:2735440 [7] NCCL INFO threadThresholds 8/8/64 | 64/8/64 | 512 | 512
pg12b-4-2-hpc:2735350:2735440 [7] NCCL INFO 24 coll channels, 24 collnet channels, 16 nvls channels, 32 p2p channels, 32 p2p channels per peer
pg12b-4-2-hpc:2735350:2735440 [7] NCCL INFO TUNER/Plugin: Could not find: libnccl-tuner.so. Using internal tuner plugin.
pg12b-4-2-hpc:2735350:2735440 [7] NCCL INFO ncclCommInitRankConfig comm 0x5640323c20a0 rank 7 nranks 8 cudaDev 7 nvmlDev 7 busId db000 commId 0x7559998f1febd9c9 - Init COMPLETE
pg12b-4-2-hpc:2735350:2735440 [7] NCCL INFO Init timings - ncclCommInitRankConfig: rank 7 nranks 8 total 1.71 (kernels 0.25, alloc 1.00, bootstrap 0.07, allgathers 0.01, topo 0.06, graphs 0.01, connections 0.25, rest 0.06)
pg12b-4-2-hpc:2735350:2735556 [7] NCCL INFO Channel 00/0 : 7[7] -> 0[0] via P2P/CUMEM
pg12b-4-2-hpc:2735350:2735556 [7] NCCL INFO Channel 01/0 : 7[7] -> 0[0] via P2P/CUMEM
pg12b-4-2-hpc:2735350:2735556 [7] NCCL INFO Channel 02/0 : 7[7] -> 0[0] via P2P/CUMEM
pg12b-4-2-hpc:2735350:2735556 [7] NCCLpg12b-4-2-hpc:2735345:2735345 [2] NCCL INFO cudaDriverVersion 12080
pg12b-4-2-hpc:2735345:2735345 [2] NCCL INFO NCCL_SOCKET_IFNAME set by environment to ^lo,docker,virbr,vmnet,vboxnet
pg12b-4-2-hpc:2735345:2735345 [2] NCCL INFO Bootstrap: Using enp27s0f0np0:10.166.111.42<0>
pg12b-4-2-hpc:2735345:2735345 [2] NCCL INFO NCCL version 2.27.5+cuda12.9
pg12b-4-2-hpc:2735345:2735345 [2] NCCL INFO Comm config Blocking set to 1
pg12b-4-2-hpc:2735345:2735437 [2] NCCL INFO NET/Plugin: Could not find: libnccl-net.so. 
pg12b-4-2-hpc:2735345:2735437 [2] NCCL INFO NCCL_SOCKET_IFNAME set by environment to ^lo,docker,virbr,vmnet,vboxnet
pg12b-4-2-hpc:2735345:2735437 [2] NCCL INFO NET/IB : Using [0]mlx5_0:1/IB [1]mlx5_1:1/RoCE [2]mlx5_3:1/IB [3]mlx5_4:1/IB [4]mlx5_5:1/IB [5]mlx5_6:1/IB [6]mlx5_7:1/RoCE [7]mlx5_9:1/IB [8]mlx5_10:1/IB [9]mlx5_11:1/IB [RO]; OOB enp27s0f0np0:10.166.111.42<0>
pg12b-4-2-hpc:2735345:2735437 [2] NCCL INFO Initialized NET plugin IB
pg12b-4-2-hpc:2735345:2735437 [2] NCCL INFO Assigned NET plugin IB to comm
pg12b-4-2-hpc:2735345:2735437 [2] NCCL INFO Using network IB
pg12b-4-2-hpc:2735345:2735437 [2] NCCL INFO ncclCommInitRankConfig comm 0x5636f6d646b0 rank 2 nranks 8 cudaDev 2 nvmlDev 2 busId 4c000 commId 0x7559998f1febd9c9 - Init START
pg12b-4-2-hpc:2735345:2735437 [2] NCCL INFO RAS client listening socket at 127.0.0.1<28028>
pg12b-4-2-hpc:2735345:2735437 [2] NCCL INFO Bootstrap timings total 0.043590 (create 0.000020, send 0.000101, recv 0.020056, ring 0.005001, delay 0.000007)
pg12b-4-2-hpc:2735345:2735437 [2] NCCL INFO MNNVL busId 0x4c000 fabric UUID 0.0 cliqueId 0x0 state 3 healthMask 0x0
pg12b-4-2-hpc:2735345:2735437 [2] NCCL INFO Setting affinity for GPU 2 to 0,2,4,6,8,10,12,14,16,18,20,22,24,26,28,30,32,34,36,38,40,42,44,46,48,50,52,54,56,58,60,62,64,66,68,70,72,74,76,78,80,82,84,86,88,90,92,94,104,106,108,110,112,114,116,118,120,122,124,126,128,130,132,134,136,138,140,142,144,146,148,150,152,154,156,158,160,
pg12b-4-2-hpc:2735345:2735437 [2] NCCL INFO NVLS multicast support is available on dev 2 (NVLS_NCHANNELS 16)
pg12b-4-2-hpc:2735345:2735437 [2] NCCL INFO comm 0x5636f6d646b0 rank 2 nRanks 8 nNodes 1 localRanks 8 localRank 2 MNNVL 0
pg12b-4-2-hpc:2735345:2735437 [2] NCCL INFO Trees [0] 3/-1/-1->2->1 [1] 3/-1/-1->2->1 [2] 3/-1/-1->2->1 [3] 3/-1/-1->2->1 [4] 3/-1/-1->2->1 [5] 3/-1/-1->2->1 [6] 3/-1/-1->2->1 [7] 3/-1/-1->2->1 [8] 3/-1/-1->2->1 [9] 3/-1/-1->2->1 [10] 3/-1/-1->2->1 [11] 3/-1/-1->2->1 [12] 3/-1/-1->2->1 [13] 3/-1/-1->2->1 [14] 3/-1/-1->2->1 [15] 3/-1/-1->2->1 [16] 3/-1/-1->2->1 [17] 3/-1/-1->2->1 [18] 3/-1/-1->2->1 [19] 3/-1/-1->2->1 [20] 3/-1/-1->2->1 [21] 3/-1/-1->2->1 [22] 3/-1/-1->2->1 [23] 3/-1/-1->2->1
pg12b-4-2-hpc:2735345:2735437 [2] NCCL INFO P2P Chunksize set to 524288
pg12b-4-2-hpc:2735345:2735437 [2] NCCL INFO PROFILER/Plugin: Could not find: libnccl-profiler.so. 
pg12b-4-2-hpc:2735345:2735538 [2] NCCL INFO [Proxy Service] Device 2 CPU core 34
pg12b-4-2-hpc:2735345:2735540 [2] NCCL INFO [Proxy Service UDS] Device 2 CPU core 36
pg12b-4-2-hpc:2735345:2735437 [2] NCCL INFO threadThresholds 8/8/64 | 64/8/64 | 512 | 512
pg12b-4-2-hpc:2735345:2735437 [2] NCCL INFO 24 coll channels, 24 collnet channels, 16 nvls channels, 32 p2p channels, 32 p2p channels per peer
pg12b-4-2-hpc:2735345:2735437 [2] NCCL INFO TUNER/Plugin: Could not find: libnccl-tuner.so. Using internal tuner plugin.
pg12b-4-2-hpc:2735345:2735437 [2] NCCL INFO ncclCommInitRankConfig comm 0x5636f6d646b0 rank 2 nranks 8 cudaDev 2 nvmlDev 2 busId 4c000 commId 0x7559998f1febd9c9 - Init COMPLETE
pg12b-4-2-hpc:2735345:2735437 [2] NCCL INFO Init timings - ncclCommInitRankConfig: rank 2 nranks 8 total 1.90 (kernels 0.37, alloc 1.09, bootstrap 0.04, allgathers 0.01, topo 0.06, graphs 0.01, connections 0.25, rest 0.06)
pg12b-4-2-hpc:2735345:2735559 [2] NCCL INFO Channel 00/0 : 2[2] -> 3[3] via P2P/CUMEM
pg12b-4-2-hpc:2735345:2735559 [2] NCCL INFO Channel 01/0 : 2[2] -> 3[3] via P2P/CUMEM
pg12b-4-2-hpc:2735345:2735559 [2] NCCL INFO Channel 02/0 : 2[2] -> 3[3] via P2P/CUMEM
pg12b-4-2-hpc:2735345:2735559 [2] NCCL INFO Channel 03/0 : 2[2] pg12b-4-2-hpc:2735344:2735344 [1] NCCL INFO cudaDriverVersion 12080
pg12b-4-2-hpc:2735344:2735344 [1] NCCL INFO NCCL_SOCKET_IFNAME set by environment to ^lo,docker,virbr,vmnet,vboxnet
pg12b-4-2-hpc:2735344:2735344 [1] NCCL INFO Bootstrap: Using enp27s0f0np0:10.166.111.42<0>
pg12b-4-2-hpc:2735344:2735344 [1] NCCL INFO NCCL version 2.27.5+cuda12.9
pg12b-4-2-hpc:2735344:2735344 [1] NCCL INFO Comm config Blocking set to 1
pg12b-4-2-hpc:2735344:2735441 [1] NCCL INFO NET/Plugin: Could not find: libnccl-net.so. 
pg12b-4-2-hpc:2735344:2735441 [1] NCCL INFO NCCL_SOCKET_IFNAME set by environment to ^lo,docker,virbr,vmnet,vboxnet
pg12b-4-2-hpc:2735344:2735441 [1] NCCL INFO NET/IB : Using [0]mlx5_0:1/IB [1]mlx5_1:1/RoCE [2]mlx5_3:1/IB [3]mlx5_4:1/IB [4]mlx5_5:1/IB [5]mlx5_6:1/IB [6]mlx5_7:1/RoCE [7]mlx5_9:1/IB [8]mlx5_10:1/IB [9]mlx5_11:1/IB [RO]; OOB enp27s0f0np0:10.166.111.42<0>
pg12b-4-2-hpc:2735344:2735441 [1] NCCL INFO Initialized NET plugin IB
pg12b-4-2-hpc:2735344:2735441 [1] NCCL INFO Assigned NET plugin IB to comm
pg12b-4-2-hpc:2735344:2735441 [1] NCCL INFO Using network IB
pg12b-4-2-hpc:2735344:2735441 [1] NCCL INFO ncclCommInitRankConfig comm 0x561c27d666a0 rank 1 nranks 8 cudaDev 1 nvmlDev 1 busId 3b000 commId 0x7559998f1febd9c9 - Init START
pg12b-4-2-hpc:2735344:2735441 [1] NCCL INFO RAS client listening socket at 127.0.0.1<28028>
pg12b-4-2-hpc:2735344:2735441 [1] NCCL INFO Bootstrap timings total 0.005477 (create 0.000022, send 0.000100, recv 0.000096, ring 0.005001, delay 0.000005)
pg12b-4-2-hpc:2735344:2735441 [1] NCCL INFO MNNVL busId 0x3b000 fabric UUID 0.0 cliqueId 0x0 state 3 healthMask 0x0
pg12b-4-2-hpc:2735344:2735441 [1] NCCL INFO Setting affinity for GPU 1 to 0,2,4,6,8,10,12,14,16,18,20,22,24,26,28,30,32,34,36,38,40,42,44,46,48,50,52,54,56,58,60,62,64,66,68,70,72,74,76,78,80,82,84,86,88,90,92,94,104,106,108,110,112,114,116,118,120,122,124,126,128,130,132,134,136,138,140,142,144,146,148,150,152,154,156,158,160,
pg12b-4-2-hpc:2735344:2735441 [1] NCCL INFO NVLS multicast support is available on dev 1 (NVLS_NCHANNELS 16)
pg12b-4-2-hpc:2735344:2735441 [1] NCCL INFO comm 0x561c27d666a0 rank 1 nRanks 8 nNodes 1 localRanks 8 localRank 1 MNNVL 0
pg12b-4-2-hpc:2735344:2735441 [1] NCCL INFO Trees [0] 2/-1/-1->1->0 [1] 2/-1/-1->1->0 [2] 2/-1/-1->1->0 [3] 2/-1/-1->1->0 [4] 2/-1/-1->1->0 [5] 2/-1/-1->1->0 [6] 2/-1/-1->1->0 [7] 2/-1/-1->1->0 [8] 2/-1/-1->1->0 [9] 2/-1/-1->1->0 [10] 2/-1/-1->1->0 [11] 2/-1/-1->1->0 [12] 2/-1/-1->1->0 [13] 2/-1/-1->1->0 [14] 2/-1/-1->1->0 [15] 2/-1/-1->1->0 [16] 2/-1/-1->1->0 [17] 2/-1/-1->1->0 [18] 2/-1/-1->1->0 [19] 2/-1/-1->1->0 [20] 2/-1/-1->1->0 [21] 2/-1/-1->1->0 [22] 2/-1/-1->1->0 [23] 2/-1/-1->1->0
pg12b-4-2-hpc:2735344:2735441 [1] NCCL INFO P2P Chunksize set to 524288
pg12b-4-2-hpc:2735344:2735441 [1] NCCL INFO PROFILER/Plugin: Could not find: libnccl-profiler.so. 
pg12b-4-2-hpc:2735344:2735543 [1] NCCL INFO [Proxy Service] Device 1 CPU core 16
pg12b-4-2-hpc:2735344:2735544 [1] NCCL INFO [Proxy Service UDS] Device 1 CPU core 20
pg12b-4-2-hpc:2735344:2735441 [1] NCCL INFO threadThresholds 8/8/64 | 64/8/64 | 512 | 512
pg12b-4-2-hpc:2735344:2735441 [1] NCCL INFO 24 coll channels, 24 collnet channels, 16 nvls channels, 32 p2p channels, 32 p2p channels per peer
pg12b-4-2-hpc:2735344:2735441 [1] NCCL INFO TUNER/Plugin: Could not find: libnccl-tuner.so. Using internal tuner plugin.
pg12b-4-2-hpc:2735344:2735441 [1] NCCL INFO ncclCommInitRankConfig comm 0x561c27d666a0 rank 1 nranks 8 cudaDev 1 nvmlDev 1 busId 3b000 commId 0x7559998f1febd9c9 - Init COMPLETE
pg12b-4-2-hpc:2735344:2735441 [1] NCCL INFO Init timings - ncclCommInitRankConfig: rank 1 nranks 8 total 1.71 (kernels 0.26, alloc 1.07, bootstrap 0.01, allgathers 0.01, topo 0.06, graphs 0.01, connections 0.25, rest 0.06)
pg12b-4-2-hpc:2735344:2735560 [1] NCCL INFO Channel 00/0 : 1[1] -> 2[2] via P2P/CUMEM
pg12b-4-2-hpc:2735344:2735560 [1] NCCL INFO Channel 01/0 : 1[1] -> 2[2] via P2P/CUMEM
pg12b-4-2-hpc:2735344:2735560 [1] NCCL INFO Channel 02/0 : 1[1] -> 2[2] via P2P/CUMEM
pg12b-4-2-hpc:2735344:2735560 [1] NCCL INFO Channel 03/0 : 1[1] pg12b-4-2-hpc:2735349:2735349 [6] NCCL INFO cudaDriverVersion 12080
pg12b-4-2-hpc:2735349:2735349 [6] NCCL INFO NCCL_SOCKET_IFNAME set by environment to ^lo,docker,virbr,vmnet,vboxnet
pg12b-4-2-hpc:2735349:2735349 [6] NCCL INFO Bootstrap: Using enp27s0f0np0:10.166.111.42<0>
pg12b-4-2-hpc:2735349:2735349 [6] NCCL INFO NCCL version 2.27.5+cuda12.9
pg12b-4-2-hpc:2735349:2735349 [6] NCCL INFO Comm config Blocking set to 1
pg12b-4-2-hpc:2735349:2735439 [6] NCCL INFO NET/Plugin: Could not find: libnccl-net.so. 
pg12b-4-2-hpc:2735349:2735439 [6] NCCL INFO NCCL_SOCKET_IFNAME set by environment to ^lo,docker,virbr,vmnet,vboxnet
pg12b-4-2-hpc:2735349:2735439 [6] NCCL INFO NET/IB : Using [0]mlx5_0:1/IB [1]mlx5_1:1/RoCE [2]mlx5_3:1/IB [3]mlx5_4:1/IB [4]mlx5_5:1/IB [5]mlx5_6:1/IB [6]mlx5_7:1/RoCE [7]mlx5_9:1/IB [8]mlx5_10:1/IB [9]mlx5_11:1/IB [RO]; OOB enp27s0f0np0:10.166.111.42<0>
pg12b-4-2-hpc:2735349:2735439 [6] NCCL INFO Initialized NET plugin IB
pg12b-4-2-hpc:2735349:2735439 [6] NCCL INFO Assigned NET plugin IB to comm
pg12b-4-2-hpc:2735349:2735439 [6] NCCL INFO Using network IB
pg12b-4-2-hpc:2735349:2735439 [6] NCCL INFO ncclCommInitRankConfig comm 0x55f7d8525710 rank 6 nranks 8 cudaDev 6 nvmlDev 6 busId cb000 commId 0x7559998f1febd9c9 - Init START
pg12b-4-2-hpc:2735349:2735439 [6] NCCL INFO RAS client listening socket at 127.0.0.1<28028>
pg12b-4-2-hpc:2735349:2735439 [6] NCCL INFO Bootstrap timings total 0.002380 (create 0.000020, send 0.000095, recv 0.000079, ring 0.001967, delay 0.000000)
pg12b-4-2-hpc:2735349:2735439 [6] NCCL INFO MNNVL busId 0xcb000 fabric UUID 0.0 cliqueId 0x0 state 3 healthMask 0x0
pg12b-4-2-hpc:2735349:2735439 [6] NCCL INFO Setting affinity for GPU 6 to 1,3,5,7,9,11,13,15,17,19,21,23,25,27,29,31,33,35,37,39,41,43,45,47,49,51,53,55,57,59,61,63,65,67,69,71,73,75,77,79,81,83,85,87,89,91,93,95,105,107,109,111,113,115,117,119,121,123,125,127,129,131,133,135,137,139,141,143,145,147,149,151,153,155,157,159,161,
pg12b-4-2-hpc:2735349:2735439 [6] NCCL INFO NVLS multicast support is available on dev 6 (NVLS_NCHANNELS 16)
pg12b-4-2-hpc:2735349:2735439 [6] NCCL INFO comm 0x55f7d8525710 rank 6 nRanks 8 nNodes 1 localRanks 8 localRank 6 MNNVL 0
pg12b-4-2-hpc:2735349:2735439 [6] NCCL INFO Trees [0] 7/-1/-1->6->5 [1] 7/-1/-1->6->5 [2] 7/-1/-1->6->5 [3] 7/-1/-1->6->5 [4] 7/-1/-1->6->5 [5] 7/-1/-1->6->5 [6] 7/-1/-1->6->5 [7] 7/-1/-1->6->5 [8] 7/-1/-1->6->5 [9] 7/-1/-1->6->5 [10] 7/-1/-1->6->5 [11] 7/-1/-1->6->5 [12] 7/-1/-1->6->5 [13] 7/-1/-1->6->5 [14] 7/-1/-1->6->5 [15] 7/-1/-1->6->5 [16] 7/-1/-1->6->5 [17] 7/-1/-1->6->5 [18] 7/-1/-1->6->5 [19] 7/-1/-1->6->5 [20] 7/-1/-1->6->5 [21] 7/-1/-1->6->5 [22] 7/-1/-1->6->5 [23] 7/-1/-1->6->5
pg12b-4-2-hpc:2735349:2735439 [6] NCCL INFO P2P Chunksize set to 524288
pg12b-4-2-hpc:2735349:2735439 [6] NCCL INFO PROFILER/Plugin: Could not find: libnccl-profiler.so. 
pg12b-4-2-hpc:2735349:2735546 [6] NCCL INFO [Proxy Service] Device 6 CPU core 59
pg12b-4-2-hpc:2735349:2735548 [6] NCCL INFO [Proxy Service UDS] Device 6 CPU core 61
pg12b-4-2-hpc:2735349:2735439 [6] NCCL INFO threadThresholds 8/8/64 | 64/8/64 | 512 | 512
pg12b-4-2-hpc:2735349:2735439 [6] NCCL INFO 24 coll channels, 24 collnet channels, 16 nvls channels, 32 p2p channels, 32 p2p channels per peer
pg12b-4-2-hpc:2735349:2735439 [6] NCCL INFO TUNER/Plugin: Could not find: libnccl-tuner.so. Using internal tuner plugin.
pg12b-4-2-hpc:2735349:2735439 [6] NCCL INFO ncclCommInitRankConfig comm 0x55f7d8525710 rank 6 nranks 8 cudaDev 6 nvmlDev 6 busId cb000 commId 0x7559998f1febd9c9 - Init COMPLETE
pg12b-4-2-hpc:2735349:2735439 [6] NCCL INFO Init timings - ncclCommInitRankConfig: rank 6 nranks 8 total 1.72 (kernels 0.26, alloc 1.07, bootstrap 0.00, allgathers 0.01, topo 0.06, graphs 0.01, connections 0.25, rest 0.06)
pg12b-4-2-hpc:2735349:2735557 [6] NCCL INFO Channel 00/0 : 6[6] -> 7[7] via P2P/CUMEM
pg12b-4-2-hpc:2735349:2735557 [6] NCCL INFO Channel 01/0 : 6[6] -> 7[7] via P2P/CUMEM
pg12b-4-2-hpc:2735349:2735557 [6] NCCL INFO Channel 02/0 : 6[6] -> 7[7] via P2P/CUMEM
pg12b-4-2-hpc:2735349:2735557 [6] NCCL INFO Channel 03/0 : 6[6] pg12b-4-2-hpc:2735348:2735348 [5] NCCL INFO cudaDriverVersion 12080
pg12b-4-2-hpc:2735348:2735348 [5] NCCL INFO NCCL_SOCKET_IFNAME set by environment to ^lo,docker,virbr,vmnet,vboxnet
pg12b-4-2-hpc:2735348:2735348 [5] NCCL INFO Bootstrap: Using enp27s0f0np0:10.166.111.42<0>
pg12b-4-2-hpc:2735348:2735348 [5] NCCL INFO NCCL version 2.27.5+cuda12.9
pg12b-4-2-hpc:2735348:2735348 [5] NCCL INFO Comm config Blocking set to 1
pg12b-4-2-hpc:2735348:2735438 [5] NCCL INFO NET/Plugin: Could not find: libnccl-net.so. 
pg12b-4-2-hpc:2735348:2735438 [5] NCCL INFO NCCL_SOCKET_IFNAME set by environment to ^lo,docker,virbr,vmnet,vboxnet
pg12b-4-2-hpc:2735348:2735438 [5] NCCL INFO NET/IB : Using [0]mlx5_0:1/IB [1]mlx5_1:1/RoCE [2]mlx5_3:1/IB [3]mlx5_4:1/IB [4]mlx5_5:1/IB [5]mlx5_6:1/IB [6]mlx5_7:1/RoCE [7]mlx5_9:1/IB [8]mlx5_10:1/IB [9]mlx5_11:1/IB [RO]; OOB enp27s0f0np0:10.166.111.42<0>
pg12b-4-2-hpc:2735348:2735438 [5] NCCL INFO Initialized NET plugin IB
pg12b-4-2-hpc:2735348:2735438 [5] NCCL INFO Assigned NET plugin IB to comm
pg12b-4-2-hpc:2735348:2735438 [5] NCCL INFO Using network IB
pg12b-4-2-hpc:2735348:2735438 [5] NCCL INFO ncclCommInitRankConfig comm 0x55f85266d460 rank 5 nranks 8 cudaDev 5 nvmlDev 5 busId bb000 commId 0x7559998f1febd9c9 - Init START
pg12b-4-2-hpc:2735348:2735438 [5] NCCL INFO RAS client listening socket at 127.0.0.1<28028>
pg12b-4-2-hpc:2735348:2735438 [5] NCCL INFO Bootstrap timings total 0.027398 (create 0.000021, send 0.000098, recv 0.025074, ring 0.000170, delay 0.000000)
pg12b-4-2-hpc:2735348:2735438 [5] NCCL INFO MNNVL busId 0xbb000 fabric UUID 0.0 cliqueId 0x0 state 3 healthMask 0x0
pg12b-4-2-hpc:2735348:2735438 [5] NCCL INFO Setting affinity for GPU 5 to 1,3,5,7,9,11,13,15,17,19,21,23,25,27,29,31,33,35,37,39,41,43,45,47,49,51,53,55,57,59,61,63,65,67,69,71,73,75,77,79,81,83,85,87,89,91,93,95,105,107,109,111,113,115,117,119,121,123,125,127,129,131,133,135,137,139,141,143,145,147,149,151,153,155,157,159,161,
pg12b-4-2-hpc:2735348:2735438 [5] NCCL INFO NVLS multicast support is available on dev 5 (NVLS_NCHANNELS 16)
pg12b-4-2-hpc:2735348:2735438 [5] NCCL INFO comm 0x55f85266d460 rank 5 nRanks 8 nNodes 1 localRanks 8 localRank 5 MNNVL 0
pg12b-4-2-hpc:2735348:2735438 [5] NCCL INFO Trees [0] 6/-1/-1->5->4 [1] 6/-1/-1->5->4 [2] 6/-1/-1->5->4 [3] 6/-1/-1->5->4 [4] 6/-1/-1->5->4 [5] 6/-1/-1->5->4 [6] 6/-1/-1->5->4 [7] 6/-1/-1->5->4 [8] 6/-1/-1->5->4 [9] 6/-1/-1->5->4 [10] 6/-1/-1->5->4 [11] 6/-1/-1->5->4 [12] 6/-1/-1->5->4 [13] 6/-1/-1->5->4 [14] 6/-1/-1->5->4 [15] 6/-1/-1->5->4 [16] 6/-1/-1->5->4 [17] 6/-1/-1->5->4 [18] 6/-1/-1->5->4 [19] 6/-1/-1->5->4 [20] 6/-1/-1->5->4 [21] 6/-1/-1->5->4 [22] 6/-1/-1->5->4 [23] 6/-1/-1->5->4
pg12b-4-2-hpc:2735348:2735438 [5] NCCL INFO P2P Chunksize set to 524288
pg12b-4-2-hpc:2735348:2735438 [5] NCCL INFO PROFILER/Plugin: Could not find: libnccl-profiler.so. 
pg12b-4-2-hpc:2735348:2735539 [5] NCCL INFO [Proxy Service] Device 5 CPU core 11
pg12b-4-2-hpc:2735348:2735541 [5] NCCL INFO [Proxy Service UDS] Device 5 CPU core 133
pg12b-4-2-hpc:2735348:2735438 [5] NCCL INFO threadThresholds 8/8/64 | 64/8/64 | 512 | 512
pg12b-4-2-hpc:2735348:2735438 [5] NCCL INFO 24 coll channels, 24 collnet channels, 16 nvls channels, 32 p2p channels, 32 p2p channels per peer
pg12b-4-2-hpc:2735348:2735438 [5] NCCL INFO TUNER/Plugin: Could not find: libnccl-tuner.so. Using internal tuner plugin.
pg12b-4-2-hpc:2735348:2735438 [5] NCCL INFO ncclCommInitRankConfig comm 0x55f85266d460 rank 5 nranks 8 cudaDev 5 nvmlDev 5 busId bb000 commId 0x7559998f1febd9c9 - Init COMPLETE
pg12b-4-2-hpc:2735348:2735438 [5] NCCL INFO Init timings - ncclCommInitRankConfig: rank 5 nranks 8 total 1.73 (kernels 0.26, alloc 1.06, bootstrap 0.03, allgathers 0.01, topo 0.06, graphs 0.01, connections 0.25, rest 0.06)
pg12b-4-2-hpc:2735348:2735562 [5] NCCL INFO Channel 00/0 : 5[5] -> 6[6] via P2P/CUMEM
pg12b-4-2-hpc:2735348:2735562 [5] NCCL INFO Channel 01/0 : 5[5] -> 6[6] via P2P/CUMEM
pg12b-4-2-hpc:2735348:2735562 [5] NCCL INFO Channel 02/0 : 5[5] -> 6[6] via P2P/CUMEM
pg12b-4-2-hpc:2735348:2735562 [5] NCCL INFO Channel 03/0 : 5[5]pg12b-4-2-hpc:2735346:2735346 [3] NCCL INFO cudaDriverVersion 12080
pg12b-4-2-hpc:2735346:2735346 [3] NCCL INFO NCCL_SOCKET_IFNAME set by environment to ^lo,docker,virbr,vmnet,vboxnet
pg12b-4-2-hpc:2735346:2735346 [3] NCCL INFO Bootstrap: Using enp27s0f0np0:10.166.111.42<0>
pg12b-4-2-hpc:2735346:2735346 [3] NCCL INFO NCCL version 2.27.5+cuda12.9
pg12b-4-2-hpc:2735346:2735346 [3] NCCL INFO Comm config Blocking set to 1
pg12b-4-2-hpc:2735346:2735435 [3] NCCL INFO NET/Plugin: Could not find: libnccl-net.so. 
pg12b-4-2-hpc:2735346:2735435 [3] NCCL INFO NCCL_SOCKET_IFNAME set by environment to ^lo,docker,virbr,vmnet,vboxnet
pg12b-4-2-hpc:2735346:2735435 [3] NCCL INFO NET/IB : Using [0]mlx5_0:1/IB [1]mlx5_1:1/RoCE [2]mlx5_3:1/IB [3]mlx5_4:1/IB [4]mlx5_5:1/IB [5]mlx5_6:1/IB [6]mlx5_7:1/RoCE [7]mlx5_9:1/IB [8]mlx5_10:1/IB [9]mlx5_11:1/IB [RO]; OOB enp27s0f0np0:10.166.111.42<0>
pg12b-4-2-hpc:2735346:2735435 [3] NCCL INFO Initialized NET plugin IB
pg12b-4-2-hpc:2735346:2735435 [3] NCCL INFO Assigned NET plugin IB to comm
pg12b-4-2-hpc:2735346:2735435 [3] NCCL INFO Using network IB
pg12b-4-2-hpc:2735346:2735435 [3] NCCL INFO ncclCommInitRankConfig comm 0x55800e44ceb0 rank 3 nranks 8 cudaDev 3 nvmlDev 3 busId 5d000 commId 0x7559998f1febd9c9 - Init START
pg12b-4-2-hpc:2735346:2735435 [3] NCCL INFO RAS client listening socket at 127.0.0.1<28028>
pg12b-4-2-hpc:2735346:2735435 [3] NCCL INFO Bootstrap timings total 0.023604 (create 0.000022, send 0.000104, recv 0.023055, ring 0.000171, delay 0.000000)
pg12b-4-2-hpc:2735346:2735435 [3] NCCL INFO MNNVL busId 0x5d000 fabric UUID 0.0 cliqueId 0x0 state 3 healthMask 0x0
pg12b-4-2-hpc:2735346:2735435 [3] NCCL INFO Setting affinity for GPU 3 to 0,2,4,6,8,10,12,14,16,18,20,22,24,26,28,30,32,34,36,38,40,42,44,46,48,50,52,54,56,58,60,62,64,66,68,70,72,74,76,78,80,82,84,86,88,90,92,94,104,106,108,110,112,114,116,118,120,122,124,126,128,130,132,134,136,138,140,142,144,146,148,150,152,154,156,158,160,
pg12b-4-2-hpc:2735346:2735435 [3] NCCL INFO NVLS multicast support is available on dev 3 (NVLS_NCHANNELS 16)
pg12b-4-2-hpc:2735346:2735435 [3] NCCL INFO comm 0x55800e44ceb0 rank 3 nRanks 8 nNodes 1 localRanks 8 localRank 3 MNNVL 0
pg12b-4-2-hpc:2735346:2735435 [3] NCCL INFO Trees [0] 4/-1/-1->3->2 [1] 4/-1/-1->3->2 [2] 4/-1/-1->3->2 [3] 4/-1/-1->3->2 [4] 4/-1/-1->3->2 [5] 4/-1/-1->3->2 [6] 4/-1/-1->3->2 [7] 4/-1/-1->3->2 [8] 4/-1/-1->3->2 [9] 4/-1/-1->3->2 [10] 4/-1/-1->3->2 [11] 4/-1/-1->3->2 [12] 4/-1/-1->3->2 [13] 4/-1/-1->3->2 [14] 4/-1/-1->3->2 [15] 4/-1/-1->3->2 [16] 4/-1/-1->3->2 [17] 4/-1/-1->3->2 [18] 4/-1/-1->3->2 [19] 4/-1/-1->3->2 [20] 4/-1/-1->3->2 [21] 4/-1/-1->3->2 [22] 4/-1/-1->3->2 [23] 4/-1/-1->3->2
pg12b-4-2-hpc:2735346:2735435 [3] NCCL INFO P2P Chunksize set to 524288
pg12b-4-2-hpc:2735346:2735435 [3] NCCL INFO PROFILER/Plugin: Could not find: libnccl-profiler.so. 
pg12b-4-2-hpc:2735346:2735547 [3] NCCL INFO [Proxy Service] Device 3 CPU core 12
pg12b-4-2-hpc:2735346:2735550 [3] NCCL INFO [Proxy Service UDS] Device 3 CPU core 126
pg12b-4-2-hpc:2735346:2735435 [3] NCCL INFO threadThresholds 8/8/64 | 64/8/64 | 512 | 512
pg12b-4-2-hpc:2735346:2735435 [3] NCCL INFO 24 coll channels, 24 collnet channels, 16 nvls channels, 32 p2p channels, 32 p2p channels per peer
pg12b-4-2-hpc:2735346:2735435 [3] NCCL INFO TUNER/Plugin: Could not find: libnccl-tuner.so. Using internal tuner plugin.
pg12b-4-2-hpc:2735346:2735435 [3] NCCL INFO ncclCommInitRankConfig comm 0x55800e44ceb0 rank 3 nranks 8 cudaDev 3 nvmlDev 3 busId 5d000 commId 0x7559998f1febd9c9 - Init COMPLETE
pg12b-4-2-hpc:2735346:2735435 [3] NCCL INFO Init timings - ncclCommInitRankConfig: rank 3 nranks 8 total 1.90 (kernels 0.38, alloc 1.11, bootstrap 0.02, allgathers 0.01, topo 0.06, graphs 0.01, connections 0.25, rest 0.06)
pg12b-4-2-hpc:2735346:2735558 [3] NCCL INFO Channel 00/0 : 3[3] -> 4[4] via P2P/CUMEM
pg12b-4-2-hpc:2735346:2735558 [3] NCCL INFO Channel 01/0 : 3[3] -> 4[4] via P2P/CUMEM
pg12b-4-2-hpc:2735346:2735558 [3] NCCL INFO Channel 02/0 : 3[3] -> 4[4] via P2P/CUMEM
pg12b-4-2-hpc:2735346:2735558 [3] NCCL INFO Channel 03/0 : 3[3]pg12b-4-2-hpc:2735347:2735347 [4] NCCL INFO cudaDriverVersion 12080
pg12b-4-2-hpc:2735347:2735347 [4] NCCL INFO NCCL_SOCKET_IFNAME set by environment to ^lo,docker,virbr,vmnet,vboxnet
pg12b-4-2-hpc:2735347:2735347 [4] NCCL INFO Bootstrap: Using enp27s0f0np0:10.166.111.42<0>
pg12b-4-2-hpc:2735347:2735347 [4] NCCL INFO NCCL version 2.27.5+cuda12.9
pg12b-4-2-hpc:2735347:2735347 [4] NCCL INFO Comm config Blocking set to 1
pg12b-4-2-hpc:2735347:2735436 [4] NCCL INFO NET/Plugin: Could not find: libnccl-net.so. 
pg12b-4-2-hpc:2735347:2735436 [4] NCCL INFO NCCL_SOCKET_IFNAME set by environment to ^lo,docker,virbr,vmnet,vboxnet
pg12b-4-2-hpc:2735347:2735436 [4] NCCL INFO NET/IB : Using [0]mlx5_0:1/IB [1]mlx5_1:1/RoCE [2]mlx5_3:1/IB [3]mlx5_4:1/IB [4]mlx5_5:1/IB [5]mlx5_6:1/IB [6]mlx5_7:1/RoCE [7]mlx5_9:1/IB [8]mlx5_10:1/IB [9]mlx5_11:1/IB [RO]; OOB enp27s0f0np0:10.166.111.42<0>
pg12b-4-2-hpc:2735347:2735436 [4] NCCL INFO Initialized NET plugin IB
pg12b-4-2-hpc:2735347:2735436 [4] NCCL INFO Assigned NET plugin IB to comm
pg12b-4-2-hpc:2735347:2735436 [4] NCCL INFO Using network IB
pg12b-4-2-hpc:2735347:2735436 [4] NCCL INFO ncclCommInitRankConfig comm 0x5583b0ab0a00 rank 4 nranks 8 cudaDev 4 nvmlDev 4 busId 9b000 commId 0x7559998f1febd9c9 - Init START
pg12b-4-2-hpc:2735347:2735436 [4] NCCL INFO RAS client listening socket at 127.0.0.1<28028>
pg12b-4-2-hpc:2735347:2735436 [4] NCCL INFO Bootstrap timings total 0.000647 (create 0.000031, send 0.000129, recv 0.000080, ring 0.000129, delay 0.000000)
pg12b-4-2-hpc:2735347:2735436 [4] NCCL INFO MNNVL busId 0x9b000 fabric UUID 0.0 cliqueId 0x0 state 3 healthMask 0x0
pg12b-4-2-hpc:2735347:2735436 [4] NCCL INFO Setting affinity for GPU 4 to 1,3,5,7,9,11,13,15,17,19,21,23,25,27,29,31,33,35,37,39,41,43,45,47,49,51,53,55,57,59,61,63,65,67,69,71,73,75,77,79,81,83,85,87,89,91,93,95,105,107,109,111,113,115,117,119,121,123,125,127,129,131,133,135,137,139,141,143,145,147,149,151,153,155,157,159,161,
pg12b-4-2-hpc:2735347:2735436 [4] NCCL INFO NVLS multicast support is available on dev 4 (NVLS_NCHANNELS 16)
pg12b-4-2-hpc:2735347:2735436 [4] NCCL INFO comm 0x5583b0ab0a00 rank 4 nRanks 8 nNodes 1 localRanks 8 localRank 4 MNNVL 0
pg12b-4-2-hpc:2735347:2735436 [4] NCCL INFO Trees [0] 5/-1/-1->4->3 [1] 5/-1/-1->4->3 [2] 5/-1/-1->4->3 [3] 5/-1/-1->4->3 [4] 5/-1/-1->4->3 [5] 5/-1/-1->4->3 [6] 5/-1/-1->4->3 [7] 5/-1/-1->4->3 [8] 5/-1/-1->4->3 [9] 5/-1/-1->4->3 [10] 5/-1/-1->4->3 [11] 5/-1/-1->4->3 [12] 5/-1/-1->4->3 [13] 5/-1/-1->4->3 [14] 5/-1/-1->4->3 [15] 5/-1/-1->4->3 [16] 5/-1/-1->4->3 [17] 5/-1/-1->4->3 [18] 5/-1/-1->4->3 [19] 5/-1/-1->4->3 [20] 5/-1/-1->4->3 [21] 5/-1/-1->4->3 [22] 5/-1/-1->4->3 [23] 5/-1/-1->4->3
pg12b-4-2-hpc:2735347:2735436 [4] NCCL INFO P2P Chunksize set to 524288
pg12b-4-2-hpc:2735347:2735436 [4] NCCL INFO PROFILER/Plugin: Could not find: libnccl-profiler.so. 
pg12b-4-2-hpc:2735347:2735549 [4] NCCL INFO [Proxy Service] Device 4 CPU core 49
pg12b-4-2-hpc:2735347:2735551 [4] NCCL INFO [Proxy Service UDS] Device 4 CPU core 155
pg12b-4-2-hpc:2735347:2735436 [4] NCCL INFO threadThresholds 8/8/64 | 64/8/64 | 512 | 512
pg12b-4-2-hpc:2735347:2735436 [4] NCCL INFO 24 coll channels, 24 collnet channels, 16 nvls channels, 32 p2p channels, 32 p2p channels per peer
pg12b-4-2-hpc:2735347:2735436 [4] NCCL INFO TUNER/Plugin: Could not find: libnccl-tuner.so. Using internal tuner plugin.
pg12b-4-2-hpc:2735347:2735436 [4] NCCL INFO ncclCommInitRankConfig comm 0x5583b0ab0a00 rank 4 nranks 8 cudaDev 4 nvmlDev 4 busId 9b000 commId 0x7559998f1febd9c9 - Init COMPLETE
pg12b-4-2-hpc:2735347:2735436 [4] NCCL INFO Init timings - ncclCommInitRankConfig: rank 4 nranks 8 total 1.90 (kernels 0.38, alloc 1.13, bootstrap 0.00, allgathers 0.00, topo 0.06, graphs 0.01, connections 0.25, rest 0.06)
pg12b-4-2-hpc:2735347:2735563 [4] NCCL INFO Channel 00/0 : 4[4] -> 5[5] via P2P/CUMEM
pg12b-4-2-hpc:2735347:2735563 [4] NCCL INFO Channel 01/0 : 4[4] -> 5[5] via P2P/CUMEM
pg12b-4-2-hpc:2735347:2735563 [4] NCCL INFO Channel 02/0 : 4[4] -> 5[5] via P2P/CUMEM
pg12b-4-2-hpc:2735347:2735563 [4] NCCL INFO Channel 03/0 : 4[4]-> 2[2] via P2P/CUMEM
pg12b-4-2-hpc:2735344:2735560 [1] NCCL INFO Channel 04/0 : 1[1] -> 2[2] via P2P/CUMEM
pg12b-4-2-hpc:2735344:2735560 [1] NCCL INFO Channel 05/0 : 1[1] -> 2[2] via P2P/CUMEM
pg12b-4-2-hpc:2735344:2735560 [1] NCCL INFO Channel 06/0 : 1[1] -> 2[2] via P2P/CUMEM
pg12b-4-2-hpc:2735344:2735560 [1] NCCL INFO Channel 07/0 : 1[1] -> 2[2] via P2P/CUMEM
pg12b-4-2-hpc:2735344:2735560 [1] NCCL INFO Channel 08/0 : 1[1] -> 2[2] via P2P/CUMEM
pg12b-4-2-hpc:2735344:2735560 [1] NCCL INFO Channel 09/0 : 1[1] -> 2[2] via P2P/CUMEM
pg12b-4-2-hpc:2735344:2735560 [1] NCCL INFO Channel 10/0 : 1[1] -> 2[2] via P2P/CUMEM
pg12b-4-2-hpc:2735344:2735560 [1] NCCL INFO Channel 11/0 : 1[1] -> 2[2] via P2P/CUMEM
pg12b-4-2-hpc:2735344:2735560 [1] NCCL INFO Channel 12/0 : 1[1] -> 2[2] via P2P/CUMEM
pg12b-4-2-hpc:2735344:2735560 [1] NCCL INFO Channel 13/0 : 1[1] -> 2[2] via P2P/CUMEM
pg12b-4-2-hpc:2735344:2735560 [1] NCCL INFO Channel 14/0 : 1[1] -> 2[2] via P2P/CUMEM
pg12b-4-2-hpc:2735344:2735560 [1] NCCL INFO Channel 15/0 : 1[1] -> 2[2] via P2P/CUMEM
pg12b-4-2-hpc:2735344:2735560 [1] NCCL INFO Channel 16/0 : 1[1] -> 2[2] via P2P/CUMEM
pg12b-4-2-hpc:2735344:2735560 [1] NCCL INFO Channel 17/0 : 1[1] -> 2[2] via P2P/CUMEM
pg12b-4-2-hpc:2735344:2735560 [1] NCCL INFO Channel 18/0 : 1[1] -> 2[2] via P2P/CUMEM
pg12b-4-2-hpc:2735344:2735560 [1] NCCL INFO Channel 19/0 : 1[1] -> 2[2] via P2P/CUMEM
pg12b-4-2-hpc:2735344:2735560 [1] NCCL INFO Channel 20/0 : 1[1] -> 2[2] via P2P/CUMEM
pg12b-4-2-hpc:2735344:2735560 [1] NCCL INFO Channel 21/0 : 1[1] -> 2[2] via P2P/CUMEM
pg12b-4-2-hpc:2735344:2735560 [1] NCCL INFO Channel 22/0 : 1[1] -> 2[2] via P2P/CUMEM
pg12b-4-2-hpc:2735344:2735560 [1] NCCL INFO Channel 23/0 : 1[1] -> 2[2] via P2P/CUMEM
pg12b-4-2-hpc:2735344:2735560 [1] NCCL INFO Connected all rings, use ring PXN 0 GDR 1
[rank1]:[W829 20:00:22.346288004 Utils.hpp:112] Warning: Environment variable NCCL_BLOCKING_WAIT is deprecated; use TORCH_NCCL_BLOCKING_WAIT instead (function operator())
-> 3[3] via P2P/CUMEM
pg12b-4-2-hpc:2735345:2735559 [2] NCCL INFO Channel 04/0 : 2[2] -> 3[3] via P2P/CUMEM
pg12b-4-2-hpc:2735345:2735559 [2] NCCL INFO Channel 05/0 : 2[2] -> 3[3] via P2P/CUMEM
pg12b-4-2-hpc:2735345:2735559 [2] NCCL INFO Channel 06/0 : 2[2] -> 3[3] via P2P/CUMEM
pg12b-4-2-hpc:2735345:2735559 [2] NCCL INFO Channel 07/0 : 2[2] -> 3[3] via P2P/CUMEM
pg12b-4-2-hpc:2735345:2735559 [2] NCCL INFO Channel 08/0 : 2[2] -> 3[3] via P2P/CUMEM
pg12b-4-2-hpc:2735345:2735559 [2] NCCL INFO Channel 09/0 : 2[2] -> 3[3] via P2P/CUMEM
pg12b-4-2-hpc:2735345:2735559 [2] NCCL INFO Channel 10/0 : 2[2] -> 3[3] via P2P/CUMEM
pg12b-4-2-hpc:2735345:2735559 [2] NCCL INFO Channel 11/0 : 2[2] -> 3[3] via P2P/CUMEM
pg12b-4-2-hpc:2735345:2735559 [2] NCCL INFO Channel 12/0 : 2[2] -> 3[3] via P2P/CUMEM
pg12b-4-2-hpc:2735345:2735559 [2] NCCL INFO Channel 13/0 : 2[2] -> 3[3] via P2P/CUMEM
pg12b-4-2-hpc:2735345:2735559 [2] NCCL INFO Channel 14/0 : 2[2] -> 3[3] via P2P/CUMEM
pg12b-4-2-hpc:2735345:2735559 [2] NCCL INFO Channel 15/0 : 2[2] -> 3[3] via P2P/CUMEM
pg12b-4-2-hpc:2735345:2735559 [2] NCCL INFO Channel 16/0 : 2[2] -> 3[3] via P2P/CUMEM
pg12b-4-2-hpc:2735345:2735559 [2] NCCL INFO Channel 17/0 : 2[2] -> 3[3] via P2P/CUMEM
pg12b-4-2-hpc:2735345:2735559 [2] NCCL INFO Channel 18/0 : 2[2] -> 3[3] via P2P/CUMEM
pg12b-4-2-hpc:2735345:2735559 [2] NCCL INFO Channel 19/0 : 2[2] -> 3[3] via P2P/CUMEM
pg12b-4-2-hpc:2735345:2735559 [2] NCCL INFO Channel 20/0 : 2[2] -> 3[3] via P2P/CUMEM
pg12b-4-2-hpc:2735345:2735559 [2] NCCL INFO Channel 21/0 : 2[2] -> 3[3] via P2P/CUMEM
pg12b-4-2-hpc:2735345:2735559 [2] NCCL INFO Channel 22/0 : 2[2] -> 3[3] via P2P/CUMEM
pg12b-4-2-hpc:2735345:2735559 [2] NCCL INFO Channel 23/0 : 2[2] -> 3[3] via P2P/CUMEM
pg12b-4-2-hpc:2735345:2735559 [2] NCCL INFO Connected all rings, use ring PXN 0 GDR 1
[rank2]:[W829 20:00:22.346905007 Utils.hpp:112] Warning: Environment variable NCCL_BLOCKING_WAIT is deprecated; use TORCH_NCCL_BLOCKING_WAIT instead (function operator())
 INFO Channel 03/0 : 7[7] -> 0[0] via P2P/CUMEM
pg12b-4-2-hpc:2735350:2735556 [7] NCCL INFO Channel 04/0 : 7[7] -> 0[0] via P2P/CUMEM
pg12b-4-2-hpc:2735350:2735556 [7] NCCL INFO Channel 05/0 : 7[7] -> 0[0] via P2P/CUMEM
pg12b-4-2-hpc:2735350:2735556 [7] NCCL INFO Channel 06/0 : 7[7] -> 0[0] via P2P/CUMEM
pg12b-4-2-hpc:2735350:2735556 [7] NCCL INFO Channel 07/0 : 7[7] -> 0[0] via P2P/CUMEM
pg12b-4-2-hpc:2735350:2735556 [7] NCCL INFO Channel 08/0 : 7[7] -> 0[0] via P2P/CUMEM
pg12b-4-2-hpc:2735350:2735556 [7] NCCL INFO Channel 09/0 : 7[7] -> 0[0] via P2P/CUMEM
pg12b-4-2-hpc:2735350:2735556 [7] NCCL INFO Channel 10/0 : 7[7] -> 0[0] via P2P/CUMEM
pg12b-4-2-hpc:2735350:2735556 [7] NCCL INFO Channel 11/0 : 7[7] -> 0[0] via P2P/CUMEM
pg12b-4-2-hpc:2735350:2735556 [7] NCCL INFO Channel 12/0 : 7[7] -> 0[0] via P2P/CUMEM
pg12b-4-2-hpc:2735350:2735556 [7] NCCL INFO Channel 13/0 : 7[7] -> 0[0] via P2P/CUMEM
pg12b-4-2-hpc:2735350:2735556 [7] NCCL INFO Channel 14/0 : 7[7] -> 0[0] via P2P/CUMEM
pg12b-4-2-hpc:2735350:2735556 [7] NCCL INFO Channel 15/0 : 7[7] -> 0[0] via P2P/CUMEM
pg12b-4-2-hpc:2735350:2735556 [7] NCCL INFO Channel 16/0 : 7[7] -> 0[0] via P2P/CUMEM
pg12b-4-2-hpc:2735350:2735556 [7] NCCL INFO Channel 17/0 : 7[7] -> 0[0] via P2P/CUMEM
pg12b-4-2-hpc:2735350:2735556 [7] NCCL INFO Channel 18/0 : 7[7] -> 0[0] via P2P/CUMEM
pg12b-4-2-hpc:2735350:2735556 [7] NCCL INFO Channel 19/0 : 7[7] -> 0[0] via P2P/CUMEM
pg12b-4-2-hpc:2735350:2735556 [7] NCCL INFO Channel 20/0 : 7[7] -> 0[0] via P2P/CUMEM
pg12b-4-2-hpc:2735350:2735556 [7] NCCL INFO Channel 21/0 : 7[7] -> 0[0] via P2P/CUMEM
pg12b-4-2-hpc:2735350:2735556 [7] NCCL INFO Channel 22/0 : 7[7] -> 0[0] via P2P/CUMEM
pg12b-4-2-hpc:2735350:2735556 [7] NCCL INFO Channel 23/0 : 7[7] -> 0[0] via P2P/CUMEM
pg12b-4-2-hpc:2735350:2735556 [7] NCCL INFO Connected all rings, use ring PXN 0 GDR 1
[rank7]:[W829 20:00:22.347671544 Utils.hpp:112] Warning: Environment variable NCCL_BLOCKING_WAIT is deprecated; use TORCH_NCCL_BLOCKING_WAIT instead (function operator())
 -> 4[4] via P2P/CUMEM
pg12b-4-2-hpc:2735346:2735558 [3] NCCL INFO Channel 04/0 : 3[3] -> 4[4] via P2P/CUMEM
pg12b-4-2-hpc:2735346:2735558 [3] NCCL INFO Channel 05/0 : 3[3] -> 4[4] via P2P/CUMEM
pg12b-4-2-hpc:2735346:2735558 [3] NCCL INFO Channel 06/0 : 3[3] -> 4[4] via P2P/CUMEM
pg12b-4-2-hpc:2735346:2735558 [3] NCCL INFO Channel 07/0 : 3[3] -> 4[4] via P2P/CUMEM
pg12b-4-2-hpc:2735346:2735558 [3] NCCL INFO Channel 08/0 : 3[3] -> 4[4] via P2P/CUMEM
pg12b-4-2-hpc:2735346:2735558 [3] NCCL INFO Channel 09/0 : 3[3] -> 4[4] via P2P/CUMEM
pg12b-4-2-hpc:2735346:2735558 [3] NCCL INFO Channel 10/0 : 3[3] -> 4[4] via P2P/CUMEM
pg12b-4-2-hpc:2735346:2735558 [3] NCCL INFO Channel 11/0 : 3[3] -> 4[4] via P2P/CUMEM
pg12b-4-2-hpc:2735346:2735558 [3] NCCL INFO Channel 12/0 : 3[3] -> 4[4] via P2P/CUMEM
pg12b-4-2-hpc:2735346:2735558 [3] NCCL INFO Channel 13/0 : 3[3] -> 4[4] via P2P/CUMEM
pg12b-4-2-hpc:2735346:2735558 [3] NCCL INFO Channel 14/0 : 3[3] -> 4[4] via P2P/CUMEM
pg12b-4-2-hpc:2735346:2735558 [3] NCCL INFO Channel 15/0 : 3[3] -> 4[4] via P2P/CUMEM
pg12b-4-2-hpc:2735346:2735558 [3] NCCL INFO Channel 16/0 : 3[3] -> 4[4] via P2P/CUMEM
pg12b-4-2-hpc:2735346:2735558 [3] NCCL INFO Channel 17/0 : 3[3] -> 4[4] via P2P/CUMEM
pg12b-4-2-hpc:2735346:2735558 [3] NCCL INFO Channel 18/0 : 3[3] -> 4[4] via P2P/CUMEM
pg12b-4-2-hpc:2735346:2735558 [3] NCCL INFO Channel 19/0 : 3[3] -> 4[4] via P2P/CUMEM
pg12b-4-2-hpc:2735346:2735558 [3] NCCL INFO Channel 20/0 : 3[3] -> 4[4] via P2P/CUMEM
pg12b-4-2-hpc:2735346:2735558 [3] NCCL INFO Channel 21/0 : 3[3] -> 4[4] via P2P/CUMEM
pg12b-4-2-hpc:2735346:2735558 [3] NCCL INFO Channel 22/0 : 3[3] -> 4[4] via P2P/CUMEM
pg12b-4-2-hpc:2735346:2735558 [3] NCCL INFO Channel 23/0 : 3[3] -> 4[4] via P2P/CUMEM
pg12b-4-2-hpc:2735346:2735558 [3] NCCL INFO Connected all rings, use ring PXN 0 GDR 1
[rank3]:[W829 20:00:22.348167095 Utils.hpp:112] Warning: Environment variable NCCL_BLOCKING_WAIT is deprecated; use TORCH_NCCL_BLOCKING_WAIT instead (function operator())
 -> 6[6] via P2P/CUMEM
pg12b-4-2-hpc:2735348:2735562 [5] NCCL INFO Channel 04/0 : 5[5] -> 6[6] via P2P/CUMEM
pg12b-4-2-hpc:2735348:2735562 [5] NCCL INFO Channel 05/0 : 5[5] -> 6[6] via P2P/CUMEM
pg12b-4-2-hpc:2735348:2735562 [5] NCCL INFO Channel 06/0 : 5[5] -> 6[6] via P2P/CUMEM
pg12b-4-2-hpc:2735348:2735562 [5] NCCL INFO Channel 07/0 : 5[5] -> 6[6] via P2P/CUMEM
pg12b-4-2-hpc:2735348:2735562 [5] NCCL INFO Channel 08/0 : 5[5] -> 6[6] via P2P/CUMEM
pg12b-4-2-hpc:2735348:2735562 [5] NCCL INFO Channel 09/0 : 5[5] -> 6[6] via P2P/CUMEM
pg12b-4-2-hpc:2735348:2735562 [5] NCCL INFO Channel 10/0 : 5[5] -> 6[6] via P2P/CUMEM
pg12b-4-2-hpc:2735348:2735562 [5] NCCL INFO Channel 11/0 : 5[5] -> 6[6] via P2P/CUMEM
pg12b-4-2-hpc:2735348:2735562 [5] NCCL INFO Channel 12/0 : 5[5] -> 6[6] via P2P/CUMEM
pg12b-4-2-hpc:2735348:2735562 [5] NCCL INFO Channel 13/0 : 5[5] -> 6[6] via P2P/CUMEM
pg12b-4-2-hpc:2735348:2735562 [5] NCCL INFO Channel 14/0 : 5[5] -> 6[6] via P2P/CUMEM
pg12b-4-2-hpc:2735348:2735562 [5] NCCL INFO Channel 15/0 : 5[5] -> 6[6] via P2P/CUMEM
pg12b-4-2-hpc:2735348:2735562 [5] NCCL INFO Channel 16/0 : 5[5] -> 6[6] via P2P/CUMEM
pg12b-4-2-hpc:2735348:2735562 [5] NCCL INFO Channel 17/0 : 5[5] -> 6[6] via P2P/CUMEM
pg12b-4-2-hpc:2735348:2735562 [5] NCCL INFO Channel 18/0 : 5[5] -> 6[6] via P2P/CUMEM
pg12b-4-2-hpc:2735348:2735562 [5] NCCL INFO Channel 19/0 : 5[5] -> 6[6] via P2P/CUMEM
pg12b-4-2-hpc:2735348:2735562 [5] NCCL INFO Channel 20/0 : 5[5] -> 6[6] via P2P/CUMEM
pg12b-4-2-hpc:2735348:2735562 [5] NCCL INFO Channel 21/0 : 5[5] -> 6[6] via P2P/CUMEM
pg12b-4-2-hpc:2735348:2735562 [5] NCCL INFO Channel 22/0 : 5[5] -> 6[6] via P2P/CUMEM
pg12b-4-2-hpc:2735348:2735562 [5] NCCL INFO Channel 23/0 : 5[5] -> 6[6] via P2P/CUMEM
pg12b-4-2-hpc:2735348:2735562 [5] NCCL INFO Connected all rings, use ring PXN 0 GDR 1
[rank5]:[W829 20:00:22.349116161 Utils.hpp:112] Warning: Environment variable NCCL_BLOCKING_WAIT is deprecated; use TORCH_NCCL_BLOCKING_WAIT instead (function operator())
-> 7[7] via P2P/CUMEM
pg12b-4-2-hpc:2735349:2735557 [6] NCCL INFO Channel 04/0 : 6[6] -> 7[7] via P2P/CUMEM
pg12b-4-2-hpc:2735349:2735557 [6] NCCL INFO Channel 05/0 : 6[6] -> 7[7] via P2P/CUMEM
pg12b-4-2-hpc:2735349:2735557 [6] NCCL INFO Channel 06/0 : 6[6] -> 7[7] via P2P/CUMEM
pg12b-4-2-hpc:2735349:2735557 [6] NCCL INFO Channel 07/0 : 6[6] -> 7[7] via P2P/CUMEM
pg12b-4-2-hpc:2735349:2735557 [6] NCCL INFO Channel 08/0 : 6[6] -> 7[7] via P2P/CUMEM
pg12b-4-2-hpc:2735349:2735557 [6] NCCL INFO Channel 09/0 : 6[6] -> 7[7] via P2P/CUMEM
pg12b-4-2-hpc:2735349:2735557 [6] NCCL INFO Channel 10/0 : 6[6] -> 7[7] via P2P/CUMEM
pg12b-4-2-hpc:2735349:2735557 [6] NCCL INFO Channel 11/0 : 6[6] -> 7[7] via P2P/CUMEM
pg12b-4-2-hpc:2735349:2735557 [6] NCCL INFO Channel 12/0 : 6[6] -> 7[7] via P2P/CUMEM
pg12b-4-2-hpc:2735349:2735557 [6] NCCL INFO Channel 13/0 : 6[6] -> 7[7] via P2P/CUMEM
pg12b-4-2-hpc:2735349:2735557 [6] NCCL INFO Channel 14/0 : 6[6] -> 7[7] via P2P/CUMEM
pg12b-4-2-hpc:2735349:2735557 [6] NCCL INFO Channel 15/0 : 6[6] -> 7[7] via P2P/CUMEM
pg12b-4-2-hpc:2735349:2735557 [6] NCCL INFO Channel 16/0 : 6[6] -> 7[7] via P2P/CUMEM
pg12b-4-2-hpc:2735349:2735557 [6] NCCL INFO Channel 17/0 : 6[6] -> 7[7] via P2P/CUMEM
pg12b-4-2-hpc:2735349:2735557 [6] NCCL INFO Channel 18/0 : 6[6] -> 7[7] via P2P/CUMEM
pg12b-4-2-hpc:2735349:2735557 [6] NCCL INFO Channel 19/0 : 6[6] -> 7[7] via P2P/CUMEM
pg12b-4-2-hpc:2735349:2735557 [6] NCCL INFO Channel 20/0 : 6[6] -> 7[7] via P2P/CUMEM
pg12b-4-2-hpc:2735349:2735557 [6] NCCL INFO Channel 21/0 : 6[6] -> 7[7] via P2P/CUMEM
pg12b-4-2-hpc:2735349:2735557 [6] NCCL INFO Channel 22/0 : 6[6] -> 7[7] via P2P/CUMEM
pg12b-4-2-hpc:2735349:2735557 [6] NCCL INFO Channel 23/0 : 6[6] -> 7[7] via P2P/CUMEM
pg12b-4-2-hpc:2735349:2735557 [6] NCCL INFO Connected all rings, use ring PXN 0 GDR 1
[rank6]:[W829 20:00:22.349396363 Utils.hpp:112] Warning: Environment variable NCCL_BLOCKING_WAIT is deprecated; use TORCH_NCCL_BLOCKING_WAIT instead (function operator())
 -> 5[5] via P2P/CUMEM
pg12b-4-2-hpc:2735347:2735563 [4] NCCL INFO Channel 04/0 : 4[4] -> 5[5] via P2P/CUMEM
pg12b-4-2-hpc:2735347:2735563 [4] NCCL INFO Channel 05/0 : 4[4] -> 5[5] via P2P/CUMEM
pg12b-4-2-hpc:2735347:2735563 [4] NCCL INFO Channel 06/0 : 4[4] -> 5[5] via P2P/CUMEM
pg12b-4-2-hpc:2735347:2735563 [4] NCCL INFO Channel 07/0 : 4[4] -> 5[5] via P2P/CUMEM
pg12b-4-2-hpc:2735347:2735563 [4] NCCL INFO Channel 08/0 : 4[4] -> 5[5] via P2P/CUMEM
pg12b-4-2-hpc:2735347:2735563 [4] NCCL INFO Channel 09/0 : 4[4] -> 5[5] via P2P/CUMEM
pg12b-4-2-hpc:2735347:2735563 [4] NCCL INFO Channel 10/0 : 4[4] -> 5[5] via P2P/CUMEM
pg12b-4-2-hpc:2735347:2735563 [4] NCCL INFO Channel 11/0 : 4[4] -> 5[5] via P2P/CUMEM
pg12b-4-2-hpc:2735347:2735563 [4] NCCL INFO Channel 12/0 : 4[4] -> 5[5] via P2P/CUMEM
pg12b-4-2-hpc:2735347:2735563 [4] NCCL INFO Channel 13/0 : 4[4] -> 5[5] via P2P/CUMEM
pg12b-4-2-hpc:2735347:2735563 [4] NCCL INFO Channel 14/0 : 4[4] -> 5[5] via P2P/CUMEM
pg12b-4-2-hpc:2735347:2735563 [4] NCCL INFO Channel 15/0 : 4[4] -> 5[5] via P2P/CUMEM
pg12b-4-2-hpc:2735347:2735563 [4] NCCL INFO Channel 16/0 : 4[4] -> 5[5] via P2P/CUMEM
pg12b-4-2-hpc:2735347:2735563 [4] NCCL INFO Channel 17/0 : 4[4] -> 5[5] via P2P/CUMEM
pg12b-4-2-hpc:2735347:2735563 [4] NCCL INFO Channel 18/0 : 4[4] -> 5[5] via P2P/CUMEM
pg12b-4-2-hpc:2735347:2735563 [4] NCCL INFO Channel 19/0 : 4[4] -> 5[5] via P2P/CUMEM
pg12b-4-2-hpc:2735347:2735563 [4] NCCL INFO Channel 20/0 : 4[4] -> 5[5] via P2P/CUMEM
pg12b-4-2-hpc:2735347:2735563 [4] NCCL INFO Channel 21/0 : 4[4] -> 5[5] via P2P/CUMEM
pg12b-4-2-hpc:2735347:2735563 [4] NCCL INFO Channel 22/0 : 4[4] -> 5[5] via P2P/CUMEM
pg12b-4-2-hpc:2735347:2735563 [4] NCCL INFO Channel 23/0 : 4[4] -> 5[5] via P2P/CUMEM
pg12b-4-2-hpc:2735347:2735563 [4] NCCL INFO Connected all rings, use ring PXN 0 GDR 1
[rank4]:[W829 20:00:22.350731297 Utils.hpp:112] Warning: Environment variable NCCL_BLOCKING_WAIT is deprecated; use TORCH_NCCL_BLOCKING_WAIT instead (function operator())
-1 [2] 1/-1/-1->0->-1 [3] 1/-1/-1->0->-1 [4] 1/-1/-1->0->-1 [5] 1/-1/-1->0->-1 [6] 1/-1/-1->0->-1 [7] 1/-1/-1->0->-1 [8] 1/-1/-1->0->-1 [9] 1/-1/-1->0->-1 [10] 1/-1/-1->0->-1 [11] 1/-1/-1->0->-1 [12] 1/-1/-1->0->-1 [13] 1/-1/-1->0->-1 [14] 1/-1/-1->0->-1 [15] 1/-1/-1->0->-1 [16] 1/-1/-1->0->-1 [17] 1/-1/-1->0->-1 [18] 1/-1/-1->0->-1 [19] 1/-1/-1->0->-1 [20] 1/-1/-1->0->-1 [21] 1/-1/-1->0->-1 [22] 1/-1/-1->0->-1 [23] 1/-1/-1->0->-1
pg12b-4-2-hpc:2735343:2735434 [0] NCCL INFO P2P Chunksize set to 524288
pg12b-4-2-hpc:2735343:2735434 [0] NCCL INFO PROFILER/Plugin: Could not find: libnccl-profiler.so. 
pg12b-4-2-hpc:2735343:2735434 [0] NCCL INFO Check P2P Type isAllDirectP2p 1 directMode 0
pg12b-4-2-hpc:2735343:2735552 [0] NCCL INFO [Proxy Service] Device 0 CPU core 26
pg12b-4-2-hpc:2735343:2735553 [0] NCCL INFO [Proxy Service UDS] Device 0 CPU core 30
pg12b-4-2-hpc:2735343:2735434 [0] NCCL INFO threadThresholds 8/8/64 | 64/8/64 | 512 | 512
pg12b-4-2-hpc:2735343:2735434 [0] NCCL INFO 24 coll channels, 24 collnet channels, 16 nvls channels, 32 p2p channels, 32 p2p channels per peer
pg12b-4-2-hpc:2735343:2735434 [0] NCCL INFO CC Off, workFifoBytes 1048576
pg12b-4-2-hpc:2735343:2735434 [0] NCCL INFO TUNER/Plugin: Could not find: libnccl-tuner.so. Using internal tuner plugin.
pg12b-4-2-hpc:2735343:2735434 [0] NCCL INFO ncclCommInitRankConfig comm 0x562ba07e8260 rank 0 nranks 8 cudaDev 0 nvmlDev 0 busId 19000 commId 0x7559998f1febd9c9 - Init COMPLETE
pg12b-4-2-hpc:2735343:2735434 [0] NCCL INFO Init timings - ncclCommInitRankConfig: rank 0 nranks 8 total 1.92 (kernels 0.40, alloc 1.12, bootstrap 0.01, allgathers 0.01, topo 0.06, graphs 0.01, connections 0.25, rest 0.06)
pg12b-4-2-hpc:2735343:2735561 [0] NCCL INFO Channel 00/0 : 0[0] -> 1[1] via P2P/CUMEM
pg12b-4-2-hpc:2735343:2735561 [0] NCCL INFO Channel 01/0 : 0[0] -> 1[1] via P2P/CUMEM
pg12b-4-2-hpc:2735343:2735561 [0] NCCL INFO Channel 02/0 : 0[0] -> 1[1] via P2P/CUMEM
pg12b-4-2-hpc:2735343:2735561 [0] NCCL INFO Channel 03/0 : 0[0] -> 1[1] via P2P/CUMEM
pg12b-4-2-hpc:2735343:2735561 [0] NCCL INFO Channel 04/0 : 0[0] -> 1[1] via P2P/CUMEM
pg12b-4-2-hpc:2735343:2735561 [0] NCCL INFO Channel 05/0 : 0[0] -> 1[1] via P2P/CUMEM
pg12b-4-2-hpc:2735343:2735561 [0] NCCL INFO Channel 06/0 : 0[0] -> 1[1] via P2P/CUMEM
pg12b-4-2-hpc:2735343:2735561 [0] NCCL INFO Channel 07/0 : 0[0] -> 1[1] via P2P/CUMEM
pg12b-4-2-hpc:2735343:2735561 [0] NCCL INFO Channel 08/0 : 0[0] -> 1[1] via P2P/CUMEM
pg12b-4-2-hpc:2735343:2735561 [0] NCCL INFO Channel 09/0 : 0[0] -> 1[1] via P2P/CUMEM
pg12b-4-2-hpc:2735343:2735561 [0] NCCL INFO Channel 10/0 : 0[0] -> 1[1] via P2P/CUMEM
pg12b-4-2-hpc:2735343:2735561 [0] NCCL INFO Channel 11/0 : 0[0] -> 1[1] via P2P/CUMEM
pg12b-4-2-hpc:2735343:2735561 [0] NCCL INFO Channel 12/0 : 0[0] -> 1[1] via P2P/CUMEM
pg12b-4-2-hpc:2735343:2735561 [0] NCCL INFO Channel 13/0 : 0[0] -> 1[1] via P2P/CUMEM
pg12b-4-2-hpc:2735343:2735561 [0] NCCL INFO Channel 14/0 : 0[0] -> 1[1] via P2P/CUMEM
pg12b-4-2-hpc:2735343:2735561 [0] NCCL INFO Channel 15/0 : 0[0] -> 1[1] via P2P/CUMEM
pg12b-4-2-hpc:2735343:2735561 [0] NCCL INFO Channel 16/0 : 0[0] -> 1[1] via P2P/CUMEM
pg12b-4-2-hpc:2735343:2735561 [0] NCCL INFO Channel 17/0 : 0[0] -> 1[1] via P2P/CUMEM
pg12b-4-2-hpc:2735343:2735561 [0] NCCL INFO Channel 18/0 : 0[0] -> 1[1] via P2P/CUMEM
pg12b-4-2-hpc:2735343:2735561 [0] NCCL INFO Channel 19/0 : 0[0] -> 1[1] via P2P/CUMEM
pg12b-4-2-hpc:2735343:2735561 [0] NCCL INFO Channel 20/0 : 0[0] -> 1[1] via P2P/CUMEM
pg12b-4-2-hpc:2735343:2735561 [0] NCCL INFO Channel 21/0 : 0[0] -> 1[1] via P2P/CUMEM
pg12b-4-2-hpc:2735343:2735561 [0] NCCL INFO Channel 22/0 : 0[0] -> 1[1] via P2P/CUMEM
pg12b-4-2-hpc:2735343:2735561 [0] NCCL INFO Channel 23/0 : 0[0] -> 1[1] via P2P/CUMEM
pg12b-4-2-hpc:2735343:2735561 [0] NCCL INFO Connected all rings, use ring PXN 0 GDR 1
[rank0]:[W829 20:00:22.350799286 Utils.hpp:112] Warning: Environment variable NCCL_BLOCKING_WAIT is deprecated; use TORCH_NCCL_BLOCKING_WAIT instead (function operator())
[pg12b-4-2-hpc:0/8] 2026-08-29 20:00:22,603 (trainer:368) INFO: 1/1epoch started
The length of the text output exceeds 500, which may cause OOM on the GPU. Please ensure that the data processing is correct and verify it. Adjust the threshold with preprocessor_conf.text_length_warning_thres, or silence this message alone with logging.getLogger('espnet2.train.preprocessor').
The length of the text output exceeds 500, which may cause OOM on the GPU. Please ensure that the data processing is correct and verify it. Adjust the threshold with preprocessor_conf.text_length_warning_thres, or silence this message alone with logging.getLogger('espnet2.train.preprocessor').
The length of the text output exceeds 500, which may cause OOM on the GPU. Please ensure that the data processing is correct and verify it. Adjust the threshold with preprocessor_conf.text_length_warning_thres, or silence this message alone with logging.getLogger('espnet2.train.preprocessor').
The length of the text output exceeds 500, which may cause OOM on the GPU. Please ensure that the data processing is correct and verify it. Adjust the threshold with preprocessor_conf.text_length_warning_thres, or silence this message alone with logging.getLogger('espnet2.train.preprocessor').
The length of the text output exceeds 500, which may cause OOM on the GPU. Please ensure that the data processing is correct and verify it. Adjust the threshold with preprocessor_conf.text_length_warning_thres, or silence this message alone with logging.getLogger('espnet2.train.preprocessor').
The length of the text output exceeds 500, which may cause OOM on the GPU. Please ensure that the data processing is correct and verify it. Adjust the threshold with preprocessor_conf.text_length_warning_thres, or silence this message alone with logging.getLogger('espnet2.train.preprocessor').
The length of the text output exceeds 500, which may cause OOM on the GPU. Please ensure that the data processing is correct and verify it. Adjust the threshold with preprocessor_conf.text_length_warning_thres, or silence this message alone with logging.getLogger('espnet2.train.preprocessor').
The length of the text output exceeds 500, which may cause OOM on the GPU. Please ensure that the data processing is correct and verify it. Adjust the threshold with preprocessor_conf.text_length_warning_thres, or silence this message alone with logging.getLogger('espnet2.train.preprocessor').
The length of the text output exceeds 500, which may cause OOM on the GPU. Please ensure that the data processing is correct and verify it. Adjust the threshold with preprocessor_conf.text_length_warning_thres, or silence this message alone with logging.getLogger('espnet2.train.preprocessor').
The length of the text output exceeds 500, which may cause OOM on the GPU. Please ensure that the data processing is correct and verify it. Adjust the threshold with preprocessor_conf.text_length_warning_thres, or silence this message alone with logging.getLogger('espnet2.train.preprocessor').
The length of the text output exceeds 500, which may cause OOM on the GPU. Please ensure that the data processing is correct and verify it. Adjust the threshold with preprocessor_conf.text_length_warning_thres, or silence this message alone with logging.getLogger('espnet2.train.preprocessor').
The length of the text output exceeds 500, which may cause OOM on the GPU. Please ensure that the data processing is correct and verify it. Adjust the threshold with preprocessor_conf.text_length_warning_thres, or silence this message alone with logging.getLogger('espnet2.train.preprocessor').
The length of the text output exceeds 500, which may cause OOM on the GPU. Please ensure that the data processing is correct and verify it. Adjust the threshold with preprocessor_conf.text_length_warning_thres, or silence this message alone with logging.getLogger('espnet2.train.preprocessor').
The length of the text output exceeds 500, which may cause OOM on the GPU. Please ensure that the data processing is correct and verify it. Adjust the threshold with preprocessor_conf.text_length_warning_thres, or silence this message alone with logging.getLogger('espnet2.train.preprocessor').
The length of the text output exceeds 500, which may cause OOM on the GPU. Please ensure that the data processing is correct and verify it. Adjust the threshold with preprocessor_conf.text_length_warning_thres, or silence this message alone with logging.getLogger('espnet2.train.preprocessor').
The length of the text output exceeds 500, which may cause OOM on the GPU. Please ensure that the data processing is correct and verify it. Adjust the threshold with preprocessor_conf.text_length_warning_thres, or silence this message alone with logging.getLogger('espnet2.train.preprocessor').
The length of the text output exceeds 500, which may cause OOM on the GPU. Please ensure that the data processing is correct and verify it. Adjust the threshold with preprocessor_conf.text_length_warning_thres, or silence this message alone with logging.getLogger('espnet2.train.preprocessor').
The length of the text output exceeds 500, which may cause OOM on the GPU. Please ensure that the data processing is correct and verify it. Adjust the threshold with preprocessor_conf.text_length_warning_thres, or silence this message alone with logging.getLogger('espnet2.train.preprocessor').
The length of the text output exceeds 500, which may cause OOM on the GPU. Please ensure that the data processing is correct and verify it. Adjust the threshold with preprocessor_conf.text_length_warning_thres, or silence this message alone with logging.getLogger('espnet2.train.preprocessor').
The length of the text output exceeds 500, which may cause OOM on the GPU. Please ensure that the data processing is correct and verify it. Adjust the threshold with preprocessor_conf.text_length_warning_thres, or silence this message alone with logging.getLogger('espnet2.train.preprocessor').
The length of the text output exceeds 500, which may cause OOM on the GPU. Please ensure that the data processing is correct and verify it. Adjust the threshold with preprocessor_conf.text_length_warning_thres, or silence this message alone with logging.getLogger('espnet2.train.preprocessor').
The length of the text output exceeds 500, which may cause OOM on the GPU. Please ensure that the data processing is correct and verify it. Adjust the threshold with preprocessor_conf.text_length_warning_thres, or silence this message alone with logging.getLogger('espnet2.train.preprocessor').
The length of the text output exceeds 500, which may cause OOM on the GPU. Please ensure that the data processing is correct and verify it. Adjust the threshold with preprocessor_conf.text_length_warning_thres, or silence this message alone with logging.getLogger('espnet2.train.preprocessor').
The length of the text output exceeds 500, which may cause OOM on the GPU. Please ensure that the data processing is correct and verify it. Adjust the threshold with preprocessor_conf.text_length_warning_thres, or silence this message alone with logging.getLogger('espnet2.train.preprocessor').
The length of the text output exceeds 500, which may cause OOM on the GPU. Please ensure that the data processing is correct and verify it. Adjust the threshold with preprocessor_conf.text_length_warning_thres, or silence this message alone with logging.getLogger('espnet2.train.preprocessor').
The length of the text output exceeds 500, which may cause OOM on the GPU. Please ensure that the data processing is correct and verify it. Adjust the threshold with preprocessor_conf.text_length_warning_thres, or silence this message alone with logging.getLogger('espnet2.train.preprocessor').
The length of the text output exceeds 500, which may cause OOM on the GPU. Please ensure that the data processing is correct and verify it. Adjust the threshold with preprocessor_conf.text_length_warning_thres, or silence this message alone with logging.getLogger('espnet2.train.preprocessor').
The length of the text output exceeds 500, which may cause OOM on the GPU. Please ensure that the data processing is correct and verify it. Adjust the threshold with preprocessor_conf.text_length_warning_thres, or silence this message alone with logging.getLogger('espnet2.train.preprocessor').
The length of the text output exceeds 500, which may cause OOM on the GPU. Please ensure that the data processing is correct and verify it. Adjust the threshold with preprocessor_conf.text_length_warning_thres, or silence this message alone with logging.getLogger('espnet2.train.preprocessor').
The length of the text output exceeds 500, which may cause OOM on the GPU. Please ensure that the data processing is correct and verify it. Adjust the threshold with preprocessor_conf.text_length_warning_thres, or silence this message alone with logging.getLogger('espnet2.train.preprocessor').
The length of the text output exceeds 500, which may cause OOM on the GPU. Please ensure that the data processing is correct and verify it. Adjust the threshold with preprocessor_conf.text_length_warning_thres, or silence this message alone with logging.getLogger('espnet2.train.preprocessor').
The length of the text output exceeds 500, which may cause OOM on the GPU. Please ensure that the data processing is correct and verify it. Adjust the threshold with preprocessor_conf.text_length_warning_thres, or silence this message alone with logging.getLogger('espnet2.train.preprocessor').
The length of the text output exceeds 500, which may cause OOM on the GPU. Please ensure that the data processing is correct and verify it. Adjust the threshold with preprocessor_conf.text_length_warning_thres, or silence this message alone with logging.getLogger('espnet2.train.preprocessor').
The length of the text output exceeds 500, which may cause OOM on the GPU. Please ensure that the data processing is correct and verify it. Adjust the threshold with preprocessor_conf.text_length_warning_thres, or silence this message alone with logging.getLogger('espnet2.train.preprocessor').
The length of the text output exceeds 500, which may cause OOM on the GPU. Please ensure that the data processing is correct and verify it. Adjust the threshold with preprocessor_conf.text_length_warning_thres, or silence this message alone with logging.getLogger('espnet2.train.preprocessor').
The length of the text output exceeds 500, which may cause OOM on the GPU. Please ensure that the data processing is correct and verify it. Adjust the threshold with preprocessor_conf.text_length_warning_thres, or silence this message alone with logging.getLogger('espnet2.train.preprocessor').
The length of the text output exceeds 500, which may cause OOM on the GPU. Please ensure that the data processing is correct and verify it. Adjust the threshold with preprocessor_conf.text_length_warning_thres, or silence this message alone with logging.getLogger('espnet2.train.preprocessor').
The length of the text output exceeds 500, which may cause OOM on the GPU. Please ensure that the data processing is correct and verify it. Adjust the threshold with preprocessor_conf.text_length_warning_thres, or silence this message alone with logging.getLogger('espnet2.train.preprocessor').
The length of the text output exceeds 500, which may cause OOM on the GPU. Please ensure that the data processing is correct and verify it. Adjust the threshold with preprocessor_conf.text_length_warning_thres, or silence this message alone with logging.getLogger('espnet2.train.preprocessor').
The length of the text output exceeds 500, which may cause OOM on the GPU. Please ensure that the data processing is correct and verify it. Adjust the threshold with preprocessor_conf.text_length_warning_thres, or silence this message alone with logging.getLogger('espnet2.train.preprocessor').
The length of the text output exceeds 500, which may cause OOM on the GPU. Please ensure that the data processing is correct and verify it. Adjust the threshold with preprocessor_conf.text_length_warning_thres, or silence this message alone with logging.getLogger('espnet2.train.preprocessor').
The length of the text output exceeds 500, which may cause OOM on the GPU. Please ensure that the data processing is correct and verify it. Adjust the threshold with preprocessor_conf.text_length_warning_thres, or silence this message alone with logging.getLogger('espnet2.train.preprocessor').
The length of the text output exceeds 500, which may cause OOM on the GPU. Please ensure that the data processing is correct and verify it. Adjust the threshold with preprocessor_conf.text_length_warning_thres, or silence this message alone with logging.getLogger('espnet2.train.preprocessor').
The length of the text output exceeds 500, which may cause OOM on the GPU. Please ensure that the data processing is correct and verify it. Adjust the threshold with preprocessor_conf.text_length_warning_thres, or silence this message alone with logging.getLogger('espnet2.train.preprocessor').
The length of the text output exceeds 500, which may cause OOM on the GPU. Please ensure that the data processing is correct and verify it. Adjust the threshold with preprocessor_conf.text_length_warning_thres, or silence this message alone with logging.getLogger('espnet2.train.preprocessor').
The length of the text output exceeds 500, which may cause OOM on the GPU. Please ensure that the data processing is correct and verify it. Adjust the threshold with preprocessor_conf.text_length_warning_thres, or silence this message alone with logging.getLogger('espnet2.train.preprocessor').
The length of the text output exceeds 500, which may cause OOM on the GPU. Please ensure that the data processing is correct and verify it. Adjust the threshold with preprocessor_conf.text_length_warning_thres, or silence this message alone with logging.getLogger('espnet2.train.preprocessor').
The length of the text output exceeds 500, which may cause OOM on the GPU. Please ensure that the data processing is correct and verify it. Adjust the threshold with preprocessor_conf.text_length_warning_thres, or silence this message alone with logging.getLogger('espnet2.train.preprocessor').
The length of the text output exceeds 500, which may cause OOM on the GPU. Please ensure that the data processing is correct and verify it. Adjust the threshold with preprocessor_conf.text_length_warning_thres, or silence this message alone with logging.getLogger('espnet2.train.preprocessor').
The length of the text output exceeds 500, which may cause OOM on the GPU. Please ensure that the data processing is correct and verify it. Adjust the threshold with preprocessor_conf.text_length_warning_thres, or silence this message alone with logging.getLogger('espnet2.train.preprocessor').
The length of the text output exceeds 500, which may cause OOM on the GPU. Please ensure that the data processing is correct and verify it. Adjust the threshold with preprocessor_conf.text_length_warning_thres, or silence this message alone with logging.getLogger('espnet2.train.preprocessor').
The length of the text output exceeds 500, which may cause OOM on the GPU. Please ensure that the data processing is correct and verify it. Adjust the threshold with preprocessor_conf.text_length_warning_thres, or silence this message alone with logging.getLogger('espnet2.train.preprocessor').
The length of the text output exceeds 500, which may cause OOM on the GPU. Please ensure that the data processing is correct and verify it. Adjust the threshold with preprocessor_conf.text_length_warning_thres, or silence this message alone with logging.getLogger('espnet2.train.preprocessor').
The length of the text output exceeds 500, which may cause OOM on the GPU. Please ensure that the data processing is correct and verify it. Adjust the threshold with preprocessor_conf.text_length_warning_thres, or silence this message alone with logging.getLogger('espnet2.train.preprocessor').
The length of the text output exceeds 500, which may cause OOM on the GPU. Please ensure that the data processing is correct and verify it. Adjust the threshold with preprocessor_conf.text_length_warning_thres, or silence this message alone with logging.getLogger('espnet2.train.preprocessor').
The length of the text output exceeds 500, which may cause OOM on the GPU. Please ensure that the data processing is correct and verify it. Adjust the threshold with preprocessor_conf.text_length_warning_thres, or silence this message alone with logging.getLogger('espnet2.train.preprocessor').
The length of the text output exceeds 500, which may cause OOM on the GPU. Please ensure that the data processing is correct and verify it. Adjust the threshold with preprocessor_conf.text_length_warning_thres, or silence this message alone with logging.getLogger('espnet2.train.preprocessor').
The length of the text output exceeds 500, which may cause OOM on the GPU. Please ensure that the data processing is correct and verify it. Adjust the threshold with preprocessor_conf.text_length_warning_thres, or silence this message alone with logging.getLogger('espnet2.train.preprocessor').
The length of the text output exceeds 500, which may cause OOM on the GPU. Please ensure that the data processing is correct and verify it. Adjust the threshold with preprocessor_conf.text_length_warning_thres, or silence this message alone with logging.getLogger('espnet2.train.preprocessor').
The length of the text output exceeds 500, which may cause OOM on the GPU. Please ensure that the data processing is correct and verify it. Adjust the threshold with preprocessor_conf.text_length_warning_thres, or silence this message alone with logging.getLogger('espnet2.train.preprocessor').
The length of the text output exceeds 500, which may cause OOM on the GPU. Please ensure that the data processing is correct and verify it. Adjust the threshold with preprocessor_conf.text_length_warning_thres, or silence this message alone with logging.getLogger('espnet2.train.preprocessor').
The length of the text output exceeds 500, which may cause OOM on the GPU. Please ensure that the data processing is correct and verify it. Adjust the threshold with preprocessor_conf.text_length_warning_thres, or silence this message alone with logging.getLogger('espnet2.train.preprocessor').
The length of the text output exceeds 500, which may cause OOM on the GPU. Please ensure that the data processing is correct and verify it. Adjust the threshold with preprocessor_conf.text_length_warning_thres, or silence this message alone with logging.getLogger('espnet2.train.preprocessor').
The length of the text output exceeds 500, which may cause OOM on the GPU. Please ensure that the data processing is correct and verify it. Adjust the threshold with preprocessor_conf.text_length_warning_thres, or silence this message alone with logging.getLogger('espnet2.train.preprocessor').
[rank2]:W0829 20:02:16.859000 2735345 site-packages/torch/_dynamo/variables/tensor.py:1048] [3/0] Graph break from `Tensor.item()`, consider setting:
[rank2]:W0829 20:02:16.859000 2735345 site-packages/torch/_dynamo/variables/tensor.py:1048] [3/0]     torch._dynamo.config.capture_scalar_outputs = True
[rank2]:W0829 20:02:16.859000 2735345 site-packages/torch/_dynamo/variables/tensor.py:1048] [3/0] or:
[rank2]:W0829 20:02:16.859000 2735345 site-packages/torch/_dynamo/variables/tensor.py:1048] [3/0]     env TORCHDYNAMO_CAPTURE_SCALAR_OUTPUTS=1
[rank2]:W0829 20:02:16.859000 2735345 site-packages/torch/_dynamo/variables/tensor.py:1048] [3/0] to include these operations in the captured graph.
[rank2]:W0829 20:02:16.859000 2735345 site-packages/torch/_dynamo/variables/tensor.py:1048] [3/0] 
[rank2]:W0829 20:02:16.859000 2735345 site-packages/torch/_dynamo/variables/tensor.py:1048] [3/0] Graph break: from user code at:
[rank2]:W0829 20:02:16.859000 2735345 site-packages/torch/_dynamo/variables/tensor.py:1048] [3/0]   File "/mnt/weka/mark/espnet/espnet2/hubert/espnet_model.py", line 170, in torch_dynamo_resume_in_encode_at_153
[rank2]:W0829 20:02:16.859000 2735345 site-packages/torch/_dynamo/variables/tensor.py:1048] [3/0]     encoder_out = self.encoder(feats, feats_lengths, y_pad, y_pad_length)
[rank2]:W0829 20:02:16.859000 2735345 site-packages/torch/_dynamo/variables/tensor.py:1048] [3/0]   File "/mnt/weka/mark/espnet/espnet2/asr/encoder/wavlm_encoder.py", line 384, in forward
[rank2]:W0829 20:02:16.859000 2735345 site-packages/torch/_dynamo/variables/tensor.py:1048] [3/0]     return self._pretraining_forward(xs_pad, ilens, ys_pad)
[rank2]:W0829 20:02:16.859000 2735345 site-packages/torch/_dynamo/variables/tensor.py:1048] [3/0]   File "/mnt/weka/mark/espnet/espnet2/asr/encoder/wavlm_encoder.py", line 397, in _pretraining_forward
[rank2]:W0829 20:02:16.859000 2735345 site-packages/torch/_dynamo/variables/tensor.py:1048] [3/0]     ) = self.wavlm_pretrain_model.forward(xs_pad, ys_pad, ilens)
[rank2]:W0829 20:02:16.859000 2735345 site-packages/torch/_dynamo/variables/tensor.py:1048] [3/0]   File "/mnt/weka/mark/espnet/tools/anaconda/envs/espnet/lib/python3.12/site-packages/torchaudio/models/wav2vec2/model.py", line 210, in forward
[rank2]:W0829 20:02:16.859000 2735345 site-packages/torch/_dynamo/variables/tensor.py:1048] [3/0]     x, mask = self.mask_generator(x, padding_mask)
[rank2]:W0829 20:02:16.859000 2735345 site-packages/torch/_dynamo/variables/tensor.py:1048] [3/0]   File "/mnt/weka/mark/espnet/tools/anaconda/envs/espnet/lib/python3.12/site-packages/torchaudio/models/wav2vec2/components.py", line 1040, in forward
[rank2]:W0829 20:02:16.859000 2735345 site-packages/torch/_dynamo/variables/tensor.py:1048] [3/0]     mask_indices = _compute_mask_indices(
[rank2]:W0829 20:02:16.859000 2735345 site-packages/torch/_dynamo/variables/tensor.py:1048] [3/0]   File "/mnt/weka/mark/espnet/tools/anaconda/envs/espnet/lib/python3.12/site-packages/torchaudio/models/wav2vec2/components.py", line 879, in _compute_mask_indices
[rank2]:W0829 20:02:16.859000 2735345 site-packages/torch/_dynamo/variables/tensor.py:1048] [3/0]     all_num_mask = int(mask_prob * frame / float(mask_length) + torch.rand(1))
[rank2]:W0829 20:02:16.859000 2735345 site-packages/torch/_dynamo/variables/tensor.py:1048] [3/0] 
[rank2]:W0829 20:02:16.859000 2735345 site-packages/torch/_dynamo/variables/tensor.py:1048] [3/0] 
[rank0]:W0829 20:02:16.859000 2735343 site-packages/torch/_dynamo/variables/tensor.py:1048] [3/0] Graph break from `Tensor.item()`, consider setting:
[rank0]:W0829 20:02:16.859000 2735343 site-packages/torch/_dynamo/variables/tensor.py:1048] [3/0]     torch._dynamo.config.capture_scalar_outputs = True
[rank0]:W0829 20:02:16.859000 2735343 site-packages/torch/_dynamo/variables/tensor.py:1048] [3/0] or:
[rank0]:W0829 20:02:16.859000 2735343 site-packages/torch/_dynamo/variables/tensor.py:1048] [3/0]     env TORCHDYNAMO_CAPTURE_SCALAR_OUTPUTS=1
[rank0]:W0829 20:02:16.859000 2735343 site-packages/torch/_dynamo/variables/tensor.py:1048] [3/0] to include these operations in the captured graph.
[rank0]:W0829 20:02:16.859000 2735343 site-packages/torch/_dynamo/variables/tensor.py:1048] [3/0] 
[rank0]:W0829 20:02:16.859000 2735343 site-packages/torch/_dynamo/variables/tensor.py:1048] [3/0] Graph break: from user code at:
[rank0]:W0829 20:02:16.859000 2735343 site-packages/torch/_dynamo/variables/tensor.py:1048] [3/0]   File "/mnt/weka/mark/espnet/espnet2/hubert/espnet_model.py", line 170, in torch_dynamo_resume_in_encode_at_153
[rank0]:W0829 20:02:16.859000 2735343 site-packages/torch/_dynamo/variables/tensor.py:1048] [3/0]     encoder_out = self.encoder(feats, feats_lengths, y_pad, y_pad_length)
[rank0]:W0829 20:02:16.859000 2735343 site-packages/torch/_dynamo/variables/tensor.py:1048] [3/0]   File "/mnt/weka/mark/espnet/espnet2/asr/encoder/wavlm_encoder.py", line 384, in forward
[rank0]:W0829 20:02:16.859000 2735343 site-packages/torch/_dynamo/variables/tensor.py:1048] [3/0]     return self._pretraining_forward(xs_pad, ilens, ys_pad)
[rank0]:W0829 20:02:16.859000 2735343 site-packages/torch/_dynamo/variables/tensor.py:1048] [3/0]   File "/mnt/weka/mark/espnet/espnet2/asr/encoder/wavlm_encoder.py", line 397, in _pretraining_forward
[rank0]:W0829 20:02:16.859000 2735343 site-packages/torch/_dynamo/variables/tensor.py:1048] [3/0]     ) = self.wavlm_pretrain_model.forward(xs_pad, ys_pad, ilens)
[rank0]:W0829 20:02:16.859000 2735343 site-packages/torch/_dynamo/variables/tensor.py:1048] [3/0]   File "/mnt/weka/mark/espnet/tools/anaconda/envs/espnet/lib/python3.12/site-packages/torchaudio/models/wav2vec2/model.py", line 210, in forward
[rank0]:W0829 20:02:16.859000 2735343 site-packages/torch/_dynamo/variables/tensor.py:1048] [3/0]     x, mask = self.mask_generator(x, padding_mask)
[rank0]:W0829 20:02:16.859000 2735343 site-packages/torch/_dynamo/variables/tensor.py:1048] [3/0]   File "/mnt/weka/mark/espnet/tools/anaconda/envs/espnet/lib/python3.12/site-packages/torchaudio/models/wav2vec2/components.py", line 1040, in forward
[rank0]:W0829 20:02:16.859000 2735343 site-packages/torch/_dynamo/variables/tensor.py:1048] [3/0]     mask_indices = _compute_mask_indices(
[rank0]:W0829 20:02:16.859000 2735343 site-packages/torch/_dynamo/variables/tensor.py:1048] [3/0]   File "/mnt/weka/mark/espnet/tools/anaconda/envs/espnet/lib/python3.12/site-packages/torchaudio/models/wav2vec2/components.py", line 879, in _compute_mask_indices
[rank0]:W0829 20:02:16.859000 2735343 site-packages/torch/_dynamo/variables/tensor.py:1048] [3/0]     all_num_mask = int(mask_prob * frame / float(mask_length) + torch.rand(1))
[rank0]:W0829 20:02:16.859000 2735343 site-packages/torch/_dynamo/variables/tensor.py:1048] [3/0] 
[rank0]:W0829 20:02:16.859000 2735343 site-packages/torch/_dynamo/variables/tensor.py:1048] [3/0] 
[rank5]:W0829 20:02:16.921000 2735348 site-packages/torch/_dynamo/variables/tensor.py:1048] [3/0] Graph break from `Tensor.item()`, consider setting:
[rank5]:W0829 20:02:16.921000 2735348 site-packages/torch/_dynamo/variables/tensor.py:1048] [3/0]     torch._dynamo.config.capture_scalar_outputs = True
[rank5]:W0829 20:02:16.921000 2735348 site-packages/torch/_dynamo/variables/tensor.py:1048] [3/0] or:
[rank5]:W0829 20:02:16.921000 2735348 site-packages/torch/_dynamo/variables/tensor.py:1048] [3/0]     env TORCHDYNAMO_CAPTURE_SCALAR_OUTPUTS=1
[rank5]:W0829 20:02:16.921000 2735348 site-packages/torch/_dynamo/variables/tensor.py:1048] [3/0] to include these operations in the captured graph.
[rank5]:W0829 20:02:16.921000 2735348 site-packages/torch/_dynamo/variables/tensor.py:1048] [3/0] 
[rank5]:W0829 20:02:16.921000 2735348 site-packages/torch/_dynamo/variables/tensor.py:1048] [3/0] Graph break: from user code at:
[rank5]:W0829 20:02:16.921000 2735348 site-packages/torch/_dynamo/variables/tensor.py:1048] [3/0]   File "/mnt/weka/mark/espnet/espnet2/hubert/espnet_model.py", line 170, in torch_dynamo_resume_in_encode_at_153
[rank5]:W0829 20:02:16.921000 2735348 site-packages/torch/_dynamo/variables/tensor.py:1048] [3/0]     encoder_out = self.encoder(feats, feats_lengths, y_pad, y_pad_length)
[rank5]:W0829 20:02:16.921000 2735348 site-packages/torch/_dynamo/variables/tensor.py:1048] [3/0]   File "/mnt/weka/mark/espnet/espnet2/asr/encoder/wavlm_encoder.py", line 384, in forward
[rank5]:W0829 20:02:16.921000 2735348 site-packages/torch/_dynamo/variables/tensor.py:1048] [3/0]     return self._pretraining_forward(xs_pad, ilens, ys_pad)
[rank5]:W0829 20:02:16.921000 2735348 site-packages/torch/_dynamo/variables/tensor.py:1048] [3/0]   File "/mnt/weka/mark/espnet/espnet2/asr/encoder/wavlm_encoder.py", line 397, in _pretraining_forward
[rank5]:W0829 20:02:16.921000 2735348 site-packages/torch/_dynamo/variables/tensor.py:1048] [3/0]     ) = self.wavlm_pretrain_model.forward(xs_pad, ys_pad, ilens)
[rank5]:W0829 20:02:16.921000 2735348 site-packages/torch/_dynamo/variables/tensor.py:1048] [3/0]   File "/mnt/weka/mark/espnet/tools/anaconda/envs/espnet/lib/python3.12/site-packages/torchaudio/models/wav2vec2/model.py", line 210, in forward
[rank5]:W0829 20:02:16.921000 2735348 site-packages/torch/_dynamo/variables/tensor.py:1048] [3/0]     x, mask = self.mask_generator(x, padding_mask)
[rank5]:W0829 20:02:16.921000 2735348 site-packages/torch/_dynamo/variables/tensor.py:1048] [3/0]   File "/mnt/weka/mark/espnet/tools/anaconda/envs/espnet/lib/python3.12/site-packages/torchaudio/models/wav2vec2/components.py", line 1040, in forward
[rank5]:W0829 20:02:16.921000 2735348 site-packages/torch/_dynamo/variables/tensor.py:1048] [3/0]     mask_indices = _compute_mask_indices(
[rank5]:W0829 20:02:16.921000 2735348 site-packages/torch/_dynamo/variables/tensor.py:1048] [3/0]   File "/mnt/weka/mark/espnet/tools/anaconda/envs/espnet/lib/python3.12/site-packages/torchaudio/models/wav2vec2/components.py", line 879, in _compute_mask_indices
[rank5]:W0829 20:02:16.921000 2735348 site-packages/torch/_dynamo/variables/tensor.py:1048] [3/0]     all_num_mask = int(mask_prob * frame / float(mask_length) + torch.rand(1))
[rank5]:W0829 20:02:16.921000 2735348 site-packages/torch/_dynamo/variables/tensor.py:1048] [3/0] 
[rank5]:W0829 20:02:16.921000 2735348 site-packages/torch/_dynamo/variables/tensor.py:1048] [3/0] 
[rank1]:W0829 20:02:16.922000 2735344 site-packages/torch/_dynamo/variables/tensor.py:1048] [3/0] Graph break from `Tensor.item()`, consider setting:
[rank1]:W0829 20:02:16.922000 2735344 site-packages/torch/_dynamo/variables/tensor.py:1048] [3/0]     torch._dynamo.config.capture_scalar_outputs = True
[rank1]:W0829 20:02:16.922000 2735344 site-packages/torch/_dynamo/variables/tensor.py:1048] [3/0] or:
[rank1]:W0829 20:02:16.922000 2735344 site-packages/torch/_dynamo/variables/tensor.py:1048] [3/0]     env TORCHDYNAMO_CAPTURE_SCALAR_OUTPUTS=1
[rank1]:W0829 20:02:16.922000 2735344 site-packages/torch/_dynamo/variables/tensor.py:1048] [3/0] to include these operations in the captured graph.
[rank1]:W0829 20:02:16.922000 2735344 site-packages/torch/_dynamo/variables/tensor.py:1048] [3/0] 
[rank1]:W0829 20:02:16.922000 2735344 site-packages/torch/_dynamo/variables/tensor.py:1048] [3/0] Graph break: from user code at:
[rank1]:W0829 20:02:16.922000 2735344 site-packages/torch/_dynamo/variables/tensor.py:1048] [3/0]   File "/mnt/weka/mark/espnet/espnet2/hubert/espnet_model.py", line 170, in torch_dynamo_resume_in_encode_at_153
[rank1]:W0829 20:02:16.922000 2735344 site-packages/torch/_dynamo/variables/tensor.py:1048] [3/0]     encoder_out = self.encoder(feats, feats_lengths, y_pad, y_pad_length)
[rank1]:W0829 20:02:16.922000 2735344 site-packages/torch/_dynamo/variables/tensor.py:1048] [3/0]   File "/mnt/weka/mark/espnet/espnet2/asr/encoder/wavlm_encoder.py", line 384, in forward
[rank1]:W0829 20:02:16.922000 2735344 site-packages/torch/_dynamo/variables/tensor.py:1048] [3/0]     return self._pretraining_forward(xs_pad, ilens, ys_pad)
[rank1]:W0829 20:02:16.922000 2735344 site-packages/torch/_dynamo/variables/tensor.py:1048] [3/0]   File "/mnt/weka/mark/espnet/espnet2/asr/encoder/wavlm_encoder.py", line 397, in _pretraining_forward
[rank1]:W0829 20:02:16.922000 2735344 site-packages/torch/_dynamo/variables/tensor.py:1048] [3/0]     ) = self.wavlm_pretrain_model.forward(xs_pad, ys_pad, ilens)
[rank1]:W0829 20:02:16.922000 2735344 site-packages/torch/_dynamo/variables/tensor.py:1048] [3/0]   File "/mnt/weka/mark/espnet/tools/anaconda/envs/espnet/lib/python3.12/site-packages/torchaudio/models/wav2vec2/model.py", line 210, in forward
[rank1]:W0829 20:02:16.922000 2735344 site-packages/torch/_dynamo/variables/tensor.py:1048] [3/0]     x, mask = self.mask_generator(x, padding_mask)
[rank1]:W0829 20:02:16.922000 2735344 site-packages/torch/_dynamo/variables/tensor.py:1048] [3/0]   File "/mnt/weka/mark/espnet/tools/anaconda/envs/espnet/lib/python3.12/site-packages/torchaudio/models/wav2vec2/components.py", line 1040, in forward
[rank1]:W0829 20:02:16.922000 2735344 site-packages/torch/_dynamo/variables/tensor.py:1048] [3/0]     mask_indices = _compute_mask_indices(
[rank1]:W0829 20:02:16.922000 2735344 site-packages/torch/_dynamo/variables/tensor.py:1048] [3/0]   File "/mnt/weka/mark/espnet/tools/anaconda/envs/espnet/lib/python3.12/site-packages/torchaudio/models/wav2vec2/components.py", line 879, in _compute_mask_indices
[rank1]:W0829 20:02:16.922000 2735344 site-packages/torch/_dynamo/variables/tensor.py:1048] [3/0]     all_num_mask = int(mask_prob * frame / float(mask_length) + torch.rand(1))
[rank1]:W0829 20:02:16.922000 2735344 site-packages/torch/_dynamo/variables/tensor.py:1048] [3/0] 
[rank1]:W0829 20:02:16.922000 2735344 site-packages/torch/_dynamo/variables/tensor.py:1048] [3/0] 
[rank3]:W0829 20:02:16.921000 2735346 site-packages/torch/_dynamo/variables/tensor.py:1048] [3/0] Graph break from `Tensor.item()`, consider setting:
[rank3]:W0829 20:02:16.921000 2735346 site-packages/torch/_dynamo/variables/tensor.py:1048] [3/0]     torch._dynamo.config.capture_scalar_outputs = True
[rank3]:W0829 20:02:16.921000 2735346 site-packages/torch/_dynamo/variables/tensor.py:1048] [3/0] or:
[rank3]:W0829 20:02:16.921000 2735346 site-packages/torch/_dynamo/variables/tensor.py:1048] [3/0]     env TORCHDYNAMO_CAPTURE_SCALAR_OUTPUTS=1
[rank3]:W0829 20:02:16.921000 2735346 site-packages/torch/_dynamo/variables/tensor.py:1048] [3/0] to include these operations in the captured graph.
[rank3]:W0829 20:02:16.921000 2735346 site-packages/torch/_dynamo/variables/tensor.py:1048] [3/0] 
[rank3]:W0829 20:02:16.921000 2735346 site-packages/torch/_dynamo/variables/tensor.py:1048] [3/0] Graph break: from user code at:
[rank3]:W0829 20:02:16.921000 2735346 site-packages/torch/_dynamo/variables/tensor.py:1048] [3/0]   File "/mnt/weka/mark/espnet/espnet2/hubert/espnet_model.py", line 170, in torch_dynamo_resume_in_encode_at_153
[rank3]:W0829 20:02:16.921000 2735346 site-packages/torch/_dynamo/variables/tensor.py:1048] [3/0]     encoder_out = self.encoder(feats, feats_lengths, y_pad, y_pad_length)
[rank3]:W0829 20:02:16.921000 2735346 site-packages/torch/_dynamo/variables/tensor.py:1048] [3/0]   File "/mnt/weka/mark/espnet/espnet2/asr/encoder/wavlm_encoder.py", line 384, in forward
[rank3]:W0829 20:02:16.921000 2735346 site-packages/torch/_dynamo/variables/tensor.py:1048] [3/0]     return self._pretraining_forward(xs_pad, ilens, ys_pad)
[rank3]:W0829 20:02:16.921000 2735346 site-packages/torch/_dynamo/variables/tensor.py:1048] [3/0]   File "/mnt/weka/mark/espnet/espnet2/asr/encoder/wavlm_encoder.py", line 397, in _pretraining_forward
[rank3]:W0829 20:02:16.921000 2735346 site-packages/torch/_dynamo/variables/tensor.py:1048] [3/0]     ) = self.wavlm_pretrain_model.forward(xs_pad, ys_pad, ilens)
[rank3]:W0829 20:02:16.921000 2735346 site-packages/torch/_dynamo/variables/tensor.py:1048] [3/0]   File "/mnt/weka/mark/espnet/tools/anaconda/envs/espnet/lib/python3.12/site-packages/torchaudio/models/wav2vec2/model.py", line 210, in forward
[rank3]:W0829 20:02:16.921000 2735346 site-packages/torch/_dynamo/variables/tensor.py:1048] [3/0]     x, mask = self.mask_generator(x, padding_mask)
[rank3]:W0829 20:02:16.921000 2735346 site-packages/torch/_dynamo/variables/tensor.py:1048] [3/0]   File "/mnt/weka/mark/espnet/tools/anaconda/envs/espnet/lib/python3.12/site-packages/torchaudio/models/wav2vec2/components.py", line 1040, in forward
[rank3]:W0829 20:02:16.921000 2735346 site-packages/torch/_dynamo/variables/tensor.py:1048] [3/0]     mask_indices = _compute_mask_indices(
[rank3]:W0829 20:02:16.921000 2735346 site-packages/torch/_dynamo/variables/tensor.py:1048] [3/0]   File "/mnt/weka/mark/espnet/tools/anaconda/envs/espnet/lib/python3.12/site-packages/torchaudio/models/wav2vec2/components.py", line 879, in _compute_mask_indices
[rank3]:W0829 20:02:16.921000 2735346 site-packages/torch/_dynamo/variables/tensor.py:1048] [3/0]     all_num_mask = int(mask_prob * frame / float(mask_length) + torch.rand(1))
[rank3]:W0829 20:02:16.921000 2735346 site-packages/torch/_dynamo/variables/tensor.py:1048] [3/0] 
[rank3]:W0829 20:02:16.921000 2735346 site-packages/torch/_dynamo/variables/tensor.py:1048] [3/0] 
[rank6]:W0829 20:02:16.924000 2735349 site-packages/torch/_dynamo/variables/tensor.py:1048] [3/0] Graph break from `Tensor.item()`, consider setting:
[rank6]:W0829 20:02:16.924000 2735349 site-packages/torch/_dynamo/variables/tensor.py:1048] [3/0]     torch._dynamo.config.capture_scalar_outputs = True
[rank6]:W0829 20:02:16.924000 2735349 site-packages/torch/_dynamo/variables/tensor.py:1048] [3/0] or:
[rank6]:W0829 20:02:16.924000 2735349 site-packages/torch/_dynamo/variables/tensor.py:1048] [3/0]     env TORCHDYNAMO_CAPTURE_SCALAR_OUTPUTS=1
[rank6]:W0829 20:02:16.924000 2735349 site-packages/torch/_dynamo/variables/tensor.py:1048] [3/0] to include these operations in the captured graph.
[rank6]:W0829 20:02:16.924000 2735349 site-packages/torch/_dynamo/variables/tensor.py:1048] [3/0] 
[rank6]:W0829 20:02:16.924000 2735349 site-packages/torch/_dynamo/variables/tensor.py:1048] [3/0] Graph break: from user code at:
[rank6]:W0829 20:02:16.924000 2735349 site-packages/torch/_dynamo/variables/tensor.py:1048] [3/0]   File "/mnt/weka/mark/espnet/espnet2/hubert/espnet_model.py", line 170, in torch_dynamo_resume_in_encode_at_153
[rank6]:W0829 20:02:16.924000 2735349 site-packages/torch/_dynamo/variables/tensor.py:1048] [3/0]     encoder_out = self.encoder(feats, feats_lengths, y_pad, y_pad_length)
[rank6]:W0829 20:02:16.924000 2735349 site-packages/torch/_dynamo/variables/tensor.py:1048] [3/0]   File "/mnt/weka/mark/espnet/espnet2/asr/encoder/wavlm_encoder.py", line 384, in forward
[rank6]:W0829 20:02:16.924000 2735349 site-packages/torch/_dynamo/variables/tensor.py:1048] [3/0]     return self._pretraining_forward(xs_pad, ilens, ys_pad)
[rank6]:W0829 20:02:16.924000 2735349 site-packages/torch/_dynamo/variables/tensor.py:1048] [3/0]   File "/mnt/weka/mark/espnet/espnet2/asr/encoder/wavlm_encoder.py", line 397, in _pretraining_forward
[rank6]:W0829 20:02:16.924000 2735349 site-packages/torch/_dynamo/variables/tensor.py:1048] [3/0]     ) = self.wavlm_pretrain_model.forward(xs_pad, ys_pad, ilens)
[rank6]:W0829 20:02:16.924000 2735349 site-packages/torch/_dynamo/variables/tensor.py:1048] [3/0]   File "/mnt/weka/mark/espnet/tools/anaconda/envs/espnet/lib/python3.12/site-packages/torchaudio/models/wav2vec2/model.py", line 210, in forward
[rank6]:W0829 20:02:16.924000 2735349 site-packages/torch/_dynamo/variables/tensor.py:1048] [3/0]     x, mask = self.mask_generator(x, padding_mask)
[rank6]:W0829 20:02:16.924000 2735349 site-packages/torch/_dynamo/variables/tensor.py:1048] [3/0]   File "/mnt/weka/mark/espnet/tools/anaconda/envs/espnet/lib/python3.12/site-packages/torchaudio/models/wav2vec2/components.py", line 1040, in forward
[rank6]:W0829 20:02:16.924000 2735349 site-packages/torch/_dynamo/variables/tensor.py:1048] [3/0]     mask_indices = _compute_mask_indices(
[rank6]:W0829 20:02:16.924000 2735349 site-packages/torch/_dynamo/variables/tensor.py:1048] [3/0]   File "/mnt/weka/mark/espnet/tools/anaconda/envs/espnet/lib/python3.12/site-packages/torchaudio/models/wav2vec2/components.py", line 879, in _compute_mask_indices
[rank6]:W0829 20:02:16.924000 2735349 site-packages/torch/_dynamo/variables/tensor.py:1048] [3/0]     all_num_mask = int(mask_prob * frame / float(mask_length) + torch.rand(1))
[rank6]:W0829 20:02:16.924000 2735349 site-packages/torch/_dynamo/variables/tensor.py:1048] [3/0] 
[rank6]:W0829 20:02:16.924000 2735349 site-packages/torch/_dynamo/variables/tensor.py:1048] [3/0] 
[rank4]:W0829 20:02:16.959000 2735347 site-packages/torch/_dynamo/variables/tensor.py:1048] [3/0] Graph break from `Tensor.item()`, consider setting:
[rank4]:W0829 20:02:16.959000 2735347 site-packages/torch/_dynamo/variables/tensor.py:1048] [3/0]     torch._dynamo.config.capture_scalar_outputs = True
[rank4]:W0829 20:02:16.959000 2735347 site-packages/torch/_dynamo/variables/tensor.py:1048] [3/0] or:
[rank4]:W0829 20:02:16.959000 2735347 site-packages/torch/_dynamo/variables/tensor.py:1048] [3/0]     env TORCHDYNAMO_CAPTURE_SCALAR_OUTPUTS=1
[rank4]:W0829 20:02:16.959000 2735347 site-packages/torch/_dynamo/variables/tensor.py:1048] [3/0] to include these operations in the captured graph.
[rank4]:W0829 20:02:16.959000 2735347 site-packages/torch/_dynamo/variables/tensor.py:1048] [3/0] 
[rank4]:W0829 20:02:16.959000 2735347 site-packages/torch/_dynamo/variables/tensor.py:1048] [3/0] Graph break: from user code at:
[rank4]:W0829 20:02:16.959000 2735347 site-packages/torch/_dynamo/variables/tensor.py:1048] [3/0]   File "/mnt/weka/mark/espnet/espnet2/hubert/espnet_model.py", line 170, in torch_dynamo_resume_in_encode_at_153
[rank4]:W0829 20:02:16.959000 2735347 site-packages/torch/_dynamo/variables/tensor.py:1048] [3/0]     encoder_out = self.encoder(feats, feats_lengths, y_pad, y_pad_length)
[rank4]:W0829 20:02:16.959000 2735347 site-packages/torch/_dynamo/variables/tensor.py:1048] [3/0]   File "/mnt/weka/mark/espnet/espnet2/asr/encoder/wavlm_encoder.py", line 384, in forward
[rank4]:W0829 20:02:16.959000 2735347 site-packages/torch/_dynamo/variables/tensor.py:1048] [3/0]     return self._pretraining_forward(xs_pad, ilens, ys_pad)
[rank4]:W0829 20:02:16.959000 2735347 site-packages/torch/_dynamo/variables/tensor.py:1048] [3/0]   File "/mnt/weka/mark/espnet/espnet2/asr/encoder/wavlm_encoder.py", line 397, in _pretraining_forward
[rank4]:W0829 20:02:16.959000 2735347 site-packages/torch/_dynamo/variables/tensor.py:1048] [3/0]     ) = self.wavlm_pretrain_model.forward(xs_pad, ys_pad, ilens)
[rank4]:W0829 20:02:16.959000 2735347 site-packages/torch/_dynamo/variables/tensor.py:1048] [3/0]   File "/mnt/weka/mark/espnet/tools/anaconda/envs/espnet/lib/python3.12/site-packages/torchaudio/models/wav2vec2/model.py", line 210, in forward
[rank4]:W0829 20:02:16.959000 2735347 site-packages/torch/_dynamo/variables/tensor.py:1048] [3/0]     x, mask = self.mask_generator(x, padding_mask)
[rank4]:W0829 20:02:16.959000 2735347 site-packages/torch/_dynamo/variables/tensor.py:1048] [3/0]   File "/mnt/weka/mark/espnet/tools/anaconda/envs/espnet/lib/python3.12/site-packages/torchaudio/models/wav2vec2/components.py", line 1040, in forward
[rank4]:W0829 20:02:16.959000 2735347 site-packages/torch/_dynamo/variables/tensor.py:1048] [3/0]     mask_indices = _compute_mask_indices(
[rank4]:W0829 20:02:16.959000 2735347 site-packages/torch/_dynamo/variables/tensor.py:1048] [3/0]   File "/mnt/weka/mark/espnet/tools/anaconda/envs/espnet/lib/python3.12/site-packages/torchaudio/models/wav2vec2/components.py", line 879, in _compute_mask_indices
[rank4]:W0829 20:02:16.959000 2735347 site-packages/torch/_dynamo/variables/tensor.py:1048] [3/0]     all_num_mask = int(mask_prob * frame / float(mask_length) + torch.rand(1))
[rank4]:W0829 20:02:16.959000 2735347 site-packages/torch/_dynamo/variables/tensor.py:1048] [3/0] 
[rank4]:W0829 20:02:16.959000 2735347 site-packages/torch/_dynamo/variables/tensor.py:1048] [3/0] 
[rank7]:W0829 20:02:16.963000 2735350 site-packages/torch/_dynamo/variables/tensor.py:1048] [3/0] Graph break from `Tensor.item()`, consider setting:
[rank7]:W0829 20:02:16.963000 2735350 site-packages/torch/_dynamo/variables/tensor.py:1048] [3/0]     torch._dynamo.config.capture_scalar_outputs = True
[rank7]:W0829 20:02:16.963000 2735350 site-packages/torch/_dynamo/variables/tensor.py:1048] [3/0] or:
[rank7]:W0829 20:02:16.963000 2735350 site-packages/torch/_dynamo/variables/tensor.py:1048] [3/0]     env TORCHDYNAMO_CAPTURE_SCALAR_OUTPUTS=1
[rank7]:W0829 20:02:16.963000 2735350 site-packages/torch/_dynamo/variables/tensor.py:1048] [3/0] to include these operations in the captured graph.
[rank7]:W0829 20:02:16.963000 2735350 site-packages/torch/_dynamo/variables/tensor.py:1048] [3/0] 
[rank7]:W0829 20:02:16.963000 2735350 site-packages/torch/_dynamo/variables/tensor.py:1048] [3/0] Graph break: from user code at:
[rank7]:W0829 20:02:16.963000 2735350 site-packages/torch/_dynamo/variables/tensor.py:1048] [3/0]   File "/mnt/weka/mark/espnet/espnet2/hubert/espnet_model.py", line 170, in torch_dynamo_resume_in_encode_at_153
[rank7]:W0829 20:02:16.963000 2735350 site-packages/torch/_dynamo/variables/tensor.py:1048] [3/0]     encoder_out = self.encoder(feats, feats_lengths, y_pad, y_pad_length)
[rank7]:W0829 20:02:16.963000 2735350 site-packages/torch/_dynamo/variables/tensor.py:1048] [3/0]   File "/mnt/weka/mark/espnet/espnet2/asr/encoder/wavlm_encoder.py", line 384, in forward
[rank7]:W0829 20:02:16.963000 2735350 site-packages/torch/_dynamo/variables/tensor.py:1048] [3/0]     return self._pretraining_forward(xs_pad, ilens, ys_pad)
[rank7]:W0829 20:02:16.963000 2735350 site-packages/torch/_dynamo/variables/tensor.py:1048] [3/0]   File "/mnt/weka/mark/espnet/espnet2/asr/encoder/wavlm_encoder.py", line 397, in _pretraining_forward
[rank7]:W0829 20:02:16.963000 2735350 site-packages/torch/_dynamo/variables/tensor.py:1048] [3/0]     ) = self.wavlm_pretrain_model.forward(xs_pad, ys_pad, ilens)
[rank7]:W0829 20:02:16.963000 2735350 site-packages/torch/_dynamo/variables/tensor.py:1048] [3/0]   File "/mnt/weka/mark/espnet/tools/anaconda/envs/espnet/lib/python3.12/site-packages/torchaudio/models/wav2vec2/model.py", line 210, in forward
[rank7]:W0829 20:02:16.963000 2735350 site-packages/torch/_dynamo/variables/tensor.py:1048] [3/0]     x, mask = self.mask_generator(x, padding_mask)
[rank7]:W0829 20:02:16.963000 2735350 site-packages/torch/_dynamo/variables/tensor.py:1048] [3/0]   File "/mnt/weka/mark/espnet/tools/anaconda/envs/espnet/lib/python3.12/site-packages/torchaudio/models/wav2vec2/components.py", line 1040, in forward
[rank7]:W0829 20:02:16.963000 2735350 site-packages/torch/_dynamo/variables/tensor.py:1048] [3/0]     mask_indices = _compute_mask_indices(
[rank7]:W0829 20:02:16.963000 2735350 site-packages/torch/_dynamo/variables/tensor.py:1048] [3/0]   File "/mnt/weka/mark/espnet/tools/anaconda/envs/espnet/lib/python3.12/site-packages/torchaudio/models/wav2vec2/components.py", line 879, in _compute_mask_indices
[rank7]:W0829 20:02:16.963000 2735350 site-packages/torch/_dynamo/variables/tensor.py:1048] [3/0]     all_num_mask = int(mask_prob * frame / float(mask_length) + torch.rand(1))
[rank7]:W0829 20:02:16.963000 2735350 site-packages/torch/_dynamo/variables/tensor.py:1048] [3/0] 
[rank7]:W0829 20:02:16.963000 2735350 site-packages/torch/_dynamo/variables/tensor.py:1048] [3/0] 
/mnt/weka/mark/espnet/tools/anaconda/envs/espnet/lib/python3.12/site-packages/torch/autograd/graph.py:841: UserWarning: Error detected in IndexPutBackward0. Traceback of forward call that caused the error:
  File "/mnt/weka/mark/espnet/tools/anaconda/envs/espnet/lib/python3.12/site-packages/torchaudio/models/wav2vec2/components.py", line 1054, in torch_dynamo_resume_in_forward_at_1040
    x[mask_indices] = self.mask_embedding.to(x.dtype)
 (Triggered internally at /pytorch/torch/csrc/autograd/python_anomaly_mode.cpp:122.)
  return Variable._execution_engine.run_backward(  # Calls into the C++ engine to run the backward pass
/mnt/weka/mark/espnet/tools/anaconda/envs/espnet/lib/python3.12/site-packages/torch/autograd/graph.py:841: UserWarning: Error detected in IndexPutBackward0. Traceback of forward call that caused the error:
  File "/mnt/weka/mark/espnet/tools/anaconda/envs/espnet/lib/python3.12/site-packages/torchaudio/models/wav2vec2/components.py", line 1054, in torch_dynamo_resume_in_forward_at_1040
    x[mask_indices] = self.mask_embedding.to(x.dtype)
 (Triggered internally at /pytorch/torch/csrc/autograd/python_anomaly_mode.cpp:122.)
  return Variable._execution_engine.run_backward(  # Calls into the C++ engine to run the backward pass
[rank7]:W0829 20:03:35.374000 2735350 site-packages/torch/_dynamo/exc.py:593] [10/0] Backend compiler exception
[rank7]:W0829 20:03:35.374000 2735350 site-packages/torch/_dynamo/exc.py:593] [10/0]   Explanation: Backend compiler `compile_fn` failed with aten.nonzero.default. Adding a graph break.
[rank7]:W0829 20:03:35.374000 2735350 site-packages/torch/_dynamo/exc.py:593] [10/0]   Hint: Report an issue to the backend compiler repo.
[rank7]:W0829 20:03:35.374000 2735350 site-packages/torch/_dynamo/exc.py:593] [10/0] 
[rank7]:W0829 20:03:35.374000 2735350 site-packages/torch/_dynamo/exc.py:593] [10/0]   Developer debug context: Backend: compile_fn
[rank7]:W0829 20:03:35.374000 2735350 site-packages/torch/_dynamo/exc.py:593] [10/0]     Exception:aten.nonzero.default
[rank7]:W0829 20:03:35.374000 2735350 site-packages/torch/_dynamo/exc.py:593] [10/0]     Traceback:
[rank7]:W0829 20:03:35.374000 2735350 site-packages/torch/_dynamo/exc.py:593] [10/0]       File "/mnt/weka/mark/espnet/tools/anaconda/envs/espnet/lib/python3.12/site-packages/torchaudio/models/wav2vec2/components.py", line 1072, in torch_dynamo_resume_in_forward_at_1040
[rank7]:W0829 20:03:35.374000 2735350 site-packages/torch/_dynamo/exc.py:593] [10/0]         return x, mask_indices
[rank7]:W0829 20:03:35.374000 2735350 site-packages/torch/_dynamo/exc.py:593] [10/0] 
[rank7]:W0829 20:03:35.374000 2735350 site-packages/torch/_dynamo/exc.py:593] [10/0] 
[rank7]:W0829 20:03:35.374000 2735350 site-packages/torch/_dynamo/exc.py:593] [10/0]  For more details about this graph break, please visit: https://meta-pytorch.github.io/compile-graph-break-site/gb/gb0219.html
[rank0]:W0829 20:03:35.374000 2735343 site-packages/torch/_dynamo/exc.py:593] [10/0] Backend compiler exception
[rank0]:W0829 20:03:35.374000 2735343 site-packages/torch/_dynamo/exc.py:593] [10/0]   Explanation: Backend compiler `compile_fn` failed with aten.nonzero.default. Adding a graph break.
[rank0]:W0829 20:03:35.374000 2735343 site-packages/torch/_dynamo/exc.py:593] [10/0]   Hint: Report an issue to the backend compiler repo.
[rank0]:W0829 20:03:35.374000 2735343 site-packages/torch/_dynamo/exc.py:593] [10/0] 
[rank0]:W0829 20:03:35.374000 2735343 site-packages/torch/_dynamo/exc.py:593] [10/0]   Developer debug context: Backend: compile_fn
[rank0]:W0829 20:03:35.374000 2735343 site-packages/torch/_dynamo/exc.py:593] [10/0]     Exception:aten.nonzero.default
[rank0]:W0829 20:03:35.374000 2735343 site-packages/torch/_dynamo/exc.py:593] [10/0]     Traceback:
[rank0]:W0829 20:03:35.374000 2735343 site-packages/torch/_dynamo/exc.py:593] [10/0]       File "/mnt/weka/mark/espnet/tools/anaconda/envs/espnet/lib/python3.12/site-packages/torchaudio/models/wav2vec2/components.py", line 1072, in torch_dynamo_resume_in_forward_at_1040
[rank0]:W0829 20:03:35.374000 2735343 site-packages/torch/_dynamo/exc.py:593] [10/0]         return x, mask_indices
[rank0]:W0829 20:03:35.374000 2735343 site-packages/torch/_dynamo/exc.py:593] [10/0] 
[rank0]:W0829 20:03:35.374000 2735343 site-packages/torch/_dynamo/exc.py:593] [10/0] 
[rank0]:W0829 20:03:35.374000 2735343 site-packages/torch/_dynamo/exc.py:593] [10/0]  For more details about this graph break, please visit: https://meta-pytorch.github.io/compile-graph-break-site/gb/gb0219.html
/mnt/weka/mark/espnet/tools/anaconda/envs/espnet/lib/python3.12/site-packages/torch/autograd/graph.py:841: UserWarning: Error detected in IndexPutBackward0. Traceback of forward call that caused the error:
  File "/mnt/weka/mark/espnet/tools/anaconda/envs/espnet/lib/python3.12/site-packages/torchaudio/models/wav2vec2/components.py", line 1054, in torch_dynamo_resume_in_forward_at_1040
    x[mask_indices] = self.mask_embedding.to(x.dtype)
 (Triggered internally at /pytorch/torch/csrc/autograd/python_anomaly_mode.cpp:122.)
  return Variable._execution_engine.run_backward(  # Calls into the C++ engine to run the backward pass
/mnt/weka/mark/espnet/tools/anaconda/envs/espnet/lib/python3.12/site-packages/torch/autograd/graph.py:841: UserWarning: Error detected in IndexPutBackward0. Traceback of forward call that caused the error:
  File "/mnt/weka/mark/espnet/tools/anaconda/envs/espnet/lib/python3.12/site-packages/torchaudio/models/wav2vec2/components.py", line 1054, in torch_dynamo_resume_in_forward_at_1040
    x[mask_indices] = self.mask_embedding.to(x.dtype)
 (Triggered internally at /pytorch/torch/csrc/autograd/python_anomaly_mode.cpp:122.)
  return Variable._execution_engine.run_backward(  # Calls into the C++ engine to run the backward pass
[rank7]:W0829 20:03:35.469000 2735350 site-packages/torch/_dynamo/exc.py:593] [10/0_1] Backend compiler exception
[rank7]:W0829 20:03:35.469000 2735350 site-packages/torch/_dynamo/exc.py:593] [10/0_1]   Explanation: Backend compiler `compile_fn` failed with aten.nonzero.default. Adding a graph break.
[rank7]:W0829 20:03:35.469000 2735350 site-packages/torch/_dynamo/exc.py:593] [10/0_1]   Hint: Report an issue to the backend compiler repo.
[rank7]:W0829 20:03:35.469000 2735350 site-packages/torch/_dynamo/exc.py:593] [10/0_1] 
[rank7]:W0829 20:03:35.469000 2735350 site-packages/torch/_dynamo/exc.py:593] [10/0_1]   Developer debug context: Backend: compile_fn
[rank7]:W0829 20:03:35.469000 2735350 site-packages/torch/_dynamo/exc.py:593] [10/0_1]     Exception:aten.nonzero.default
[rank7]:W0829 20:03:35.469000 2735350 site-packages/torch/_dynamo/exc.py:593] [10/0_1]     Traceback:
[rank7]:W0829 20:03:35.469000 2735350 site-packages/torch/_dynamo/exc.py:593] [10/0_1]       File "/mnt/weka/mark/espnet/tools/anaconda/envs/espnet/lib/python3.12/site-packages/torchaudio/models/wav2vec2/components.py", line 1072, in torch_dynamo_resume_in_forward_at_1040
[rank7]:W0829 20:03:35.469000 2735350 site-packages/torch/_dynamo/exc.py:593] [10/0_1]         return x, mask_indices
[rank7]:W0829 20:03:35.469000 2735350 site-packages/torch/_dynamo/exc.py:593] [10/0_1] 
[rank7]:W0829 20:03:35.469000 2735350 site-packages/torch/_dynamo/exc.py:593] [10/0_1] 
[rank7]:W0829 20:03:35.469000 2735350 site-packages/torch/_dynamo/exc.py:593] [10/0_1]  For more details about this graph break, please visit: https://meta-pytorch.github.io/compile-graph-break-site/gb/gb0219.html
[rank0]:W0829 20:03:35.470000 2735343 site-packages/torch/_dynamo/exc.py:593] [10/0_1] Backend compiler exception
[rank0]:W0829 20:03:35.470000 2735343 site-packages/torch/_dynamo/exc.py:593] [10/0_1]   Explanation: Backend compiler `compile_fn` failed with aten.nonzero.default. Adding a graph break.
[rank0]:W0829 20:03:35.470000 2735343 site-packages/torch/_dynamo/exc.py:593] [10/0_1]   Hint: Report an issue to the backend compiler repo.
[rank0]:W0829 20:03:35.470000 2735343 site-packages/torch/_dynamo/exc.py:593] [10/0_1] 
[rank0]:W0829 20:03:35.470000 2735343 site-packages/torch/_dynamo/exc.py:593] [10/0_1]   Developer debug context: Backend: compile_fn
[rank0]:W0829 20:03:35.470000 2735343 site-packages/torch/_dynamo/exc.py:593] [10/0_1]     Exception:aten.nonzero.default
[rank0]:W0829 20:03:35.470000 2735343 site-packages/torch/_dynamo/exc.py:593] [10/0_1]     Traceback:
[rank0]:W0829 20:03:35.470000 2735343 site-packages/torch/_dynamo/exc.py:593] [10/0_1]       File "/mnt/weka/mark/espnet/tools/anaconda/envs/espnet/lib/python3.12/site-packages/torchaudio/models/wav2vec2/components.py", line 1072, in torch_dynamo_resume_in_forward_at_1040
[rank0]:W0829 20:03:35.470000 2735343 site-packages/torch/_dynamo/exc.py:593] [10/0_1]         return x, mask_indices
[rank0]:W0829 20:03:35.470000 2735343 site-packages/torch/_dynamo/exc.py:593] [10/0_1] 
[rank0]:W0829 20:03:35.470000 2735343 site-packages/torch/_dynamo/exc.py:593] [10/0_1] 
[rank0]:W0829 20:03:35.470000 2735343 site-packages/torch/_dynamo/exc.py:593] [10/0_1]  For more details about this graph break, please visit: https://meta-pytorch.github.io/compile-graph-break-site/gb/gb0219.html
/mnt/weka/mark/espnet/tools/anaconda/envs/espnet/lib/python3.12/site-packages/torch/autograd/graph.py:841: UserWarning: Error detected in IndexPutBackward0. Traceback of forward call that caused the error:
  File "/mnt/weka/mark/espnet/tools/anaconda/envs/espnet/lib/python3.12/site-packages/torchaudio/models/wav2vec2/components.py", line 1054, in torch_dynamo_resume_in_forward_at_1040
    x[mask_indices] = self.mask_embedding.to(x.dtype)
 (Triggered internally at /pytorch/torch/csrc/autograd/python_anomaly_mode.cpp:122.)
  return Variable._execution_engine.run_backward(  # Calls into the C++ engine to run the backward pass
[rank6]:W0829 20:03:35.879000 2735349 site-packages/torch/_dynamo/exc.py:593] [10/0] Backend compiler exception
[rank6]:W0829 20:03:35.879000 2735349 site-packages/torch/_dynamo/exc.py:593] [10/0]   Explanation: Backend compiler `compile_fn` failed with aten.nonzero.default. Adding a graph break.
[rank6]:W0829 20:03:35.879000 2735349 site-packages/torch/_dynamo/exc.py:593] [10/0]   Hint: Report an issue to the backend compiler repo.
[rank6]:W0829 20:03:35.879000 2735349 site-packages/torch/_dynamo/exc.py:593] [10/0] 
[rank6]:W0829 20:03:35.879000 2735349 site-packages/torch/_dynamo/exc.py:593] [10/0]   Developer debug context: Backend: compile_fn
[rank6]:W0829 20:03:35.879000 2735349 site-packages/torch/_dynamo/exc.py:593] [10/0]     Exception:aten.nonzero.default
[rank6]:W0829 20:03:35.879000 2735349 site-packages/torch/_dynamo/exc.py:593] [10/0]     Traceback:
[rank6]:W0829 20:03:35.879000 2735349 site-packages/torch/_dynamo/exc.py:593] [10/0]       File "/mnt/weka/mark/espnet/tools/anaconda/envs/espnet/lib/python3.12/site-packages/torchaudio/models/wav2vec2/components.py", line 1072, in torch_dynamo_resume_in_forward_at_1040
[rank6]:W0829 20:03:35.879000 2735349 site-packages/torch/_dynamo/exc.py:593] [10/0]         return x, mask_indices
[rank6]:W0829 20:03:35.879000 2735349 site-packages/torch/_dynamo/exc.py:593] [10/0] 
[rank6]:W0829 20:03:35.879000 2735349 site-packages/torch/_dynamo/exc.py:593] [10/0] 
[rank6]:W0829 20:03:35.879000 2735349 site-packages/torch/_dynamo/exc.py:593] [10/0]  For more details about this graph break, please visit: https://meta-pytorch.github.io/compile-graph-break-site/gb/gb0219.html
/mnt/weka/mark/espnet/tools/anaconda/envs/espnet/lib/python3.12/site-packages/torch/autograd/graph.py:841: UserWarning: Error detected in IndexPutBackward0. Traceback of forward call that caused the error:
  File "/mnt/weka/mark/espnet/tools/anaconda/envs/espnet/lib/python3.12/site-packages/torchaudio/models/wav2vec2/components.py", line 1054, in torch_dynamo_resume_in_forward_at_1040
    x[mask_indices] = self.mask_embedding.to(x.dtype)
 (Triggered internally at /pytorch/torch/csrc/autograd/python_anomaly_mode.cpp:122.)
  return Variable._execution_engine.run_backward(  # Calls into the C++ engine to run the backward pass
[rank6]:W0829 20:03:35.974000 2735349 site-packages/torch/_dynamo/exc.py:593] [10/0_1] Backend compiler exception
[rank6]:W0829 20:03:35.974000 2735349 site-packages/torch/_dynamo/exc.py:593] [10/0_1]   Explanation: Backend compiler `compile_fn` failed with aten.nonzero.default. Adding a graph break.
[rank6]:W0829 20:03:35.974000 2735349 site-packages/torch/_dynamo/exc.py:593] [10/0_1]   Hint: Report an issue to the backend compiler repo.
[rank6]:W0829 20:03:35.974000 2735349 site-packages/torch/_dynamo/exc.py:593] [10/0_1] 
[rank6]:W0829 20:03:35.974000 2735349 site-packages/torch/_dynamo/exc.py:593] [10/0_1]   Developer debug context: Backend: compile_fn
[rank6]:W0829 20:03:35.974000 2735349 site-packages/torch/_dynamo/exc.py:593] [10/0_1]     Exception:aten.nonzero.default
[rank6]:W0829 20:03:35.974000 2735349 site-packages/torch/_dynamo/exc.py:593] [10/0_1]     Traceback:
[rank6]:W0829 20:03:35.974000 2735349 site-packages/torch/_dynamo/exc.py:593] [10/0_1]       File "/mnt/weka/mark/espnet/tools/anaconda/envs/espnet/lib/python3.12/site-packages/torchaudio/models/wav2vec2/components.py", line 1072, in torch_dynamo_resume_in_forward_at_1040
[rank6]:W0829 20:03:35.974000 2735349 site-packages/torch/_dynamo/exc.py:593] [10/0_1]         return x, mask_indices
[rank6]:W0829 20:03:35.974000 2735349 site-packages/torch/_dynamo/exc.py:593] [10/0_1] 
[rank6]:W0829 20:03:35.974000 2735349 site-packages/torch/_dynamo/exc.py:593] [10/0_1] 
[rank6]:W0829 20:03:35.974000 2735349 site-packages/torch/_dynamo/exc.py:593] [10/0_1]  For more details about this graph break, please visit: https://meta-pytorch.github.io/compile-graph-break-site/gb/gb0219.html
/mnt/weka/mark/espnet/tools/anaconda/envs/espnet/lib/python3.12/site-packages/torch/autograd/graph.py:841: UserWarning: Error detected in IndexPutBackward0. Traceback of forward call that caused the error:
  File "/mnt/weka/mark/espnet/tools/anaconda/envs/espnet/lib/python3.12/site-packages/torchaudio/models/wav2vec2/components.py", line 1054, in torch_dynamo_resume_in_forward_at_1040
    x[mask_indices] = self.mask_embedding.to(x.dtype)
 (Triggered internally at /pytorch/torch/csrc/autograd/python_anomaly_mode.cpp:122.)
  return Variable._execution_engine.run_backward(  # Calls into the C++ engine to run the backward pass
[rank4]:W0829 20:03:39.676000 2735347 site-packages/torch/_dynamo/exc.py:593] [10/0] Backend compiler exception
[rank4]:W0829 20:03:39.676000 2735347 site-packages/torch/_dynamo/exc.py:593] [10/0]   Explanation: Backend compiler `compile_fn` failed with aten.nonzero.default. Adding a graph break.
[rank4]:W0829 20:03:39.676000 2735347 site-packages/torch/_dynamo/exc.py:593] [10/0]   Hint: Report an issue to the backend compiler repo.
[rank4]:W0829 20:03:39.676000 2735347 site-packages/torch/_dynamo/exc.py:593] [10/0] 
[rank4]:W0829 20:03:39.676000 2735347 site-packages/torch/_dynamo/exc.py:593] [10/0]   Developer debug context: Backend: compile_fn
[rank4]:W0829 20:03:39.676000 2735347 site-packages/torch/_dynamo/exc.py:593] [10/0]     Exception:aten.nonzero.default
[rank4]:W0829 20:03:39.676000 2735347 site-packages/torch/_dynamo/exc.py:593] [10/0]     Traceback:
[rank4]:W0829 20:03:39.676000 2735347 site-packages/torch/_dynamo/exc.py:593] [10/0]       File "/mnt/weka/mark/espnet/tools/anaconda/envs/espnet/lib/python3.12/site-packages/torchaudio/models/wav2vec2/components.py", line 1072, in torch_dynamo_resume_in_forward_at_1040
[rank4]:W0829 20:03:39.676000 2735347 site-packages/torch/_dynamo/exc.py:593] [10/0]         return x, mask_indices
[rank4]:W0829 20:03:39.676000 2735347 site-packages/torch/_dynamo/exc.py:593] [10/0] 
[rank4]:W0829 20:03:39.676000 2735347 site-packages/torch/_dynamo/exc.py:593] [10/0] 
[rank4]:W0829 20:03:39.676000 2735347 site-packages/torch/_dynamo/exc.py:593] [10/0]  For more details about this graph break, please visit: https://meta-pytorch.github.io/compile-graph-break-site/gb/gb0219.html
/mnt/weka/mark/espnet/tools/anaconda/envs/espnet/lib/python3.12/site-packages/torch/autograd/graph.py:841: UserWarning: Error detected in IndexPutBackward0. Traceback of forward call that caused the error:
  File "/mnt/weka/mark/espnet/tools/anaconda/envs/espnet/lib/python3.12/site-packages/torchaudio/models/wav2vec2/components.py", line 1054, in torch_dynamo_resume_in_forward_at_1040
    x[mask_indices] = self.mask_embedding.to(x.dtype)
 (Triggered internally at /pytorch/torch/csrc/autograd/python_anomaly_mode.cpp:122.)
  return Variable._execution_engine.run_backward(  # Calls into the C++ engine to run the backward pass
[rank4]:W0829 20:03:39.769000 2735347 site-packages/torch/_dynamo/exc.py:593] [10/0_1] Backend compiler exception
[rank4]:W0829 20:03:39.769000 2735347 site-packages/torch/_dynamo/exc.py:593] [10/0_1]   Explanation: Backend compiler `compile_fn` failed with aten.nonzero.default. Adding a graph break.
[rank4]:W0829 20:03:39.769000 2735347 site-packages/torch/_dynamo/exc.py:593] [10/0_1]   Hint: Report an issue to the backend compiler repo.
[rank4]:W0829 20:03:39.769000 2735347 site-packages/torch/_dynamo/exc.py:593] [10/0_1] 
[rank4]:W0829 20:03:39.769000 2735347 site-packages/torch/_dynamo/exc.py:593] [10/0_1]   Developer debug context: Backend: compile_fn
[rank4]:W0829 20:03:39.769000 2735347 site-packages/torch/_dynamo/exc.py:593] [10/0_1]     Exception:aten.nonzero.default
[rank4]:W0829 20:03:39.769000 2735347 site-packages/torch/_dynamo/exc.py:593] [10/0_1]     Traceback:
[rank4]:W0829 20:03:39.769000 2735347 site-packages/torch/_dynamo/exc.py:593] [10/0_1]       File "/mnt/weka/mark/espnet/tools/anaconda/envs/espnet/lib/python3.12/site-packages/torchaudio/models/wav2vec2/components.py", line 1072, in torch_dynamo_resume_in_forward_at_1040
[rank4]:W0829 20:03:39.769000 2735347 site-packages/torch/_dynamo/exc.py:593] [10/0_1]         return x, mask_indices
[rank4]:W0829 20:03:39.769000 2735347 site-packages/torch/_dynamo/exc.py:593] [10/0_1] 
[rank4]:W0829 20:03:39.769000 2735347 site-packages/torch/_dynamo/exc.py:593] [10/0_1] 
[rank4]:W0829 20:03:39.769000 2735347 site-packages/torch/_dynamo/exc.py:593] [10/0_1]  For more details about this graph break, please visit: https://meta-pytorch.github.io/compile-graph-break-site/gb/gb0219.html
/mnt/weka/mark/espnet/tools/anaconda/envs/espnet/lib/python3.12/site-packages/torch/autograd/graph.py:841: UserWarning: Error detected in IndexPutBackward0. Traceback of forward call that caused the error:
  File "/mnt/weka/mark/espnet/tools/anaconda/envs/espnet/lib/python3.12/site-packages/torchaudio/models/wav2vec2/components.py", line 1054, in torch_dynamo_resume_in_forward_at_1040
    x[mask_indices] = self.mask_embedding.to(x.dtype)
 (Triggered internally at /pytorch/torch/csrc/autograd/python_anomaly_mode.cpp:122.)
  return Variable._execution_engine.run_backward(  # Calls into the C++ engine to run the backward pass
[rank2]:W0829 20:03:41.574000 2735345 site-packages/torch/_dynamo/exc.py:593] [10/0] Backend compiler exception
[rank2]:W0829 20:03:41.574000 2735345 site-packages/torch/_dynamo/exc.py:593] [10/0]   Explanation: Backend compiler `compile_fn` failed with aten.nonzero.default. Adding a graph break.
[rank2]:W0829 20:03:41.574000 2735345 site-packages/torch/_dynamo/exc.py:593] [10/0]   Hint: Report an issue to the backend compiler repo.
[rank2]:W0829 20:03:41.574000 2735345 site-packages/torch/_dynamo/exc.py:593] [10/0] 
[rank2]:W0829 20:03:41.574000 2735345 site-packages/torch/_dynamo/exc.py:593] [10/0]   Developer debug context: Backend: compile_fn
[rank2]:W0829 20:03:41.574000 2735345 site-packages/torch/_dynamo/exc.py:593] [10/0]     Exception:aten.nonzero.default
[rank2]:W0829 20:03:41.574000 2735345 site-packages/torch/_dynamo/exc.py:593] [10/0]     Traceback:
[rank2]:W0829 20:03:41.574000 2735345 site-packages/torch/_dynamo/exc.py:593] [10/0]       File "/mnt/weka/mark/espnet/tools/anaconda/envs/espnet/lib/python3.12/site-packages/torchaudio/models/wav2vec2/components.py", line 1072, in torch_dynamo_resume_in_forward_at_1040
[rank2]:W0829 20:03:41.574000 2735345 site-packages/torch/_dynamo/exc.py:593] [10/0]         return x, mask_indices
[rank2]:W0829 20:03:41.574000 2735345 site-packages/torch/_dynamo/exc.py:593] [10/0] 
[rank2]:W0829 20:03:41.574000 2735345 site-packages/torch/_dynamo/exc.py:593] [10/0] 
[rank2]:W0829 20:03:41.574000 2735345 site-packages/torch/_dynamo/exc.py:593] [10/0]  For more details about this graph break, please visit: https://meta-pytorch.github.io/compile-graph-break-site/gb/gb0219.html
/mnt/weka/mark/espnet/tools/anaconda/envs/espnet/lib/python3.12/site-packages/torch/autograd/graph.py:841: UserWarning: Error detected in IndexPutBackward0. Traceback of forward call that caused the error:
  File "/mnt/weka/mark/espnet/tools/anaconda/envs/espnet/lib/python3.12/site-packages/torchaudio/models/wav2vec2/components.py", line 1054, in torch_dynamo_resume_in_forward_at_1040
    x[mask_indices] = self.mask_embedding.to(x.dtype)
 (Triggered internally at /pytorch/torch/csrc/autograd/python_anomaly_mode.cpp:122.)
  return Variable._execution_engine.run_backward(  # Calls into the C++ engine to run the backward pass
[rank2]:W0829 20:03:41.669000 2735345 site-packages/torch/_dynamo/exc.py:593] [10/0_1] Backend compiler exception
[rank2]:W0829 20:03:41.669000 2735345 site-packages/torch/_dynamo/exc.py:593] [10/0_1]   Explanation: Backend compiler `compile_fn` failed with aten.nonzero.default. Adding a graph break.
[rank2]:W0829 20:03:41.669000 2735345 site-packages/torch/_dynamo/exc.py:593] [10/0_1]   Hint: Report an issue to the backend compiler repo.
[rank2]:W0829 20:03:41.669000 2735345 site-packages/torch/_dynamo/exc.py:593] [10/0_1] 
[rank2]:W0829 20:03:41.669000 2735345 site-packages/torch/_dynamo/exc.py:593] [10/0_1]   Developer debug context: Backend: compile_fn
[rank2]:W0829 20:03:41.669000 2735345 site-packages/torch/_dynamo/exc.py:593] [10/0_1]     Exception:aten.nonzero.default
[rank2]:W0829 20:03:41.669000 2735345 site-packages/torch/_dynamo/exc.py:593] [10/0_1]     Traceback:
[rank2]:W0829 20:03:41.669000 2735345 site-packages/torch/_dynamo/exc.py:593] [10/0_1]       File "/mnt/weka/mark/espnet/tools/anaconda/envs/espnet/lib/python3.12/site-packages/torchaudio/models/wav2vec2/components.py", line 1072, in torch_dynamo_resume_in_forward_at_1040
[rank2]:W0829 20:03:41.669000 2735345 site-packages/torch/_dynamo/exc.py:593] [10/0_1]         return x, mask_indices
[rank2]:W0829 20:03:41.669000 2735345 site-packages/torch/_dynamo/exc.py:593] [10/0_1] 
[rank2]:W0829 20:03:41.669000 2735345 site-packages/torch/_dynamo/exc.py:593] [10/0_1] 
[rank2]:W0829 20:03:41.669000 2735345 site-packages/torch/_dynamo/exc.py:593] [10/0_1]  For more details about this graph break, please visit: https://meta-pytorch.github.io/compile-graph-break-site/gb/gb0219.html
/mnt/weka/mark/espnet/tools/anaconda/envs/espnet/lib/python3.12/site-packages/torch/autograd/graph.py:841: UserWarning: Error detected in IndexPutBackward0. Traceback of forward call that caused the error:
  File "/mnt/weka/mark/espnet/tools/anaconda/envs/espnet/lib/python3.12/site-packages/torchaudio/models/wav2vec2/components.py", line 1054, in torch_dynamo_resume_in_forward_at_1040
    x[mask_indices] = self.mask_embedding.to(x.dtype)
 (Triggered internally at /pytorch/torch/csrc/autograd/python_anomaly_mode.cpp:122.)
  return Variable._execution_engine.run_backward(  # Calls into the C++ engine to run the backward pass
[rank5]:W0829 20:03:43.911000 2735348 site-packages/torch/_dynamo/exc.py:593] [10/0] Backend compiler exception
[rank5]:W0829 20:03:43.911000 2735348 site-packages/torch/_dynamo/exc.py:593] [10/0]   Explanation: Backend compiler `compile_fn` failed with aten.nonzero.default. Adding a graph break.
[rank5]:W0829 20:03:43.911000 2735348 site-packages/torch/_dynamo/exc.py:593] [10/0]   Hint: Report an issue to the backend compiler repo.
[rank5]:W0829 20:03:43.911000 2735348 site-packages/torch/_dynamo/exc.py:593] [10/0] 
[rank5]:W0829 20:03:43.911000 2735348 site-packages/torch/_dynamo/exc.py:593] [10/0]   Developer debug context: Backend: compile_fn
[rank5]:W0829 20:03:43.911000 2735348 site-packages/torch/_dynamo/exc.py:593] [10/0]     Exception:aten.nonzero.default
[rank5]:W0829 20:03:43.911000 2735348 site-packages/torch/_dynamo/exc.py:593] [10/0]     Traceback:
[rank5]:W0829 20:03:43.911000 2735348 site-packages/torch/_dynamo/exc.py:593] [10/0]       File "/mnt/weka/mark/espnet/tools/anaconda/envs/espnet/lib/python3.12/site-packages/torchaudio/models/wav2vec2/components.py", line 1072, in torch_dynamo_resume_in_forward_at_1040
[rank5]:W0829 20:03:43.911000 2735348 site-packages/torch/_dynamo/exc.py:593] [10/0]         return x, mask_indices
[rank5]:W0829 20:03:43.911000 2735348 site-packages/torch/_dynamo/exc.py:593] [10/0] 
[rank5]:W0829 20:03:43.911000 2735348 site-packages/torch/_dynamo/exc.py:593] [10/0] 
[rank5]:W0829 20:03:43.911000 2735348 site-packages/torch/_dynamo/exc.py:593] [10/0]  For more details about this graph break, please visit: https://meta-pytorch.github.io/compile-graph-break-site/gb/gb0219.html
/mnt/weka/mark/espnet/tools/anaconda/envs/espnet/lib/python3.12/site-packages/torch/autograd/graph.py:841: UserWarning: Error detected in IndexPutBackward0. Traceback of forward call that caused the error:
  File "/mnt/weka/mark/espnet/tools/anaconda/envs/espnet/lib/python3.12/site-packages/torchaudio/models/wav2vec2/components.py", line 1054, in torch_dynamo_resume_in_forward_at_1040
    x[mask_indices] = self.mask_embedding.to(x.dtype)
 (Triggered internally at /pytorch/torch/csrc/autograd/python_anomaly_mode.cpp:122.)
  return Variable._execution_engine.run_backward(  # Calls into the C++ engine to run the backward pass
[rank5]:W0829 20:03:44.005000 2735348 site-packages/torch/_dynamo/exc.py:593] [10/0_1] Backend compiler exception
[rank5]:W0829 20:03:44.005000 2735348 site-packages/torch/_dynamo/exc.py:593] [10/0_1]   Explanation: Backend compiler `compile_fn` failed with aten.nonzero.default. Adding a graph break.
[rank5]:W0829 20:03:44.005000 2735348 site-packages/torch/_dynamo/exc.py:593] [10/0_1]   Hint: Report an issue to the backend compiler repo.
[rank5]:W0829 20:03:44.005000 2735348 site-packages/torch/_dynamo/exc.py:593] [10/0_1] 
[rank5]:W0829 20:03:44.005000 2735348 site-packages/torch/_dynamo/exc.py:593] [10/0_1]   Developer debug context: Backend: compile_fn
[rank5]:W0829 20:03:44.005000 2735348 site-packages/torch/_dynamo/exc.py:593] [10/0_1]     Exception:aten.nonzero.default
[rank5]:W0829 20:03:44.005000 2735348 site-packages/torch/_dynamo/exc.py:593] [10/0_1]     Traceback:
[rank5]:W0829 20:03:44.005000 2735348 site-packages/torch/_dynamo/exc.py:593] [10/0_1]       File "/mnt/weka/mark/espnet/tools/anaconda/envs/espnet/lib/python3.12/site-packages/torchaudio/models/wav2vec2/components.py", line 1072, in torch_dynamo_resume_in_forward_at_1040
[rank5]:W0829 20:03:44.005000 2735348 site-packages/torch/_dynamo/exc.py:593] [10/0_1]         return x, mask_indices
[rank5]:W0829 20:03:44.005000 2735348 site-packages/torch/_dynamo/exc.py:593] [10/0_1] 
[rank5]:W0829 20:03:44.005000 2735348 site-packages/torch/_dynamo/exc.py:593] [10/0_1] 
[rank5]:W0829 20:03:44.005000 2735348 site-packages/torch/_dynamo/exc.py:593] [10/0_1]  For more details about this graph break, please visit: https://meta-pytorch.github.io/compile-graph-break-site/gb/gb0219.html
/mnt/weka/mark/espnet/tools/anaconda/envs/espnet/lib/python3.12/site-packages/torch/autograd/graph.py:841: UserWarning: Error detected in IndexPutBackward0. Traceback of forward call that caused the error:
  File "/mnt/weka/mark/espnet/tools/anaconda/envs/espnet/lib/python3.12/site-packages/torchaudio/models/wav2vec2/components.py", line 1054, in torch_dynamo_resume_in_forward_at_1040
    x[mask_indices] = self.mask_embedding.to(x.dtype)
 (Triggered internally at /pytorch/torch/csrc/autograd/python_anomaly_mode.cpp:122.)
  return Variable._execution_engine.run_backward(  # Calls into the C++ engine to run the backward pass
[rank3]:W0829 20:03:47.608000 2735346 site-packages/torch/_dynamo/exc.py:593] [10/0] Backend compiler exception
[rank3]:W0829 20:03:47.608000 2735346 site-packages/torch/_dynamo/exc.py:593] [10/0]   Explanation: Backend compiler `compile_fn` failed with aten.nonzero.default. Adding a graph break.
[rank3]:W0829 20:03:47.608000 2735346 site-packages/torch/_dynamo/exc.py:593] [10/0]   Hint: Report an issue to the backend compiler repo.
[rank3]:W0829 20:03:47.608000 2735346 site-packages/torch/_dynamo/exc.py:593] [10/0] 
[rank3]:W0829 20:03:47.608000 2735346 site-packages/torch/_dynamo/exc.py:593] [10/0]   Developer debug context: Backend: compile_fn
[rank3]:W0829 20:03:47.608000 2735346 site-packages/torch/_dynamo/exc.py:593] [10/0]     Exception:aten.nonzero.default
[rank3]:W0829 20:03:47.608000 2735346 site-packages/torch/_dynamo/exc.py:593] [10/0]     Traceback:
[rank3]:W0829 20:03:47.608000 2735346 site-packages/torch/_dynamo/exc.py:593] [10/0]       File "/mnt/weka/mark/espnet/tools/anaconda/envs/espnet/lib/python3.12/site-packages/torchaudio/models/wav2vec2/components.py", line 1072, in torch_dynamo_resume_in_forward_at_1040
[rank3]:W0829 20:03:47.608000 2735346 site-packages/torch/_dynamo/exc.py:593] [10/0]         return x, mask_indices
[rank3]:W0829 20:03:47.608000 2735346 site-packages/torch/_dynamo/exc.py:593] [10/0] 
[rank3]:W0829 20:03:47.608000 2735346 site-packages/torch/_dynamo/exc.py:593] [10/0] 
[rank3]:W0829 20:03:47.608000 2735346 site-packages/torch/_dynamo/exc.py:593] [10/0]  For more details about this graph break, please visit: https://meta-pytorch.github.io/compile-graph-break-site/gb/gb0219.html
/mnt/weka/mark/espnet/tools/anaconda/envs/espnet/lib/python3.12/site-packages/torch/autograd/graph.py:841: UserWarning: Error detected in IndexPutBackward0. Traceback of forward call that caused the error:
  File "/mnt/weka/mark/espnet/tools/anaconda/envs/espnet/lib/python3.12/site-packages/torchaudio/models/wav2vec2/components.py", line 1054, in torch_dynamo_resume_in_forward_at_1040
    x[mask_indices] = self.mask_embedding.to(x.dtype)
 (Triggered internally at /pytorch/torch/csrc/autograd/python_anomaly_mode.cpp:122.)
  return Variable._execution_engine.run_backward(  # Calls into the C++ engine to run the backward pass
[rank3]:W0829 20:03:47.704000 2735346 site-packages/torch/_dynamo/exc.py:593] [10/0_1] Backend compiler exception
[rank3]:W0829 20:03:47.704000 2735346 site-packages/torch/_dynamo/exc.py:593] [10/0_1]   Explanation: Backend compiler `compile_fn` failed with aten.nonzero.default. Adding a graph break.
[rank3]:W0829 20:03:47.704000 2735346 site-packages/torch/_dynamo/exc.py:593] [10/0_1]   Hint: Report an issue to the backend compiler repo.
[rank3]:W0829 20:03:47.704000 2735346 site-packages/torch/_dynamo/exc.py:593] [10/0_1] 
[rank3]:W0829 20:03:47.704000 2735346 site-packages/torch/_dynamo/exc.py:593] [10/0_1]   Developer debug context: Backend: compile_fn
[rank3]:W0829 20:03:47.704000 2735346 site-packages/torch/_dynamo/exc.py:593] [10/0_1]     Exception:aten.nonzero.default
[rank3]:W0829 20:03:47.704000 2735346 site-packages/torch/_dynamo/exc.py:593] [10/0_1]     Traceback:
[rank3]:W0829 20:03:47.704000 2735346 site-packages/torch/_dynamo/exc.py:593] [10/0_1]       File "/mnt/weka/mark/espnet/tools/anaconda/envs/espnet/lib/python3.12/site-packages/torchaudio/models/wav2vec2/components.py", line 1072, in torch_dynamo_resume_in_forward_at_1040
[rank3]:W0829 20:03:47.704000 2735346 site-packages/torch/_dynamo/exc.py:593] [10/0_1]         return x, mask_indices
[rank3]:W0829 20:03:47.704000 2735346 site-packages/torch/_dynamo/exc.py:593] [10/0_1] 
[rank3]:W0829 20:03:47.704000 2735346 site-packages/torch/_dynamo/exc.py:593] [10/0_1] 
[rank3]:W0829 20:03:47.704000 2735346 site-packages/torch/_dynamo/exc.py:593] [10/0_1]  For more details about this graph break, please visit: https://meta-pytorch.github.io/compile-graph-break-site/gb/gb0219.html
/mnt/weka/mark/espnet/tools/anaconda/envs/espnet/lib/python3.12/site-packages/torch/nn/functional.py:6044: UserWarning: Support for mismatched key_padding_mask and  is deprecated. Use same type for both instead.
  warnings.warn(
/mnt/weka/mark/espnet/tools/anaconda/envs/espnet/lib/python3.12/site-packages/torch/nn/functional.py:6044: UserWarning: Support for mismatched key_padding_mask and  is deprecated. Use same type for both instead.
  warnings.warn(
[rank7]:W0829 20:03:48.758000 2735350 site-packages/torch/fx/experimental/symbolic_shapes.py:6833] [16/0] _maybe_guard_rel() was called on non-relation expression Eq(s29, s38) | Eq(s38, 1)
[rank7]:W0829 20:03:48.768000 2735350 site-packages/torch/fx/experimental/symbolic_shapes.py:6833] [16/0] _maybe_guard_rel() was called on non-relation expression Eq(s57, 1) | Eq(s57, 16)
[rank7]:W0829 20:03:48.772000 2735350 site-packages/torch/fx/experimental/symbolic_shapes.py:6833] [16/0] _maybe_guard_rel() was called on non-relation expression Eq(s21, s76) | Eq(s76, 1)
[rank0]:W0829 20:03:48.773000 2735343 site-packages/torch/fx/experimental/symbolic_shapes.py:6833] [16/0] _maybe_guard_rel() was called on non-relation expression Eq(s29, s38) | Eq(s38, 1)
[rank7]:W0829 20:03:48.775000 2735350 site-packages/torch/fx/experimental/symbolic_shapes.py:6833] [16/0] _maybe_guard_rel() was called on non-relation expression Eq(s21, s39) | Eq(s39, 1)
[rank0]:W0829 20:03:48.779000 2735343 site-packages/torch/fx/experimental/symbolic_shapes.py:6833] [16/0] _maybe_guard_rel() was called on non-relation expression Eq(s57, 1) | Eq(s57, 16)
[rank0]:W0829 20:03:48.782000 2735343 site-packages/torch/fx/experimental/symbolic_shapes.py:6833] [16/0] _maybe_guard_rel() was called on non-relation expression Eq(s21, s76) | Eq(s76, 1)
[rank0]:W0829 20:03:48.785000 2735343 site-packages/torch/fx/experimental/symbolic_shapes.py:6833] [16/0] _maybe_guard_rel() was called on non-relation expression Eq(s21, s39) | Eq(s39, 1)
/mnt/weka/mark/espnet/tools/anaconda/envs/espnet/lib/python3.12/site-packages/torch/nn/functional.py:6044: UserWarning: Support for mismatched key_padding_mask and  is deprecated. Use same type for both instead.
  warnings.warn(
[rank6]:W0829 20:03:49.354000 2735349 site-packages/torch/fx/experimental/symbolic_shapes.py:6833] [16/0] _maybe_guard_rel() was called on non-relation expression Eq(s29, s38) | Eq(s38, 1)
[rank6]:W0829 20:03:49.359000 2735349 site-packages/torch/fx/experimental/symbolic_shapes.py:6833] [16/0] _maybe_guard_rel() was called on non-relation expression Eq(s57, 1) | Eq(s57, 16)
[rank6]:W0829 20:03:49.363000 2735349 site-packages/torch/fx/experimental/symbolic_shapes.py:6833] [16/0] _maybe_guard_rel() was called on non-relation expression Eq(s21, s76) | Eq(s76, 1)
[rank6]:W0829 20:03:49.366000 2735349 site-packages/torch/fx/experimental/symbolic_shapes.py:6833] [16/0] _maybe_guard_rel() was called on non-relation expression Eq(s21, s39) | Eq(s39, 1)
[rank7]:W0829 20:03:49.695000 2735350 site-packages/torch/fx/experimental/symbolic_shapes.py:6833] [16/0_1] _maybe_guard_rel() was called on non-relation expression Eq(s29, s38) | Eq(s38, 1)
[rank7]:W0829 20:03:49.697000 2735350 site-packages/torch/fx/experimental/symbolic_shapes.py:6833] [16/0_1] _maybe_guard_rel() was called on non-relation expression Eq(s57, 1) | Eq(s57, 16)
[rank7]:W0829 20:03:49.699000 2735350 site-packages/torch/fx/experimental/symbolic_shapes.py:6833] [16/0_1] _maybe_guard_rel() was called on non-relation expression Eq(s21, s76) | Eq(s76, 1)
[rank7]:W0829 20:03:49.701000 2735350 site-packages/torch/fx/experimental/symbolic_shapes.py:6833] [16/0_1] _maybe_guard_rel() was called on non-relation expression Eq(s21, s39) | Eq(s39, 1)
[rank0]:W0829 20:03:49.710000 2735343 site-packages/torch/fx/experimental/symbolic_shapes.py:6833] [16/0_1] _maybe_guard_rel() was called on non-relation expression Eq(s29, s38) | Eq(s38, 1)
[rank0]:W0829 20:03:49.713000 2735343 site-packages/torch/fx/experimental/symbolic_shapes.py:6833] [16/0_1] _maybe_guard_rel() was called on non-relation expression Eq(s57, 1) | Eq(s57, 16)
[rank0]:W0829 20:03:49.715000 2735343 site-packages/torch/fx/experimental/symbolic_shapes.py:6833] [16/0_1] _maybe_guard_rel() was called on non-relation expression Eq(s21, s76) | Eq(s76, 1)
[rank0]:W0829 20:03:49.717000 2735343 site-packages/torch/fx/experimental/symbolic_shapes.py:6833] [16/0_1] _maybe_guard_rel() was called on non-relation expression Eq(s21, s39) | Eq(s39, 1)
/mnt/weka/mark/espnet/tools/anaconda/envs/espnet/lib/python3.12/site-packages/torch/autograd/graph.py:841: UserWarning: Error detected in IndexPutBackward0. Traceback of forward call that caused the error:
  File "/mnt/weka/mark/espnet/tools/anaconda/envs/espnet/lib/python3.12/site-packages/torchaudio/models/wav2vec2/components.py", line 1054, in torch_dynamo_resume_in_forward_at_1040
    x[mask_indices] = self.mask_embedding.to(x.dtype)
 (Triggered internally at /pytorch/torch/csrc/autograd/python_anomaly_mode.cpp:122.)
  return Variable._execution_engine.run_backward(  # Calls into the C++ engine to run the backward pass
[rank1]:W0829 20:03:50.263000 2735344 site-packages/torch/_dynamo/exc.py:593] [10/0] Backend compiler exception
[rank1]:W0829 20:03:50.263000 2735344 site-packages/torch/_dynamo/exc.py:593] [10/0]   Explanation: Backend compiler `compile_fn` failed with aten.nonzero.default. Adding a graph break.
[rank1]:W0829 20:03:50.263000 2735344 site-packages/torch/_dynamo/exc.py:593] [10/0]   Hint: Report an issue to the backend compiler repo.
[rank1]:W0829 20:03:50.263000 2735344 site-packages/torch/_dynamo/exc.py:593] [10/0] 
[rank1]:W0829 20:03:50.263000 2735344 site-packages/torch/_dynamo/exc.py:593] [10/0]   Developer debug context: Backend: compile_fn
[rank1]:W0829 20:03:50.263000 2735344 site-packages/torch/_dynamo/exc.py:593] [10/0]     Exception:aten.nonzero.default
[rank1]:W0829 20:03:50.263000 2735344 site-packages/torch/_dynamo/exc.py:593] [10/0]     Traceback:
[rank1]:W0829 20:03:50.263000 2735344 site-packages/torch/_dynamo/exc.py:593] [10/0]       File "/mnt/weka/mark/espnet/tools/anaconda/envs/espnet/lib/python3.12/site-packages/torchaudio/models/wav2vec2/components.py", line 1072, in torch_dynamo_resume_in_forward_at_1040
[rank1]:W0829 20:03:50.263000 2735344 site-packages/torch/_dynamo/exc.py:593] [10/0]         return x, mask_indices
[rank1]:W0829 20:03:50.263000 2735344 site-packages/torch/_dynamo/exc.py:593] [10/0] 
[rank1]:W0829 20:03:50.263000 2735344 site-packages/torch/_dynamo/exc.py:593] [10/0] 
[rank1]:W0829 20:03:50.263000 2735344 site-packages/torch/_dynamo/exc.py:593] [10/0]  For more details about this graph break, please visit: https://meta-pytorch.github.io/compile-graph-break-site/gb/gb0219.html
[rank6]:W0829 20:03:50.301000 2735349 site-packages/torch/fx/experimental/symbolic_shapes.py:6833] [16/0_1] _maybe_guard_rel() was called on non-relation expression Eq(s29, s38) | Eq(s38, 1)
[rank6]:W0829 20:03:50.304000 2735349 site-packages/torch/fx/experimental/symbolic_shapes.py:6833] [16/0_1] _maybe_guard_rel() was called on non-relation expression Eq(s57, 1) | Eq(s57, 16)
[rank6]:W0829 20:03:50.306000 2735349 site-packages/torch/fx/experimental/symbolic_shapes.py:6833] [16/0_1] _maybe_guard_rel() was called on non-relation expression Eq(s21, s76) | Eq(s76, 1)
[rank6]:W0829 20:03:50.309000 2735349 site-packages/torch/fx/experimental/symbolic_shapes.py:6833] [16/0_1] _maybe_guard_rel() was called on non-relation expression Eq(s21, s39) | Eq(s39, 1)
/mnt/weka/mark/espnet/tools/anaconda/envs/espnet/lib/python3.12/site-packages/torch/autograd/graph.py:841: UserWarning: Error detected in IndexPutBackward0. Traceback of forward call that caused the error:
  File "/mnt/weka/mark/espnet/tools/anaconda/envs/espnet/lib/python3.12/site-packages/torchaudio/models/wav2vec2/components.py", line 1054, in torch_dynamo_resume_in_forward_at_1040
    x[mask_indices] = self.mask_embedding.to(x.dtype)
 (Triggered internally at /pytorch/torch/csrc/autograd/python_anomaly_mode.cpp:122.)
  return Variable._execution_engine.run_backward(  # Calls into the C++ engine to run the backward pass
[rank1]:W0829 20:03:50.366000 2735344 site-packages/torch/_dynamo/exc.py:593] [10/0_1] Backend compiler exception
[rank1]:W0829 20:03:50.366000 2735344 site-packages/torch/_dynamo/exc.py:593] [10/0_1]   Explanation: Backend compiler `compile_fn` failed with aten.nonzero.default. Adding a graph break.
[rank1]:W0829 20:03:50.366000 2735344 site-packages/torch/_dynamo/exc.py:593] [10/0_1]   Hint: Report an issue to the backend compiler repo.
[rank1]:W0829 20:03:50.366000 2735344 site-packages/torch/_dynamo/exc.py:593] [10/0_1] 
[rank1]:W0829 20:03:50.366000 2735344 site-packages/torch/_dynamo/exc.py:593] [10/0_1]   Developer debug context: Backend: compile_fn
[rank1]:W0829 20:03:50.366000 2735344 site-packages/torch/_dynamo/exc.py:593] [10/0_1]     Exception:aten.nonzero.default
[rank1]:W0829 20:03:50.366000 2735344 site-packages/torch/_dynamo/exc.py:593] [10/0_1]     Traceback:
[rank1]:W0829 20:03:50.366000 2735344 site-packages/torch/_dynamo/exc.py:593] [10/0_1]       File "/mnt/weka/mark/espnet/tools/anaconda/envs/espnet/lib/python3.12/site-packages/torchaudio/models/wav2vec2/components.py", line 1072, in torch_dynamo_resume_in_forward_at_1040
[rank1]:W0829 20:03:50.366000 2735344 site-packages/torch/_dynamo/exc.py:593] [10/0_1]         return x, mask_indices
[rank1]:W0829 20:03:50.366000 2735344 site-packages/torch/_dynamo/exc.py:593] [10/0_1] 
[rank1]:W0829 20:03:50.366000 2735344 site-packages/torch/_dynamo/exc.py:593] [10/0_1] 
[rank1]:W0829 20:03:50.366000 2735344 site-packages/torch/_dynamo/exc.py:593] [10/0_1]  For more details about this graph break, please visit: https://meta-pytorch.github.io/compile-graph-break-site/gb/gb0219.html
/mnt/weka/mark/espnet/tools/anaconda/envs/espnet/lib/python3.12/site-packages/torch/nn/functional.py:6044: UserWarning: Support for mismatched key_padding_mask and  is deprecated. Use same type for both instead.
  warnings.warn(
[rank4]:W0829 20:03:53.300000 2735347 site-packages/torch/fx/experimental/symbolic_shapes.py:6833] [16/0] _maybe_guard_rel() was called on non-relation expression Eq(s29, s38) | Eq(s38, 1)
[rank4]:W0829 20:03:53.307000 2735347 site-packages/torch/fx/experimental/symbolic_shapes.py:6833] [16/0] _maybe_guard_rel() was called on non-relation expression Eq(s57, 1) | Eq(s57, 16)
[rank4]:W0829 20:03:53.310000 2735347 site-packages/torch/fx/experimental/symbolic_shapes.py:6833] [16/0] _maybe_guard_rel() was called on non-relation expression Eq(s21, s76) | Eq(s76, 1)
[rank4]:W0829 20:03:53.313000 2735347 site-packages/torch/fx/experimental/symbolic_shapes.py:6833] [16/0] _maybe_guard_rel() was called on non-relation expression Eq(s21, s39) | Eq(s39, 1)
[rank4]:W0829 20:03:54.260000 2735347 site-packages/torch/fx/experimental/symbolic_shapes.py:6833] [16/0_1] _maybe_guard_rel() was called on non-relation expression Eq(s29, s38) | Eq(s38, 1)
[rank4]:W0829 20:03:54.262000 2735347 site-packages/torch/fx/experimental/symbolic_shapes.py:6833] [16/0_1] _maybe_guard_rel() was called on non-relation expression Eq(s57, 1) | Eq(s57, 16)
[rank4]:W0829 20:03:54.265000 2735347 site-packages/torch/fx/experimental/symbolic_shapes.py:6833] [16/0_1] _maybe_guard_rel() was called on non-relation expression Eq(s21, s76) | Eq(s76, 1)
[rank4]:W0829 20:03:54.267000 2735347 site-packages/torch/fx/experimental/symbolic_shapes.py:6833] [16/0_1] _maybe_guard_rel() was called on non-relation expression Eq(s21, s39) | Eq(s39, 1)
/mnt/weka/mark/espnet/tools/anaconda/envs/espnet/lib/python3.12/site-packages/torch/nn/functional.py:6044: UserWarning: Support for mismatched key_padding_mask and  is deprecated. Use same type for both instead.
  warnings.warn(
[rank2]:W0829 20:03:54.962000 2735345 site-packages/torch/fx/experimental/symbolic_shapes.py:6833] [16/0] _maybe_guard_rel() was called on non-relation expression Eq(s29, s38) | Eq(s38, 1)
[rank2]:W0829 20:03:54.969000 2735345 site-packages/torch/fx/experimental/symbolic_shapes.py:6833] [16/0] _maybe_guard_rel() was called on non-relation expression Eq(s57, 1) | Eq(s57, 16)
[rank2]:W0829 20:03:54.972000 2735345 site-packages/torch/fx/experimental/symbolic_shapes.py:6833] [16/0] _maybe_guard_rel() was called on non-relation expression Eq(s21, s76) | Eq(s76, 1)
[rank2]:W0829 20:03:54.975000 2735345 site-packages/torch/fx/experimental/symbolic_shapes.py:6833] [16/0] _maybe_guard_rel() was called on non-relation expression Eq(s21, s39) | Eq(s39, 1)
[rank2]:W0829 20:03:55.914000 2735345 site-packages/torch/fx/experimental/symbolic_shapes.py:6833] [16/0_1] _maybe_guard_rel() was called on non-relation expression Eq(s29, s38) | Eq(s38, 1)
[rank2]:W0829 20:03:55.916000 2735345 site-packages/torch/fx/experimental/symbolic_shapes.py:6833] [16/0_1] _maybe_guard_rel() was called on non-relation expression Eq(s57, 1) | Eq(s57, 16)
[rank2]:W0829 20:03:55.918000 2735345 site-packages/torch/fx/experimental/symbolic_shapes.py:6833] [16/0_1] _maybe_guard_rel() was called on non-relation expression Eq(s21, s76) | Eq(s76, 1)
[rank2]:W0829 20:03:55.920000 2735345 site-packages/torch/fx/experimental/symbolic_shapes.py:6833] [16/0_1] _maybe_guard_rel() was called on non-relation expression Eq(s21, s39) | Eq(s39, 1)
/mnt/weka/mark/espnet/tools/anaconda/envs/espnet/lib/python3.12/site-packages/torch/nn/functional.py:6044: UserWarning: Support for mismatched key_padding_mask and  is deprecated. Use same type for both instead.
  warnings.warn(
[rank5]:W0829 20:03:57.384000 2735348 site-packages/torch/fx/experimental/symbolic_shapes.py:6833] [16/0] _maybe_guard_rel() was called on non-relation expression Eq(s29, s38) | Eq(s38, 1)
[rank5]:W0829 20:03:57.394000 2735348 site-packages/torch/fx/experimental/symbolic_shapes.py:6833] [16/0] _maybe_guard_rel() was called on non-relation expression Eq(s57, 1) | Eq(s57, 16)
[rank5]:W0829 20:03:57.397000 2735348 site-packages/torch/fx/experimental/symbolic_shapes.py:6833] [16/0] _maybe_guard_rel() was called on non-relation expression Eq(s21, s76) | Eq(s76, 1)
[rank5]:W0829 20:03:57.400000 2735348 site-packages/torch/fx/experimental/symbolic_shapes.py:6833] [16/0] _maybe_guard_rel() was called on non-relation expression Eq(s21, s39) | Eq(s39, 1)
[rank5]:W0829 20:03:58.318000 2735348 site-packages/torch/fx/experimental/symbolic_shapes.py:6833] [16/0_1] _maybe_guard_rel() was called on non-relation expression Eq(s29, s38) | Eq(s38, 1)
[rank5]:W0829 20:03:58.320000 2735348 site-packages/torch/fx/experimental/symbolic_shapes.py:6833] [16/0_1] _maybe_guard_rel() was called on non-relation expression Eq(s57, 1) | Eq(s57, 16)
[rank5]:W0829 20:03:58.322000 2735348 site-packages/torch/fx/experimental/symbolic_shapes.py:6833] [16/0_1] _maybe_guard_rel() was called on non-relation expression Eq(s21, s76) | Eq(s76, 1)
[rank5]:W0829 20:03:58.325000 2735348 site-packages/torch/fx/experimental/symbolic_shapes.py:6833] [16/0_1] _maybe_guard_rel() was called on non-relation expression Eq(s21, s39) | Eq(s39, 1)
/mnt/weka/mark/espnet/tools/anaconda/envs/espnet/lib/python3.12/site-packages/torch/nn/functional.py:6044: UserWarning: Support for mismatched key_padding_mask and  is deprecated. Use same type for both instead.
  warnings.warn(
/mnt/weka/mark/espnet/tools/anaconda/envs/espnet/lib/python3.12/site-packages/torch/nn/functional.py:6044: UserWarning: Support for mismatched key_padding_mask and  is deprecated. Use same type for both instead.
  warnings.warn(
/mnt/weka/mark/espnet/tools/anaconda/envs/espnet/lib/python3.12/site-packages/torch/nn/functional.py:6044: UserWarning: Support for mismatched key_padding_mask and  is deprecated. Use same type for both instead.
  warnings.warn(
[rank3]:W0829 20:04:01.148000 2735346 site-packages/torch/fx/experimental/symbolic_shapes.py:6833] [16/0] _maybe_guard_rel() was called on non-relation expression Eq(s29, s38) | Eq(s38, 1)
[rank3]:W0829 20:04:01.156000 2735346 site-packages/torch/fx/experimental/symbolic_shapes.py:6833] [16/0] _maybe_guard_rel() was called on non-relation expression Eq(s57, 1) | Eq(s57, 16)
[rank3]:W0829 20:04:01.159000 2735346 site-packages/torch/fx/experimental/symbolic_shapes.py:6833] [16/0] _maybe_guard_rel() was called on non-relation expression Eq(s21, s76) | Eq(s76, 1)
[rank3]:W0829 20:04:01.162000 2735346 site-packages/torch/fx/experimental/symbolic_shapes.py:6833] [16/0] _maybe_guard_rel() was called on non-relation expression Eq(s21, s39) | Eq(s39, 1)
/mnt/weka/mark/espnet/tools/anaconda/envs/espnet/lib/python3.12/site-packages/torch/nn/functional.py:6044: UserWarning: Support for mismatched key_padding_mask and  is deprecated. Use same type for both instead.
  warnings.warn(
[rank3]:W0829 20:04:02.100000 2735346 site-packages/torch/fx/experimental/symbolic_shapes.py:6833] [16/0_1] _maybe_guard_rel() was called on non-relation expression Eq(s29, s38) | Eq(s38, 1)
[rank3]:W0829 20:04:02.103000 2735346 site-packages/torch/fx/experimental/symbolic_shapes.py:6833] [16/0_1] _maybe_guard_rel() was called on non-relation expression Eq(s57, 1) | Eq(s57, 16)
[rank3]:W0829 20:04:02.106000 2735346 site-packages/torch/fx/experimental/symbolic_shapes.py:6833] [16/0_1] _maybe_guard_rel() was called on non-relation expression Eq(s21, s76) | Eq(s76, 1)
[rank3]:W0829 20:04:02.108000 2735346 site-packages/torch/fx/experimental/symbolic_shapes.py:6833] [16/0_1] _maybe_guard_rel() was called on non-relation expression Eq(s21, s39) | Eq(s39, 1)
/mnt/weka/mark/espnet/tools/anaconda/envs/espnet/lib/python3.12/site-packages/torch/nn/functional.py:6044: UserWarning: Support for mismatched key_padding_mask and  is deprecated. Use same type for both instead.
  warnings.warn(
[rank1]:W0829 20:04:03.912000 2735344 site-packages/torch/fx/experimental/symbolic_shapes.py:6833] [16/0] _maybe_guard_rel() was called on non-relation expression Eq(s29, s38) | Eq(s38, 1)
[rank1]:W0829 20:04:03.923000 2735344 site-packages/torch/fx/experimental/symbolic_shapes.py:6833] [16/0] _maybe_guard_rel() was called on non-relation expression Eq(s57, 1) | Eq(s57, 16)
[rank1]:W0829 20:04:03.926000 2735344 site-packages/torch/fx/experimental/symbolic_shapes.py:6833] [16/0] _maybe_guard_rel() was called on non-relation expression Eq(s21, s76) | Eq(s76, 1)
[rank1]:W0829 20:04:03.929000 2735344 site-packages/torch/fx/experimental/symbolic_shapes.py:6833] [16/0] _maybe_guard_rel() was called on non-relation expression Eq(s21, s39) | Eq(s39, 1)
[rank1]:W0829 20:04:04.868000 2735344 site-packages/torch/fx/experimental/symbolic_shapes.py:6833] [16/0_1] _maybe_guard_rel() was called on non-relation expression Eq(s29, s38) | Eq(s38, 1)
[rank1]:W0829 20:04:04.870000 2735344 site-packages/torch/fx/experimental/symbolic_shapes.py:6833] [16/0_1] _maybe_guard_rel() was called on non-relation expression Eq(s57, 1) | Eq(s57, 16)
[rank1]:W0829 20:04:04.873000 2735344 site-packages/torch/fx/experimental/symbolic_shapes.py:6833] [16/0_1] _maybe_guard_rel() was called on non-relation expression Eq(s21, s76) | Eq(s76, 1)
[rank1]:W0829 20:04:04.876000 2735344 site-packages/torch/fx/experimental/symbolic_shapes.py:6833] [16/0_1] _maybe_guard_rel() was called on non-relation expression Eq(s21, s39) | Eq(s39, 1)
/mnt/weka/mark/espnet/tools/anaconda/envs/espnet/lib/python3.12/site-packages/torch/nn/functional.py:6044: UserWarning: Support for mismatched key_padding_mask and  is deprecated. Use same type for both instead.
  warnings.warn(
/mnt/weka/mark/espnet/tools/anaconda/envs/espnet/lib/python3.12/site-packages/torch/nn/functional.py:6044: UserWarning: Support for mismatched key_padding_mask and  is deprecated. Use same type for both instead.
  warnings.warn(
/mnt/weka/mark/espnet/tools/anaconda/envs/espnet/lib/python3.12/site-packages/torch/nn/functional.py:6044: UserWarning: Support for mismatched key_padding_mask and  is deprecated. Use same type for both instead.
  warnings.warn(
/mnt/weka/mark/espnet/tools/anaconda/envs/espnet/lib/python3.12/site-packages/torch/nn/functional.py:6044: UserWarning: Support for mismatched key_padding_mask and  is deprecated. Use same type for both instead.
  warnings.warn(
/mnt/weka/mark/espnet/tools/anaconda/envs/espnet/lib/python3.12/site-packages/torch/nn/functional.py:6044: UserWarning: Support for mismatched key_padding_mask and  is deprecated. Use same type for both instead.
  warnings.warn(
/mnt/weka/mark/espnet/tools/anaconda/envs/espnet/lib/python3.12/site-packages/torch/nn/functional.py:6044: UserWarning: Support for mismatched key_padding_mask and  is deprecated. Use same type for both instead.
  warnings.warn(
/mnt/weka/mark/espnet/tools/anaconda/envs/espnet/lib/python3.12/site-packages/torch/nn/functional.py:6044: UserWarning: Support for mismatched key_padding_mask and  is deprecated. Use same type for both instead.
  warnings.warn(
/mnt/weka/mark/espnet/tools/anaconda/envs/espnet/lib/python3.12/site-packages/torch/nn/functional.py:6044: UserWarning: Support for mismatched key_padding_mask and  is deprecated. Use same type for both instead.
  warnings.warn(
/mnt/weka/mark/espnet/tools/anaconda/envs/espnet/lib/python3.12/site-packages/torch/nn/functional.py:6044: UserWarning: Support for mismatched key_padding_mask and  is deprecated. Use same type for both instead.
  warnings.warn(
/mnt/weka/mark/espnet/tools/anaconda/envs/espnet/lib/python3.12/site-packages/torch/nn/functional.py:6044: UserWarning: Support for mismatched key_padding_mask and  is deprecated. Use same type for both instead.
  warnings.warn(
/mnt/weka/mark/espnet/tools/anaconda/envs/espnet/lib/python3.12/site-packages/torch/nn/functional.py:6044: UserWarning: Support for mismatched key_padding_mask and  is deprecated. Use same type for both instead.
  warnings.warn(
/mnt/weka/mark/espnet/tools/anaconda/envs/espnet/lib/python3.12/site-packages/torch/nn/functional.py:6044: UserWarning: Support for mismatched key_padding_mask and  is deprecated. Use same type for both instead.
  warnings.warn(
/mnt/weka/mark/espnet/tools/anaconda/envs/espnet/lib/python3.12/site-packages/torch/nn/functional.py:6044: UserWarning: Support for mismatched key_padding_mask and  is deprecated. Use same type for both instead.
  warnings.warn(
[pg12b-4-2-hpc:0/8] 2026-08-29 20:04:34,540 (trainer:873) INFO: 1epoch:train:1-10batch: iter_time=0.031, forward_time=12.617, loss=5.021e+04, correct_m=60.747, count_m=5.575e+03, acc_m=0.011, correct_u=54.447, count_u=5.111e+03, acc_u=0.011, backward_time=0.722grad_norm=4.008e+13, clip=100.000, loss_scale=1.000, optim_step_time=0.010, optim0_lr0=1.016e-07, train_time=25.193
[rank0]:W0829 20:04:35.227000 2735343 site-packages/torch/fx/experimental/symbolic_shapes.py:6833] [16/1] _maybe_guard_rel() was called on non-relation expression Eq(s29, s38) | Eq(s38, 1)
[rank2]:W0829 20:04:35.227000 2735345 site-packages/torch/fx/experimental/symbolic_shapes.py:6833] [16/1] _maybe_guard_rel() was called on non-relation expression Eq(s29, s38) | Eq(s38, 1)
[rank7]:W0829 20:04:35.228000 2735350 site-packages/torch/fx/experimental/symbolic_shapes.py:6833] [16/1] _maybe_guard_rel() was called on non-relation expression Eq(s29, s38) | Eq(s38, 1)
[rank3]:W0829 20:04:35.229000 2735346 site-packages/torch/fx/experimental/symbolic_shapes.py:6833] [16/1] _maybe_guard_rel() was called on non-relation expression Eq(s29, s38) | Eq(s38, 1)
[rank5]:W0829 20:04:35.229000 2735348 site-packages/torch/fx/experimental/symbolic_shapes.py:6833] [16/1] _maybe_guard_rel() was called on non-relation expression Eq(s29, s38) | Eq(s38, 1)
[rank6]:W0829 20:04:35.231000 2735349 site-packages/torch/fx/experimental/symbolic_shapes.py:6833] [16/1] _maybe_guard_rel() was called on non-relation expression Eq(s29, s38) | Eq(s38, 1)
[rank4]:W0829 20:04:35.231000 2735347 site-packages/torch/fx/experimental/symbolic_shapes.py:6833] [16/1] _maybe_guard_rel() was called on non-relation expression Eq(s29, s38) | Eq(s38, 1)
[rank1]:W0829 20:04:35.232000 2735344 site-packages/torch/fx/experimental/symbolic_shapes.py:6833] [16/1] _maybe_guard_rel() was called on non-relation expression Eq(s29, s38) | Eq(s38, 1)
[rank0]:W0829 20:04:35.233000 2735343 site-packages/torch/fx/experimental/symbolic_shapes.py:6833] [16/1] _maybe_guard_rel() was called on non-relation expression Eq(s57, 1) | Eq(s57, 16)
[rank2]:W0829 20:04:35.234000 2735345 site-packages/torch/fx/experimental/symbolic_shapes.py:6833] [16/1] _maybe_guard_rel() was called on non-relation expression Eq(s57, 1) | Eq(s57, 16)
[rank7]:W0829 20:04:35.235000 2735350 site-packages/torch/fx/experimental/symbolic_shapes.py:6833] [16/1] _maybe_guard_rel() was called on non-relation expression Eq(s57, 1) | Eq(s57, 16)
[rank3]:W0829 20:04:35.235000 2735346 site-packages/torch/fx/experimental/symbolic_shapes.py:6833] [16/1] _maybe_guard_rel() was called on non-relation expression Eq(s57, 1) | Eq(s57, 16)
[rank5]:W0829 20:04:35.236000 2735348 site-packages/torch/fx/experimental/symbolic_shapes.py:6833] [16/1] _maybe_guard_rel() was called on non-relation expression Eq(s57, 1) | Eq(s57, 16)
[rank6]:W0829 20:04:35.237000 2735349 site-packages/torch/fx/experimental/symbolic_shapes.py:6833] [16/1] _maybe_guard_rel() was called on non-relation expression Eq(s57, 1) | Eq(s57, 16)
[rank4]:W0829 20:04:35.238000 2735347 site-packages/torch/fx/experimental/symbolic_shapes.py:6833] [16/1] _maybe_guard_rel() was called on non-relation expression Eq(s57, 1) | Eq(s57, 16)
[rank1]:W0829 20:04:35.239000 2735344 site-packages/torch/fx/experimental/symbolic_shapes.py:6833] [16/1] _maybe_guard_rel() was called on non-relation expression Eq(s57, 1) | Eq(s57, 16)
[rank0]:W0829 20:04:35.240000 2735343 site-packages/torch/fx/experimental/symbolic_shapes.py:6833] [16/1] _maybe_guard_rel() was called on non-relation expression Eq(s21, s76) | Eq(s76, 1)
[rank2]:W0829 20:04:35.240000 2735345 site-packages/torch/fx/experimental/symbolic_shapes.py:6833] [16/1] _maybe_guard_rel() was called on non-relation expression Eq(s21, s76) | Eq(s76, 1)
[rank7]:W0829 20:04:35.241000 2735350 site-packages/torch/fx/experimental/symbolic_shapes.py:6833] [16/1] _maybe_guard_rel() was called on non-relation expression Eq(s21, s76) | Eq(s76, 1)
[rank3]:W0829 20:04:35.242000 2735346 site-packages/torch/fx/experimental/symbolic_shapes.py:6833] [16/1] _maybe_guard_rel() was called on non-relation expression Eq(s21, s76) | Eq(s76, 1)
[rank5]:W0829 20:04:35.243000 2735348 site-packages/torch/fx/experimental/symbolic_shapes.py:6833] [16/1] _maybe_guard_rel() was called on non-relation expression Eq(s21, s76) | Eq(s76, 1)
[rank6]:W0829 20:04:35.244000 2735349 site-packages/torch/fx/experimental/symbolic_shapes.py:6833] [16/1] _maybe_guard_rel() was called on non-relation expression Eq(s21, s76) | Eq(s76, 1)
[rank4]:W0829 20:04:35.245000 2735347 site-packages/torch/fx/experimental/symbolic_shapes.py:6833] [16/1] _maybe_guard_rel() was called on non-relation expression Eq(s21, s76) | Eq(s76, 1)
[rank1]:W0829 20:04:35.245000 2735344 site-packages/torch/fx/experimental/symbolic_shapes.py:6833] [16/1] _maybe_guard_rel() was called on non-relation expression Eq(s21, s76) | Eq(s76, 1)
[rank0]:W0829 20:04:35.246000 2735343 site-packages/torch/fx/experimental/symbolic_shapes.py:6833] [16/1] _maybe_guard_rel() was called on non-relation expression Eq(s21, s39) | Eq(s39, 1)
[rank2]:W0829 20:04:35.247000 2735345 site-packages/torch/fx/experimental/symbolic_shapes.py:6833] [16/1] _maybe_guard_rel() was called on non-relation expression Eq(s21, s39) | Eq(s39, 1)
[rank7]:W0829 20:04:35.248000 2735350 site-packages/torch/fx/experimental/symbolic_shapes.py:6833] [16/1] _maybe_guard_rel() was called on non-relation expression Eq(s21, s39) | Eq(s39, 1)
[rank3]:W0829 20:04:35.249000 2735346 site-packages/torch/fx/experimental/symbolic_shapes.py:6833] [16/1] _maybe_guard_rel() was called on non-relation expression Eq(s21, s39) | Eq(s39, 1)
[rank5]:W0829 20:04:35.250000 2735348 site-packages/torch/fx/experimental/symbolic_shapes.py:6833] [16/1] _maybe_guard_rel() was called on non-relation expression Eq(s21, s39) | Eq(s39, 1)
[rank6]:W0829 20:04:35.251000 2735349 site-packages/torch/fx/experimental/symbolic_shapes.py:6833] [16/1] _maybe_guard_rel() was called on non-relation expression Eq(s21, s39) | Eq(s39, 1)
[rank4]:W0829 20:04:35.252000 2735347 site-packages/torch/fx/experimental/symbolic_shapes.py:6833] [16/1] _maybe_guard_rel() was called on non-relation expression Eq(s21, s39) | Eq(s39, 1)
[rank1]:W0829 20:04:35.253000 2735344 site-packages/torch/fx/experimental/symbolic_shapes.py:6833] [16/1] _maybe_guard_rel() was called on non-relation expression Eq(s21, s39) | Eq(s39, 1)
[rank2]:W0829 20:04:36.092000 2735345 site-packages/torch/fx/experimental/symbolic_shapes.py:6833] [16/1_1] _maybe_guard_rel() was called on non-relation expression Eq(s29, s38) | Eq(s38, 1)
[rank2]:W0829 20:04:36.095000 2735345 site-packages/torch/fx/experimental/symbolic_shapes.py:6833] [16/1_1] _maybe_guard_rel() was called on non-relation expression Eq(s57, 1) | Eq(s57, 16)
[rank2]:W0829 20:04:36.097000 2735345 site-packages/torch/fx/experimental/symbolic_shapes.py:6833] [16/1_1] _maybe_guard_rel() was called on non-relation expression Eq(s21, s76) | Eq(s76, 1)
[rank2]:W0829 20:04:36.099000 2735345 site-packages/torch/fx/experimental/symbolic_shapes.py:6833] [16/1_1] _maybe_guard_rel() was called on non-relation expression Eq(s21, s39) | Eq(s39, 1)
[rank3]:W0829 20:04:36.112000 2735346 site-packages/torch/fx/experimental/symbolic_shapes.py:6833] [16/1_1] _maybe_guard_rel() was called on non-relation expression Eq(s29, s38) | Eq(s38, 1)
[rank7]:W0829 20:04:36.112000 2735350 site-packages/torch/fx/experimental/symbolic_shapes.py:6833] [16/1_1] _maybe_guard_rel() was called on non-relation expression Eq(s29, s38) | Eq(s38, 1)
[rank0]:W0829 20:04:36.112000 2735343 site-packages/torch/fx/experimental/symbolic_shapes.py:6833] [16/1_1] _maybe_guard_rel() was called on non-relation expression Eq(s29, s38) | Eq(s38, 1)
[rank6]:W0829 20:04:36.113000 2735349 site-packages/torch/fx/experimental/symbolic_shapes.py:6833] [16/1_1] _maybe_guard_rel() was called on non-relation expression Eq(s29, s38) | Eq(s38, 1)
[rank5]:W0829 20:04:36.114000 2735348 site-packages/torch/fx/experimental/symbolic_shapes.py:6833] [16/1_1] _maybe_guard_rel() was called on non-relation expression Eq(s29, s38) | Eq(s38, 1)
[rank3]:W0829 20:04:36.114000 2735346 site-packages/torch/fx/experimental/symbolic_shapes.py:6833] [16/1_1] _maybe_guard_rel() was called on non-relation expression Eq(s57, 1) | Eq(s57, 16)
[rank4]:W0829 20:04:36.114000 2735347 site-packages/torch/fx/experimental/symbolic_shapes.py:6833] [16/1_1] _maybe_guard_rel() was called on non-relation expression Eq(s29, s38) | Eq(s38, 1)
[rank7]:W0829 20:04:36.115000 2735350 site-packages/torch/fx/experimental/symbolic_shapes.py:6833] [16/1_1] _maybe_guard_rel() was called on non-relation expression Eq(s57, 1) | Eq(s57, 16)
[rank0]:W0829 20:04:36.115000 2735343 site-packages/torch/fx/experimental/symbolic_shapes.py:6833] [16/1_1] _maybe_guard_rel() was called on non-relation expression Eq(s57, 1) | Eq(s57, 16)
[rank1]:W0829 20:04:36.115000 2735344 site-packages/torch/fx/experimental/symbolic_shapes.py:6833] [16/1_1] _maybe_guard_rel() was called on non-relation expression Eq(s29, s38) | Eq(s38, 1)
[rank6]:W0829 20:04:36.116000 2735349 site-packages/torch/fx/experimental/symbolic_shapes.py:6833] [16/1_1] _maybe_guard_rel() was called on non-relation expression Eq(s57, 1) | Eq(s57, 16)
[rank5]:W0829 20:04:36.117000 2735348 site-packages/torch/fx/experimental/symbolic_shapes.py:6833] [16/1_1] _maybe_guard_rel() was called on non-relation expression Eq(s57, 1) | Eq(s57, 16)
[rank3]:W0829 20:04:36.118000 2735346 site-packages/torch/fx/experimental/symbolic_shapes.py:6833] [16/1_1] _maybe_guard_rel() was called on non-relation expression Eq(s21, s76) | Eq(s76, 1)
[rank4]:W0829 20:04:36.118000 2735347 site-packages/torch/fx/experimental/symbolic_shapes.py:6833] [16/1_1] _maybe_guard_rel() was called on non-relation expression Eq(s57, 1) | Eq(s57, 16)
[rank7]:W0829 20:04:36.119000 2735350 site-packages/torch/fx/experimental/symbolic_shapes.py:6833] [16/1_1] _maybe_guard_rel() was called on non-relation expression Eq(s21, s76) | Eq(s76, 1)
[rank0]:W0829 20:04:36.119000 2735343 site-packages/torch/fx/experimental/symbolic_shapes.py:6833] [16/1_1] _maybe_guard_rel() was called on non-relation expression Eq(s21, s76) | Eq(s76, 1)
[rank1]:W0829 20:04:36.120000 2735344 site-packages/torch/fx/experimental/symbolic_shapes.py:6833] [16/1_1] _maybe_guard_rel() was called on non-relation expression Eq(s57, 1) | Eq(s57, 16)
[rank6]:W0829 20:04:36.121000 2735349 site-packages/torch/fx/experimental/symbolic_shapes.py:6833] [16/1_1] _maybe_guard_rel() was called on non-relation expression Eq(s21, s76) | Eq(s76, 1)
[rank5]:W0829 20:04:36.121000 2735348 site-packages/torch/fx/experimental/symbolic_shapes.py:6833] [16/1_1] _maybe_guard_rel() was called on non-relation expression Eq(s21, s76) | Eq(s76, 1)
[rank3]:W0829 20:04:36.122000 2735346 site-packages/torch/fx/experimental/symbolic_shapes.py:6833] [16/1_1] _maybe_guard_rel() was called on non-relation expression Eq(s21, s39) | Eq(s39, 1)
[rank4]:W0829 20:04:36.123000 2735347 site-packages/torch/fx/experimental/symbolic_shapes.py:6833] [16/1_1] _maybe_guard_rel() was called on non-relation expression Eq(s21, s76) | Eq(s76, 1)
[rank0]:W0829 20:04:36.124000 2735343 site-packages/torch/fx/experimental/symbolic_shapes.py:6833] [16/1_1] _maybe_guard_rel() was called on non-relation expression Eq(s21, s39) | Eq(s39, 1)
[rank1]:W0829 20:04:36.125000 2735344 site-packages/torch/fx/experimental/symbolic_shapes.py:6833] [16/1_1] _maybe_guard_rel() was called on non-relation expression Eq(s21, s76) | Eq(s76, 1)
[rank7]:W0829 20:04:36.125000 2735350 site-packages/torch/fx/experimental/symbolic_shapes.py:6833] [16/1_1] _maybe_guard_rel() was called on non-relation expression Eq(s21, s39) | Eq(s39, 1)
[rank6]:W0829 20:04:36.127000 2735349 site-packages/torch/fx/experimental/symbolic_shapes.py:6833] [16/1_1] _maybe_guard_rel() was called on non-relation expression Eq(s21, s39) | Eq(s39, 1)
[rank4]:W0829 20:04:36.127000 2735347 site-packages/torch/fx/experimental/symbolic_shapes.py:6833] [16/1_1] _maybe_guard_rel() was called on non-relation expression Eq(s21, s39) | Eq(s39, 1)
[rank5]:W0829 20:04:36.127000 2735348 site-packages/torch/fx/experimental/symbolic_shapes.py:6833] [16/1_1] _maybe_guard_rel() was called on non-relation expression Eq(s21, s39) | Eq(s39, 1)
[rank1]:W0829 20:04:36.132000 2735344 site-packages/torch/fx/experimental/symbolic_shapes.py:6833] [16/1_1] _maybe_guard_rel() was called on non-relation expression Eq(s21, s39) | Eq(s39, 1)
/mnt/weka/mark/espnet/tools/anaconda/envs/espnet/lib/python3.12/site-packages/torch/nn/functional.py:6044: UserWarning: Support for mismatched key_padding_mask and  is deprecated. Use same type for both instead.
  warnings.warn(
/mnt/weka/mark/espnet/tools/anaconda/envs/espnet/lib/python3.12/site-packages/torch/nn/functional.py:6044: UserWarning: Support for mismatched key_padding_mask and  is deprecated. Use same type for both instead.
  warnings.warn(
/mnt/weka/mark/espnet/tools/anaconda/envs/espnet/lib/python3.12/site-packages/torch/nn/functional.py:6044: UserWarning: Support for mismatched key_padding_mask and  is deprecated. Use same type for both instead.
  warnings.warn(
/mnt/weka/mark/espnet/tools/anaconda/envs/espnet/lib/python3.12/site-packages/torch/nn/functional.py:6044: UserWarning: Support for mismatched key_padding_mask and  is deprecated. Use same type for both instead.
  warnings.warn(
/mnt/weka/mark/espnet/tools/anaconda/envs/espnet/lib/python3.12/site-packages/torch/nn/functional.py:6044: UserWarning: Support for mismatched key_padding_mask and  is deprecated. Use same type for both instead.
  warnings.warn(
/mnt/weka/mark/espnet/tools/anaconda/envs/espnet/lib/python3.12/site-packages/torch/nn/functional.py:6044: UserWarning: Support for mismatched key_padding_mask and  is deprecated. Use same type for both instead.
  warnings.warn(
/mnt/weka/mark/espnet/tools/anaconda/envs/espnet/lib/python3.12/site-packages/torch/nn/functional.py:6044: UserWarning: Support for mismatched key_padding_mask and  is deprecated. Use same type for both instead.
  warnings.warn(
/mnt/weka/mark/espnet/tools/anaconda/envs/espnet/lib/python3.12/site-packages/torch/nn/functional.py:6044: UserWarning: Support for mismatched key_padding_mask and  is deprecated. Use same type for both instead.
  warnings.warn(
[pg12b-4-2-hpc:0/8] 2026-08-29 20:04:43,091 (trainer:873) INFO: 1epoch:train:11-20batch: iter_time=8.183e-05, forward_time=0.597, loss=5.027e+04, correct_m=60.598, count_m=5.585e+03, acc_m=0.011, correct_u=55.580, count_u=5.117e+03, acc_u=0.011, backward_time=0.198, grad_norm=2.257e+05, clip=100.000, loss_scale=1.000, optim_step_time=0.005, optim0_lr0=2.578e-07, train_time=0.855
[pg12b-4-2-hpc:0/8] 2026-08-29 20:04:46,587 (trainer:873) INFO: 1epoch:train:21-30batch: iter_time=9.485e-05, forward_time=0.136, loss=5.000e+04, correct_m=63.676, count_m=5.565e+03, acc_m=0.011, correct_u=56.252, count_u=5.140e+03, acc_u=0.011, backward_time=0.173, grad_norm=1.742e+05, clip=100.000, loss_scale=1.000, optim_step_time=0.005, optim0_lr0=4.141e-07, train_time=0.349
[pg12b-4-2-hpc:0/8] 2026-08-29 20:04:49,887 (trainer:873) INFO: 1epoch:train:31-40batch: iter_time=1.157e-04, forward_time=0.138, loss=5.008e+04, correct_m=65.046, count_m=5.583e+03, acc_m=0.012, correct_u=54.935, count_u=5.119e+03, acc_u=0.011, backward_time=0.155, grad_norm=7.976e+04, clip=100.000, loss_scale=1.000, optim_step_time=0.005, optim0_lr0=5.703e-07, train_time=0.330
[pg12b-4-2-hpc:0/8] 2026-08-29 20:04:53,094 (trainer:873) INFO: 1epoch:train:41-50batch: iter_time=7.337e-05, forward_time=0.131, loss=4.945e+04, correct_m=65.759, count_m=5.526e+03, acc_m=0.012, correct_u=56.711, count_u=5.175e+03, acc_u=0.011, backward_time=0.153, grad_norm=9.930e+04, clip=100.000, loss_scale=1.000, optim_step_time=0.005, optim0_lr0=7.266e-07, train_time=0.321
[pg12b-4-2-hpc:0/8] 2026-08-29 20:04:56,155 (trainer:873) INFO: 1epoch:train:51-60batch: iter_time=4.848e-05, forward_time=0.126, loss=4.751e+04, correct_m=65.606, count_m=5.324e+03, acc_m=0.012, correct_u=57.209, count_u=5.324e+03, acc_u=0.011, backward_time=0.145, grad_norm=1.284e+05, clip=100.000, loss_scale=1.000, optim_step_time=0.004, optim0_lr0=8.828e-07, train_time=0.306
The length of the text output exceeds 500, which may cause OOM on the GPU. Please ensure that the data processing is correct and verify it. Adjust the threshold with preprocessor_conf.text_length_warning_thres, or silence this message alone with logging.getLogger('espnet2.train.preprocessor').
The length of the text output exceeds 500, which may cause OOM on the GPU. Please ensure that the data processing is correct and verify it. Adjust the threshold with preprocessor_conf.text_length_warning_thres, or silence this message alone with logging.getLogger('espnet2.train.preprocessor').
The length of the text output exceeds 500, which may cause OOM on the GPU. Please ensure that the data processing is correct and verify it. Adjust the threshold with preprocessor_conf.text_length_warning_thres, or silence this message alone with logging.getLogger('espnet2.train.preprocessor').
The length of the text output exceeds 500, which may cause OOM on the GPU. Please ensure that the data processing is correct and verify it. Adjust the threshold with preprocessor_conf.text_length_warning_thres, or silence this message alone with logging.getLogger('espnet2.train.preprocessor').
The length of the text output exceeds 500, which may cause OOM on the GPU. Please ensure that the data processing is correct and verify it. Adjust the threshold with preprocessor_conf.text_length_warning_thres, or silence this message alone with logging.getLogger('espnet2.train.preprocessor').
The length of the text output exceeds 500, which may cause OOM on the GPU. Please ensure that the data processing is correct and verify it. Adjust the threshold with preprocessor_conf.text_length_warning_thres, or silence this message alone with logging.getLogger('espnet2.train.preprocessor').
The length of the text output exceeds 500, which may cause OOM on the GPU. Please ensure that the data processing is correct and verify it. Adjust the threshold with preprocessor_conf.text_length_warning_thres, or silence this message alone with logging.getLogger('espnet2.train.preprocessor').
The length of the text output exceeds 500, which may cause OOM on the GPU. Please ensure that the data processing is correct and verify it. Adjust the threshold with preprocessor_conf.text_length_warning_thres, or silence this message alone with logging.getLogger('espnet2.train.preprocessor').
The length of the text output exceeds 500, which may cause OOM on the GPU. Please ensure that the data processing is correct and verify it. Adjust the threshold with preprocessor_conf.text_length_warning_thres, or silence this message alone with logging.getLogger('espnet2.train.preprocessor').
The length of the text output exceeds 500, which may cause OOM on the GPU. Please ensure that the data processing is correct and verify it. Adjust the threshold with preprocessor_conf.text_length_warning_thres, or silence this message alone with logging.getLogger('espnet2.train.preprocessor').
The length of the text output exceeds 500, which may cause OOM on the GPU. Please ensure that the data processing is correct and verify it. Adjust the threshold with preprocessor_conf.text_length_warning_thres, or silence this message alone with logging.getLogger('espnet2.train.preprocessor').
The length of the text output exceeds 500, which may cause OOM on the GPU. Please ensure that the data processing is correct and verify it. Adjust the threshold with preprocessor_conf.text_length_warning_thres, or silence this message alone with logging.getLogger('espnet2.train.preprocessor').
The length of the text output exceeds 500, which may cause OOM on the GPU. Please ensure that the data processing is correct and verify it. Adjust the threshold with preprocessor_conf.text_length_warning_thres, or silence this message alone with logging.getLogger('espnet2.train.preprocessor').
The length of the text output exceeds 500, which may cause OOM on the GPU. Please ensure that the data processing is correct and verify it. Adjust the threshold with preprocessor_conf.text_length_warning_thres, or silence this message alone with logging.getLogger('espnet2.train.preprocessor').
The length of the text output exceeds 500, which may cause OOM on the GPU. Please ensure that the data processing is correct and verify it. Adjust the threshold with preprocessor_conf.text_length_warning_thres, or silence this message alone with logging.getLogger('espnet2.train.preprocessor').
The length of the text output exceeds 500, which may cause OOM on the GPU. Please ensure that the data processing is correct and verify it. Adjust the threshold with preprocessor_conf.text_length_warning_thres, or silence this message alone with logging.getLogger('espnet2.train.preprocessor').
The length of the text output exceeds 500, which may cause OOM on the GPU. Please ensure that the data processing is correct and verify it. Adjust the threshold with preprocessor_conf.text_length_warning_thres, or silence this message alone with logging.getLogger('espnet2.train.preprocessor').
The length of the text output exceeds 500, which may cause OOM on the GPU. Please ensure that the data processing is correct and verify it. Adjust the threshold with preprocessor_conf.text_length_warning_thres, or silence this message alone with logging.getLogger('espnet2.train.preprocessor').
The length of the text output exceeds 500, which may cause OOM on the GPU. Please ensure that the data processing is correct and verify it. Adjust the threshold with preprocessor_conf.text_length_warning_thres, or silence this message alone with logging.getLogger('espnet2.train.preprocessor').
The length of the text output exceeds 500, which may cause OOM on the GPU. Please ensure that the data processing is correct and verify it. Adjust the threshold with preprocessor_conf.text_length_warning_thres, or silence this message alone with logging.getLogger('espnet2.train.preprocessor').
The length of the text output exceeds 500, which may cause OOM on the GPU. Please ensure that the data processing is correct and verify it. Adjust the threshold with preprocessor_conf.text_length_warning_thres, or silence this message alone with logging.getLogger('espnet2.train.preprocessor').
The length of the text output exceeds 500, which may cause OOM on the GPU. Please ensure that the data processing is correct and verify it. Adjust the threshold with preprocessor_conf.text_length_warning_thres, or silence this message alone with logging.getLogger('espnet2.train.preprocessor').
The length of the text output exceeds 500, which may cause OOM on the GPU. Please ensure that the data processing is correct and verify it. Adjust the threshold with preprocessor_conf.text_length_warning_thres, or silence this message alone with logging.getLogger('espnet2.train.preprocessor').
The length of the text output exceeds 500, which may cause OOM on the GPU. Please ensure that the data processing is correct and verify it. Adjust the threshold with preprocessor_conf.text_length_warning_thres, or silence this message alone with logging.getLogger('espnet2.train.preprocessor').
The length of the text output exceeds 500, which may cause OOM on the GPU. Please ensure that the data processing is correct and verify it. Adjust the threshold with preprocessor_conf.text_length_warning_thres, or silence this message alone with logging.getLogger('espnet2.train.preprocessor').
The length of the text output exceeds 500, which may cause OOM on the GPU. Please ensure that the data processing is correct and verify it. Adjust the threshold with preprocessor_conf.text_length_warning_thres, or silence this message alone with logging.getLogger('espnet2.train.preprocessor').
The length of the text output exceeds 500, which may cause OOM on the GPU. Please ensure that the data processing is correct and verify it. Adjust the threshold with preprocessor_conf.text_length_warning_thres, or silence this message alone with logging.getLogger('espnet2.train.preprocessor').
The length of the text output exceeds 500, which may cause OOM on the GPU. Please ensure that the data processing is correct and verify it. Adjust the threshold with preprocessor_conf.text_length_warning_thres, or silence this message alone with logging.getLogger('espnet2.train.preprocessor').
The length of the text output exceeds 500, which may cause OOM on the GPU. Please ensure that the data processing is correct and verify it. Adjust the threshold with preprocessor_conf.text_length_warning_thres, or silence this message alone with logging.getLogger('espnet2.train.preprocessor').
The length of the text output exceeds 500, which may cause OOM on the GPU. Please ensure that the data processing is correct and verify it. Adjust the threshold with preprocessor_conf.text_length_warning_thres, or silence this message alone with logging.getLogger('espnet2.train.preprocessor').
The length of the text output exceeds 500, which may cause OOM on the GPU. Please ensure that the data processing is correct and verify it. Adjust the threshold with preprocessor_conf.text_length_warning_thres, or silence this message alone with logging.getLogger('espnet2.train.preprocessor').
The length of the text output exceeds 500, which may cause OOM on the GPU. Please ensure that the data processing is correct and verify it. Adjust the threshold with preprocessor_conf.text_length_warning_thres, or silence this message alone with logging.getLogger('espnet2.train.preprocessor').
The length of the text output exceeds 500, which may cause OOM on the GPU. Please ensure that the data processing is correct and verify it. Adjust the threshold with preprocessor_conf.text_length_warning_thres, or silence this message alone with logging.getLogger('espnet2.train.preprocessor').
The length of the text output exceeds 500, which may cause OOM on the GPU. Please ensure that the data processing is correct and verify it. Adjust the threshold with preprocessor_conf.text_length_warning_thres, or silence this message alone with logging.getLogger('espnet2.train.preprocessor').
The length of the text output exceeds 500, which may cause OOM on the GPU. Please ensure that the data processing is correct and verify it. Adjust the threshold with preprocessor_conf.text_length_warning_thres, or silence this message alone with logging.getLogger('espnet2.train.preprocessor').
The length of the text output exceeds 500, which may cause OOM on the GPU. Please ensure that the data processing is correct and verify it. Adjust the threshold with preprocessor_conf.text_length_warning_thres, or silence this message alone with logging.getLogger('espnet2.train.preprocessor').
The length of the text output exceeds 500, which may cause OOM on the GPU. Please ensure that the data processing is correct and verify it. Adjust the threshold with preprocessor_conf.text_length_warning_thres, or silence this message alone with logging.getLogger('espnet2.train.preprocessor').
The length of the text output exceeds 500, which may cause OOM on the GPU. Please ensure that the data processing is correct and verify it. Adjust the threshold with preprocessor_conf.text_length_warning_thres, or silence this message alone with logging.getLogger('espnet2.train.preprocessor').
The length of the text output exceeds 500, which may cause OOM on the GPU. Please ensure that the data processing is correct and verify it. Adjust the threshold with preprocessor_conf.text_length_warning_thres, or silence this message alone with logging.getLogger('espnet2.train.preprocessor').
The length of the text output exceeds 500, which may cause OOM on the GPU. Please ensure that the data processing is correct and verify it. Adjust the threshold with preprocessor_conf.text_length_warning_thres, or silence this message alone with logging.getLogger('espnet2.train.preprocessor').
The length of the text output exceeds 500, which may cause OOM on the GPU. Please ensure that the data processing is correct and verify it. Adjust the threshold with preprocessor_conf.text_length_warning_thres, or silence this message alone with logging.getLogger('espnet2.train.preprocessor').
The length of the text output exceeds 500, which may cause OOM on the GPU. Please ensure that the data processing is correct and verify it. Adjust the threshold with preprocessor_conf.text_length_warning_thres, or silence this message alone with logging.getLogger('espnet2.train.preprocessor').
The length of the text output exceeds 500, which may cause OOM on the GPU. Please ensure that the data processing is correct and verify it. Adjust the threshold with preprocessor_conf.text_length_warning_thres, or silence this message alone with logging.getLogger('espnet2.train.preprocessor').
The length of the text output exceeds 500, which may cause OOM on the GPU. Please ensure that the data processing is correct and verify it. Adjust the threshold with preprocessor_conf.text_length_warning_thres, or silence this message alone with logging.getLogger('espnet2.train.preprocessor').
The length of the text output exceeds 500, which may cause OOM on the GPU. Please ensure that the data processing is correct and verify it. Adjust the threshold with preprocessor_conf.text_length_warning_thres, or silence this message alone with logging.getLogger('espnet2.train.preprocessor').
The length of the text output exceeds 500, which may cause OOM on the GPU. Please ensure that the data processing is correct and verify it. Adjust the threshold with preprocessor_conf.text_length_warning_thres, or silence this message alone with logging.getLogger('espnet2.train.preprocessor').
The length of the text output exceeds 500, which may cause OOM on the GPU. Please ensure that the data processing is correct and verify it. Adjust the threshold with preprocessor_conf.text_length_warning_thres, or silence this message alone with logging.getLogger('espnet2.train.preprocessor').
The length of the text output exceeds 500, which may cause OOM on the GPU. Please ensure that the data processing is correct and verify it. Adjust the threshold with preprocessor_conf.text_length_warning_thres, or silence this message alone with logging.getLogger('espnet2.train.preprocessor').
The length of the text output exceeds 500, which may cause OOM on the GPU. Please ensure that the data processing is correct and verify it. Adjust the threshold with preprocessor_conf.text_length_warning_thres, or silence this message alone with logging.getLogger('espnet2.train.preprocessor').
The length of the text output exceeds 500, which may cause OOM on the GPU. Please ensure that the data processing is correct and verify it. Adjust the threshold with preprocessor_conf.text_length_warning_thres, or silence this message alone with logging.getLogger('espnet2.train.preprocessor').
The length of the text output exceeds 500, which may cause OOM on the GPU. Please ensure that the data processing is correct and verify it. Adjust the threshold with preprocessor_conf.text_length_warning_thres, or silence this message alone with logging.getLogger('espnet2.train.preprocessor').
The length of the text output exceeds 500, which may cause OOM on the GPU. Please ensure that the data processing is correct and verify it. Adjust the threshold with preprocessor_conf.text_length_warning_thres, or silence this message alone with logging.getLogger('espnet2.train.preprocessor').
The length of the text output exceeds 500, which may cause OOM on the GPU. Please ensure that the data processing is correct and verify it. Adjust the threshold with preprocessor_conf.text_length_warning_thres, or silence this message alone with logging.getLogger('espnet2.train.preprocessor').
The length of the text output exceeds 500, which may cause OOM on the GPU. Please ensure that the data processing is correct and verify it. Adjust the threshold with preprocessor_conf.text_length_warning_thres, or silence this message alone with logging.getLogger('espnet2.train.preprocessor').
The length of the text output exceeds 500, which may cause OOM on the GPU. Please ensure that the data processing is correct and verify it. Adjust the threshold with preprocessor_conf.text_length_warning_thres, or silence this message alone with logging.getLogger('espnet2.train.preprocessor').
The length of the text output exceeds 500, which may cause OOM on the GPU. Please ensure that the data processing is correct and verify it. Adjust the threshold with preprocessor_conf.text_length_warning_thres, or silence this message alone with logging.getLogger('espnet2.train.preprocessor').
The length of the text output exceeds 500, which may cause OOM on the GPU. Please ensure that the data processing is correct and verify it. Adjust the threshold with preprocessor_conf.text_length_warning_thres, or silence this message alone with logging.getLogger('espnet2.train.preprocessor').
The length of the text output exceeds 500, which may cause OOM on the GPU. Please ensure that the data processing is correct and verify it. Adjust the threshold with preprocessor_conf.text_length_warning_thres, or silence this message alone with logging.getLogger('espnet2.train.preprocessor').
The length of the text output exceeds 500, which may cause OOM on the GPU. Please ensure that the data processing is correct and verify it. Adjust the threshold with preprocessor_conf.text_length_warning_thres, or silence this message alone with logging.getLogger('espnet2.train.preprocessor').
The length of the text output exceeds 500, which may cause OOM on the GPU. Please ensure that the data processing is correct and verify it. Adjust the threshold with preprocessor_conf.text_length_warning_thres, or silence this message alone with logging.getLogger('espnet2.train.preprocessor').
The length of the text output exceeds 500, which may cause OOM on the GPU. Please ensure that the data processing is correct and verify it. Adjust the threshold with preprocessor_conf.text_length_warning_thres, or silence this message alone with logging.getLogger('espnet2.train.preprocessor').
The length of the text output exceeds 500, which may cause OOM on the GPU. Please ensure that the data processing is correct and verify it. Adjust the threshold with preprocessor_conf.text_length_warning_thres, or silence this message alone with logging.getLogger('espnet2.train.preprocessor').
The length of the text output exceeds 500, which may cause OOM on the GPU. Please ensure that the data processing is correct and verify it. Adjust the threshold with preprocessor_conf.text_length_warning_thres, or silence this message alone with logging.getLogger('espnet2.train.preprocessor').
The length of the text output exceeds 500, which may cause OOM on the GPU. Please ensure that the data processing is correct and verify it. Adjust the threshold with preprocessor_conf.text_length_warning_thres, or silence this message alone with logging.getLogger('espnet2.train.preprocessor').
/mnt/weka/mark/espnet/tools/anaconda/envs/espnet/lib/python3.12/site-packages/torch/nn/functional.py:6044: UserWarning: Support for mismatched key_padding_mask and  is deprecated. Use same type for both instead.
  warnings.warn(
[rank4]:W0829 20:07:18.141000 2735347 site-packages/torch/fx/experimental/symbolic_shapes.py:6833] [16/2] _maybe_guard_rel() was called on non-relation expression Eq(s29, s38) | Eq(s38, 1)
[rank4]:W0829 20:07:18.147000 2735347 site-packages/torch/fx/experimental/symbolic_shapes.py:6833] [16/2] _maybe_guard_rel() was called on non-relation expression Eq(s57, 1) | Eq(s57, 16)
[rank4]:W0829 20:07:18.153000 2735347 site-packages/torch/fx/experimental/symbolic_shapes.py:6833] [16/2] _maybe_guard_rel() was called on non-relation expression Eq(s21, s76) | Eq(s76, 1)
[rank4]:W0829 20:07:18.156000 2735347 site-packages/torch/fx/experimental/symbolic_shapes.py:6833] [16/2] _maybe_guard_rel() was called on non-relation expression Eq(s21, s39) | Eq(s39, 1)
/mnt/weka/mark/espnet/tools/anaconda/envs/espnet/lib/python3.12/site-packages/torch/nn/functional.py:6044: UserWarning: Support for mismatched key_padding_mask and  is deprecated. Use same type for both instead.
  warnings.warn(
/mnt/weka/mark/espnet/tools/anaconda/envs/espnet/lib/python3.12/site-packages/torch/nn/functional.py:6044: UserWarning: Support for mismatched key_padding_mask and  is deprecated. Use same type for both instead.
  warnings.warn(
/mnt/weka/mark/espnet/tools/anaconda/envs/espnet/lib/python3.12/site-packages/torch/nn/functional.py:6044: UserWarning: Support for mismatched key_padding_mask and  is deprecated. Use same type for both instead.
  warnings.warn(
[rank2]:W0829 20:07:18.734000 2735345 site-packages/torch/fx/experimental/symbolic_shapes.py:6833] [16/2] _maybe_guard_rel() was called on non-relation expression Eq(s29, s38) | Eq(s38, 1)
[rank2]:W0829 20:07:18.738000 2735345 site-packages/torch/fx/experimental/symbolic_shapes.py:6833] [16/2] _maybe_guard_rel() was called on non-relation expression Eq(s57, 1) | Eq(s57, 16)
[rank2]:W0829 20:07:18.741000 2735345 site-packages/torch/fx/experimental/symbolic_shapes.py:6833] [16/2] _maybe_guard_rel() was called on non-relation expression Eq(s21, s76) | Eq(s76, 1)
[rank2]:W0829 20:07:18.744000 2735345 site-packages/torch/fx/experimental/symbolic_shapes.py:6833] [16/2] _maybe_guard_rel() was called on non-relation expression Eq(s21, s39) | Eq(s39, 1)
[rank0]:W0829 20:07:18.821000 2735343 site-packages/torch/fx/experimental/symbolic_shapes.py:6833] [16/2] _maybe_guard_rel() was called on non-relation expression Eq(s29, s38) | Eq(s38, 1)
[rank0]:W0829 20:07:18.825000 2735343 site-packages/torch/fx/experimental/symbolic_shapes.py:6833] [16/2] _maybe_guard_rel() was called on non-relation expression Eq(s57, 1) | Eq(s57, 16)
[rank0]:W0829 20:07:18.828000 2735343 site-packages/torch/fx/experimental/symbolic_shapes.py:6833] [16/2] _maybe_guard_rel() was called on non-relation expression Eq(s21, s76) | Eq(s76, 1)
[rank0]:W0829 20:07:18.831000 2735343 site-packages/torch/fx/experimental/symbolic_shapes.py:6833] [16/2] _maybe_guard_rel() was called on non-relation expression Eq(s21, s39) | Eq(s39, 1)
[rank3]:W0829 20:07:18.883000 2735346 site-packages/torch/fx/experimental/symbolic_shapes.py:6833] [16/2] _maybe_guard_rel() was called on non-relation expression Eq(s29, s38) | Eq(s38, 1)
[rank3]:W0829 20:07:18.887000 2735346 site-packages/torch/fx/experimental/symbolic_shapes.py:6833] [16/2] _maybe_guard_rel() was called on non-relation expression Eq(s57, 1) | Eq(s57, 16)
[rank3]:W0829 20:07:18.890000 2735346 site-packages/torch/fx/experimental/symbolic_shapes.py:6833] [16/2] _maybe_guard_rel() was called on non-relation expression Eq(s21, s76) | Eq(s76, 1)
[rank3]:W0829 20:07:18.893000 2735346 site-packages/torch/fx/experimental/symbolic_shapes.py:6833] [16/2] _maybe_guard_rel() was called on non-relation expression Eq(s21, s39) | Eq(s39, 1)
/mnt/weka/mark/espnet/tools/anaconda/envs/espnet/lib/python3.12/site-packages/torch/nn/functional.py:6044: UserWarning: Support for mismatched key_padding_mask and  is deprecated. Use same type for both instead.
  warnings.warn(
/mnt/weka/mark/espnet/tools/anaconda/envs/espnet/lib/python3.12/site-packages/torch/nn/functional.py:6044: UserWarning: Support for mismatched key_padding_mask and  is deprecated. Use same type for both instead.
  warnings.warn(
/mnt/weka/mark/espnet/tools/anaconda/envs/espnet/lib/python3.12/site-packages/torch/nn/functional.py:6044: UserWarning: Support for mismatched key_padding_mask and  is deprecated. Use same type for both instead.
  warnings.warn(
/mnt/weka/mark/espnet/tools/anaconda/envs/espnet/lib/python3.12/site-packages/torch/nn/functional.py:6044: UserWarning: Support for mismatched key_padding_mask and  is deprecated. Use same type for both instead.
  warnings.warn(
[rank6]:W0829 20:07:19.269000 2735349 site-packages/torch/fx/experimental/symbolic_shapes.py:6833] [16/2] _maybe_guard_rel() was called on non-relation expression Eq(s29, s38) | Eq(s38, 1)
[rank6]:W0829 20:07:19.278000 2735349 site-packages/torch/fx/experimental/symbolic_shapes.py:6833] [16/2] _maybe_guard_rel() was called on non-relation expression Eq(s57, 1) | Eq(s57, 16)
[rank6]:W0829 20:07:19.281000 2735349 site-packages/torch/fx/experimental/symbolic_shapes.py:6833] [16/2] _maybe_guard_rel() was called on non-relation expression Eq(s21, s76) | Eq(s76, 1)
[rank5]:W0829 20:07:19.282000 2735348 site-packages/torch/fx/experimental/symbolic_shapes.py:6833] [16/2] _maybe_guard_rel() was called on non-relation expression Eq(s29, s38) | Eq(s38, 1)
[rank6]:W0829 20:07:19.283000 2735349 site-packages/torch/fx/experimental/symbolic_shapes.py:6833] [16/2] _maybe_guard_rel() was called on non-relation expression Eq(s21, s39) | Eq(s39, 1)
[rank5]:W0829 20:07:19.286000 2735348 site-packages/torch/fx/experimental/symbolic_shapes.py:6833] [16/2] _maybe_guard_rel() was called on non-relation expression Eq(s57, 1) | Eq(s57, 16)
[rank5]:W0829 20:07:19.289000 2735348 site-packages/torch/fx/experimental/symbolic_shapes.py:6833] [16/2] _maybe_guard_rel() was called on non-relation expression Eq(s21, s76) | Eq(s76, 1)
[rank5]:W0829 20:07:19.292000 2735348 site-packages/torch/fx/experimental/symbolic_shapes.py:6833] [16/2] _maybe_guard_rel() was called on non-relation expression Eq(s21, s39) | Eq(s39, 1)
[rank7]:W0829 20:07:19.346000 2735350 site-packages/torch/fx/experimental/symbolic_shapes.py:6833] [16/2] _maybe_guard_rel() was called on non-relation expression Eq(s29, s38) | Eq(s38, 1)
[rank7]:W0829 20:07:19.350000 2735350 site-packages/torch/fx/experimental/symbolic_shapes.py:6833] [16/2] _maybe_guard_rel() was called on non-relation expression Eq(s57, 1) | Eq(s57, 16)
[rank7]:W0829 20:07:19.353000 2735350 site-packages/torch/fx/experimental/symbolic_shapes.py:6833] [16/2] _maybe_guard_rel() was called on non-relation expression Eq(s21, s76) | Eq(s76, 1)
[rank7]:W0829 20:07:19.356000 2735350 site-packages/torch/fx/experimental/symbolic_shapes.py:6833] [16/2] _maybe_guard_rel() was called on non-relation expression Eq(s21, s39) | Eq(s39, 1)
[rank1]:W0829 20:07:19.531000 2735344 site-packages/torch/fx/experimental/symbolic_shapes.py:6833] [16/2] _maybe_guard_rel() was called on non-relation expression Eq(s29, s38) | Eq(s38, 1)
[rank1]:W0829 20:07:19.535000 2735344 site-packages/torch/fx/experimental/symbolic_shapes.py:6833] [16/2] _maybe_guard_rel() was called on non-relation expression Eq(s57, 1) | Eq(s57, 16)
[rank1]:W0829 20:07:19.538000 2735344 site-packages/torch/fx/experimental/symbolic_shapes.py:6833] [16/2] _maybe_guard_rel() was called on non-relation expression Eq(s21, s76) | Eq(s76, 1)
[rank1]:W0829 20:07:19.542000 2735344 site-packages/torch/fx/experimental/symbolic_shapes.py:6833] [16/2] _maybe_guard_rel() was called on non-relation expression Eq(s21, s39) | Eq(s39, 1)
/mnt/weka/mark/espnet/tools/anaconda/envs/espnet/lib/python3.12/site-packages/torch/nn/functional.py:6044: UserWarning: Support for mismatched key_padding_mask and  is deprecated. Use same type for both instead.
  warnings.warn(
/mnt/weka/mark/espnet/tools/anaconda/envs/espnet/lib/python3.12/site-packages/torch/nn/functional.py:6044: UserWarning: Support for mismatched key_padding_mask and  is deprecated. Use same type for both instead.
  warnings.warn(
/mnt/weka/mark/espnet/tools/anaconda/envs/espnet/lib/python3.12/site-packages/torch/nn/functional.py:6044: UserWarning: Support for mismatched key_padding_mask and  is deprecated. Use same type for both instead.
  warnings.warn(
/mnt/weka/mark/espnet/tools/anaconda/envs/espnet/lib/python3.12/site-packages/torch/nn/functional.py:6044: UserWarning: Support for mismatched key_padding_mask and  is deprecated. Use same type for both instead.
  warnings.warn(
/mnt/weka/mark/espnet/tools/anaconda/envs/espnet/lib/python3.12/site-packages/torch/nn/functional.py:6044: UserWarning: Support for mismatched key_padding_mask and  is deprecated. Use same type for both instead.
  warnings.warn(
/mnt/weka/mark/espnet/tools/anaconda/envs/espnet/lib/python3.12/site-packages/torch/nn/functional.py:6044: UserWarning: Support for mismatched key_padding_mask and  is deprecated. Use same type for both instead.
  warnings.warn(
/mnt/weka/mark/espnet/tools/anaconda/envs/espnet/lib/python3.12/site-packages/torch/nn/functional.py:6044: UserWarning: Support for mismatched key_padding_mask and  is deprecated. Use same type for both instead.
  warnings.warn(
/mnt/weka/mark/espnet/tools/anaconda/envs/espnet/lib/python3.12/site-packages/torch/nn/functional.py:6044: UserWarning: Support for mismatched key_padding_mask and  is deprecated. Use same type for both instead.
  warnings.warn(
/mnt/weka/mark/espnet/tools/anaconda/envs/espnet/lib/python3.12/site-packages/torch/nn/functional.py:6044: UserWarning: Support for mismatched key_padding_mask and  is deprecated. Use same type for both instead.
  warnings.warn(
/mnt/weka/mark/espnet/tools/anaconda/envs/espnet/lib/python3.12/site-packages/torch/nn/functional.py:6044: UserWarning: Support for mismatched key_padding_mask and  is deprecated. Use same type for both instead.
  warnings.warn(
/mnt/weka/mark/espnet/tools/anaconda/envs/espnet/lib/python3.12/site-packages/torch/nn/functional.py:6044: UserWarning: Support for mismatched key_padding_mask and  is deprecated. Use same type for both instead.
  warnings.warn(
/mnt/weka/mark/espnet/tools/anaconda/envs/espnet/lib/python3.12/site-packages/torch/nn/functional.py:6044: UserWarning: Support for mismatched key_padding_mask and  is deprecated. Use same type for both instead.
  warnings.warn(
/mnt/weka/mark/espnet/tools/anaconda/envs/espnet/lib/python3.12/site-packages/torch/nn/functional.py:6044: UserWarning: Support for mismatched key_padding_mask and  is deprecated. Use same type for both instead.
  warnings.warn(
/mnt/weka/mark/espnet/tools/anaconda/envs/espnet/lib/python3.12/site-packages/torch/nn/functional.py:6044: UserWarning: Support for mismatched key_padding_mask and  is deprecated. Use same type for both instead.
  warnings.warn(
/mnt/weka/mark/espnet/tools/anaconda/envs/espnet/lib/python3.12/site-packages/torch/nn/functional.py:6044: UserWarning: Support for mismatched key_padding_mask and  is deprecated. Use same type for both instead.
  warnings.warn(
/mnt/weka/mark/espnet/tools/anaconda/envs/espnet/lib/python3.12/site-packages/torch/nn/functional.py:6044: UserWarning: Support for mismatched key_padding_mask and  is deprecated. Use same type for both instead.
  warnings.warn(
[pg12b-4-2-hpc:0/8] 2026-08-29 20:07:35,685 (trainer:426) INFO: 1epoch results: [train] iter_time=0.005, forward_time=2.291, loss=4.947e+04, correct_m=63.663, count_m=5.515e+03, acc_m=0.012, correct_u=55.920, count_u=5.173e+03, acc_u=0.011, backward_time=0.257, grad_norm=6.680e+12, clip=100.000, loss_scale=1.000, optim_step_time=0.005, optim0_lr0=4.922e-07, train_time=4.559, time=4 minutes and 36.11 seconds, total_count=60, gpu_max_cached_mem_GB=29.551, [valid] loss=3.719e+04, correct_m=51.105, count_m=4.274e+03, acc_m=0.012, correct_u=58.494, count_u=5.396e+03, acc_u=0.011, time=2 minutes and 27.48 seconds, total_count=15, gpu_max_cached_mem_GB=29.551
pg12b-4-2-hpc:2735345:2767797 [2] NCCL INFO NVLS comm 0x5636f6d646b0 headRank 2 nHeads 8 nvlsRanks 8 buffSize 1048576 nvlsPerRankSize 33554432 nvlsTotalSize 268435456
pg12b-4-2-hpc:2735350:2767793 [7] NCCL INFO NVLS comm 0x5640323c20a0 headRank 7 nHeads 8 nvlsRanks 8 buffSize 1048576 nvlsPerRankSize 33554432 nvlsTotalSize 268435456
pg12b-4-2-hpc:2735348:2767799 [5] NCCL INFO NVLS comm 0x55f85266d460 headRank 5 nHeads 8 nvlsRanks 8 buffSize 1048576 nvlsPerRankSize 33554432 nvlsTotalSize 268435456
pg12b-4-2-hpc:2735346:2767798 [3] NCCL INFO NVLS comm 0x55800e44ceb0 headRank 3 nHeads 8 nvlsRanks 8 buffSize 1048576 nvlsPerRankSize 33554432 nvlsTotalSize 268435456
pg12b-4-2-hpc:2735349:2767794 [6] NCCL INFO NVLS comm 0x55f7d8525710 headRank 6 nHeads 8 nvlsRanks 8 buffSize 1048576 nvlsPerRankSize 33554432 nvlsTotalSize 268435456
pg12b-4-2-hpc:2735344:2767800 [1] NCCL INFO NVLS comm 0x561c27d666a0 headRank 1 nHeads 8 nvlsRanks 8 buffSize 1048576 nvlsPerRankSize 33554432 nvlsTotalSize 268435456
pg12b-4-2-hpc:2735347:2767796 [4] NCCL INFO NVLS comm 0x5583b0ab0a00 headRank 4 nHeads 8 nvlsRanks 8 buffSize 1048576 nvlsPerRankSize 33554432 nvlsTotalSize 268435456
pg12b-4-2-hpc:2735344:2781500 [1] NCCL INFO misc/socket.cc:64 -> 3
pg12b-4-2-hpc:2735344:2781500 [1] NCCL INFO misc/socket.cc:81 -> 3
pg12b-4-2-hpc:2735344:2781500 [1] NCCL INFO misc/socket.cc:863 -> 3
pg12b-4-2-hpc:2735344:2781500 [1] NCCL INFO misc/socket.cc:64 -> 3
pg12b-4-2-hpc:2735344:2781500 [1] NCCL INFO misc/socket.cc:81 -> 3
pg12b-4-2-hpc:2735344:2781500 [1] NCCL INFO misc/socket.cc:863 -> 3
pg12b-4-2-hpc:2735344:2735543 [1] NCCL INFO misc/socket.cc:915 -> 3
pg12b-4-2-hpc:2735344:2781500 [1] NCCL INFO misc/socket.cc:64 -> 3
pg12b-4-2-hpc:2735344:2781500 [1] NCCL INFO misc/socket.cc:81 -> 3
pg12b-4-2-hpc:2735344:2781500 [1] NCCL INFO misc/socket.cc:863 -> 3
pg12b-4-2-hpc:2735344:2735543 [1] NCCL INFO misc/socket.cc:915 -> 3
pg12b-4-2-hpc:2735344:2781500 [1] NCCL INFO comm 0x561c27d666a0 rank 1 nranks 8 cudaDev 1 busId 3b000 - Abort COMPLETE
pg12b-4-2-hpc:2735345:2781502 [2] NCCL INFO misc/socket.cc:64 -> 3
pg12b-4-2-hpc:2735345:2781502 [2] NCCL INFO misc/socket.cc:81 -> 3
pg12b-4-2-hpc:2735345:2781502 [2] NCCL INFO misc/socket.cc:863 -> 3
pg12b-4-2-hpc:2735345:2781502 [2] NCCL INFO misc/socket.cc:64 -> 3
pg12b-4-2-hpc:2735345:2781502 [2] NCCL INFO misc/socket.cc:81 -> 3
pg12b-4-2-hpc:2735345:2781502 [2] NCCL INFO misc/socket.cc:863 -> 3
pg12b-4-2-hpc:2735345:2781502 [2] NCCL INFO misc/socket.cc:64 -> 3
pg12b-4-2-hpc:2735345:2781502 [2] NCCL INFO misc/socket.cc:81 -> 3
pg12b-4-2-hpc:2735345:2781502 [2] NCCL INFO misc/socket.cc:863 -> 3
pg12b-4-2-hpc:2735345:2735538 [2] NCCL INFO misc/socket.cc:915 -> 3
pg12b-4-2-hpc:2735345:2781502 [2] NCCL INFO misc/socket.cc:64 -> 3
pg12b-4-2-hpc:2735345:2781502 [2] NCCL INFO misc/socket.cc:81 -> 3
pg12b-4-2-hpc:2735345:2781502 [2] NCCL INFO misc/socket.cc:863 -> 3
pg12b-4-2-hpc:2735345:2735538 [2] NCCL INFO misc/socket.cc:915 -> 3
pg12b-4-2-hpc:2735345:2781502 [2] NCCL INFO comm 0x5636f6d646b0 rank 2 nranks 8 cudaDev 2 busId 4c000 - Abort COMPLETE
pg12b-4-2-hpc:2735349:2781498 [6] NCCL INFO misc/socket.cc:64 -> 3
pg12b-4-2-hpc:2735349:2781498 [6] NCCL INFO misc/socket.cc:81 -> 3
pg12b-4-2-hpc:2735349:2781498 [6] NCCL INFO misc/socket.cc:863 -> 3
pg12b-4-2-hpc:2735349:2781498 [6] NCCL INFO misc/socket.cc:64 -> 3
pg12b-4-2-hpc:2735349:2781498 [6] NCCL INFO misc/socket.cc:81 -> 3
pg12b-4-2-hpc:2735349:2781498 [6] NCCL INFO misc/socket.cc:863 -> 3
pg12b-4-2-hpc:2735349:2781498 [6] NCCL INFO misc/socket.cc:64 -> 3
pg12b-4-2-hpc:2735349:2781498 [6] NCCL INFO misc/socket.cc:81 -> 3
pg12b-4-2-hpc:2735349:2781498 [6] NCCL INFO misc/socket.cc:863 -> 3
pg12b-4-2-hpc:2735349:2781498 [6] NCCL INFO misc/socket.cc:64 -> 3
pg12b-4-2-hpc:2735349:2781498 [6] NCCL INFO misc/socket.cc:81 -> 3
pg12b-4-2-hpc:2735349:2781498 [6] NCCL INFO misc/socket.cc:863 -> 3
pg12b-4-2-hpc:2735349:2735546 [6] NCCL INFO misc/socket.cc:915 -> 3
pg12b-4-2-hpc:2735349:2735546 [6] NCCL INFO misc/socket.cc:915 -> 3
pg12b-4-2-hpc:2735349:2781498 [6] NCCL INFO comm 0x55f7d8525710 rank 6 nranks 8 cudaDev 6 busId cb000 - Abort COMPLETE
pg12b-4-2-hpc:2735346:2781509 [3] NCCL INFO misc/socket.cc:64 -> 3
pg12b-4-2-hpc:2735346:2781509 [3] NCCL INFO misc/socket.cc:81 -> 3
pg12b-4-2-hpc:2735346:2781509 [3] NCCL INFO misc/socket.cc:863 -> 3
pg12b-4-2-hpc:2735346:2781509 [3] NCCL INFO misc/socket.cc:64 -> 3
pg12b-4-2-hpc:2735346:2781509 [3] NCCL INFO misc/socket.cc:81 -> 3
pg12b-4-2-hpc:2735346:2781509 [3] NCCL INFO misc/socket.cc:863 -> 3
pg12b-4-2-hpc:2735346:2781509 [3] NCCL INFO misc/socket.cc:64 -> 3
pg12b-4-2-hpc:2735346:2781509 [3] NCCL INFO misc/socket.cc:81 -> 3
pg12b-4-2-hpc:2735346:2781509 [3] NCCL INFO misc/socket.cc:863 -> 3
pg12b-4-2-hpc:2735346:2735547 [3] NCCL INFO misc/socket.cc:915 -> 3
pg12b-4-2-hpc:2735346:2781509 [3] NCCL INFO misc/socket.cc:64 -> 3
pg12b-4-2-hpc:2735346:2781509 [3] NCCL INFO misc/socket.cc:81 -> 3
pg12b-4-2-hpc:2735346:2781509 [3] NCCL INFO misc/socket.cc:863 -> 3
pg12b-4-2-hpc:2735346:2735547 [3] NCCL INFO misc/socket.cc:915 -> 3
pg12b-4-2-hpc:2735346:2781509 [3] NCCL INFO comm 0x55800e44ceb0 rank 3 nranks 8 cudaDev 3 busId 5d000 - Abort COMPLETE
pg12b-4-2-hpc:2735348:2781504 [5] NCCL INFO misc/socket.cc:64 -> 3
pg12b-4-2-hpc:2735348:2781504 [5] NCCL INFO misc/socket.cc:81 -> 3
pg12b-4-2-hpc:2735348:2781504 [5] NCCL INFO misc/socket.cc:863 -> 3
pg12b-4-2-hpc:2735348:2781504 [5] NCCL INFO misc/socket.cc:64 -> 3
pg12b-4-2-hpc:2735348:2781504 [5] NCCL INFO misc/socket.cc:81 -> 3
pg12b-4-2-hpc:2735348:2781504 [5] NCCL INFO misc/socket.cc:863 -> 3
pg12b-4-2-hpc:2735348:2781504 [5] NCCL INFO misc/socket.cc:64 -> 3
pg12b-4-2-hpc:2735348:2781504 [5] NCCL INFO misc/socket.cc:81 -> 3
pg12b-4-2-hpc:2735348:2781504 [5] NCCL INFO misc/socket.cc:863 -> 3
pg12b-4-2-hpc:2735348:2735539 [5] NCCL INFO misc/socket.cc:915 -> 3
pg12b-4-2-hpc:2735348:2781504 [5] NCCL INFO misc/socket.cc:64 -> 3
pg12b-4-2-hpc:2735348:2781504 [5] NCCL INFO misc/socket.cc:81 -> 3
pg12b-4-2-hpc:2735348:2781504 [5] NCCL INFO misc/socket.cc:863 -> 3
pg12b-4-2-hpc:2735348:2735539 [5] NCCL INFO misc/socket.cc:915 -> 3
pg12b-4-2-hpc:2735348:2781504 [5] NCCL INFO comm 0x55f85266d460 rank 5 nranks 8 cudaDev 5 busId bb000 - Abort COMPLETE
pg12b-4-2-hpc:2735350:2781506 [7] NCCL INFO misc/socket.cc:64 -> 3
pg12b-4-2-hpc:2735350:2781506 [7] NCCL INFO misc/socket.cc:81 -> 3
pg12b-4-2-hpc:2735350:2781506 [7] NCCL INFO misc/socket.cc:863 -> 3
pg12b-4-2-hpc:2735350:2781506 [7] NCCL INFO misc/socket.cc:64 -> 3
pg12b-4-2-hpc:2735350:2781506 [7] NCCL INFO misc/socket.cc:81 -> 3
pg12b-4-2-hpc:2735350:2781506 [7] NCCL INFO misc/socket.cc:863 -> 3
pg12b-4-2-hpc:2735350:2781506 [7] NCCL INFO misc/socket.cc:64 -> 3
pg12b-4-2-hpc:2735350:2781506 [7] NCCL INFO misc/socket.cc:81 -> 3
pg12b-4-2-hpc:2735350:2781506 [7] NCCL INFO misc/socket.cc:863 -> 3
pg12b-4-2-hpc:2735350:2735542 [7] NCCL INFO misc/socket.cc:915 -> 3
pg12b-4-2-hpc:2735350:2781506 [7] NCCL INFO comm 0x5640323c20a0 rank 7 nranks 8 cudaDev 7 busId db000 - Abort COMPLETE
pg12b-4-2-hpc:2735347:2781512 [4] NCCL INFO misc/socket.cc:64 -> 3
pg12b-4-2-hpc:2735347:2781512 [4] NCCL INFO misc/socket.cc:81 -> 3
pg12b-4-2-hpc:2735347:2781512 [4] NCCL INFO misc/socket.cc:863 -> 3
pg12b-4-2-hpc:2735347:2781512 [4] NCCL INFO misc/socket.cc:64 -> 3
pg12b-4-2-hpc:2735347:2781512 [4] NCCL INFO misc/socket.cc:81 -> 3
pg12b-4-2-hpc:2735347:2781512 [4] NCCL INFO misc/socket.cc:863 -> 3
pg12b-4-2-hpc:2735347:2781512 [4] NCCL INFO misc/socket.cc:64 -> 3
pg12b-4-2-hpc:2735347:2781512 [4] NCCL INFO misc/socket.cc:81 -> 3
pg12b-4-2-hpc:2735347:2781512 [4] NCCL INFO misc/socket.cc:863 -> 3
pg12b-4-2-hpc:2735347:2781512 [4] NCCL INFO misc/socket.cc:64 -> 3
pg12b-4-2-hpc:2735347:2781512 [4] NCCL INFO misc/socket.cc:81 -> 3
pg12b-4-2-hpc:2735347:2781512 [4] NCCL INFO misc/socket.cc:863 -> 3
pg12b-4-2-hpc:2735347:2735549 [4] NCCL INFO misc/socket.cc:915 -> 3
pg12b-4-2-hpc:2735347:2781512 [4] NCCL INFO comm 0x5583b0ab0a00 rank 4 nranks 8 cudaDev 4 busId 9b000 - Abort COMPLETE
[pg12b-4-2-hpc:0/8] 2026-08-29 20:07:43,178 (trainer:494) INFO: The best model has been updated: valid.loss
[pg12b-4-2-hpc:0/8] 2026-08-29 20:07:43,179 (trainer:566) INFO: The training was finished at 1 epochs 
pg12b-4-2-hpc:2735343:2767795 [0] NCCL INFO NVLS comm 0x562ba07e8260 headRank 0 nHeads 8 nvlsRanks 8 buffSize 1048576 nvlsPerRankSize 33554432 nvlsTotalSize 268435456
[rank0]:[W829 20:07:45.651173492 ProcessGroupNCCL.cpp:1524] Warning: WARNING: destroy_process_group() was not called before program exit, which can leak resources. For more info, please see https://pytorch.org/docs/stable/distributed.html#shutdown (function operator())
pg12b-4-2-hpc:2735343:2781537 [0] NCCL INFO misc/socket.cc:64 -> 3
pg12b-4-2-hpc:2735343:2781537 [0] NCCL INFO misc/socket.cc:81 -> 3
pg12b-4-2-hpc:2735343:2781537 [0] NCCL INFO misc/socket.cc:863 -> 3
pg12b-4-2-hpc:2735343:2735552 [0] NCCL INFO misc/socket.cc:915 -> 3
pg12b-4-2-hpc:2735343:2781537 [0] NCCL INFO misc/socket.cc:64 -> 3
pg12b-4-2-hpc:2735343:2781537 [0] NCCL INFO misc/socket.cc:81 -> 3
pg12b-4-2-hpc:2735343:2781537 [0] NCCL INFO misc/socket.cc:863 -> 3
pg12b-4-2-hpc:2735343:2781537 [0] NCCL INFO misc/socket.cc:64 -> 3
pg12b-4-2-hpc:2735343:2781537 [0] NCCL INFO misc/socket.cc:81 -> 3
pg12b-4-2-hpc:2735343:2781537 [0] NCCL INFO misc/socket.cc:863 -> 3
pg12b-4-2-hpc:2735343:2781537 [0] NCCL INFO comm 0x562ba07e8260 rank 0 nranks 8 cudaDev 0 busId 19000 - Abort COMPLETE
