Lang,OOO rate
assamese,0.15640400981538707
tagalog,0.17811986220934783
swahili,0.2774260717276701
zulu,0.21166455862478029
bengali,0.016211161058788767
tokpisin,0.006023272545650222
georgian,0.028528349594043555
haitian,0.004829788891485549
cantonese,0.00255738550696276
kurmanji,0.0172490075641765
turkish,0.004845775130189825
lao,0.7518369760176918
pashto,0.017020574968495683
tamil,0.014079485966137086
tokpisin,0.006023272545650222
vietnamese,0.002959700446563232
