timestamp, index, power.draw [W], utilization.gpu [%], utilization.memory [%], memory.used [MiB], temperature.gpu, clocks.current.sm [MHz]
2026/08/28 19:48:42.531, 0, 70.34, 0, 0, 1, 26, 345
2026/08/28 19:48:42.532, 1, 70.46, 0, 0, 1, 25, 345
2026/08/28 19:48:42.533, 2, 69.95, 0, 0, 1, 26, 345
2026/08/28 19:48:42.533, 3, 70.69, 0, 0, 1, 27, 345
2026/08/28 19:48:47.534, 0, 70.35, 0, 0, 1, 26, 345
2026/08/28 19:48:47.534, 1, 70.49, 0, 0, 1, 26, 345
2026/08/28 19:48:47.534, 2, 69.89, 0, 0, 1, 26, 345
2026/08/28 19:48:47.534, 3, 70.72, 0, 0, 1, 27, 345
2026/08/28 19:48:52.534, 0, 70.39, 0, 0, 4, 26, 345
2026/08/28 19:48:52.534, 1, 70.51, 0, 0, 1, 26, 345
2026/08/28 19:48:52.534, 2, 69.90, 0, 0, 1, 26, 345
2026/08/28 19:48:52.534, 3, 70.71, 0, 0, 1, 27, 345
2026/08/28 19:48:57.535, 0, 70.39, 0, 0, 4, 26, 345
2026/08/28 19:48:57.535, 1, 70.50, 0, 0, 4, 26, 345
2026/08/28 19:48:57.535, 2, 69.98, 0, 0, 4, 26, 345
2026/08/28 19:48:57.535, 3, 70.70, 0, 0, 4, 27, 345
2026/08/28 19:49:02.536, 0, 70.36, 0, 0, 4, 26, 345
2026/08/28 19:49:02.536, 1, 70.50, 0, 0, 4, 26, 345
2026/08/28 19:49:02.536, 2, 69.91, 0, 0, 4, 26, 345
2026/08/28 19:49:02.536, 3, 70.70, 0, 0, 4, 27, 345
2026/08/28 19:49:07.536, 0, 70.44, 0, 0, 4, 26, 345
2026/08/28 19:49:07.536, 1, 70.54, 0, 0, 4, 26, 345
2026/08/28 19:49:07.536, 2, 69.97, 0, 0, 4, 26, 345
2026/08/28 19:49:07.536, 3, 70.72, 0, 0, 4, 27, 345
2026/08/28 19:49:12.537, 0, 70.36, 0, 0, 4, 26, 345
2026/08/28 19:49:12.537, 1, 80.93, 0, 0, 114, 26, 1980
2026/08/28 19:49:12.537, 2, 82.56, 2, 0, 528, 27, 1980
2026/08/28 19:49:12.537, 3, 70.74, 0, 0, 4, 27, 345
2026/08/28 19:49:17.537, 0, 115.65, 0, 0, 1750, 28, 1980
2026/08/28 19:49:17.537, 1, 119.40, 0, 0, 1750, 27, 1980
2026/08/28 19:49:17.537, 2, 114.92, 0, 0, 1750, 27, 1980
2026/08/28 19:49:17.537, 3, 116.32, 0, 0, 1750, 29, 1980
2026/08/28 19:49:22.538, 0, 115.84, 0, 0, 3942, 28, 1980
2026/08/28 19:49:22.538, 1, 119.57, 0, 0, 3942, 27, 1980
2026/08/28 19:49:22.538, 2, 115.11, 0, 0, 3942, 28, 1980
2026/08/28 19:49:22.538, 3, 116.60, 0, 0, 3942, 29, 1980
2026/08/28 19:49:27.538, 0, 116.03, 0, 0, 3942, 28, 1980
2026/08/28 19:49:27.538, 1, 119.73, 0, 0, 3942, 28, 1980
2026/08/28 19:49:27.538, 2, 115.29, 0, 0, 3942, 28, 1980
2026/08/28 19:49:27.538, 3, 116.78, 0, 0, 3942, 29, 1980
2026/08/28 19:49:32.539, 0, 116.08, 0, 0, 3942, 28, 1980
2026/08/28 19:49:32.539, 1, 119.79, 0, 0, 3942, 28, 1980
2026/08/28 19:49:32.539, 2, 115.31, 0, 0, 3942, 28, 1980
2026/08/28 19:49:32.539, 3, 116.75, 0, 0, 3942, 29, 1980
2026/08/28 19:49:37.539, 0, 116.11, 0, 0, 3942, 29, 1980
2026/08/28 19:49:37.539, 1, 119.82, 0, 0, 3942, 28, 1980
2026/08/28 19:49:37.540, 2, 115.35, 0, 0, 3942, 28, 1980
2026/08/28 19:49:37.540, 3, 116.80, 0, 0, 3942, 30, 1980
2026/08/28 19:49:42.540, 0, 116.17, 0, 0, 3942, 29, 1980
2026/08/28 19:49:42.540, 1, 119.82, 0, 0, 3942, 28, 1980
2026/08/28 19:49:42.540, 2, 115.37, 0, 0, 3942, 28, 1980
2026/08/28 19:49:42.540, 3, 116.82, 0, 0, 3942, 30, 1980
2026/08/28 19:49:47.540, 0, 116.25, 0, 0, 3942, 29, 1980
2026/08/28 19:49:47.541, 1, 119.86, 0, 0, 3942, 28, 1980
2026/08/28 19:49:47.541, 2, 115.36, 0, 0, 3942, 28, 1980
2026/08/28 19:49:47.541, 3, 116.95, 0, 0, 3942, 30, 1980
2026/08/28 19:49:52.541, 0, 115.74, 0, 0, 3942, 29, 1980
2026/08/28 19:49:52.541, 1, 119.92, 0, 0, 3942, 28, 1980
2026/08/28 19:49:52.541, 2, 115.51, 0, 0, 3942, 28, 1980
2026/08/28 19:49:52.541, 3, 116.92, 0, 0, 3942, 30, 1980
2026/08/28 19:49:57.541, 0, 115.76, 0, 0, 3942, 29, 1980
2026/08/28 19:49:57.542, 1, 119.93, 0, 0, 3942, 28, 1980
2026/08/28 19:49:57.542, 2, 115.50, 0, 0, 3942, 28, 1980
2026/08/28 19:49:57.542, 3, 116.97, 0, 0, 3942, 30, 1980
2026/08/28 19:50:02.542, 0, 115.84, 0, 0, 3942, 29, 1980
2026/08/28 19:50:02.542, 1, 119.93, 0, 0, 3942, 28, 1980
2026/08/28 19:50:02.542, 2, 115.50, 0, 0, 3942, 28, 1980
2026/08/28 19:50:02.542, 3, 117.00, 0, 0, 3942, 30, 1980
2026/08/28 19:50:07.543, 0, 115.86, 0, 0, 3942, 29, 1980
2026/08/28 19:50:07.543, 1, 120.00, 0, 0, 3942, 28, 1980
2026/08/28 19:50:07.543, 2, 115.47, 0, 0, 3942, 28, 1980
2026/08/28 19:50:07.543, 3, 117.07, 0, 0, 3942, 30, 1980
2026/08/28 19:50:12.543, 0, 115.89, 0, 0, 3942, 29, 1980
2026/08/28 19:50:12.543, 1, 120.04, 0, 0, 3942, 28, 1980
2026/08/28 19:50:12.543, 2, 115.56, 0, 0, 3942, 28, 1980
2026/08/28 19:50:12.543, 3, 117.03, 0, 0, 3942, 30, 1980
2026/08/28 19:50:17.544, 0, 115.89, 0, 0, 3942, 30, 1980
2026/08/28 19:50:17.544, 1, 120.07, 0, 0, 3942, 28, 1980
2026/08/28 19:50:17.544, 2, 115.58, 0, 0, 3942, 28, 1980
2026/08/28 19:50:17.544, 3, 117.03, 0, 0, 3942, 30, 1980
2026/08/28 19:50:22.544, 0, 115.94, 0, 0, 3942, 30, 1980
2026/08/28 19:50:22.544, 1, 120.10, 0, 0, 3942, 29, 1980
2026/08/28 19:50:22.544, 2, 115.58, 0, 0, 3942, 28, 1980
2026/08/28 19:50:22.544, 3, 117.14, 0, 0, 3942, 30, 1980
2026/08/28 19:50:27.545, 0, 115.99, 0, 0, 3942, 30, 1980
2026/08/28 19:50:27.545, 1, 120.11, 0, 0, 3942, 29, 1980
2026/08/28 19:50:27.545, 2, 115.66, 0, 0, 3942, 29, 1980
2026/08/28 19:50:27.545, 3, 117.11, 0, 0, 3942, 30, 1980
2026/08/28 19:50:32.545, 0, 115.98, 0, 0, 3942, 30, 1980
2026/08/28 19:50:32.545, 1, 119.50, 0, 0, 3942, 29, 1980
2026/08/28 19:50:32.545, 2, 115.64, 0, 0, 3942, 29, 1980
2026/08/28 19:50:32.545, 3, 117.21, 0, 0, 3942, 30, 1980
2026/08/28 19:50:37.546, 0, 116.03, 0, 0, 3942, 30, 1980
2026/08/28 19:50:37.546, 1, 119.49, 0, 0, 3942, 29, 1980
2026/08/28 19:50:37.546, 2, 115.66, 0, 0, 3942, 29, 1980
2026/08/28 19:50:37.546, 3, 117.14, 0, 0, 3942, 30, 1980
2026/08/28 19:50:42.546, 0, 116.04, 0, 0, 3942, 30, 1980
2026/08/28 19:50:42.546, 1, 119.52, 0, 0, 3942, 29, 1980
2026/08/28 19:50:42.546, 2, 115.67, 0, 0, 3942, 29, 1980
2026/08/28 19:50:42.546, 3, 117.18, 0, 0, 3942, 30, 1980
2026/08/28 19:50:47.547, 0, 116.08, 0, 0, 3942, 30, 1980
2026/08/28 19:50:47.547, 1, 119.48, 0, 0, 3942, 29, 1980
2026/08/28 19:50:47.547, 2, 115.65, 0, 0, 3942, 29, 1980
2026/08/28 19:50:47.547, 3, 117.20, 0, 0, 3942, 30, 1980
2026/08/28 19:50:52.547, 0, 116.19, 0, 0, 3942, 30, 1980
2026/08/28 19:50:52.547, 1, 119.57, 0, 0, 3942, 29, 1980
2026/08/28 19:50:52.548, 2, 115.74, 0, 0, 3942, 29, 1980
2026/08/28 19:50:52.548, 3, 117.24, 0, 0, 3942, 30, 1980
2026/08/28 19:50:57.548, 0, 116.09, 0, 0, 3942, 30, 1980
2026/08/28 19:50:57.548, 1, 119.51, 0, 0, 3942, 29, 1980
2026/08/28 19:50:57.548, 2, 115.67, 53, 0, 3942, 29, 1980
2026/08/28 19:50:57.548, 3, 117.28, 0, 0, 3942, 30, 1980
2026/08/28 19:51:02.548, 0, 423.37, 100, 95, 63814, 39, 1980
2026/08/28 19:51:02.549, 1, 418.28, 94, 81, 62394, 37, 1980
2026/08/28 19:51:02.549, 2, 400.10, 85, 71, 61752, 38, 1980
2026/08/28 19:51:02.549, 3, 388.05, 97, 76, 57050, 38, 1980
2026/08/28 19:51:07.549, 0, 478.31, 100, 95, 64100, 42, 1980
2026/08/28 19:51:07.549, 1, 467.03, 100, 78, 64180, 40, 1980
2026/08/28 19:51:07.549, 2, 463.17, 100, 96, 62300, 40, 1980
2026/08/28 19:51:07.549, 3, 458.42, 96, 77, 59956, 42, 1980
2026/08/28 19:51:12.550, 0, 502.20, 85, 52, 65142, 42, 1980
2026/08/28 19:51:12.550, 1, 467.17, 94, 90, 64180, 42, 1980
2026/08/28 19:51:12.550, 2, 456.99, 90, 75, 62300, 43, 1980
2026/08/28 19:51:12.550, 3, 468.66, 86, 49, 59956, 44, 1980
2026/08/28 19:51:17.550, 0, 481.77, 88, 78, 65144, 44, 1980
2026/08/28 19:51:17.550, 1, 460.06, 88, 50, 64182, 43, 1980
2026/08/28 19:51:17.550, 2, 457.09, 86, 48, 62300, 43, 1980
2026/08/28 19:51:17.550, 3, 445.60, 67, 42, 59958, 43, 1980
2026/08/28 19:51:22.551, 0, 495.07, 71, 47, 65144, 47, 1980
2026/08/28 19:51:22.551, 1, 493.70, 96, 69, 64182, 44, 1980
2026/08/28 19:51:22.551, 2, 466.26, 67, 29, 62580, 43, 1980
2026/08/28 19:51:22.551, 3, 456.50, 67, 40, 59978, 46, 1980
2026/08/28 19:51:27.551, 0, 500.67, 93, 56, 65144, 49, 1980
2026/08/28 19:51:27.552, 1, 484.21, 90, 62, 64182, 44, 1980
2026/08/28 19:51:27.552, 2, 473.72, 86, 81, 62580, 45, 1980
2026/08/28 19:51:27.552, 3, 460.47, 100, 93, 59978, 47, 1980
2026/08/28 19:51:32.552, 0, 476.11, 81, 55, 65144, 49, 1980
2026/08/28 19:51:32.552, 1, 471.57, 80, 48, 64182, 45, 1980
2026/08/28 19:51:32.552, 2, 470.81, 55, 30, 62580, 46, 1980
2026/08/28 19:51:32.552, 3, 472.59, 51, 30, 59978, 47, 1980
2026/08/28 19:51:37.553, 0, 490.15, 90, 84, 65144, 52, 1980
2026/08/28 19:51:37.553, 1, 482.31, 100, 96, 64182, 46, 1980
2026/08/28 19:51:37.553, 2, 465.66, 85, 53, 62580, 45, 1980
2026/08/28 19:51:37.553, 3, 462.11, 82, 50, 59978, 48, 1980
2026/08/28 19:51:42.553, 0, 500.48, 63, 40, 65144, 52, 1980
2026/08/28 19:51:42.553, 1, 486.40, 90, 62, 64182, 47, 1980
2026/08/28 19:51:42.553, 2, 495.71, 89, 53, 62580, 48, 1980
2026/08/28 19:51:42.553, 3, 484.36, 52, 30, 59978, 48, 1980
2026/08/28 19:51:47.554, 0, 496.98, 96, 79, 65444, 53, 1980
2026/08/28 19:51:47.555, 1, 491.70, 96, 75, 64182, 47, 1980
2026/08/28 19:51:47.556, 2, 467.43, 81, 54, 62580, 48, 1980
2026/08/28 19:51:47.558, 3, 461.08, 96, 71, 60618, 49, 1980
2026/08/28 19:51:52.560, 0, 487.35, 86, 55, 65444, 55, 1980
2026/08/28 19:51:52.560, 1, 472.70, 100, 95, 64182, 48, 1980
2026/08/28 19:51:52.561, 2, 454.10, 100, 71, 62580, 48, 1980
2026/08/28 19:51:52.561, 3, 445.36, 100, 48, 60618, 49, 1980
2026/08/28 19:51:57.561, 0, 481.61, 85, 53, 65444, 54, 1980
2026/08/28 19:51:57.561, 1, 483.33, 89, 53, 64182, 48, 1980
2026/08/28 19:51:57.561, 2, 456.59, 78, 50, 62580, 47, 1980
2026/08/28 19:51:57.561, 3, 463.36, 96, 73, 60618, 49, 1980
2026/08/28 19:52:02.561, 0, 507.61, 62, 40, 65804, 56, 1980
2026/08/28 19:52:02.562, 1, 496.41, 96, 61, 64182, 48, 1980
2026/08/28 19:52:02.562, 2, 492.48, 97, 59, 62580, 49, 1980
2026/08/28 19:52:02.562, 3, 472.66, 65, 38, 60618, 50, 1980
2026/08/28 19:52:07.562, 0, 500.80, 84, 52, 65804, 57, 1980
2026/08/28 19:52:07.562, 1, 492.48, 64, 38, 64182, 48, 1980
2026/08/28 19:52:07.562, 2, 467.02, 90, 85, 62582, 49, 1980
2026/08/28 19:52:07.562, 3, 457.74, 100, 49, 60618, 50, 1980
2026/08/28 19:52:12.563, 0, 508.33, 62, 36, 65804, 57, 1980
2026/08/28 19:52:12.563, 1, 488.12, 79, 54, 64182, 49, 1980
2026/08/28 19:52:12.563, 2, 469.84, 96, 66, 62582, 49, 1980
2026/08/28 19:52:12.563, 3, 475.54, 96, 88, 60618, 50, 1980
2026/08/28 19:52:17.563, 0, 519.06, 100, 95, 65804, 59, 1980
2026/08/28 19:52:17.564, 1, 507.32, 91, 84, 65782, 50, 1980
2026/08/28 19:52:17.564, 2, 477.43, 91, 71, 62582, 50, 1980
2026/08/28 19:52:17.564, 3, 453.26, 93, 39, 61218, 50, 1980
2026/08/28 19:52:22.564, 0, 501.91, 95, 58, 65804, 60, 1980
2026/08/28 19:52:22.564, 1, 479.65, 100, 46, 65782, 49, 1980
2026/08/28 19:52:22.564, 2, 471.53, 100, 95, 62582, 50, 1980
2026/08/28 19:52:22.564, 3, 470.05, 100, 91, 61418, 51, 1980
2026/08/28 19:52:27.565, 0, 516.16, 96, 76, 65804, 59, 1980
2026/08/28 19:52:27.565, 1, 506.12, 55, 33, 65782, 50, 1980
2026/08/28 19:52:27.565, 2, 465.45, 65, 41, 62582, 50, 1980
2026/08/28 19:52:27.565, 3, 465.54, 96, 67, 61418, 50, 1980
2026/08/28 19:52:32.565, 0, 517.20, 96, 89, 65804, 59, 1980
2026/08/28 19:52:32.565, 1, 506.13, 96, 70, 65782, 51, 1980
2026/08/28 19:52:32.565, 2, 481.62, 100, 77, 62582, 50, 1980
2026/08/28 19:52:32.565, 3, 481.42, 100, 92, 61418, 51, 1980
2026/08/28 19:52:37.566, 0, 509.38, 80, 50, 65844, 60, 1980
2026/08/28 19:52:37.566, 1, 463.90, 60, 35, 65782, 50, 1980
2026/08/28 19:52:37.566, 2, 468.87, 63, 41, 62582, 50, 1980
2026/08/28 19:52:37.566, 3, 453.88, 100, 49, 61418, 51, 1980
2026/08/28 19:52:42.566, 0, 504.93, 65, 41, 66064, 60, 1980
2026/08/28 19:52:42.566, 1, 477.54, 68, 38, 65782, 50, 1980
2026/08/28 19:52:42.566, 2, 470.19, 89, 36, 62582, 50, 1980
2026/08/28 19:52:42.566, 3, 460.14, 93, 39, 61418, 51, 1980
2026/08/28 19:52:47.567, 0, 514.15, 91, 72, 66064, 62, 1980
2026/08/28 19:52:47.567, 1, 497.91, 100, 96, 65782, 50, 1980
2026/08/28 19:52:47.567, 2, 467.24, 100, 96, 62582, 51, 1980
2026/08/28 19:52:47.567, 3, 464.34, 100, 72, 61418, 51, 1980
2026/08/28 19:52:52.567, 0, 506.66, 58, 35, 66064, 61, 1980
2026/08/28 19:52:52.568, 1, 501.38, 86, 56, 65782, 51, 1980
2026/08/28 19:52:52.568, 2, 491.17, 95, 76, 62582, 50, 1980
2026/08/28 19:52:52.568, 3, 491.22, 84, 56, 61418, 52, 1980
2026/08/28 19:52:57.568, 0, 517.50, 92, 84, 66064, 62, 1980
2026/08/28 19:52:57.568, 1, 490.68, 81, 51, 65782, 51, 1980
2026/08/28 19:52:57.568, 2, 465.40, 88, 55, 62582, 52, 1980
2026/08/28 19:52:57.568, 3, 460.13, 100, 83, 61418, 51, 1980
2026/08/28 19:53:02.568, 0, 516.20, 96, 72, 66064, 62, 1980
2026/08/28 19:53:02.569, 1, 507.20, 100, 95, 65782, 51, 1980
2026/08/28 19:53:02.569, 2, 472.48, 65, 39, 62582, 50, 1980
2026/08/28 19:53:02.569, 3, 463.25, 95, 55, 61418, 52, 1980
2026/08/28 19:53:07.569, 0, 503.39, 53, 36, 66064, 63, 1980
2026/08/28 19:53:07.569, 1, 466.39, 97, 44, 65782, 51, 1980
2026/08/28 19:53:07.569, 2, 455.82, 94, 43, 62582, 49, 1980
2026/08/28 19:53:07.569, 3, 462.34, 60, 35, 61418, 52, 1980
2026/08/28 19:53:12.570, 0, 522.40, 60, 37, 66164, 62, 1980
2026/08/28 19:53:12.570, 1, 512.97, 95, 59, 65782, 51, 1980
2026/08/28 19:53:12.570, 2, 473.69, 96, 71, 62582, 51, 1980
2026/08/28 19:53:12.570, 3, 471.90, 100, 96, 61418, 52, 1980
2026/08/28 19:53:17.570, 0, 495.54, 90, 72, 66164, 63, 1980
2026/08/28 19:53:17.570, 1, 491.55, 91, 79, 65782, 52, 1980
2026/08/28 19:53:17.570, 2, 481.06, 95, 72, 62582, 51, 1980
2026/08/28 19:53:17.570, 3, 456.31, 96, 88, 61418, 53, 1980
2026/08/28 19:53:22.571, 0, 503.80, 73, 47, 66164, 62, 1980
2026/08/28 19:53:22.571, 1, 500.40, 92, 46, 65782, 51, 1980
2026/08/28 19:53:22.571, 2, 468.80, 70, 35, 62822, 51, 1980
2026/08/28 19:53:22.571, 3, 478.56, 64, 38, 61418, 51, 1980
2026/08/28 19:53:27.571, 0, 525.10, 100, 95, 66164, 63, 1980
2026/08/28 19:53:27.571, 1, 509.27, 100, 95, 65782, 53, 1980
2026/08/28 19:53:27.571, 2, 472.96, 100, 92, 62822, 52, 1980
2026/08/28 19:53:27.571, 3, 490.77, 100, 67, 61418, 51, 1980
2026/08/28 19:53:32.572, 0, 524.18, 53, 33, 66164, 63, 1980
2026/08/28 19:53:32.572, 1, 511.30, 84, 56, 65782, 52, 1980
2026/08/28 19:53:32.572, 2, 478.51, 95, 58, 62822, 51, 1980
2026/08/28 19:53:32.572, 3, 468.84, 97, 79, 61418, 52, 1980
2026/08/28 19:53:37.572, 0, 136.04, 100, 0, 66164, 53, 1980
2026/08/28 19:53:37.573, 1, 130.32, 100, 0, 65782, 41, 1980
2026/08/28 19:53:37.573, 2, 127.46, 100, 0, 62822, 41, 1980
2026/08/28 19:53:37.573, 3, 126.08, 100, 0, 61418, 43, 1980
2026/08/28 19:53:42.573, 0, 133.61, 100, 0, 66164, 51, 1980
2026/08/28 19:53:42.573, 1, 128.82, 100, 0, 65782, 40, 1980
2026/08/28 19:53:42.573, 2, 126.14, 100, 0, 62822, 39, 1980
2026/08/28 19:53:42.573, 3, 124.67, 100, 0, 61418, 41, 1980
2026/08/28 19:53:47.574, 0, 132.09, 100, 0, 66164, 49, 1980
2026/08/28 19:53:47.574, 1, 127.77, 100, 0, 65782, 38, 1980
2026/08/28 19:53:47.574, 2, 125.15, 100, 0, 62822, 38, 1980
2026/08/28 19:53:47.574, 3, 123.65, 100, 0, 61418, 39, 1980
2026/08/28 19:53:52.574, 0, 130.90, 100, 0, 66164, 48, 1980
2026/08/28 19:53:52.574, 1, 126.99, 100, 0, 65782, 37, 1980
2026/08/28 19:53:52.574, 2, 124.43, 100, 0, 62822, 37, 1980
2026/08/28 19:53:52.574, 3, 122.93, 100, 0, 61418, 38, 1980
2026/08/28 19:53:57.575, 0, 129.98, 100, 0, 66164, 46, 1980
2026/08/28 19:53:57.575, 1, 126.29, 100, 0, 65782, 36, 1980
2026/08/28 19:53:57.575, 2, 123.50, 100, 0, 62822, 36, 1980
2026/08/28 19:53:57.575, 3, 122.31, 100, 0, 61418, 37, 1980
2026/08/28 19:54:02.575, 0, 129.62, 100, 0, 66164, 45, 1980
2026/08/28 19:54:02.575, 1, 125.77, 100, 0, 65782, 35, 1980
2026/08/28 19:54:02.576, 2, 121.83, 100, 0, 62822, 35, 1980
2026/08/28 19:54:02.576, 3, 121.25, 100, 0, 61418, 37, 1980
2026/08/28 19:54:07.576, 0, 128.77, 100, 0, 66164, 44, 1980
2026/08/28 19:54:07.576, 1, 125.35, 100, 0, 65782, 35, 1980
2026/08/28 19:54:07.576, 2, 121.47, 100, 0, 62822, 34, 1980
2026/08/28 19:54:07.576, 3, 120.82, 100, 0, 61418, 36, 1980
2026/08/28 19:54:12.577, 0, 127.48, 100, 0, 66164, 43, 1980
2026/08/28 19:54:12.577, 1, 124.98, 100, 0, 65782, 34, 1980
2026/08/28 19:54:12.577, 2, 121.13, 100, 0, 62822, 34, 1980
2026/08/28 19:54:12.577, 3, 120.51, 100, 0, 61418, 35, 1980
2026/08/28 19:54:17.577, 0, 126.15, 100, 0, 66164, 42, 1980
2026/08/28 19:54:17.577, 1, 124.71, 100, 0, 65782, 34, 1980
2026/08/28 19:54:17.578, 2, 120.82, 100, 0, 62822, 33, 1980
2026/08/28 19:54:17.578, 3, 120.22, 100, 0, 61418, 35, 1980
2026/08/28 19:54:22.578, 0, 125.53, 100, 0, 66164, 41, 1980
2026/08/28 19:54:22.578, 1, 124.41, 100, 0, 65782, 33, 1980
2026/08/28 19:54:22.578, 2, 120.61, 100, 0, 62822, 33, 1980
2026/08/28 19:54:22.578, 3, 120.00, 100, 0, 61418, 35, 1980
2026/08/28 19:54:27.578, 0, 125.05, 100, 0, 66164, 40, 1980
2026/08/28 19:54:27.579, 1, 124.11, 100, 0, 65782, 33, 1980
2026/08/28 19:54:27.579, 2, 120.39, 100, 0, 62822, 32, 1980
2026/08/28 19:54:27.579, 3, 119.78, 100, 0, 61418, 34, 1980
2026/08/28 19:54:32.579, 0, 125.28, 100, 0, 66164, 39, 1980
2026/08/28 19:54:32.579, 1, 123.96, 100, 0, 65782, 33, 1980
2026/08/28 19:54:32.579, 2, 120.26, 100, 0, 62822, 32, 1980
2026/08/28 19:54:32.579, 3, 119.64, 100, 0, 61418, 34, 1980
2026/08/28 19:54:37.579, 0, 124.97, 100, 0, 66164, 39, 1980
2026/08/28 19:54:37.580, 1, 123.74, 100, 0, 65782, 32, 1980
2026/08/28 19:54:37.580, 2, 120.15, 100, 0, 62822, 32, 1980
2026/08/28 19:54:37.580, 3, 119.46, 100, 0, 61418, 34, 1980
2026/08/28 19:54:42.580, 0, 124.56, 100, 0, 66164, 38, 1980
2026/08/28 19:54:42.580, 1, 123.66, 100, 0, 65782, 32, 1980
2026/08/28 19:54:42.580, 2, 119.96, 100, 0, 62822, 32, 1980
2026/08/28 19:54:42.580, 3, 119.32, 100, 0, 61418, 33, 1980
2026/08/28 19:54:47.581, 0, 124.28, 100, 0, 66164, 38, 1980
2026/08/28 19:54:47.581, 1, 123.49, 100, 0, 65782, 32, 1980
2026/08/28 19:54:47.581, 2, 119.92, 100, 0, 62822, 31, 1980
2026/08/28 19:54:47.581, 3, 119.21, 100, 0, 61418, 33, 1980
2026/08/28 19:54:52.581, 0, 124.01, 100, 0, 66164, 37, 1980
2026/08/28 19:54:52.581, 1, 123.34, 100, 0, 65782, 32, 1980
2026/08/28 19:54:52.581, 2, 119.80, 100, 0, 62822, 31, 1980
2026/08/28 19:54:52.581, 3, 119.10, 100, 0, 61418, 33, 1980
2026/08/28 19:54:57.582, 0, 123.72, 100, 0, 66164, 37, 1980
2026/08/28 19:54:57.582, 1, 123.28, 100, 0, 65782, 31, 1980
2026/08/28 19:54:57.582, 2, 119.75, 100, 0, 62822, 31, 1980
2026/08/28 19:54:57.582, 3, 119.04, 100, 0, 61418, 33, 1980
2026/08/28 19:55:02.582, 0, 123.54, 100, 0, 66164, 36, 1980
2026/08/28 19:55:02.582, 1, 123.16, 100, 0, 65782, 31, 1980
2026/08/28 19:55:02.582, 2, 119.68, 100, 0, 62822, 31, 1980
2026/08/28 19:55:02.582, 3, 118.90, 100, 0, 61418, 33, 1980
2026/08/28 19:55:07.583, 0, 123.33, 100, 0, 66164, 36, 1980
2026/08/28 19:55:07.583, 1, 123.09, 100, 0, 65782, 31, 1980
2026/08/28 19:55:07.583, 2, 119.54, 100, 0, 62822, 31, 1980
2026/08/28 19:55:07.583, 3, 118.87, 100, 0, 61418, 33, 1980
2026/08/28 19:55:12.583, 0, 123.20, 100, 0, 66164, 36, 1980
2026/08/28 19:55:12.583, 1, 123.03, 100, 0, 65782, 31, 1980
2026/08/28 19:55:12.583, 2, 119.54, 100, 0, 62822, 31, 1980
2026/08/28 19:55:12.583, 3, 118.76, 100, 0, 61418, 32, 1980
2026/08/28 19:55:17.584, 0, 123.08, 100, 0, 66164, 35, 1980
2026/08/28 19:55:17.584, 1, 123.00, 100, 0, 65782, 31, 1980
2026/08/28 19:55:17.584, 2, 119.50, 100, 0, 62822, 31, 1980
2026/08/28 19:55:17.584, 3, 118.73, 100, 0, 61418, 32, 1980
2026/08/28 19:55:22.584, 0, 122.92, 100, 0, 66164, 35, 1980
2026/08/28 19:55:22.584, 1, 122.90, 100, 0, 65782, 31, 1980
2026/08/28 19:55:22.585, 2, 119.43, 100, 0, 62822, 31, 1980
2026/08/28 19:55:22.585, 3, 118.69, 100, 0, 61418, 32, 1980
2026/08/28 19:55:27.585, 0, 122.79, 100, 0, 66164, 35, 1980
2026/08/28 19:55:27.585, 1, 122.88, 100, 0, 65782, 31, 1980
2026/08/28 19:55:27.585, 2, 119.60, 100, 0, 62822, 30, 1980
2026/08/28 19:55:27.585, 3, 118.62, 100, 0, 61418, 32, 1980
2026/08/28 19:55:32.585, 0, 122.64, 100, 0, 66164, 35, 1980
2026/08/28 19:55:32.586, 1, 122.87, 100, 0, 65782, 31, 1980
2026/08/28 19:55:32.586, 2, 119.50, 100, 0, 62822, 30, 1980
2026/08/28 19:55:32.586, 3, 118.62, 100, 0, 61418, 32, 1980
2026/08/28 19:55:37.586, 0, 122.54, 100, 0, 66164, 34, 1980
2026/08/28 19:55:37.586, 1, 122.84, 100, 0, 65782, 31, 1980
2026/08/28 19:55:37.586, 2, 119.56, 100, 0, 62822, 30, 1980
2026/08/28 19:55:37.586, 3, 118.62, 100, 0, 61418, 32, 1980
2026/08/28 19:55:42.587, 0, 122.37, 100, 0, 66164, 34, 1980
2026/08/28 19:55:42.587, 1, 122.79, 100, 0, 65782, 31, 1980
2026/08/28 19:55:42.587, 2, 119.49, 100, 0, 62822, 30, 1980
2026/08/28 19:55:42.587, 3, 118.55, 100, 0, 61418, 32, 1980
2026/08/28 19:55:47.587, 0, 122.38, 100, 0, 66164, 34, 1980
2026/08/28 19:55:47.587, 1, 122.77, 100, 0, 65782, 30, 1980
2026/08/28 19:55:47.587, 2, 119.26, 100, 0, 62822, 30, 1980
2026/08/28 19:55:47.587, 3, 118.51, 100, 0, 61418, 32, 1980
2026/08/28 19:55:52.588, 0, 122.27, 100, 0, 66164, 34, 1980
2026/08/28 19:55:52.588, 1, 122.71, 100, 0, 65782, 30, 1980
2026/08/28 19:55:52.588, 2, 119.34, 100, 0, 62822, 30, 1980
2026/08/28 19:55:52.588, 3, 118.51, 100, 0, 61418, 32, 1980
2026/08/28 19:55:57.588, 0, 122.21, 100, 0, 66164, 34, 1980
2026/08/28 19:55:57.588, 1, 122.69, 100, 0, 65782, 30, 1980
2026/08/28 19:55:57.588, 2, 119.20, 100, 0, 62822, 30, 1980
2026/08/28 19:55:57.588, 3, 118.50, 100, 0, 61418, 32, 1980
2026/08/28 19:56:02.589, 0, 122.21, 100, 0, 66164, 34, 1980
2026/08/28 19:56:02.589, 1, 122.69, 100, 0, 65782, 30, 1980
2026/08/28 19:56:02.589, 2, 119.24, 100, 0, 62822, 30, 1980
2026/08/28 19:56:02.589, 3, 118.44, 100, 0, 61418, 32, 1980
2026/08/28 19:56:07.589, 0, 122.07, 100, 0, 66164, 34, 1980
2026/08/28 19:56:07.589, 1, 122.64, 100, 0, 65782, 30, 1980
2026/08/28 19:56:07.590, 2, 119.46, 100, 0, 62822, 30, 1980
2026/08/28 19:56:07.590, 3, 118.42, 100, 0, 61418, 32, 1980
2026/08/28 19:56:12.590, 0, 122.03, 100, 0, 66164, 33, 1980
2026/08/28 19:56:12.590, 1, 122.62, 100, 0, 65782, 30, 1980
2026/08/28 19:56:12.590, 2, 119.32, 100, 0, 62822, 30, 1980
2026/08/28 19:56:12.590, 3, 118.48, 100, 0, 61418, 32, 1980
2026/08/28 19:56:17.590, 0, 121.95, 100, 0, 66164, 33, 1980
2026/08/28 19:56:17.591, 1, 122.61, 100, 0, 65782, 30, 1980
2026/08/28 19:56:17.591, 2, 119.19, 100, 0, 62822, 30, 1980
2026/08/28 19:56:17.591, 3, 118.40, 100, 0, 61418, 32, 1980
2026/08/28 19:56:22.591, 0, 121.98, 100, 0, 66164, 33, 1980
2026/08/28 19:56:22.591, 1, 122.58, 100, 0, 65782, 30, 1980
2026/08/28 19:56:22.591, 2, 119.31, 100, 0, 62822, 30, 1980
2026/08/28 19:56:22.591, 3, 118.39, 100, 0, 61418, 32, 1980
2026/08/28 19:56:27.592, 0, 121.94, 100, 0, 66164, 33, 1980
2026/08/28 19:56:27.592, 1, 122.54, 100, 0, 65782, 30, 1980
2026/08/28 19:56:27.592, 2, 119.20, 100, 0, 62822, 30, 1980
2026/08/28 19:56:27.592, 3, 118.34, 100, 0, 61418, 32, 1980
2026/08/28 19:56:32.592, 0, 121.90, 100, 0, 66164, 33, 1980
2026/08/28 19:56:32.592, 1, 122.51, 100, 0, 65782, 30, 1980
2026/08/28 19:56:32.592, 2, 119.29, 100, 0, 62822, 30, 1980
2026/08/28 19:56:32.592, 3, 118.37, 100, 0, 61418, 32, 1980
2026/08/28 19:56:37.593, 0, 121.82, 100, 0, 66164, 33, 1980
2026/08/28 19:56:37.593, 1, 122.51, 100, 0, 65782, 30, 1980
2026/08/28 19:56:37.593, 2, 119.44, 100, 0, 62822, 30, 1980
2026/08/28 19:56:37.593, 3, 118.36, 100, 0, 61418, 32, 1980
2026/08/28 19:56:42.593, 0, 121.77, 100, 0, 66164, 33, 1980
2026/08/28 19:56:42.593, 1, 122.48, 100, 0, 65782, 30, 1980
2026/08/28 19:56:42.593, 2, 119.24, 100, 0, 62822, 30, 1980
2026/08/28 19:56:42.593, 3, 118.38, 100, 0, 61418, 32, 1980
2026/08/28 19:56:47.594, 0, 121.73, 100, 0, 66164, 33, 1980
2026/08/28 19:56:47.594, 1, 122.51, 100, 0, 65782, 30, 1980
2026/08/28 19:56:47.594, 2, 119.29, 100, 0, 62822, 30, 1980
2026/08/28 19:56:47.594, 3, 118.35, 100, 0, 61418, 32, 1980
2026/08/28 19:56:52.594, 0, 121.77, 100, 0, 66164, 33, 1980
2026/08/28 19:56:52.594, 1, 122.46, 100, 0, 65782, 30, 1980
2026/08/28 19:56:52.594, 2, 119.23, 100, 0, 62822, 30, 1980
2026/08/28 19:56:52.594, 3, 118.31, 100, 0, 61418, 32, 1980
2026/08/28 19:56:57.595, 0, 120.85, 100, 0, 66164, 33, 1980
2026/08/28 19:56:57.595, 1, 122.48, 100, 0, 65782, 30, 1980
2026/08/28 19:56:57.595, 2, 119.15, 100, 0, 62822, 30, 1980
2026/08/28 19:56:57.595, 3, 118.35, 100, 0, 61418, 32, 1980
2026/08/28 19:57:02.595, 0, 120.86, 100, 0, 66164, 33, 1980
2026/08/28 19:57:02.595, 1, 122.48, 100, 0, 65782, 30, 1980
2026/08/28 19:57:02.596, 2, 119.22, 100, 0, 62822, 30, 1980
2026/08/28 19:57:02.596, 3, 118.31, 100, 0, 61418, 32, 1980
2026/08/28 19:57:07.596, 0, 120.87, 100, 0, 66164, 33, 1980
2026/08/28 19:57:07.596, 1, 122.46, 100, 0, 65782, 30, 1980
2026/08/28 19:57:07.596, 2, 119.29, 100, 0, 62822, 30, 1980
2026/08/28 19:57:07.596, 3, 118.27, 100, 0, 61418, 32, 1980
2026/08/28 19:57:12.597, 0, 120.82, 100, 0, 66164, 33, 1980
2026/08/28 19:57:12.597, 1, 122.48, 100, 0, 65782, 30, 1980
2026/08/28 19:57:12.597, 2, 119.14, 100, 0, 62822, 30, 1980
2026/08/28 19:57:12.597, 3, 118.27, 100, 0, 61418, 32, 1980
2026/08/28 19:57:17.597, 0, 120.80, 100, 0, 66164, 33, 1980
2026/08/28 19:57:17.597, 1, 122.43, 100, 0, 65782, 30, 1980
2026/08/28 19:57:17.597, 2, 119.05, 100, 0, 62822, 30, 1980
2026/08/28 19:57:17.597, 3, 118.27, 100, 0, 61418, 32, 1980
2026/08/28 19:57:22.598, 0, 120.82, 100, 0, 66164, 33, 1980
2026/08/28 19:57:22.598, 1, 122.39, 100, 0, 65782, 30, 1980
2026/08/28 19:57:22.598, 2, 119.00, 100, 0, 62822, 30, 1980
2026/08/28 19:57:22.598, 3, 118.29, 100, 0, 61418, 32, 1980
2026/08/28 19:57:27.598, 0, 120.81, 100, 0, 66164, 33, 1980
2026/08/28 19:57:27.598, 1, 122.41, 100, 0, 65782, 30, 1980
2026/08/28 19:57:27.598, 2, 118.99, 100, 0, 62822, 30, 1980
2026/08/28 19:57:27.598, 3, 118.29, 100, 0, 61418, 32, 1980
2026/08/28 19:57:32.599, 0, 120.76, 100, 0, 66164, 33, 1980
2026/08/28 19:57:32.599, 1, 122.49, 100, 0, 65782, 30, 1980
2026/08/28 19:57:32.599, 2, 119.03, 100, 0, 62822, 30, 1980
2026/08/28 19:57:32.599, 3, 118.29, 100, 0, 61418, 32, 1980
2026/08/28 19:57:37.599, 0, 120.79, 100, 0, 66164, 32, 1980
2026/08/28 19:57:37.599, 1, 121.22, 100, 0, 65782, 30, 1980
2026/08/28 19:57:37.599, 2, 119.00, 100, 0, 62822, 30, 1980
2026/08/28 19:57:37.599, 3, 118.31, 100, 0, 61418, 32, 1980
2026/08/28 19:57:42.600, 0, 120.76, 100, 0, 66164, 32, 1980
2026/08/28 19:57:42.601, 1, 121.25, 100, 0, 65782, 30, 1980
2026/08/28 19:57:42.603, 2, 119.02, 100, 0, 62822, 30, 1980
2026/08/28 19:57:42.603, 3, 118.33, 100, 0, 61418, 32, 1980
2026/08/28 19:57:47.605, 0, 120.77, 100, 0, 66164, 32, 1980
2026/08/28 19:57:47.605, 1, 121.24, 100, 0, 65782, 30, 1980
2026/08/28 19:57:47.605, 2, 118.99, 100, 0, 62822, 30, 1980
2026/08/28 19:57:47.605, 3, 118.15, 100, 0, 61418, 32, 1980
2026/08/28 19:57:52.605, 0, 120.70, 100, 0, 66164, 32, 1980
2026/08/28 19:57:52.605, 1, 121.31, 100, 0, 65782, 30, 1980
2026/08/28 19:57:52.605, 2, 118.99, 100, 0, 62822, 30, 1980
2026/08/28 19:57:52.605, 3, 118.22, 100, 0, 61418, 32, 1980
2026/08/28 19:57:57.606, 0, 120.66, 100, 0, 66164, 32, 1980
2026/08/28 19:57:57.606, 1, 121.24, 100, 0, 65782, 30, 1980
2026/08/28 19:57:57.606, 2, 119.02, 100, 0, 62822, 30, 1980
2026/08/28 19:57:57.606, 3, 118.22, 100, 0, 61418, 32, 1980
2026/08/28 19:58:02.606, 0, 120.63, 100, 0, 66164, 32, 1980
2026/08/28 19:58:02.606, 1, 121.25, 100, 0, 65782, 30, 1980
2026/08/28 19:58:02.606, 2, 118.99, 100, 0, 62822, 30, 1980
2026/08/28 19:58:02.606, 3, 118.21, 100, 0, 61418, 32, 1980
2026/08/28 19:58:07.607, 0, 120.61, 100, 0, 66164, 32, 1980
2026/08/28 19:58:07.607, 1, 121.20, 100, 0, 65782, 30, 1980
2026/08/28 19:58:07.607, 2, 119.10, 100, 0, 62822, 30, 1980
2026/08/28 19:58:07.607, 3, 118.20, 100, 0, 61418, 32, 1980
2026/08/28 19:58:12.607, 0, 120.66, 100, 0, 66164, 32, 1980
2026/08/28 19:58:12.607, 1, 121.20, 100, 0, 65782, 30, 1980
2026/08/28 19:58:12.607, 2, 119.00, 100, 0, 62822, 30, 1980
2026/08/28 19:58:12.607, 3, 118.20, 100, 0, 61418, 32, 1980
2026/08/28 19:58:17.608, 0, 120.68, 100, 0, 66164, 32, 1980
2026/08/28 19:58:17.608, 1, 121.18, 100, 0, 65782, 30, 1980
2026/08/28 19:58:17.608, 2, 118.96, 100, 0, 62822, 30, 1980
2026/08/28 19:58:17.608, 3, 118.24, 100, 0, 61418, 32, 1980
2026/08/28 19:58:22.609, 0, 120.64, 100, 0, 66164, 32, 1980
2026/08/28 19:58:22.609, 1, 121.21, 100, 0, 65782, 30, 1980
2026/08/28 19:58:22.609, 2, 119.01, 100, 0, 62822, 30, 1980
2026/08/28 19:58:22.609, 3, 118.17, 100, 0, 61418, 32, 1980
2026/08/28 19:58:27.609, 0, 120.67, 100, 0, 66164, 32, 1980
2026/08/28 19:58:27.609, 1, 121.25, 100, 0, 65782, 30, 1980
2026/08/28 19:58:27.609, 2, 119.00, 100, 0, 62822, 30, 1980
2026/08/28 19:58:27.609, 3, 118.18, 100, 0, 61418, 32, 1980
2026/08/28 19:58:32.610, 0, 120.68, 100, 0, 66164, 32, 1980
2026/08/28 19:58:32.610, 1, 121.17, 100, 0, 65782, 30, 1980
2026/08/28 19:58:32.610, 2, 119.21, 100, 0, 62822, 30, 1980
2026/08/28 19:58:32.610, 3, 118.19, 100, 0, 61418, 31, 1980
2026/08/28 19:58:37.610, 0, 120.65, 100, 0, 66164, 32, 1980
2026/08/28 19:58:37.610, 1, 121.23, 100, 0, 65782, 30, 1980
2026/08/28 19:58:37.611, 2, 119.07, 100, 0, 62822, 30, 1980
2026/08/28 19:58:37.611, 3, 118.17, 100, 0, 61418, 32, 1980
2026/08/28 19:58:42.611, 0, 120.63, 100, 0, 66164, 32, 1980
2026/08/28 19:58:42.611, 1, 121.18, 100, 0, 65782, 30, 1980
2026/08/28 19:58:42.611, 2, 119.02, 100, 0, 62822, 30, 1980
2026/08/28 19:58:42.611, 3, 118.18, 100, 0, 61418, 32, 1980
2026/08/28 19:58:47.611, 0, 120.58, 100, 0, 66164, 32, 1980
2026/08/28 19:58:47.612, 1, 121.21, 100, 0, 65782, 30, 1980
2026/08/28 19:58:47.612, 2, 119.19, 100, 0, 62822, 30, 1980
2026/08/28 19:58:47.612, 3, 118.13, 100, 0, 61418, 32, 1980
2026/08/28 19:58:52.612, 0, 120.58, 100, 0, 66164, 32, 1980
2026/08/28 19:58:52.612, 1, 121.22, 100, 0, 65782, 30, 1980
2026/08/28 19:58:52.612, 2, 119.03, 100, 0, 62822, 30, 1980
2026/08/28 19:58:52.612, 3, 118.18, 100, 0, 61418, 32, 1980
2026/08/28 19:58:57.612, 0, 120.59, 100, 0, 66164, 32, 1980
2026/08/28 19:58:57.613, 1, 121.23, 100, 0, 65782, 30, 1980
2026/08/28 19:58:57.613, 2, 119.04, 100, 0, 62822, 30, 1980
2026/08/28 19:58:57.613, 3, 118.15, 100, 0, 61418, 32, 1980
2026/08/28 19:59:02.613, 0, 120.57, 100, 0, 66164, 32, 1980
2026/08/28 19:59:02.613, 1, 121.25, 100, 0, 65782, 30, 1980
2026/08/28 19:59:02.613, 2, 119.03, 100, 0, 62822, 30, 1980
2026/08/28 19:59:02.613, 3, 118.19, 100, 0, 61418, 32, 1980
2026/08/28 19:59:07.614, 0, 120.54, 100, 0, 66164, 32, 1980
2026/08/28 19:59:07.614, 1, 121.26, 100, 0, 65782, 30, 1980
2026/08/28 19:59:07.614, 2, 119.04, 100, 0, 62822, 30, 1980
2026/08/28 19:59:07.614, 3, 118.14, 100, 0, 61418, 32, 1980
2026/08/28 19:59:12.614, 0, 120.61, 100, 0, 66164, 32, 1980
2026/08/28 19:59:12.614, 1, 121.25, 100, 0, 65782, 30, 1980
2026/08/28 19:59:12.614, 2, 119.18, 100, 0, 62822, 30, 1980
2026/08/28 19:59:12.614, 3, 118.23, 100, 0, 61418, 32, 1980
2026/08/28 19:59:17.615, 0, 120.57, 100, 0, 66164, 32, 1980
2026/08/28 19:59:17.615, 1, 121.27, 100, 0, 65782, 30, 1980
2026/08/28 19:59:17.615, 2, 119.07, 100, 0, 62822, 30, 1980
2026/08/28 19:59:17.615, 3, 118.24, 100, 0, 61418, 32, 1980
2026/08/28 19:59:22.615, 0, 120.56, 100, 0, 66164, 32, 1980
2026/08/28 19:59:22.615, 1, 121.30, 100, 0, 65782, 30, 1980
2026/08/28 19:59:22.615, 2, 119.08, 100, 0, 62822, 30, 1980
2026/08/28 19:59:22.615, 3, 118.22, 100, 0, 61418, 32, 1980
2026/08/28 19:59:27.616, 0, 120.59, 100, 0, 66164, 32, 1980
2026/08/28 19:59:27.616, 1, 121.27, 100, 0, 65782, 30, 1980
2026/08/28 19:59:27.616, 2, 119.12, 100, 0, 62822, 30, 1980
2026/08/28 19:59:27.616, 3, 118.22, 100, 0, 61418, 32, 1980
2026/08/28 19:59:32.616, 0, 120.60, 100, 0, 66164, 32, 1980
2026/08/28 19:59:32.616, 1, 121.34, 100, 0, 65782, 30, 1980
2026/08/28 19:59:32.616, 2, 119.11, 100, 0, 62822, 30, 1980
2026/08/28 19:59:32.616, 3, 118.28, 100, 0, 61418, 32, 1980
2026/08/28 19:59:37.617, 0, 120.56, 100, 0, 66164, 32, 1980
2026/08/28 19:59:37.617, 1, 121.34, 100, 0, 65782, 30, 1980
2026/08/28 19:59:37.617, 2, 119.13, 100, 0, 62822, 30, 1980
2026/08/28 19:59:37.617, 3, 118.29, 100, 0, 61418, 32, 1980
2026/08/28 19:59:42.617, 0, 120.70, 100, 0, 66164, 32, 1980
2026/08/28 19:59:42.617, 1, 121.31, 100, 0, 65782, 30, 1980
2026/08/28 19:59:42.617, 2, 119.15, 100, 0, 62822, 30, 1980
2026/08/28 19:59:42.617, 3, 118.21, 100, 0, 61418, 32, 1980
2026/08/28 19:59:47.618, 0, 120.58, 100, 0, 66164, 32, 1980
2026/08/28 19:59:47.618, 1, 121.34, 100, 0, 65782, 30, 1980
2026/08/28 19:59:47.618, 2, 119.11, 100, 0, 62822, 30, 1980
2026/08/28 19:59:47.618, 3, 118.30, 100, 0, 61418, 32, 1980
2026/08/28 19:59:52.618, 0, 120.60, 100, 0, 66164, 32, 1980
2026/08/28 19:59:52.618, 1, 121.29, 100, 0, 65782, 30, 1980
2026/08/28 19:59:52.618, 2, 119.16, 100, 0, 62822, 30, 1980
2026/08/28 19:59:52.618, 3, 118.29, 100, 0, 61418, 32, 1980
2026/08/28 19:59:57.619, 0, 120.60, 100, 0, 66164, 32, 1980
2026/08/28 19:59:57.619, 1, 121.30, 100, 0, 65782, 30, 1980
2026/08/28 19:59:57.619, 2, 119.11, 100, 0, 62822, 30, 1980
2026/08/28 19:59:57.619, 3, 118.29, 100, 0, 61418, 32, 1980
2026/08/28 20:00:02.619, 0, 120.62, 100, 0, 66164, 32, 1980
2026/08/28 20:00:02.619, 1, 121.32, 100, 0, 65782, 30, 1980
2026/08/28 20:00:02.619, 2, 119.16, 100, 0, 62822, 30, 1980
2026/08/28 20:00:02.620, 3, 118.38, 100, 0, 61418, 32, 1980
2026/08/28 20:00:07.620, 0, 120.60, 100, 0, 66164, 32, 1980
2026/08/28 20:00:07.620, 1, 121.35, 100, 0, 65782, 30, 1980
2026/08/28 20:00:07.620, 2, 119.11, 100, 0, 62822, 30, 1980
2026/08/28 20:00:07.620, 3, 118.30, 100, 0, 61418, 32, 1980
2026/08/28 20:00:12.621, 0, 120.60, 100, 0, 66164, 32, 1980
2026/08/28 20:00:12.621, 1, 121.35, 100, 0, 65782, 30, 1980
2026/08/28 20:00:12.621, 2, 119.16, 100, 0, 62822, 30, 1980
2026/08/28 20:00:12.621, 3, 118.32, 100, 0, 61418, 32, 1980
2026/08/28 20:00:17.621, 0, 120.60, 100, 0, 66164, 32, 1980
2026/08/28 20:00:17.621, 1, 121.31, 100, 0, 65782, 30, 1980
2026/08/28 20:00:17.621, 2, 119.12, 100, 0, 62822, 30, 1980
2026/08/28 20:00:17.621, 3, 118.29, 100, 0, 61418, 32, 1980
2026/08/28 20:00:22.622, 0, 120.60, 100, 0, 66164, 32, 1980
2026/08/28 20:00:22.622, 1, 121.32, 100, 0, 65782, 30, 1980
2026/08/28 20:00:22.622, 2, 119.25, 100, 0, 62822, 30, 1980
2026/08/28 20:00:22.622, 3, 118.29, 100, 0, 61418, 32, 1980
2026/08/28 20:00:27.622, 0, 120.63, 100, 0, 66164, 32, 1980
2026/08/28 20:00:27.623, 1, 121.30, 100, 0, 65782, 30, 1980
2026/08/28 20:00:27.624, 2, 119.14, 100, 0, 62822, 30, 1980
2026/08/28 20:00:27.624, 3, 118.33, 100, 0, 61418, 32, 1980
2026/08/28 20:00:32.625, 0, 120.62, 100, 0, 66164, 32, 1980
2026/08/28 20:00:32.625, 1, 121.33, 100, 0, 65782, 30, 1980
2026/08/28 20:00:32.625, 2, 119.16, 100, 0, 62822, 30, 1980
2026/08/28 20:00:32.625, 3, 118.32, 100, 0, 61418, 32, 1980
2026/08/28 20:00:37.625, 0, 120.62, 100, 0, 66164, 32, 1980
2026/08/28 20:00:37.626, 1, 121.33, 100, 0, 65782, 30, 1980
2026/08/28 20:00:37.626, 2, 119.14, 100, 0, 62822, 30, 1980
2026/08/28 20:00:37.626, 3, 118.30, 100, 0, 61418, 32, 1980
2026/08/28 20:00:42.626, 0, 120.67, 100, 0, 66164, 32, 1980
2026/08/28 20:00:42.626, 1, 121.36, 100, 0, 65782, 30, 1980
2026/08/28 20:00:42.626, 2, 119.17, 100, 0, 62822, 30, 1980
2026/08/28 20:00:42.626, 3, 118.37, 100, 0, 61418, 32, 1980
2026/08/28 20:00:47.627, 0, 120.64, 100, 0, 66164, 32, 1980
2026/08/28 20:00:47.627, 1, 121.36, 100, 0, 65782, 30, 1980
2026/08/28 20:00:47.627, 2, 119.13, 100, 0, 62822, 30, 1980
2026/08/28 20:00:47.627, 3, 118.35, 100, 0, 61418, 32, 1980
2026/08/28 20:00:52.627, 0, 120.60, 100, 0, 66164, 32, 1980
2026/08/28 20:00:52.627, 1, 121.34, 100, 0, 65782, 30, 1980
2026/08/28 20:00:52.627, 2, 119.15, 100, 0, 62822, 30, 1980
2026/08/28 20:00:52.627, 3, 118.37, 100, 0, 61418, 32, 1980
2026/08/28 20:00:57.628, 0, 120.60, 100, 0, 66164, 32, 1980
2026/08/28 20:00:57.628, 1, 121.38, 100, 0, 65782, 30, 1980
2026/08/28 20:00:57.628, 2, 119.17, 100, 0, 62822, 30, 1980
2026/08/28 20:00:57.628, 3, 118.34, 100, 0, 61418, 32, 1980
2026/08/28 20:01:02.628, 0, 120.68, 100, 0, 66164, 32, 1980
2026/08/28 20:01:02.629, 1, 121.34, 100, 0, 65782, 30, 1980
2026/08/28 20:01:02.630, 2, 119.18, 100, 0, 62822, 30, 1980
2026/08/28 20:01:02.630, 3, 118.36, 100, 0, 61418, 32, 1980
2026/08/28 20:01:07.630, 0, 120.64, 100, 0, 66164, 32, 1980
2026/08/28 20:01:07.630, 1, 121.33, 100, 0, 65782, 30, 1980
2026/08/28 20:01:07.630, 2, 119.19, 100, 0, 62822, 30, 1980
2026/08/28 20:01:07.630, 3, 118.32, 100, 0, 61418, 32, 1980
2026/08/28 20:01:12.630, 0, 120.67, 100, 0, 66164, 32, 1980
2026/08/28 20:01:12.631, 1, 121.35, 100, 0, 65782, 30, 1980
2026/08/28 20:01:12.631, 2, 119.21, 100, 0, 62822, 30, 1980
2026/08/28 20:01:12.631, 3, 118.39, 100, 0, 61418, 32, 1980
2026/08/28 20:01:17.631, 0, 120.63, 100, 0, 66164, 32, 1980
2026/08/28 20:01:17.631, 1, 121.36, 100, 0, 65782, 30, 1980
2026/08/28 20:01:17.631, 2, 119.16, 100, 0, 62822, 30, 1980
2026/08/28 20:01:17.631, 3, 118.38, 100, 0, 61418, 32, 1980
2026/08/28 20:01:22.632, 0, 120.65, 100, 0, 66164, 32, 1980
2026/08/28 20:01:22.632, 1, 121.36, 100, 0, 65782, 30, 1980
2026/08/28 20:01:22.632, 2, 119.17, 100, 0, 62822, 30, 1980
2026/08/28 20:01:22.632, 3, 118.45, 100, 0, 61418, 32, 1980
2026/08/28 20:01:27.632, 0, 120.67, 100, 0, 66164, 32, 1980
2026/08/28 20:01:27.632, 1, 121.35, 100, 0, 65782, 30, 1980
2026/08/28 20:01:27.632, 2, 119.17, 100, 0, 62822, 30, 1980
2026/08/28 20:01:27.632, 3, 118.45, 100, 0, 61418, 32, 1980
2026/08/28 20:01:32.633, 0, 120.65, 100, 0, 66164, 32, 1980
2026/08/28 20:01:32.633, 1, 121.38, 100, 0, 65782, 30, 1980
2026/08/28 20:01:32.633, 2, 119.16, 100, 0, 62822, 30, 1980
2026/08/28 20:01:32.633, 3, 118.34, 100, 0, 61418, 32, 1980
2026/08/28 20:01:37.633, 0, 120.65, 100, 0, 66164, 32, 1980
2026/08/28 20:01:37.633, 1, 121.36, 100, 0, 65782, 30, 1980
2026/08/28 20:01:37.633, 2, 119.15, 100, 0, 62822, 30, 1980
2026/08/28 20:01:37.633, 3, 118.38, 100, 0, 61418, 32, 1980
2026/08/28 20:01:42.636, 0, 120.59, 100, 0, 66164, 32, 1980
2026/08/28 20:01:42.636, 1, 121.28, 100, 0, 65782, 30, 1980
2026/08/28 20:01:42.636, 2, 119.39, 100, 0, 62822, 30, 1980
2026/08/28 20:01:42.636, 3, 118.38, 100, 0, 61418, 32, 1980
2026/08/28 20:01:47.637, 0, 120.61, 100, 0, 66164, 32, 1980
2026/08/28 20:01:47.637, 1, 121.29, 100, 0, 65782, 30, 1980
2026/08/28 20:01:47.637, 2, 119.48, 100, 0, 62822, 30, 1980
2026/08/28 20:01:47.637, 3, 118.36, 100, 0, 61418, 32, 1980
2026/08/28 20:01:52.637, 0, 120.63, 100, 0, 66164, 32, 1980
2026/08/28 20:01:52.638, 1, 121.29, 100, 0, 65782, 30, 1980
2026/08/28 20:01:52.639, 2, 119.24, 100, 0, 62822, 30, 1980
2026/08/28 20:01:52.641, 3, 118.38, 100, 0, 61418, 32, 1980
2026/08/28 20:01:57.642, 0, 120.55, 100, 0, 66164, 32, 1980
2026/08/28 20:01:57.642, 1, 121.22, 100, 0, 65782, 30, 1980
2026/08/28 20:01:57.642, 2, 119.18, 100, 0, 62822, 30, 1980
2026/08/28 20:01:57.642, 3, 118.35, 100, 0, 61418, 32, 1980
2026/08/28 20:02:02.642, 0, 120.61, 100, 0, 66164, 32, 1980
2026/08/28 20:02:02.643, 1, 121.24, 100, 0, 65782, 30, 1980
2026/08/28 20:02:02.643, 2, 119.19, 100, 0, 62822, 30, 1980
2026/08/28 20:02:02.643, 3, 118.27, 100, 0, 61418, 32, 1980
2026/08/28 20:02:07.643, 0, 120.60, 100, 0, 66164, 32, 1980
2026/08/28 20:02:07.643, 1, 121.20, 100, 0, 65782, 30, 1980
2026/08/28 20:02:07.643, 2, 119.14, 100, 0, 62822, 30, 1980
2026/08/28 20:02:07.643, 3, 118.32, 100, 0, 61418, 32, 1980
2026/08/28 20:02:12.643, 0, 120.66, 100, 0, 66164, 32, 1980
2026/08/28 20:02:12.643, 1, 121.21, 100, 0, 65782, 30, 1980
2026/08/28 20:02:12.644, 2, 119.14, 100, 0, 62822, 30, 1980
2026/08/28 20:02:12.644, 3, 118.31, 100, 0, 61418, 32, 1980
2026/08/28 20:02:17.644, 0, 120.61, 100, 0, 66164, 32, 1980
2026/08/28 20:02:17.644, 1, 121.17, 100, 0, 65782, 30, 1980
2026/08/28 20:02:17.644, 2, 119.36, 100, 0, 62822, 30, 1980
2026/08/28 20:02:17.644, 3, 118.29, 100, 0, 61418, 32, 1980
2026/08/28 20:02:22.644, 0, 120.55, 100, 0, 66164, 32, 1980
2026/08/28 20:02:22.645, 1, 121.16, 100, 0, 65782, 30, 1980
2026/08/28 20:02:22.645, 2, 119.23, 100, 0, 62822, 30, 1980
2026/08/28 20:02:22.645, 3, 118.26, 100, 0, 61418, 32, 1980
2026/08/28 20:02:27.645, 0, 120.51, 100, 0, 66164, 32, 1980
2026/08/28 20:02:27.645, 1, 121.17, 100, 0, 65782, 30, 1980
2026/08/28 20:02:27.645, 2, 119.20, 100, 0, 62822, 30, 1980
2026/08/28 20:02:27.645, 3, 118.19, 100, 0, 61418, 32, 1980
2026/08/28 20:02:32.645, 0, 120.54, 100, 0, 66164, 32, 1980
2026/08/28 20:02:32.646, 1, 121.14, 100, 0, 65782, 30, 1980
2026/08/28 20:02:32.646, 2, 119.22, 100, 0, 62822, 30, 1980
2026/08/28 20:02:32.646, 3, 118.19, 100, 0, 61418, 32, 1980
2026/08/28 20:02:37.646, 0, 120.48, 100, 0, 66164, 32, 1980
2026/08/28 20:02:37.646, 1, 121.15, 100, 0, 65782, 30, 1980
2026/08/28 20:02:37.646, 2, 119.17, 100, 0, 62822, 30, 1980
2026/08/28 20:02:37.646, 3, 118.18, 100, 0, 61418, 32, 1980
2026/08/28 20:02:42.647, 0, 120.52, 100, 0, 66164, 32, 1980
2026/08/28 20:02:42.647, 1, 121.10, 100, 0, 65782, 30, 1980
2026/08/28 20:02:42.648, 2, 119.20, 100, 0, 62822, 30, 1980
2026/08/28 20:02:42.649, 3, 118.25, 100, 0, 61418, 32, 1980
2026/08/28 20:02:47.650, 0, 120.52, 100, 0, 66164, 32, 1980
2026/08/28 20:02:47.651, 1, 121.11, 100, 0, 65782, 30, 1980
2026/08/28 20:02:47.651, 2, 119.11, 100, 0, 62822, 30, 1980
2026/08/28 20:02:47.651, 3, 118.24, 100, 0, 61418, 32, 1980
2026/08/28 20:02:52.651, 0, 120.48, 100, 0, 66164, 32, 1980
2026/08/28 20:02:52.651, 1, 121.11, 100, 0, 65782, 30, 1980
2026/08/28 20:02:52.651, 2, 119.32, 100, 0, 62822, 30, 1980
2026/08/28 20:02:52.651, 3, 118.21, 100, 0, 61418, 32, 1980
2026/08/28 20:02:57.652, 0, 120.49, 100, 0, 66164, 32, 1980
2026/08/28 20:02:57.652, 1, 121.09, 100, 0, 65782, 30, 1980
2026/08/28 20:02:57.652, 2, 119.33, 100, 0, 62822, 30, 1980
2026/08/28 20:02:57.652, 3, 118.19, 100, 0, 61418, 32, 1980
2026/08/28 20:03:02.652, 0, 120.49, 100, 0, 66164, 32, 1980
2026/08/28 20:03:02.652, 1, 121.14, 100, 0, 65782, 30, 1980
2026/08/28 20:03:02.652, 2, 119.32, 100, 0, 62822, 30, 1980
2026/08/28 20:03:02.652, 3, 118.20, 100, 0, 61418, 32, 1980
2026/08/28 20:03:07.653, 0, 120.49, 100, 0, 66164, 32, 1980
2026/08/28 20:03:07.653, 1, 121.07, 100, 0, 65782, 30, 1980
2026/08/28 20:03:07.653, 2, 119.38, 100, 0, 62822, 30, 1980
2026/08/28 20:03:07.653, 3, 118.21, 100, 0, 61418, 32, 1980
2026/08/28 20:03:12.653, 0, 120.49, 100, 0, 66164, 32, 1980
2026/08/28 20:03:12.653, 1, 121.04, 100, 0, 65782, 30, 1980
2026/08/28 20:03:12.653, 2, 119.41, 100, 0, 62822, 30, 1980
2026/08/28 20:03:12.653, 3, 118.16, 100, 0, 61418, 32, 1980
2026/08/28 20:03:17.654, 0, 120.47, 100, 0, 66164, 32, 1980
2026/08/28 20:03:17.654, 1, 121.02, 100, 0, 65782, 30, 1980
2026/08/28 20:03:17.654, 2, 119.33, 100, 0, 62822, 30, 1980
2026/08/28 20:03:17.654, 3, 118.09, 100, 0, 61418, 31, 1980
2026/08/28 20:03:22.654, 0, 120.46, 100, 0, 66164, 32, 1980
2026/08/28 20:03:22.654, 1, 121.06, 100, 0, 65782, 30, 1980
2026/08/28 20:03:22.654, 2, 119.52, 100, 0, 62822, 30, 1980
2026/08/28 20:03:22.654, 3, 118.15, 100, 0, 61418, 31, 1980
2026/08/28 20:03:27.655, 0, 120.43, 100, 0, 66164, 32, 1980
2026/08/28 20:03:27.655, 1, 121.02, 100, 0, 65782, 30, 1980
2026/08/28 20:03:27.655, 2, 119.36, 100, 0, 62822, 30, 1980
2026/08/28 20:03:27.655, 3, 118.11, 100, 0, 61418, 31, 1980
2026/08/28 20:03:32.655, 0, 120.51, 100, 0, 66164, 32, 1980
2026/08/28 20:03:32.656, 1, 121.07, 100, 0, 65782, 30, 1980
2026/08/28 20:03:32.656, 2, 119.29, 100, 0, 62822, 30, 1980
2026/08/28 20:03:32.656, 3, 118.18, 100, 0, 61418, 31, 1980
2026/08/28 20:03:37.656, 0, 120.46, 100, 0, 66164, 32, 1980
2026/08/28 20:03:37.656, 1, 121.03, 100, 0, 65782, 30, 1980
2026/08/28 20:03:37.656, 2, 119.28, 100, 0, 62822, 30, 1980
2026/08/28 20:03:37.656, 3, 118.19, 100, 0, 61418, 31, 1980
2026/08/28 20:03:42.656, 0, 120.44, 100, 0, 66164, 32, 1980
2026/08/28 20:03:42.657, 1, 121.05, 100, 0, 65782, 30, 1980
2026/08/28 20:03:42.657, 2, 119.31, 100, 0, 62822, 30, 1980
2026/08/28 20:03:42.657, 3, 118.12, 100, 0, 61418, 31, 1980
2026/08/28 20:03:47.657, 0, 120.40, 100, 0, 66164, 32, 1980
2026/08/28 20:03:47.657, 1, 120.98, 100, 0, 65782, 30, 1980
2026/08/28 20:03:47.657, 2, 119.49, 100, 0, 62822, 30, 1980
2026/08/28 20:03:47.657, 3, 118.10, 100, 0, 61418, 31, 1980
2026/08/28 20:03:52.657, 0, 120.43, 100, 0, 66164, 32, 1980
2026/08/28 20:03:52.658, 1, 121.03, 100, 0, 65782, 30, 1980
2026/08/28 20:03:52.658, 2, 119.26, 100, 0, 62822, 30, 1980
2026/08/28 20:03:52.658, 3, 118.12, 100, 0, 61418, 31, 1980
2026/08/28 20:03:57.658, 0, 120.41, 100, 0, 66164, 32, 1980
2026/08/28 20:03:57.658, 1, 121.00, 100, 0, 65782, 30, 1980
2026/08/28 20:03:57.658, 2, 119.15, 100, 0, 62822, 30, 1980
2026/08/28 20:03:57.658, 3, 118.11, 100, 0, 61418, 31, 1980
2026/08/28 20:04:02.659, 0, 120.43, 100, 0, 66164, 32, 1980
2026/08/28 20:04:02.659, 1, 121.04, 100, 0, 65782, 30, 1980
2026/08/28 20:04:02.659, 2, 119.16, 100, 0, 62822, 30, 1980
2026/08/28 20:04:02.659, 3, 118.10, 100, 0, 61418, 31, 1980
2026/08/28 20:04:07.659, 0, 120.37, 100, 0, 66164, 32, 1980
2026/08/28 20:04:07.659, 1, 121.03, 100, 0, 65782, 30, 1980
2026/08/28 20:04:07.659, 2, 119.19, 100, 0, 62822, 30, 1980
2026/08/28 20:04:07.659, 3, 118.12, 100, 0, 61418, 31, 1980
2026/08/28 20:04:12.660, 0, 120.42, 100, 0, 66164, 32, 1980
2026/08/28 20:04:12.660, 1, 121.06, 100, 0, 65782, 30, 1980
2026/08/28 20:04:12.660, 2, 119.03, 100, 0, 62822, 30, 1980
2026/08/28 20:04:12.660, 3, 118.10, 100, 0, 61418, 31, 1980
2026/08/28 20:04:17.660, 0, 120.42, 100, 0, 66164, 32, 1980
2026/08/28 20:04:17.660, 1, 121.07, 100, 0, 65782, 30, 1980
2026/08/28 20:04:17.660, 2, 119.30, 100, 0, 62822, 30, 1980
2026/08/28 20:04:17.660, 3, 118.14, 100, 0, 61418, 31, 1980
2026/08/28 20:04:22.661, 0, 120.40, 100, 0, 66164, 32, 1980
2026/08/28 20:04:22.661, 1, 121.05, 100, 0, 65782, 30, 1980
2026/08/28 20:04:22.661, 2, 119.31, 100, 0, 62822, 30, 1980
2026/08/28 20:04:22.661, 3, 118.16, 100, 0, 61418, 31, 1980
2026/08/28 20:04:27.661, 0, 120.43, 100, 0, 66164, 32, 1980
2026/08/28 20:04:27.661, 1, 121.08, 100, 0, 65782, 30, 1980
2026/08/28 20:04:27.661, 2, 119.28, 100, 0, 62822, 30, 1980
2026/08/28 20:04:27.661, 3, 118.13, 100, 0, 61418, 31, 1980
2026/08/28 20:04:32.662, 0, 120.42, 100, 0, 66164, 32, 1980
2026/08/28 20:04:32.662, 1, 121.11, 100, 0, 65782, 30, 1980
2026/08/28 20:04:32.662, 2, 119.23, 100, 0, 62822, 30, 1980
2026/08/28 20:04:32.662, 3, 118.14, 100, 0, 61418, 31, 1980
2026/08/28 20:04:37.662, 0, 120.40, 100, 0, 66164, 32, 1980
2026/08/28 20:04:37.662, 1, 121.13, 100, 0, 65782, 30, 1980
2026/08/28 20:04:37.662, 2, 119.31, 100, 0, 62822, 30, 1980
2026/08/28 20:04:37.662, 3, 118.18, 100, 0, 61418, 31, 1980
2026/08/28 20:04:42.663, 0, 120.39, 100, 0, 66164, 32, 1980
2026/08/28 20:04:42.663, 1, 121.10, 100, 0, 65782, 30, 1980
2026/08/28 20:04:42.663, 2, 119.33, 100, 0, 62822, 30, 1980
2026/08/28 20:04:42.663, 3, 118.14, 100, 0, 61418, 31, 1980
2026/08/28 20:04:47.663, 0, 120.39, 100, 0, 66164, 32, 1980
2026/08/28 20:04:47.663, 1, 121.17, 100, 0, 65782, 30, 1980
2026/08/28 20:04:47.663, 2, 119.24, 100, 0, 62822, 30, 1980
2026/08/28 20:04:47.663, 3, 118.16, 100, 0, 61418, 31, 1980
2026/08/28 20:04:52.664, 0, 120.42, 100, 0, 66164, 32, 1980
2026/08/28 20:04:52.664, 1, 121.19, 100, 0, 65782, 30, 1980
2026/08/28 20:04:52.664, 2, 119.03, 100, 0, 62822, 30, 1980
2026/08/28 20:04:52.664, 3, 118.18, 100, 0, 61418, 32, 1980
2026/08/28 20:04:57.664, 0, 120.45, 100, 0, 66164, 32, 1980
2026/08/28 20:04:57.664, 1, 121.16, 100, 0, 65782, 30, 1980
2026/08/28 20:04:57.664, 2, 119.06, 100, 0, 62822, 30, 1980
2026/08/28 20:04:57.665, 3, 118.20, 100, 0, 61418, 32, 1980
2026/08/28 20:05:02.665, 0, 120.49, 100, 0, 66164, 32, 1980
2026/08/28 20:05:02.665, 1, 121.25, 100, 0, 65782, 30, 1980
2026/08/28 20:05:02.665, 2, 119.41, 100, 0, 62822, 30, 1980
2026/08/28 20:05:02.665, 3, 118.19, 100, 0, 61418, 32, 1980
2026/08/28 20:05:07.665, 0, 120.50, 100, 0, 66164, 32, 1980
2026/08/28 20:05:07.666, 1, 121.18, 100, 0, 65782, 30, 1980
2026/08/28 20:05:07.666, 2, 119.14, 100, 0, 62822, 30, 1980
2026/08/28 20:05:07.666, 3, 118.19, 100, 0, 61418, 32, 1980
2026/08/28 20:05:12.666, 0, 120.47, 100, 0, 66164, 32, 1980
2026/08/28 20:05:12.666, 1, 121.20, 100, 0, 65782, 30, 1980
2026/08/28 20:05:12.666, 2, 119.42, 100, 0, 62822, 30, 1980
2026/08/28 20:05:12.666, 3, 118.25, 100, 0, 61418, 32, 1980
2026/08/28 20:05:17.666, 0, 120.53, 100, 0, 66164, 32, 1980
2026/08/28 20:05:17.667, 1, 121.17, 100, 0, 65782, 30, 1980
2026/08/28 20:05:17.667, 2, 119.21, 100, 0, 62822, 30, 1980
2026/08/28 20:05:17.667, 3, 118.23, 100, 0, 61418, 32, 1980
2026/08/28 20:05:22.667, 0, 120.55, 100, 0, 66164, 32, 1980
2026/08/28 20:05:22.667, 1, 121.23, 100, 0, 65782, 30, 1980
2026/08/28 20:05:22.667, 2, 119.37, 100, 0, 62822, 30, 1980
2026/08/28 20:05:22.667, 3, 118.27, 100, 0, 61418, 32, 1980
2026/08/28 20:05:27.667, 0, 120.45, 100, 0, 66164, 32, 1980
2026/08/28 20:05:27.668, 1, 121.21, 100, 0, 65782, 30, 1980
2026/08/28 20:05:27.668, 2, 119.09, 100, 0, 62822, 30, 1980
2026/08/28 20:05:27.668, 3, 118.25, 100, 0, 61418, 32, 1980
2026/08/28 20:05:32.668, 0, 120.50, 100, 0, 66164, 32, 1980
2026/08/28 20:05:32.668, 1, 121.22, 100, 0, 65782, 30, 1980
2026/08/28 20:05:32.668, 2, 119.21, 100, 0, 62822, 30, 1980
2026/08/28 20:05:32.668, 3, 118.25, 100, 0, 61418, 32, 1980
2026/08/28 20:05:37.668, 0, 120.49, 100, 0, 66164, 32, 1980
2026/08/28 20:05:37.669, 1, 121.21, 100, 0, 65782, 30, 1980
2026/08/28 20:05:37.669, 2, 119.08, 100, 0, 62822, 30, 1980
2026/08/28 20:05:37.669, 3, 118.25, 100, 0, 61418, 32, 1980
2026/08/28 20:05:42.669, 0, 120.52, 100, 0, 66164, 32, 1980
2026/08/28 20:05:42.669, 1, 121.15, 100, 0, 65782, 30, 1980
2026/08/28 20:05:42.669, 2, 119.07, 100, 0, 62822, 30, 1980
2026/08/28 20:05:42.669, 3, 118.23, 100, 0, 61418, 32, 1980
2026/08/28 20:05:47.670, 0, 120.52, 100, 0, 66164, 32, 1980
2026/08/28 20:05:47.670, 1, 121.18, 100, 0, 65782, 30, 1980
2026/08/28 20:05:47.670, 2, 119.04, 100, 0, 62822, 30, 1980
2026/08/28 20:05:47.670, 3, 118.23, 100, 0, 61418, 32, 1980
2026/08/28 20:05:52.670, 0, 120.50, 100, 0, 66164, 32, 1980
2026/08/28 20:05:52.670, 1, 121.14, 100, 0, 65782, 30, 1980
2026/08/28 20:05:52.670, 2, 119.23, 100, 0, 62822, 30, 1980
2026/08/28 20:05:52.670, 3, 118.24, 100, 0, 61418, 32, 1980
2026/08/28 20:05:57.671, 0, 120.51, 100, 0, 66164, 32, 1980
2026/08/28 20:05:57.671, 1, 121.14, 100, 0, 65782, 30, 1980
2026/08/28 20:05:57.671, 2, 118.97, 100, 0, 62822, 30, 1980
2026/08/28 20:05:57.671, 3, 118.21, 100, 0, 61418, 32, 1980
2026/08/28 20:06:02.671, 0, 120.48, 100, 0, 66164, 32, 1980
2026/08/28 20:06:02.671, 1, 121.09, 100, 0, 65782, 30, 1980
2026/08/28 20:06:02.671, 2, 118.97, 100, 0, 62822, 30, 1980
2026/08/28 20:06:02.671, 3, 118.23, 100, 0, 61418, 32, 1980
2026/08/28 20:06:07.672, 0, 120.51, 100, 0, 66164, 32, 1980
2026/08/28 20:06:07.672, 1, 121.13, 100, 0, 65782, 30, 1980
2026/08/28 20:06:07.672, 2, 119.10, 100, 0, 62822, 30, 1980
2026/08/28 20:06:07.672, 3, 118.17, 100, 0, 61418, 32, 1980
2026/08/28 20:06:12.672, 0, 120.47, 100, 0, 66164, 32, 1980
2026/08/28 20:06:12.672, 1, 121.12, 100, 0, 65782, 30, 1980
2026/08/28 20:06:12.672, 2, 119.09, 100, 0, 62822, 30, 1980
2026/08/28 20:06:12.672, 3, 118.22, 100, 0, 61418, 32, 1980
2026/08/28 20:06:17.673, 0, 120.49, 100, 0, 66164, 32, 1980
2026/08/28 20:06:17.673, 1, 121.14, 100, 0, 65782, 30, 1980
2026/08/28 20:06:17.673, 2, 119.12, 100, 0, 62822, 30, 1980
2026/08/28 20:06:17.673, 3, 118.21, 100, 0, 61418, 32, 1980
2026/08/28 20:06:22.673, 0, 120.49, 100, 0, 66164, 32, 1980
2026/08/28 20:06:22.673, 1, 121.17, 100, 0, 65782, 30, 1980
2026/08/28 20:06:22.673, 2, 119.27, 100, 0, 62822, 30, 1980
2026/08/28 20:06:22.674, 3, 118.17, 100, 0, 61418, 32, 1980
2026/08/28 20:06:27.674, 0, 120.46, 100, 0, 66164, 32, 1980
2026/08/28 20:06:27.674, 1, 121.14, 100, 0, 65782, 30, 1980
2026/08/28 20:06:27.674, 2, 119.03, 100, 0, 62822, 30, 1980
2026/08/28 20:06:27.674, 3, 118.19, 100, 0, 61418, 32, 1980
2026/08/28 20:06:32.674, 0, 120.46, 100, 0, 66164, 32, 1980
2026/08/28 20:06:32.675, 1, 121.14, 100, 0, 65782, 30, 1980
2026/08/28 20:06:32.675, 2, 119.09, 100, 0, 62822, 30, 1980
2026/08/28 20:06:32.675, 3, 118.26, 100, 0, 61418, 32, 1980
2026/08/28 20:06:37.675, 0, 120.48, 100, 0, 66164, 32, 1980
2026/08/28 20:06:37.675, 1, 121.21, 100, 0, 65782, 30, 1980
2026/08/28 20:06:37.675, 2, 119.34, 100, 0, 62822, 30, 1980
2026/08/28 20:06:37.675, 3, 118.22, 100, 0, 61418, 32, 1980
2026/08/28 20:06:42.675, 0, 120.50, 100, 0, 66164, 32, 1980
2026/08/28 20:06:42.676, 1, 121.20, 100, 0, 65782, 30, 1980
2026/08/28 20:06:42.676, 2, 119.31, 100, 0, 62822, 30, 1980
2026/08/28 20:06:42.676, 3, 118.23, 100, 0, 61418, 32, 1980
2026/08/28 20:06:47.676, 0, 120.52, 100, 0, 66164, 32, 1980
2026/08/28 20:06:47.677, 1, 121.25, 100, 0, 65782, 30, 1980
2026/08/28 20:06:47.678, 2, 119.30, 100, 0, 62822, 30, 1980
2026/08/28 20:06:47.679, 3, 118.26, 100, 0, 61418, 32, 1980
2026/08/28 20:06:52.680, 0, 120.48, 100, 0, 66164, 32, 1980
2026/08/28 20:06:52.681, 1, 121.22, 100, 0, 65782, 30, 1980
2026/08/28 20:06:52.681, 2, 119.32, 100, 0, 62822, 30, 1980
2026/08/28 20:06:52.681, 3, 118.27, 100, 0, 61418, 32, 1980
2026/08/28 20:06:57.681, 0, 120.53, 100, 0, 66164, 32, 1980
2026/08/28 20:06:57.681, 1, 121.21, 100, 0, 65782, 30, 1980
2026/08/28 20:06:57.681, 2, 119.39, 100, 0, 62822, 30, 1980
2026/08/28 20:06:57.681, 3, 118.21, 100, 0, 61418, 32, 1980
2026/08/28 20:07:02.682, 0, 120.55, 100, 0, 66164, 32, 1980
2026/08/28 20:07:02.682, 1, 121.20, 100, 0, 65782, 30, 1980
2026/08/28 20:07:02.682, 2, 119.30, 100, 0, 62822, 30, 1980
2026/08/28 20:07:02.682, 3, 118.25, 100, 0, 61418, 32, 1980
2026/08/28 20:07:07.682, 0, 120.51, 100, 0, 66164, 32, 1980
2026/08/28 20:07:07.682, 1, 121.14, 100, 0, 65782, 30, 1980
2026/08/28 20:07:07.682, 2, 119.26, 100, 0, 62822, 30, 1980
2026/08/28 20:07:07.682, 3, 118.26, 100, 0, 61418, 32, 1980
2026/08/28 20:07:12.683, 0, 120.56, 100, 0, 66164, 32, 1980
2026/08/28 20:07:12.683, 1, 121.10, 100, 0, 65782, 30, 1980
2026/08/28 20:07:12.683, 2, 119.07, 100, 0, 62822, 30, 1980
2026/08/28 20:07:12.683, 3, 118.28, 100, 0, 61418, 32, 1980
2026/08/28 20:07:17.683, 0, 120.60, 100, 0, 66164, 32, 1980
2026/08/28 20:07:17.683, 1, 121.20, 100, 0, 65782, 30, 1980
2026/08/28 20:07:17.683, 2, 119.31, 100, 0, 62822, 30, 1980
2026/08/28 20:07:17.683, 3, 118.20, 100, 0, 61418, 32, 1980
2026/08/28 20:07:22.684, 0, 120.52, 100, 0, 66164, 32, 1980
2026/08/28 20:07:22.684, 1, 121.21, 100, 0, 65782, 30, 1980
2026/08/28 20:07:22.684, 2, 119.18, 100, 0, 62822, 30, 1980
2026/08/28 20:07:22.684, 3, 118.21, 100, 0, 61418, 32, 1980
2026/08/28 20:07:27.684, 0, 120.52, 100, 0, 66164, 32, 1980
2026/08/28 20:07:27.684, 1, 121.18, 100, 0, 65782, 30, 1980
2026/08/28 20:07:27.684, 2, 119.05, 100, 0, 62822, 30, 1980
2026/08/28 20:07:27.684, 3, 118.22, 100, 0, 61418, 32, 1980
2026/08/28 20:07:32.685, 0, 120.53, 100, 0, 66164, 32, 1980
2026/08/28 20:07:32.685, 1, 121.19, 100, 0, 65782, 30, 1980
2026/08/28 20:07:32.685, 2, 119.15, 100, 0, 62822, 30, 1980
2026/08/28 20:07:32.685, 3, 118.24, 100, 0, 61418, 32, 1980
2026/08/28 20:07:37.685, 0, 120.55, 100, 0, 66164, 32, 1980
2026/08/28 20:07:37.685, 1, 121.22, 100, 0, 65782, 30, 1980
2026/08/28 20:07:37.685, 2, 119.10, 100, 0, 62822, 30, 1980
2026/08/28 20:07:37.685, 3, 118.17, 100, 0, 61418, 32, 1980
2026/08/28 20:07:42.686, 0, 120.52, 100, 0, 66164, 32, 1980
2026/08/28 20:07:42.686, 1, 121.23, 100, 0, 65782, 30, 1980
2026/08/28 20:07:42.688, 2, 119.10, 100, 0, 62822, 30, 1980
2026/08/28 20:07:42.689, 3, 118.23, 100, 0, 61418, 32, 1980
2026/08/28 20:07:47.691, 0, 120.53, 100, 0, 66164, 32, 1980
2026/08/28 20:07:47.691, 1, 121.23, 100, 0, 65782, 30, 1980
2026/08/28 20:07:47.691, 2, 119.07, 100, 0, 62822, 30, 1980
2026/08/28 20:07:47.691, 3, 118.22, 100, 0, 61418, 32, 1980
2026/08/28 20:07:52.692, 0, 120.52, 100, 0, 66164, 32, 1980
2026/08/28 20:07:52.692, 1, 121.26, 100, 0, 65782, 30, 1980
2026/08/28 20:07:52.692, 2, 119.23, 100, 0, 62822, 30, 1980
2026/08/28 20:07:52.692, 3, 118.27, 100, 0, 61418, 32, 1980
2026/08/28 20:07:57.692, 0, 120.58, 100, 0, 66164, 32, 1980
2026/08/28 20:07:57.692, 1, 121.25, 100, 0, 65782, 30, 1980
2026/08/28 20:07:57.692, 2, 119.34, 100, 0, 62822, 30, 1980
2026/08/28 20:07:57.692, 3, 118.28, 100, 0, 61418, 32, 1980
2026/08/28 20:08:02.693, 0, 120.56, 100, 0, 66164, 32, 1980
2026/08/28 20:08:02.693, 1, 121.27, 100, 0, 65782, 30, 1980
2026/08/28 20:08:02.693, 2, 119.61, 100, 0, 62822, 30, 1980
2026/08/28 20:08:02.693, 3, 118.28, 100, 0, 61418, 32, 1980
2026/08/28 20:08:07.693, 0, 120.64, 100, 0, 66164, 32, 1980
2026/08/28 20:08:07.693, 1, 121.29, 100, 0, 65782, 30, 1980
2026/08/28 20:08:07.693, 2, 119.63, 100, 0, 62822, 30, 1980
2026/08/28 20:08:07.693, 3, 118.26, 100, 0, 61418, 32, 1980
2026/08/28 20:08:12.694, 0, 120.60, 100, 0, 66164, 32, 1980
2026/08/28 20:08:12.694, 1, 121.28, 100, 0, 65782, 30, 1980
2026/08/28 20:08:12.694, 2, 119.57, 100, 0, 62822, 30, 1980
2026/08/28 20:08:12.694, 3, 118.29, 100, 0, 61418, 32, 1980
2026/08/28 20:08:17.694, 0, 120.53, 100, 0, 66164, 32, 1980
2026/08/28 20:08:17.694, 1, 121.30, 100, 0, 65782, 30, 1980
2026/08/28 20:08:17.694, 2, 119.18, 100, 0, 62822, 30, 1980
2026/08/28 20:08:17.694, 3, 118.26, 100, 0, 61418, 32, 1980
2026/08/28 20:08:22.695, 0, 120.54, 100, 0, 66164, 32, 1980
2026/08/28 20:08:22.695, 1, 121.32, 100, 0, 65782, 30, 1980
2026/08/28 20:08:22.695, 2, 119.32, 100, 0, 62822, 30, 1980
2026/08/28 20:08:22.695, 3, 118.26, 100, 0, 61418, 32, 1980
2026/08/28 20:08:27.695, 0, 120.56, 100, 0, 66164, 32, 1980
2026/08/28 20:08:27.695, 1, 121.33, 100, 0, 65782, 30, 1980
2026/08/28 20:08:27.695, 2, 119.28, 100, 0, 62822, 30, 1980
2026/08/28 20:08:27.695, 3, 118.24, 100, 0, 61418, 32, 1980
2026/08/28 20:08:32.696, 0, 120.63, 100, 0, 66164, 32, 1980
2026/08/28 20:08:32.696, 1, 121.29, 100, 0, 65782, 30, 1980
2026/08/28 20:08:32.696, 2, 119.46, 100, 0, 62822, 30, 1980
2026/08/28 20:08:32.696, 3, 118.34, 100, 0, 61418, 32, 1980
2026/08/28 20:08:37.696, 0, 120.58, 100, 0, 66164, 32, 1980
2026/08/28 20:08:37.696, 1, 121.27, 100, 0, 65782, 30, 1980
2026/08/28 20:08:37.696, 2, 119.28, 100, 0, 62822, 30, 1980
2026/08/28 20:08:37.696, 3, 118.34, 100, 0, 61418, 32, 1980
2026/08/28 20:08:42.697, 0, 120.57, 100, 0, 66164, 32, 1980
2026/08/28 20:08:42.697, 1, 121.21, 100, 0, 65782, 30, 1980
2026/08/28 20:08:42.697, 2, 119.42, 100, 0, 62822, 30, 1980
2026/08/28 20:08:42.697, 3, 118.33, 100, 0, 61418, 32, 1980
2026/08/28 20:08:47.697, 0, 120.60, 100, 0, 66164, 32, 1980
2026/08/28 20:08:47.697, 1, 121.25, 100, 0, 65782, 30, 1980
2026/08/28 20:08:47.697, 2, 119.43, 100, 0, 62822, 30, 1980
2026/08/28 20:08:47.697, 3, 118.36, 100, 0, 61418, 32, 1980
2026/08/28 20:08:52.698, 0, 120.49, 100, 0, 66164, 32, 1980
2026/08/28 20:08:52.698, 1, 121.25, 100, 0, 65782, 30, 1980
2026/08/28 20:08:52.698, 2, 119.40, 100, 0, 62822, 30, 1980
2026/08/28 20:08:52.699, 3, 118.39, 100, 0, 61418, 32, 1980
2026/08/28 20:08:57.700, 0, 120.57, 100, 0, 66164, 32, 1980
2026/08/28 20:08:57.700, 1, 121.29, 100, 0, 65782, 30, 1980
2026/08/28 20:08:57.700, 2, 119.17, 100, 0, 62822, 30, 1980
2026/08/28 20:08:57.700, 3, 118.37, 100, 0, 61418, 32, 1980
2026/08/28 20:09:02.701, 0, 120.55, 100, 0, 66164, 32, 1980
2026/08/28 20:09:02.701, 1, 121.21, 100, 0, 65782, 30, 1980
2026/08/28 20:09:02.701, 2, 119.23, 100, 0, 62822, 30, 1980
2026/08/28 20:09:02.701, 3, 118.37, 100, 0, 61418, 32, 1980
2026/08/28 20:09:07.701, 0, 120.55, 100, 0, 66164, 32, 1980
2026/08/28 20:09:07.701, 1, 121.20, 100, 0, 65782, 30, 1980
2026/08/28 20:09:07.701, 2, 119.46, 100, 0, 62822, 30, 1980
2026/08/28 20:09:07.701, 3, 118.32, 100, 0, 61418, 32, 1980
2026/08/28 20:09:12.702, 0, 120.56, 100, 0, 66164, 32, 1980
2026/08/28 20:09:12.702, 1, 121.23, 100, 0, 65782, 30, 1980
2026/08/28 20:09:12.702, 2, 119.22, 100, 0, 62822, 30, 1980
2026/08/28 20:09:12.702, 3, 118.32, 100, 0, 61418, 32, 1980
2026/08/28 20:09:17.702, 0, 120.59, 100, 0, 66164, 32, 1980
2026/08/28 20:09:17.702, 1, 121.24, 100, 0, 65782, 30, 1980
2026/08/28 20:09:17.702, 2, 119.10, 100, 0, 62822, 30, 1980
2026/08/28 20:09:17.702, 3, 118.32, 100, 0, 61418, 32, 1980
2026/08/28 20:09:22.703, 0, 120.54, 100, 0, 66164, 32, 1980
2026/08/28 20:09:22.703, 1, 121.25, 100, 0, 65782, 30, 1980
2026/08/28 20:09:22.703, 2, 119.22, 100, 0, 62822, 30, 1980
2026/08/28 20:09:22.703, 3, 118.25, 100, 0, 61418, 32, 1980
2026/08/28 20:09:27.703, 0, 120.57, 100, 0, 66164, 32, 1980
2026/08/28 20:09:27.703, 1, 121.30, 100, 0, 65782, 30, 1980
2026/08/28 20:09:27.703, 2, 119.58, 100, 0, 62822, 30, 1980
2026/08/28 20:09:27.703, 3, 118.32, 100, 0, 61418, 32, 1980
2026/08/28 20:09:32.704, 0, 120.63, 100, 0, 66164, 32, 1980
2026/08/28 20:09:32.704, 1, 121.28, 100, 0, 65782, 30, 1980
2026/08/28 20:09:32.704, 2, 119.35, 100, 0, 62822, 30, 1980
2026/08/28 20:09:32.704, 3, 118.32, 100, 0, 61418, 32, 1980
2026/08/28 20:09:37.704, 0, 120.59, 100, 0, 66164, 32, 1980
2026/08/28 20:09:37.704, 1, 121.34, 100, 0, 65782, 30, 1980
2026/08/28 20:09:37.705, 2, 119.14, 100, 0, 62822, 30, 1980
2026/08/28 20:09:37.705, 3, 118.23, 100, 0, 61418, 32, 1980
2026/08/28 20:09:42.705, 0, 120.62, 100, 0, 66164, 32, 1980
2026/08/28 20:09:42.705, 1, 121.24, 100, 0, 65782, 30, 1980
2026/08/28 20:09:42.705, 2, 119.18, 100, 0, 62822, 30, 1980
2026/08/28 20:09:42.705, 3, 118.34, 100, 0, 61418, 32, 1980
2026/08/28 20:09:47.705, 0, 120.57, 100, 0, 66164, 32, 1980
2026/08/28 20:09:47.705, 1, 121.35, 100, 0, 65782, 30, 1980
2026/08/28 20:09:47.706, 2, 119.26, 100, 0, 62822, 30, 1980
2026/08/28 20:09:47.706, 3, 118.31, 100, 0, 61418, 32, 1980
2026/08/28 20:09:52.706, 0, 120.59, 100, 0, 66164, 32, 1980
2026/08/28 20:09:52.706, 1, 121.36, 100, 0, 65782, 30, 1980
2026/08/28 20:09:52.706, 2, 119.16, 100, 0, 62822, 30, 1980
2026/08/28 20:09:52.706, 3, 118.36, 100, 0, 61418, 32, 1980
2026/08/28 20:09:57.706, 0, 120.63, 100, 0, 66164, 32, 1980
2026/08/28 20:09:57.707, 1, 121.34, 100, 0, 65782, 30, 1980
2026/08/28 20:09:57.708, 2, 119.12, 100, 0, 62822, 30, 1980
2026/08/28 20:09:57.710, 3, 118.39, 100, 0, 61418, 32, 1980
2026/08/28 20:10:02.711, 0, 120.55, 100, 0, 66164, 32, 1980
2026/08/28 20:10:02.712, 1, 121.36, 100, 0, 65782, 30, 1980
2026/08/28 20:10:02.712, 2, 119.16, 100, 0, 62822, 30, 1980
2026/08/28 20:10:02.712, 3, 118.32, 100, 0, 61418, 32, 1980
2026/08/28 20:10:07.712, 0, 120.56, 100, 0, 66164, 32, 1980
2026/08/28 20:10:07.712, 1, 121.35, 100, 0, 65782, 30, 1980
2026/08/28 20:10:07.712, 2, 119.21, 100, 0, 62822, 30, 1980
2026/08/28 20:10:07.712, 3, 118.30, 100, 0, 61418, 32, 1980
2026/08/28 20:10:12.712, 0, 120.59, 100, 0, 66164, 32, 1980
2026/08/28 20:10:12.713, 1, 121.36, 100, 0, 65782, 30, 1980
2026/08/28 20:10:12.713, 2, 119.17, 100, 0, 62822, 30, 1980
2026/08/28 20:10:12.713, 3, 118.24, 100, 0, 61418, 32, 1980
2026/08/28 20:10:17.713, 0, 120.62, 100, 0, 66164, 32, 1980
2026/08/28 20:10:17.713, 1, 121.38, 100, 0, 65782, 30, 1980
2026/08/28 20:10:17.713, 2, 119.19, 100, 0, 62822, 30, 1980
2026/08/28 20:10:17.713, 3, 118.31, 100, 0, 61418, 32, 1980
2026/08/28 20:10:22.713, 0, 120.61, 100, 0, 66164, 32, 1980
2026/08/28 20:10:22.714, 1, 121.31, 100, 0, 65782, 30, 1980
2026/08/28 20:10:22.714, 2, 119.15, 100, 0, 62822, 30, 1980
2026/08/28 20:10:22.714, 3, 118.26, 100, 0, 61418, 32, 1980
2026/08/28 20:10:27.714, 0, 120.67, 100, 0, 66164, 32, 1980
2026/08/28 20:10:27.714, 1, 121.29, 100, 0, 65782, 30, 1980
2026/08/28 20:10:27.714, 2, 119.19, 100, 0, 62822, 30, 1980
2026/08/28 20:10:27.714, 3, 118.31, 100, 0, 61418, 32, 1980
2026/08/28 20:10:32.715, 0, 120.63, 100, 0, 66164, 32, 1980
2026/08/28 20:10:32.715, 1, 121.37, 100, 0, 65782, 30, 1980
2026/08/28 20:10:32.715, 2, 119.25, 100, 0, 62822, 30, 1980
2026/08/28 20:10:32.715, 3, 118.30, 100, 0, 61418, 32, 1980
2026/08/28 20:10:37.715, 0, 120.61, 100, 0, 66164, 32, 1980
2026/08/28 20:10:37.715, 1, 121.33, 100, 0, 65782, 30, 1980
2026/08/28 20:10:37.715, 2, 119.16, 100, 0, 62822, 30, 1980
2026/08/28 20:10:37.715, 3, 118.32, 100, 0, 61418, 32, 1980
2026/08/28 20:10:42.716, 0, 120.60, 100, 0, 66164, 32, 1980
2026/08/28 20:10:42.716, 1, 121.37, 100, 0, 65782, 30, 1980
2026/08/28 20:10:42.716, 2, 119.10, 100, 0, 62822, 30, 1980
2026/08/28 20:10:42.716, 3, 118.31, 100, 0, 61418, 32, 1980
2026/08/28 20:10:47.716, 0, 120.55, 100, 0, 66164, 32, 1980
2026/08/28 20:10:47.716, 1, 121.33, 100, 0, 65782, 30, 1980
2026/08/28 20:10:47.716, 2, 119.13, 100, 0, 62822, 30, 1980
2026/08/28 20:10:47.716, 3, 118.28, 100, 0, 61418, 32, 1980
2026/08/28 20:10:52.717, 0, 120.56, 100, 0, 66164, 32, 1980
2026/08/28 20:10:52.717, 1, 121.35, 100, 0, 65782, 30, 1980
2026/08/28 20:10:52.717, 2, 119.21, 100, 0, 62822, 30, 1980
2026/08/28 20:10:52.717, 3, 118.28, 100, 0, 61418, 32, 1980
2026/08/28 20:10:57.717, 0, 120.58, 100, 0, 66164, 32, 1980
2026/08/28 20:10:57.717, 1, 121.38, 100, 0, 65782, 30, 1980
2026/08/28 20:10:57.717, 2, 119.17, 100, 0, 62822, 30, 1980
2026/08/28 20:10:57.717, 3, 118.32, 100, 0, 61418, 32, 1980
2026/08/28 20:11:02.718, 0, 120.62, 100, 0, 66164, 32, 1980
2026/08/28 20:11:02.719, 1, 121.33, 100, 0, 65782, 30, 1980
2026/08/28 20:11:02.720, 2, 119.17, 100, 0, 62822, 30, 1980
2026/08/28 20:11:02.721, 3, 118.32, 100, 0, 61418, 32, 1980
2026/08/28 20:11:07.722, 0, 120.61, 100, 0, 66164, 32, 1980
2026/08/28 20:11:07.722, 1, 121.37, 100, 0, 65782, 30, 1980
2026/08/28 20:11:07.722, 2, 119.38, 100, 0, 62822, 30, 1980
2026/08/28 20:11:07.722, 3, 118.33, 100, 0, 61418, 32, 1980
2026/08/28 20:11:12.722, 0, 120.63, 100, 0, 66164, 32, 1980
2026/08/28 20:11:12.722, 1, 121.36, 100, 0, 65782, 30, 1980
2026/08/28 20:11:12.722, 2, 119.18, 100, 0, 62822, 30, 1980
2026/08/28 20:11:12.722, 3, 118.29, 100, 0, 61418, 32, 1980
2026/08/28 20:11:17.723, 0, 120.60, 100, 0, 66164, 32, 1980
2026/08/28 20:11:17.723, 1, 121.36, 100, 0, 65782, 30, 1980
2026/08/28 20:11:17.723, 2, 119.19, 100, 0, 62822, 30, 1980
2026/08/28 20:11:17.723, 3, 118.26, 100, 0, 61418, 32, 1980
2026/08/28 20:11:22.723, 0, 120.62, 100, 0, 66164, 32, 1980
2026/08/28 20:11:22.723, 1, 121.34, 100, 0, 65782, 30, 1980
2026/08/28 20:11:22.723, 2, 119.35, 100, 0, 62822, 30, 1980
2026/08/28 20:11:22.723, 3, 118.32, 100, 0, 61418, 32, 1980
2026/08/28 20:11:27.724, 0, 120.64, 100, 0, 66164, 32, 1980
2026/08/28 20:11:27.724, 1, 121.35, 100, 0, 65782, 30, 1980
2026/08/28 20:11:27.724, 2, 119.22, 100, 0, 62822, 30, 1980
2026/08/28 20:11:27.724, 3, 118.33, 100, 0, 61418, 32, 1980
2026/08/28 20:11:32.724, 0, 120.67, 100, 0, 66164, 32, 1980
2026/08/28 20:11:32.724, 1, 121.42, 100, 0, 65782, 30, 1980
2026/08/28 20:11:32.724, 2, 119.27, 100, 0, 62822, 30, 1980
2026/08/28 20:11:32.724, 3, 118.36, 100, 0, 61418, 32, 1980
2026/08/28 20:11:37.725, 0, 120.66, 100, 0, 66164, 32, 1980
2026/08/28 20:11:37.725, 1, 121.41, 100, 0, 65782, 30, 1980
2026/08/28 20:11:37.725, 2, 119.29, 100, 0, 62822, 30, 1980
2026/08/28 20:11:37.725, 3, 118.35, 100, 0, 61418, 32, 1980
2026/08/28 20:11:42.725, 0, 120.64, 100, 0, 66164, 32, 1980
2026/08/28 20:11:42.725, 1, 121.35, 100, 0, 65782, 30, 1980
2026/08/28 20:11:42.725, 2, 119.16, 100, 0, 62822, 30, 1980
2026/08/28 20:11:42.725, 3, 118.37, 100, 0, 61418, 32, 1980
2026/08/28 20:11:47.726, 0, 120.67, 100, 0, 66164, 32, 1980
2026/08/28 20:11:47.726, 1, 121.35, 100, 0, 65782, 30, 1980
2026/08/28 20:11:47.726, 2, 119.19, 100, 0, 62822, 30, 1980
2026/08/28 20:11:47.726, 3, 118.30, 100, 0, 61418, 32, 1980
2026/08/28 20:11:52.726, 0, 120.62, 100, 0, 66164, 32, 1980
2026/08/28 20:11:52.726, 1, 121.36, 100, 0, 65782, 30, 1980
2026/08/28 20:11:52.726, 2, 119.17, 100, 0, 62822, 30, 1980
2026/08/28 20:11:52.726, 3, 118.40, 100, 0, 61418, 32, 1980
2026/08/28 20:11:57.727, 0, 120.58, 100, 0, 66164, 32, 1980
2026/08/28 20:11:57.727, 1, 121.37, 100, 0, 65782, 30, 1980
2026/08/28 20:11:57.727, 2, 119.54, 100, 0, 62822, 30, 1980
2026/08/28 20:11:57.727, 3, 118.36, 100, 0, 61418, 32, 1980
2026/08/28 20:12:02.727, 0, 120.59, 100, 0, 66164, 32, 1980
2026/08/28 20:12:02.727, 1, 121.39, 100, 0, 65782, 30, 1980
2026/08/28 20:12:02.727, 2, 119.21, 100, 0, 62822, 30, 1980
2026/08/28 20:12:02.727, 3, 118.30, 100, 0, 61418, 32, 1980
2026/08/28 20:12:07.728, 0, 120.66, 100, 0, 66164, 32, 1980
2026/08/28 20:12:07.728, 1, 121.39, 100, 0, 65782, 30, 1980
2026/08/28 20:12:07.728, 2, 119.19, 100, 0, 62822, 30, 1980
2026/08/28 20:12:07.728, 3, 118.36, 100, 0, 61418, 32, 1980
2026/08/28 20:12:12.728, 0, 120.67, 100, 0, 66164, 32, 1980
2026/08/28 20:12:12.728, 1, 121.43, 100, 0, 65782, 30, 1980
2026/08/28 20:12:12.728, 2, 119.21, 100, 0, 62822, 30, 1980
2026/08/28 20:12:12.728, 3, 118.36, 100, 0, 61418, 32, 1980
2026/08/28 20:12:17.729, 0, 120.67, 100, 0, 66164, 32, 1980
2026/08/28 20:12:17.729, 1, 121.43, 100, 0, 65782, 30, 1980
2026/08/28 20:12:17.729, 2, 119.29, 100, 0, 62822, 30, 1980
2026/08/28 20:12:17.729, 3, 118.41, 100, 0, 61418, 32, 1980
2026/08/28 20:12:22.729, 0, 120.65, 100, 0, 66164, 32, 1980
2026/08/28 20:12:22.729, 1, 121.44, 100, 0, 65782, 31, 1980
2026/08/28 20:12:22.729, 2, 119.40, 100, 0, 62822, 30, 1980
2026/08/28 20:12:22.729, 3, 118.32, 100, 0, 61418, 32, 1980
2026/08/28 20:12:27.730, 0, 120.66, 100, 0, 66164, 32, 1980
2026/08/28 20:12:27.730, 1, 121.52, 100, 0, 65782, 31, 1980
2026/08/28 20:12:27.730, 2, 119.32, 100, 0, 62822, 30, 1980
2026/08/28 20:12:27.730, 3, 118.47, 100, 0, 61418, 32, 1980
2026/08/28 20:12:32.730, 0, 120.68, 100, 0, 66164, 32, 1980
2026/08/28 20:12:32.730, 1, 121.49, 100, 0, 65782, 31, 1980
2026/08/28 20:12:32.730, 2, 119.31, 100, 0, 62822, 31, 1980
2026/08/28 20:12:32.730, 3, 118.38, 100, 0, 61418, 32, 1980
2026/08/28 20:12:37.731, 0, 120.69, 100, 0, 66164, 32, 1980
2026/08/28 20:12:37.731, 1, 121.47, 100, 0, 65782, 31, 1980
2026/08/28 20:12:37.731, 2, 119.28, 100, 0, 62822, 31, 1980
2026/08/28 20:12:37.731, 3, 118.43, 100, 0, 61418, 32, 1980
2026/08/28 20:12:42.731, 0, 120.71, 100, 0, 66164, 33, 1980
2026/08/28 20:12:42.731, 1, 121.55, 100, 0, 65782, 31, 1980
2026/08/28 20:12:42.731, 2, 119.28, 100, 0, 62822, 31, 1980
2026/08/28 20:12:42.731, 3, 118.44, 100, 0, 61418, 32, 1980
2026/08/28 20:12:47.731, 0, 120.68, 100, 0, 66164, 33, 1980
2026/08/28 20:12:47.732, 1, 121.54, 100, 0, 65782, 31, 1980
2026/08/28 20:12:47.732, 2, 119.39, 100, 0, 62822, 31, 1980
2026/08/28 20:12:47.732, 3, 118.40, 100, 0, 61418, 32, 1980
2026/08/28 20:12:52.732, 0, 120.69, 100, 0, 66164, 33, 1980
2026/08/28 20:12:52.732, 1, 121.53, 100, 0, 65782, 31, 1980
2026/08/28 20:12:52.732, 2, 119.30, 100, 0, 62822, 31, 1980
2026/08/28 20:12:52.732, 3, 118.47, 100, 0, 61418, 32, 1980
2026/08/28 20:12:57.732, 0, 120.75, 100, 0, 66164, 33, 1980
2026/08/28 20:12:57.733, 1, 121.42, 100, 0, 65782, 31, 1980
2026/08/28 20:12:57.733, 2, 119.31, 100, 0, 62822, 30, 1980
2026/08/28 20:12:57.733, 3, 118.43, 100, 0, 61418, 32, 1980
2026/08/28 20:13:02.733, 0, 120.71, 100, 0, 66164, 33, 1980
2026/08/28 20:13:02.733, 1, 121.46, 100, 0, 65782, 31, 1980
2026/08/28 20:13:02.733, 2, 119.28, 100, 0, 62822, 30, 1980
2026/08/28 20:13:02.733, 3, 118.49, 100, 0, 61418, 32, 1980
2026/08/28 20:13:07.734, 0, 120.75, 100, 0, 66164, 33, 1980
2026/08/28 20:13:07.734, 1, 121.46, 100, 0, 65782, 31, 1980
2026/08/28 20:13:07.734, 2, 119.26, 100, 0, 62822, 30, 1980
2026/08/28 20:13:07.734, 3, 118.46, 100, 0, 61418, 32, 1980
2026/08/28 20:13:12.734, 0, 120.78, 100, 0, 66164, 33, 1980
2026/08/28 20:13:12.734, 1, 121.44, 100, 0, 65782, 30, 1980
2026/08/28 20:13:12.734, 2, 119.25, 100, 0, 62822, 30, 1980
2026/08/28 20:13:12.734, 3, 118.50, 100, 0, 61418, 32, 1980
2026/08/28 20:13:17.735, 0, 120.79, 100, 0, 66164, 33, 1980
2026/08/28 20:13:17.735, 1, 121.43, 100, 0, 65782, 30, 1980
2026/08/28 20:13:17.735, 2, 119.24, 100, 0, 62822, 30, 1980
2026/08/28 20:13:17.735, 3, 118.43, 100, 0, 61418, 32, 1980
2026/08/28 20:13:22.735, 0, 120.75, 100, 0, 66164, 33, 1980
2026/08/28 20:13:22.735, 1, 121.42, 100, 0, 65782, 30, 1980
2026/08/28 20:13:22.735, 2, 119.21, 100, 0, 62822, 30, 1980
2026/08/28 20:13:22.735, 3, 118.47, 100, 0, 61418, 32, 1980
2026/08/28 20:13:27.736, 0, 120.62, 100, 0, 66164, 33, 1980
2026/08/28 20:13:27.736, 1, 121.43, 100, 0, 65782, 30, 1980
2026/08/28 20:13:27.737, 2, 119.25, 100, 0, 62822, 30, 1980
2026/08/28 20:13:27.739, 3, 118.46, 100, 0, 61418, 32, 1980
2026/08/28 20:13:32.740, 0, 120.74, 100, 0, 66164, 33, 1980
2026/08/28 20:13:32.740, 1, 121.40, 100, 0, 65782, 30, 1980
2026/08/28 20:13:32.740, 2, 119.21, 100, 0, 62822, 30, 1980
2026/08/28 20:13:32.740, 3, 118.54, 100, 0, 61418, 32, 1980
2026/08/28 20:13:37.740, 0, 120.71, 100, 0, 66164, 32, 1980
2026/08/28 20:13:37.740, 1, 121.40, 100, 0, 65782, 30, 1980
2026/08/28 20:13:37.740, 2, 119.18, 100, 0, 62822, 30, 1980
2026/08/28 20:13:37.740, 3, 118.43, 100, 0, 61418, 32, 1980
2026/08/28 20:13:42.741, 0, 120.68, 100, 0, 66164, 32, 1980
2026/08/28 20:13:42.741, 1, 121.38, 100, 0, 65782, 30, 1980
2026/08/28 20:13:42.741, 2, 119.22, 100, 0, 62822, 30, 1980
2026/08/28 20:13:42.741, 3, 118.45, 100, 0, 61418, 32, 1980
2026/08/28 20:13:47.741, 0, 120.72, 100, 0, 66164, 32, 1980
2026/08/28 20:13:47.741, 1, 121.42, 100, 0, 65782, 30, 1980
2026/08/28 20:13:47.742, 2, 119.17, 100, 0, 62822, 30, 1980
2026/08/28 20:13:47.742, 3, 118.43, 100, 0, 61418, 32, 1980
2026/08/28 20:13:52.742, 0, 120.65, 100, 0, 66164, 32, 1980
2026/08/28 20:13:52.742, 1, 121.38, 100, 0, 65782, 30, 1980
2026/08/28 20:13:52.742, 2, 119.17, 100, 0, 62822, 30, 1980
2026/08/28 20:13:52.742, 3, 118.37, 100, 0, 61418, 32, 1980
2026/08/28 20:13:57.742, 0, 120.70, 100, 0, 66164, 32, 1980
2026/08/28 20:13:57.743, 1, 121.37, 100, 0, 65782, 30, 1980
2026/08/28 20:13:57.743, 2, 119.17, 100, 0, 62822, 30, 1980
2026/08/28 20:13:57.743, 3, 118.46, 100, 0, 61418, 32, 1980
2026/08/28 20:14:02.743, 0, 120.68, 100, 0, 66164, 32, 1980
2026/08/28 20:14:02.743, 1, 121.40, 100, 0, 65782, 30, 1980
2026/08/28 20:14:02.743, 2, 119.18, 100, 0, 62822, 30, 1980
2026/08/28 20:14:02.743, 3, 118.40, 100, 0, 61418, 32, 1980
2026/08/28 20:14:07.744, 0, 120.65, 100, 0, 66164, 32, 1980
2026/08/28 20:14:07.744, 1, 121.35, 100, 0, 65782, 30, 1980
2026/08/28 20:14:07.744, 2, 119.19, 100, 0, 62822, 30, 1980
2026/08/28 20:14:07.744, 3, 118.40, 100, 0, 61418, 32, 1980
2026/08/28 20:14:12.744, 0, 120.74, 100, 0, 66164, 32, 1980
2026/08/28 20:14:12.744, 1, 121.40, 100, 0, 65782, 30, 1980
2026/08/28 20:14:12.744, 2, 119.14, 100, 0, 62822, 30, 1980
2026/08/28 20:14:12.744, 3, 118.42, 100, 0, 61418, 32, 1980
2026/08/28 20:14:17.745, 0, 120.69, 100, 0, 66164, 32, 1980
2026/08/28 20:14:17.745, 1, 121.28, 100, 0, 65782, 30, 1980
2026/08/28 20:14:17.745, 2, 119.13, 100, 0, 62822, 30, 1980
2026/08/28 20:14:17.745, 3, 118.40, 100, 0, 61418, 32, 1980
2026/08/28 20:14:22.745, 0, 120.70, 100, 0, 66164, 32, 1980
2026/08/28 20:14:22.745, 1, 121.29, 100, 0, 65782, 30, 1980
2026/08/28 20:14:22.745, 2, 119.10, 100, 0, 62822, 30, 1980
2026/08/28 20:14:22.745, 3, 118.34, 100, 0, 61418, 32, 1980
2026/08/28 20:14:27.746, 0, 120.61, 100, 0, 66164, 32, 1980
2026/08/28 20:14:27.746, 1, 121.34, 100, 0, 65782, 30, 1980
2026/08/28 20:14:27.746, 2, 119.09, 100, 0, 62822, 30, 1980
2026/08/28 20:14:27.746, 3, 118.38, 100, 0, 61418, 32, 1980
2026/08/28 20:14:32.746, 0, 120.66, 100, 0, 66164, 32, 1980
2026/08/28 20:14:32.746, 1, 121.36, 100, 0, 65782, 30, 1980
2026/08/28 20:14:32.746, 2, 119.11, 100, 0, 62822, 30, 1980
2026/08/28 20:14:32.746, 3, 118.37, 100, 0, 61418, 32, 1980
2026/08/28 20:14:37.747, 0, 120.59, 100, 0, 66164, 32, 1980
2026/08/28 20:14:37.747, 1, 121.28, 100, 0, 65782, 30, 1980
2026/08/28 20:14:37.747, 2, 119.07, 100, 0, 62822, 30, 1980
2026/08/28 20:14:37.747, 3, 118.35, 100, 0, 61418, 32, 1980
2026/08/28 20:14:42.747, 0, 120.64, 100, 0, 66164, 32, 1980
2026/08/28 20:14:42.747, 1, 121.29, 100, 0, 65782, 30, 1980
2026/08/28 20:14:42.747, 2, 119.20, 100, 0, 62822, 30, 1980
2026/08/28 20:14:42.747, 3, 118.33, 100, 0, 61418, 32, 1980
2026/08/28 20:14:47.748, 0, 120.60, 100, 0, 66164, 32, 1980
2026/08/28 20:14:47.748, 1, 121.30, 100, 0, 65782, 30, 1980
2026/08/28 20:14:47.748, 2, 119.41, 100, 0, 62822, 30, 1980
2026/08/28 20:14:47.748, 3, 118.35, 100, 0, 61418, 32, 1980
2026/08/28 20:14:52.748, 0, 120.65, 100, 0, 66164, 32, 1980
2026/08/28 20:14:52.749, 1, 121.32, 100, 0, 65782, 30, 1980
2026/08/28 20:14:52.749, 2, 119.22, 100, 0, 62822, 30, 1980
2026/08/28 20:14:52.749, 3, 118.35, 100, 0, 61418, 32, 1980
2026/08/28 20:14:57.749, 0, 120.55, 100, 0, 66164, 32, 1980
2026/08/28 20:14:57.749, 1, 121.31, 100, 0, 65782, 30, 1980
2026/08/28 20:14:57.749, 2, 119.19, 100, 0, 62822, 30, 1980
2026/08/28 20:14:57.749, 3, 118.37, 100, 0, 61418, 32, 1980
2026/08/28 20:15:02.749, 0, 120.56, 100, 0, 66164, 32, 1980
2026/08/28 20:15:02.750, 1, 121.25, 100, 0, 65782, 30, 1980
2026/08/28 20:15:02.750, 2, 119.18, 100, 0, 62822, 30, 1980
2026/08/28 20:15:02.750, 3, 118.36, 100, 0, 61418, 32, 1980
2026/08/28 20:15:07.750, 0, 120.61, 100, 0, 66164, 32, 1980
2026/08/28 20:15:07.750, 1, 121.22, 100, 0, 65782, 30, 1980
2026/08/28 20:15:07.750, 2, 119.10, 100, 0, 62822, 30, 1980
2026/08/28 20:15:07.750, 3, 118.33, 100, 0, 61418, 32, 1980
2026/08/28 20:15:12.751, 0, 120.60, 100, 0, 66164, 32, 1980
2026/08/28 20:15:12.751, 1, 121.26, 100, 0, 65782, 30, 1980
2026/08/28 20:15:12.751, 2, 119.07, 100, 0, 62822, 30, 1980
2026/08/28 20:15:12.751, 3, 118.32, 100, 0, 61418, 32, 1980
2026/08/28 20:15:17.751, 0, 120.61, 100, 0, 66164, 32, 1980
2026/08/28 20:15:17.751, 1, 121.26, 100, 0, 65782, 30, 1980
2026/08/28 20:15:17.751, 2, 119.10, 100, 0, 62822, 30, 1980
2026/08/28 20:15:17.751, 3, 118.28, 100, 0, 61418, 32, 1980
2026/08/28 20:15:22.752, 0, 120.62, 100, 0, 66164, 32, 1980
2026/08/28 20:15:22.752, 1, 121.22, 100, 0, 65782, 30, 1980
2026/08/28 20:15:22.752, 2, 119.18, 100, 0, 62822, 30, 1980
2026/08/28 20:15:22.752, 3, 118.34, 100, 0, 61418, 32, 1980
2026/08/28 20:15:27.752, 0, 120.58, 100, 0, 66164, 32, 1980
2026/08/28 20:15:27.752, 1, 121.21, 100, 0, 65782, 30, 1980
2026/08/28 20:15:27.752, 2, 119.04, 100, 0, 62822, 30, 1980
2026/08/28 20:15:27.752, 3, 118.33, 100, 0, 61418, 32, 1980
2026/08/28 20:15:32.753, 0, 120.57, 100, 0, 66164, 32, 1980
2026/08/28 20:15:32.753, 1, 121.18, 100, 0, 65782, 30, 1980
2026/08/28 20:15:32.753, 2, 119.14, 100, 0, 62822, 30, 1980
2026/08/28 20:15:32.753, 3, 118.33, 100, 0, 61418, 32, 1980
2026/08/28 20:15:37.753, 0, 120.56, 100, 0, 66164, 32, 1980
2026/08/28 20:15:37.753, 1, 121.18, 100, 0, 65782, 30, 1980
2026/08/28 20:15:37.753, 2, 119.06, 100, 0, 62822, 30, 1980
2026/08/28 20:15:37.753, 3, 118.31, 100, 0, 61418, 32, 1980
2026/08/28 20:15:42.754, 0, 120.54, 100, 0, 66164, 32, 1980
2026/08/28 20:15:42.754, 1, 121.24, 100, 0, 65782, 30, 1980
2026/08/28 20:15:42.754, 2, 119.05, 100, 0, 62822, 30, 1980
2026/08/28 20:15:42.754, 3, 118.34, 100, 0, 61418, 32, 1980
2026/08/28 20:15:47.754, 0, 120.56, 100, 0, 66164, 32, 1980
2026/08/28 20:15:47.754, 1, 121.24, 100, 0, 65782, 30, 1980
2026/08/28 20:15:47.754, 2, 119.16, 100, 0, 62822, 30, 1980
2026/08/28 20:15:47.754, 3, 118.24, 100, 0, 61418, 32, 1980
2026/08/28 20:15:52.755, 0, 120.55, 100, 0, 66164, 32, 1980
2026/08/28 20:15:52.755, 1, 121.21, 100, 0, 65782, 30, 1980
2026/08/28 20:15:52.755, 2, 119.14, 100, 0, 62822, 30, 1980
2026/08/28 20:15:52.755, 3, 118.32, 100, 0, 61418, 32, 1980
2026/08/28 20:15:57.755, 0, 120.54, 100, 0, 66164, 32, 1980
2026/08/28 20:15:57.756, 1, 121.17, 100, 0, 65782, 30, 1980
2026/08/28 20:15:57.756, 2, 119.14, 100, 0, 62822, 30, 1980
2026/08/28 20:15:57.756, 3, 118.19, 100, 0, 61418, 32, 1980
2026/08/28 20:16:02.756, 0, 120.54, 100, 0, 66164, 32, 1980
2026/08/28 20:16:02.756, 1, 121.18, 100, 0, 65782, 30, 1980
2026/08/28 20:16:02.756, 2, 119.29, 100, 0, 62822, 30, 1980
2026/08/28 20:16:02.756, 3, 118.29, 100, 0, 61418, 32, 1980
2026/08/28 20:16:07.756, 0, 120.54, 100, 0, 66164, 32, 1980
2026/08/28 20:16:07.757, 1, 121.21, 100, 0, 65782, 30, 1980
2026/08/28 20:16:07.757, 2, 119.13, 100, 0, 62822, 30, 1980
2026/08/28 20:16:07.757, 3, 118.29, 100, 0, 61418, 32, 1980
2026/08/28 20:16:12.757, 0, 120.58, 100, 0, 66164, 32, 1980
2026/08/28 20:16:12.757, 1, 121.77, 100, 0, 65782, 30, 1980
2026/08/28 20:16:12.757, 2, 118.95, 100, 0, 62822, 30, 1980
2026/08/28 20:16:12.757, 3, 118.24, 100, 0, 61418, 32, 1980
2026/08/28 20:16:17.757, 0, 120.52, 100, 0, 66164, 32, 1980
2026/08/28 20:16:17.758, 1, 121.41, 100, 0, 65782, 30, 1980
2026/08/28 20:16:17.758, 2, 119.01, 100, 0, 62822, 30, 1980
2026/08/28 20:16:17.758, 3, 118.31, 100, 0, 61418, 32, 1980
2026/08/28 20:16:22.758, 0, 120.54, 100, 0, 66164, 32, 1980
2026/08/28 20:16:22.758, 1, 121.77, 100, 0, 65782, 30, 1980
2026/08/28 20:16:22.758, 2, 119.22, 100, 0, 62822, 30, 1980
2026/08/28 20:16:22.758, 3, 118.28, 100, 0, 61418, 32, 1980
2026/08/28 20:16:27.759, 0, 120.53, 100, 0, 66164, 32, 1980
2026/08/28 20:16:27.759, 1, 121.76, 100, 0, 65782, 30, 1980
2026/08/28 20:16:27.759, 2, 119.24, 100, 0, 62822, 30, 1980
2026/08/28 20:16:27.759, 3, 118.26, 100, 0, 61418, 32, 1980
2026/08/28 20:16:32.759, 0, 120.55, 100, 0, 66164, 32, 1980
2026/08/28 20:16:32.759, 1, 121.75, 100, 0, 65782, 30, 1980
2026/08/28 20:16:32.759, 2, 118.99, 100, 0, 62822, 30, 1980
2026/08/28 20:16:32.759, 3, 118.28, 100, 0, 61418, 32, 1980
2026/08/28 20:16:37.760, 0, 120.52, 100, 0, 66164, 32, 1980
2026/08/28 20:16:37.760, 1, 121.80, 100, 0, 65782, 30, 1980
2026/08/28 20:16:37.760, 2, 118.96, 100, 0, 62822, 30, 1980
2026/08/28 20:16:37.760, 3, 118.26, 100, 0, 61418, 32, 1980
2026/08/28 20:16:42.760, 0, 120.46, 100, 0, 66164, 32, 1980
2026/08/28 20:16:42.760, 1, 121.78, 100, 0, 65782, 30, 1980
2026/08/28 20:16:42.760, 2, 118.92, 100, 0, 62822, 30, 1980
2026/08/28 20:16:42.760, 3, 118.23, 100, 0, 61418, 32, 1980
2026/08/28 20:16:47.761, 0, 120.55, 100, 0, 66164, 32, 1980
2026/08/28 20:16:47.761, 1, 121.79, 100, 0, 65782, 30, 1980
2026/08/28 20:16:47.761, 2, 118.95, 100, 0, 62822, 30, 1980
2026/08/28 20:16:47.761, 3, 118.25, 100, 0, 61418, 32, 1980
2026/08/28 20:16:52.761, 0, 120.47, 100, 0, 66164, 32, 1980
2026/08/28 20:16:52.761, 1, 121.77, 100, 0, 65782, 30, 1980
2026/08/28 20:16:52.761, 2, 118.98, 100, 0, 62822, 30, 1980
2026/08/28 20:16:52.761, 3, 118.24, 100, 0, 61418, 32, 1980
2026/08/28 20:16:57.762, 0, 120.46, 100, 0, 66164, 32, 1980
2026/08/28 20:16:57.762, 1, 121.76, 100, 0, 65782, 30, 1980
2026/08/28 20:16:57.762, 2, 118.97, 100, 0, 62822, 30, 1980
2026/08/28 20:16:57.762, 3, 118.23, 100, 0, 61418, 32, 1980
2026/08/28 20:17:02.762, 0, 120.48, 100, 0, 66164, 32, 1980
2026/08/28 20:17:02.762, 1, 121.72, 100, 0, 65782, 30, 1980
2026/08/28 20:17:02.762, 2, 118.96, 100, 0, 62822, 30, 1980
2026/08/28 20:17:02.762, 3, 118.18, 100, 0, 61418, 32, 1980
2026/08/28 20:17:07.763, 0, 120.51, 100, 0, 66164, 32, 1980
2026/08/28 20:17:07.763, 1, 121.78, 100, 0, 65782, 30, 1980
2026/08/28 20:17:07.763, 2, 119.08, 100, 0, 62822, 30, 1980
2026/08/28 20:17:07.763, 3, 118.18, 100, 0, 61418, 32, 1980
2026/08/28 20:17:12.763, 0, 120.46, 100, 0, 66164, 32, 1980
2026/08/28 20:17:12.763, 1, 121.74, 100, 0, 65782, 30, 1980
2026/08/28 20:17:12.763, 2, 119.10, 100, 0, 62822, 30, 1980
2026/08/28 20:17:12.763, 3, 118.23, 100, 0, 61418, 32, 1980
2026/08/28 20:17:17.764, 0, 120.49, 100, 0, 66164, 32, 1980
2026/08/28 20:17:17.764, 1, 121.68, 100, 0, 65782, 30, 1980
2026/08/28 20:17:17.764, 2, 119.10, 100, 0, 62822, 30, 1980
2026/08/28 20:17:17.764, 3, 118.23, 100, 0, 61418, 32, 1980
2026/08/28 20:17:22.764, 0, 120.56, 100, 0, 66164, 32, 1980
2026/08/28 20:17:22.764, 1, 121.79, 100, 0, 65782, 30, 1980
2026/08/28 20:17:22.764, 2, 119.20, 100, 0, 62822, 30, 1980
2026/08/28 20:17:22.765, 3, 118.24, 100, 0, 61418, 32, 1980
2026/08/28 20:17:27.765, 0, 120.49, 100, 0, 66164, 32, 1980
2026/08/28 20:17:27.765, 1, 121.75, 100, 0, 65782, 30, 1980
2026/08/28 20:17:27.765, 2, 118.99, 100, 0, 62822, 30, 1980
2026/08/28 20:17:27.765, 3, 118.21, 100, 0, 61418, 32, 1980
2026/08/28 20:17:32.765, 0, 120.50, 100, 0, 66164, 32, 1980
2026/08/28 20:17:32.766, 1, 121.74, 100, 0, 65782, 30, 1980
2026/08/28 20:17:32.766, 2, 118.94, 100, 0, 62822, 30, 1980
2026/08/28 20:17:32.766, 3, 118.21, 100, 0, 61418, 32, 1980
2026/08/28 20:17:37.766, 0, 120.51, 100, 0, 66164, 32, 1980
2026/08/28 20:17:37.766, 1, 121.81, 100, 0, 65782, 30, 1980
2026/08/28 20:17:37.766, 2, 118.98, 100, 0, 62822, 30, 1980
2026/08/28 20:17:37.766, 3, 118.27, 100, 0, 61418, 32, 1980
2026/08/28 20:17:42.766, 0, 120.45, 100, 0, 66164, 32, 1980
2026/08/28 20:17:42.767, 1, 121.77, 100, 0, 65782, 30, 1980
2026/08/28 20:17:42.767, 2, 118.99, 100, 0, 62822, 30, 1980
2026/08/28 20:17:42.767, 3, 118.16, 100, 0, 61418, 32, 1980
2026/08/28 20:17:47.767, 0, 120.47, 100, 0, 66164, 32, 1980
2026/08/28 20:17:47.767, 1, 121.83, 100, 0, 65782, 30, 1980
2026/08/28 20:17:47.767, 2, 118.99, 100, 0, 62822, 30, 1980
2026/08/28 20:17:47.767, 3, 118.23, 100, 0, 61418, 32, 1980
2026/08/28 20:17:52.767, 0, 120.54, 100, 0, 66164, 32, 1980
2026/08/28 20:17:52.768, 1, 121.80, 100, 0, 65782, 30, 1980
2026/08/28 20:17:52.768, 2, 119.12, 100, 0, 62822, 30, 1980
2026/08/28 20:17:52.768, 3, 118.22, 100, 0, 61418, 32, 1980
2026/08/28 20:17:57.768, 0, 120.54, 100, 0, 66164, 32, 1980
2026/08/28 20:17:57.768, 1, 121.84, 100, 0, 65782, 30, 1980
2026/08/28 20:17:57.768, 2, 118.98, 100, 0, 62822, 30, 1980
2026/08/28 20:17:57.768, 3, 118.20, 100, 0, 61418, 32, 1980
2026/08/28 20:18:02.768, 0, 120.53, 100, 0, 66164, 32, 1980
2026/08/28 20:18:02.769, 1, 121.79, 100, 0, 65782, 30, 1980
2026/08/28 20:18:02.769, 2, 119.22, 100, 0, 62822, 30, 1980
2026/08/28 20:18:02.769, 3, 118.25, 100, 0, 61418, 32, 1980
2026/08/28 20:18:07.769, 0, 120.53, 100, 0, 66164, 32, 1980
2026/08/28 20:18:07.769, 1, 121.78, 100, 0, 65782, 30, 1980
2026/08/28 20:18:07.769, 2, 119.34, 100, 0, 62822, 30, 1980
2026/08/28 20:18:07.769, 3, 118.23, 100, 0, 61418, 32, 1980
2026/08/28 20:18:12.769, 0, 120.51, 100, 0, 66164, 32, 1980
2026/08/28 20:18:12.770, 1, 121.80, 100, 0, 65782, 30, 1980
2026/08/28 20:18:12.770, 2, 119.24, 100, 0, 62822, 30, 1980
2026/08/28 20:18:12.770, 3, 118.25, 100, 0, 61418, 32, 1980
2026/08/28 20:18:17.770, 0, 120.51, 100, 0, 66164, 32, 1980
2026/08/28 20:18:17.770, 1, 121.77, 100, 0, 65782, 30, 1980
2026/08/28 20:18:17.770, 2, 119.29, 100, 0, 62822, 30, 1980
2026/08/28 20:18:17.770, 3, 118.25, 100, 0, 61418, 32, 1980
2026/08/28 20:18:22.771, 0, 120.45, 100, 0, 66164, 32, 1980
2026/08/28 20:18:22.771, 1, 121.72, 100, 0, 65782, 30, 1980
2026/08/28 20:18:22.771, 2, 119.21, 100, 0, 62822, 30, 1980
2026/08/28 20:18:22.771, 3, 118.21, 100, 0, 61418, 32, 1980
2026/08/28 20:18:27.771, 0, 120.50, 100, 0, 66164, 32, 1980
2026/08/28 20:18:27.771, 1, 121.74, 100, 0, 65782, 30, 1980
2026/08/28 20:18:27.771, 2, 119.07, 100, 0, 62822, 30, 1980
2026/08/28 20:18:27.771, 3, 118.20, 100, 0, 61418, 32, 1980
2026/08/28 20:18:32.772, 0, 120.53, 100, 0, 66164, 32, 1980
2026/08/28 20:18:32.772, 1, 121.78, 100, 0, 65782, 30, 1980
2026/08/28 20:18:32.772, 2, 119.41, 100, 0, 62822, 30, 1980
2026/08/28 20:18:32.772, 3, 118.23, 100, 0, 61418, 32, 1980
2026/08/28 20:18:37.772, 0, 120.47, 100, 0, 66164, 32, 1980
2026/08/28 20:18:37.772, 1, 121.75, 100, 0, 65782, 30, 1980
2026/08/28 20:18:37.772, 2, 119.22, 100, 0, 62822, 30, 1980
2026/08/28 20:18:37.772, 3, 118.21, 100, 0, 61418, 32, 1980
2026/08/28 20:18:42.773, 0, 120.49, 100, 0, 66164, 32, 1980
2026/08/28 20:18:42.773, 1, 121.81, 100, 0, 65782, 30, 1980
2026/08/28 20:18:42.773, 2, 119.28, 100, 0, 62822, 30, 1980
2026/08/28 20:18:42.773, 3, 118.21, 100, 0, 61418, 32, 1980
2026/08/28 20:18:47.773, 0, 120.52, 100, 0, 66164, 32, 1980
2026/08/28 20:18:47.773, 1, 121.77, 100, 0, 65782, 30, 1980
2026/08/28 20:18:47.773, 2, 119.18, 100, 0, 62822, 30, 1980
2026/08/28 20:18:47.773, 3, 118.22, 100, 0, 61418, 32, 1980
2026/08/28 20:18:52.774, 0, 120.50, 100, 0, 66164, 32, 1980
2026/08/28 20:18:52.774, 1, 121.72, 100, 0, 65782, 30, 1980
2026/08/28 20:18:52.775, 2, 119.26, 100, 0, 62822, 30, 1980
2026/08/28 20:18:52.776, 3, 118.24, 100, 0, 61418, 32, 1980
2026/08/28 20:18:57.777, 0, 120.47, 100, 0, 66164, 32, 1980
2026/08/28 20:18:57.777, 1, 121.75, 100, 0, 65782, 30, 1980
2026/08/28 20:18:57.777, 2, 119.22, 100, 0, 62822, 30, 1980
2026/08/28 20:18:57.777, 3, 118.23, 100, 0, 61418, 32, 1980
2026/08/28 20:19:02.777, 0, 120.50, 100, 0, 66164, 32, 1980
2026/08/28 20:19:02.777, 1, 121.74, 100, 0, 65782, 30, 1980
2026/08/28 20:19:02.777, 2, 119.19, 100, 0, 62822, 30, 1980
2026/08/28 20:19:02.777, 3, 118.23, 100, 0, 61418, 32, 1980
2026/08/28 20:19:07.778, 0, 120.50, 100, 0, 66164, 32, 1980
2026/08/28 20:19:07.778, 1, 121.74, 100, 0, 65782, 30, 1980
2026/08/28 20:19:07.778, 2, 119.56, 100, 0, 62822, 30, 1980
2026/08/28 20:19:07.778, 3, 118.19, 100, 0, 61418, 32, 1980
2026/08/28 20:19:12.778, 0, 120.49, 100, 0, 66164, 32, 1980
2026/08/28 20:19:12.778, 1, 121.77, 100, 0, 65782, 30, 1980
2026/08/28 20:19:12.778, 2, 119.31, 100, 0, 62822, 30, 1980
2026/08/28 20:19:12.778, 3, 118.21, 100, 0, 61418, 32, 1980
2026/08/28 20:19:17.779, 0, 120.50, 100, 0, 66164, 32, 1980
2026/08/28 20:19:17.779, 1, 121.81, 100, 0, 65782, 30, 1980
2026/08/28 20:19:17.779, 2, 119.54, 100, 0, 62822, 30, 1980
2026/08/28 20:19:17.779, 3, 118.23, 100, 0, 61418, 32, 1980
2026/08/28 20:19:22.779, 0, 120.51, 100, 0, 66164, 32, 1980
2026/08/28 20:19:22.782, 1, 121.82, 100, 0, 65782, 30, 1980
2026/08/28 20:19:22.784, 2, 119.25, 100, 0, 62822, 30, 1980
2026/08/28 20:19:22.786, 3, 118.22, 100, 0, 61418, 32, 1980
2026/08/28 20:19:27.786, 0, 120.45, 100, 0, 66164, 32, 1980
2026/08/28 20:19:27.786, 1, 121.79, 100, 0, 65782, 30, 1980
2026/08/28 20:19:27.786, 2, 119.13, 100, 0, 62822, 30, 1980
2026/08/28 20:19:27.786, 3, 118.25, 100, 0, 61418, 32, 1980
2026/08/28 20:19:32.787, 0, 120.51, 100, 0, 66164, 32, 1980
2026/08/28 20:19:32.787, 1, 121.77, 100, 0, 65782, 30, 1980
2026/08/28 20:19:32.787, 2, 119.13, 100, 0, 62822, 30, 1980
2026/08/28 20:19:32.787, 3, 118.27, 100, 0, 61418, 32, 1980
2026/08/28 20:19:37.787, 0, 120.50, 100, 0, 66164, 32, 1980
2026/08/28 20:19:37.787, 1, 121.86, 100, 0, 65782, 30, 1980
2026/08/28 20:19:37.787, 2, 119.10, 100, 0, 62822, 30, 1980
2026/08/28 20:19:37.787, 3, 118.23, 100, 0, 61418, 32, 1980
2026/08/28 20:19:42.788, 0, 120.49, 100, 0, 66164, 32, 1980
2026/08/28 20:19:42.788, 1, 121.23, 100, 0, 65782, 30, 1980
2026/08/28 20:19:42.788, 2, 119.25, 100, 0, 62822, 30, 1980
2026/08/28 20:19:42.788, 3, 118.22, 100, 0, 61418, 32, 1980
2026/08/28 20:19:47.788, 0, 120.52, 100, 0, 66164, 32, 1980
2026/08/28 20:19:47.788, 1, 121.18, 100, 0, 65782, 30, 1980
2026/08/28 20:19:47.788, 2, 119.24, 100, 0, 62822, 30, 1980
2026/08/28 20:19:47.788, 3, 118.29, 100, 0, 61418, 32, 1980
2026/08/28 20:19:52.789, 0, 120.53, 100, 0, 66164, 32, 1980
2026/08/28 20:19:52.789, 1, 121.21, 100, 0, 65782, 30, 1980
2026/08/28 20:19:52.789, 2, 119.43, 100, 0, 62822, 30, 1980
2026/08/28 20:19:52.789, 3, 118.26, 100, 0, 61418, 32, 1980
2026/08/28 20:19:57.789, 0, 120.53, 100, 0, 66164, 32, 1980
2026/08/28 20:19:57.789, 1, 121.25, 100, 0, 65782, 30, 1980
2026/08/28 20:19:57.789, 2, 119.25, 100, 0, 62822, 30, 1980
2026/08/28 20:19:57.790, 3, 118.25, 100, 0, 61418, 32, 1980
2026/08/28 20:20:02.790, 0, 120.56, 100, 0, 66164, 32, 1980
2026/08/28 20:20:02.790, 1, 121.21, 100, 0, 65782, 30, 1980
2026/08/28 20:20:02.790, 2, 119.46, 100, 0, 62822, 30, 1980
2026/08/28 20:20:02.790, 3, 118.28, 100, 0, 61418, 32, 1980
2026/08/28 20:20:07.790, 0, 120.54, 100, 0, 66164, 32, 1980
2026/08/28 20:20:07.791, 1, 121.19, 100, 0, 65782, 30, 1980
2026/08/28 20:20:07.791, 2, 119.21, 100, 0, 62822, 30, 1980
2026/08/28 20:20:07.791, 3, 118.24, 100, 0, 61418, 32, 1980
2026/08/28 20:20:12.791, 0, 120.51, 100, 0, 66164, 32, 1980
2026/08/28 20:20:12.792, 1, 121.23, 100, 0, 65782, 30, 1980
2026/08/28 20:20:12.792, 2, 119.31, 100, 0, 62822, 30, 1980
2026/08/28 20:20:12.793, 3, 118.29, 100, 0, 61418, 32, 1980
2026/08/28 20:20:17.795, 0, 120.54, 100, 0, 66164, 32, 1980
2026/08/28 20:20:17.795, 1, 121.19, 100, 0, 65782, 30, 1980
2026/08/28 20:20:17.795, 2, 119.52, 100, 0, 62822, 30, 1980
2026/08/28 20:20:17.795, 3, 118.23, 100, 0, 61418, 32, 1980
2026/08/28 20:20:22.795, 0, 120.53, 100, 0, 66164, 32, 1980
2026/08/28 20:20:22.795, 1, 121.16, 100, 0, 65782, 30, 1980
2026/08/28 20:20:22.795, 2, 119.22, 100, 0, 62822, 30, 1980
2026/08/28 20:20:22.795, 3, 118.27, 100, 0, 61418, 32, 1980
2026/08/28 20:20:27.796, 0, 120.49, 100, 0, 66164, 32, 1980
2026/08/28 20:20:27.796, 1, 121.20, 100, 0, 65782, 30, 1980
2026/08/28 20:20:27.796, 2, 119.18, 100, 0, 62822, 30, 1980
2026/08/28 20:20:27.796, 3, 118.25, 100, 0, 61418, 32, 1980
2026/08/28 20:20:32.796, 0, 120.51, 100, 0, 66164, 32, 1980
2026/08/28 20:20:32.796, 1, 121.16, 100, 0, 65782, 30, 1980
2026/08/28 20:20:32.796, 2, 119.21, 100, 0, 62822, 30, 1980
2026/08/28 20:20:32.797, 3, 118.20, 100, 0, 61418, 32, 1980
2026/08/28 20:20:37.797, 0, 120.56, 100, 0, 66164, 32, 1980
2026/08/28 20:20:37.797, 1, 121.15, 100, 0, 65782, 30, 1980
2026/08/28 20:20:37.797, 2, 119.11, 100, 0, 62822, 30, 1980
2026/08/28 20:20:37.797, 3, 118.26, 100, 0, 61418, 32, 1980
2026/08/28 20:20:42.797, 0, 120.52, 100, 0, 66164, 32, 1980
2026/08/28 20:20:42.797, 1, 121.09, 100, 0, 65782, 30, 1980
2026/08/28 20:20:42.798, 2, 119.16, 100, 0, 62822, 30, 1980
2026/08/28 20:20:42.798, 3, 118.24, 100, 0, 61418, 32, 1980
2026/08/28 20:20:47.798, 0, 120.50, 100, 0, 66164, 32, 1980
2026/08/28 20:20:47.798, 1, 121.13, 100, 0, 65782, 30, 1980
2026/08/28 20:20:47.798, 2, 119.18, 100, 0, 62822, 30, 1980
2026/08/28 20:20:47.798, 3, 118.22, 100, 0, 61418, 32, 1980
2026/08/28 20:20:52.798, 0, 120.46, 100, 0, 66164, 32, 1980
2026/08/28 20:20:52.799, 1, 121.09, 100, 0, 65782, 30, 1980
2026/08/28 20:20:52.799, 2, 119.30, 100, 0, 62822, 30, 1980
2026/08/28 20:20:52.799, 3, 118.23, 100, 0, 61418, 32, 1980
2026/08/28 20:20:57.799, 0, 120.52, 100, 0, 66164, 32, 1980
2026/08/28 20:20:57.799, 1, 121.13, 100, 0, 65782, 30, 1980
2026/08/28 20:20:57.799, 2, 119.52, 100, 0, 62822, 30, 1980
2026/08/28 20:20:57.799, 3, 118.22, 100, 0, 61418, 32, 1980
2026/08/28 20:21:02.799, 0, 120.45, 100, 0, 66164, 32, 1980
2026/08/28 20:21:02.800, 1, 121.11, 100, 0, 65782, 30, 1980
2026/08/28 20:21:02.800, 2, 119.46, 100, 0, 62822, 30, 1980
2026/08/28 20:21:02.800, 3, 118.20, 100, 0, 61418, 32, 1980
2026/08/28 20:21:07.800, 0, 120.50, 100, 0, 66164, 32, 1980
2026/08/28 20:21:07.800, 1, 121.14, 100, 0, 65782, 30, 1980
2026/08/28 20:21:07.800, 2, 119.15, 100, 0, 62822, 30, 1980
2026/08/28 20:21:07.800, 3, 118.24, 100, 0, 61418, 32, 1980
2026/08/28 20:21:12.800, 0, 120.50, 100, 0, 66164, 32, 1980
2026/08/28 20:21:12.801, 1, 121.11, 100, 0, 65782, 30, 1980
2026/08/28 20:21:12.801, 2, 119.08, 100, 0, 62822, 30, 1980
2026/08/28 20:21:12.801, 3, 118.22, 100, 0, 61418, 32, 1980
2026/08/28 20:21:17.801, 0, 120.55, 100, 0, 66164, 32, 1980
2026/08/28 20:21:17.801, 1, 121.73, 100, 0, 65782, 30, 1980
2026/08/28 20:21:17.801, 2, 119.17, 100, 0, 62822, 30, 1980
2026/08/28 20:21:17.801, 3, 118.17, 100, 0, 61418, 32, 1980
2026/08/28 20:21:22.801, 0, 120.45, 100, 0, 66164, 32, 1980
2026/08/28 20:21:22.802, 1, 121.69, 100, 0, 65782, 30, 1980
2026/08/28 20:21:22.802, 2, 119.44, 100, 0, 62822, 30, 1980
2026/08/28 20:21:22.802, 3, 118.22, 100, 0, 61418, 32, 1980
2026/08/28 20:21:27.802, 0, 120.48, 100, 0, 66164, 32, 1980
2026/08/28 20:21:27.802, 1, 121.72, 100, 0, 65782, 30, 1980
2026/08/28 20:21:27.802, 2, 119.47, 100, 0, 62822, 30, 1980
2026/08/28 20:21:27.802, 3, 118.21, 100, 0, 61418, 32, 1980
2026/08/28 20:21:32.803, 0, 120.53, 100, 0, 66164, 32, 1980
2026/08/28 20:21:32.803, 1, 121.65, 100, 0, 65782, 30, 1980
2026/08/28 20:21:32.803, 2, 119.39, 100, 0, 62822, 30, 1980
2026/08/28 20:21:32.803, 3, 118.23, 100, 0, 61418, 32, 1980
2026/08/28 20:21:37.803, 0, 120.46, 100, 0, 66164, 32, 1980
2026/08/28 20:21:37.804, 1, 121.70, 100, 0, 65782, 30, 1980
2026/08/28 20:21:37.804, 2, 119.38, 100, 0, 62822, 30, 1980
2026/08/28 20:21:37.805, 3, 118.22, 100, 0, 61418, 32, 1980
2026/08/28 20:21:42.806, 0, 120.48, 100, 0, 66164, 32, 1980
2026/08/28 20:21:42.806, 1, 121.77, 100, 0, 65782, 30, 1980
2026/08/28 20:21:42.806, 2, 119.39, 100, 0, 62822, 30, 1980
2026/08/28 20:21:42.806, 3, 118.17, 100, 0, 61418, 32, 1980
2026/08/28 20:21:47.806, 0, 120.47, 100, 0, 66164, 32, 1980
2026/08/28 20:21:47.806, 1, 121.75, 100, 0, 65782, 30, 1980
2026/08/28 20:21:47.806, 2, 119.24, 100, 0, 62822, 30, 1980
2026/08/28 20:21:47.806, 3, 118.16, 100, 0, 61418, 32, 1980
2026/08/28 20:21:52.807, 0, 120.48, 100, 0, 66164, 32, 1980
2026/08/28 20:21:52.807, 1, 121.76, 100, 0, 65782, 30, 1980
2026/08/28 20:21:52.807, 2, 119.50, 100, 0, 62822, 30, 1980
2026/08/28 20:21:52.807, 3, 118.23, 100, 0, 61418, 32, 1980
2026/08/28 20:21:57.807, 0, 120.49, 100, 0, 66164, 32, 1980
2026/08/28 20:21:57.807, 1, 121.74, 100, 0, 65782, 30, 1980
2026/08/28 20:21:57.807, 2, 119.37, 100, 0, 62822, 30, 1980
2026/08/28 20:21:57.807, 3, 118.21, 100, 0, 61418, 32, 1980
2026/08/28 20:22:02.808, 0, 120.59, 100, 0, 66164, 32, 1980
2026/08/28 20:22:02.808, 1, 121.81, 100, 0, 65782, 30, 1980
2026/08/28 20:22:02.808, 2, 119.54, 100, 0, 62822, 30, 1980
2026/08/28 20:22:02.808, 3, 118.20, 100, 0, 61418, 32, 1980
2026/08/28 20:22:07.808, 0, 120.54, 100, 0, 66164, 32, 1980
2026/08/28 20:22:07.808, 1, 121.85, 100, 0, 65782, 30, 1980
2026/08/28 20:22:07.808, 2, 119.45, 100, 0, 62822, 30, 1980
2026/08/28 20:22:07.808, 3, 118.18, 100, 0, 61418, 32, 1980
2026/08/28 20:22:12.809, 0, 120.53, 100, 0, 66164, 32, 1980
2026/08/28 20:22:12.809, 1, 121.85, 100, 0, 65782, 30, 1980
2026/08/28 20:22:12.809, 2, 119.42, 100, 0, 62822, 30, 1980
2026/08/28 20:22:12.809, 3, 118.18, 100, 0, 61418, 32, 1980
2026/08/28 20:22:17.809, 0, 120.50, 100, 0, 66164, 32, 1980
2026/08/28 20:22:17.809, 1, 121.84, 100, 0, 65782, 30, 1980
2026/08/28 20:22:17.809, 2, 119.49, 100, 0, 62822, 30, 1980
2026/08/28 20:22:17.809, 3, 118.18, 100, 0, 61418, 32, 1980
2026/08/28 20:22:22.810, 0, 120.49, 100, 0, 66164, 32, 1980
2026/08/28 20:22:22.810, 1, 121.80, 100, 0, 65782, 30, 1980
2026/08/28 20:22:22.810, 2, 119.31, 100, 0, 62822, 30, 1980
2026/08/28 20:22:22.810, 3, 118.18, 100, 0, 61418, 32, 1980
2026/08/28 20:22:27.810, 0, 120.57, 100, 0, 66164, 32, 1980
2026/08/28 20:22:27.810, 1, 121.79, 100, 0, 65782, 30, 1980
2026/08/28 20:22:27.810, 2, 119.41, 100, 0, 62822, 30, 1980
2026/08/28 20:22:27.810, 3, 118.21, 100, 0, 61418, 32, 1980
2026/08/28 20:22:32.811, 0, 120.53, 100, 0, 66164, 32, 1980
2026/08/28 20:22:32.811, 1, 121.87, 100, 0, 65782, 30, 1980
2026/08/28 20:22:32.811, 2, 119.39, 100, 0, 62822, 30, 1980
2026/08/28 20:22:32.811, 3, 118.13, 100, 0, 61418, 32, 1980
2026/08/28 20:22:37.811, 0, 120.53, 100, 0, 66164, 32, 1980
2026/08/28 20:22:37.812, 1, 121.84, 100, 0, 65782, 30, 1980
2026/08/28 20:22:37.812, 2, 119.42, 100, 0, 62822, 30, 1980
2026/08/28 20:22:37.812, 3, 118.18, 100, 0, 61418, 32, 1980
2026/08/28 20:22:42.813, 0, 120.61, 100, 0, 66164, 32, 1980
2026/08/28 20:22:42.813, 1, 121.88, 100, 0, 65782, 30, 1980
2026/08/28 20:22:42.813, 2, 119.24, 100, 0, 62822, 30, 1980
2026/08/28 20:22:42.813, 3, 118.24, 100, 0, 61418, 32, 1980
2026/08/28 20:22:47.813, 0, 120.53, 100, 0, 66164, 32, 1980
2026/08/28 20:22:47.813, 1, 121.86, 100, 0, 65782, 30, 1980
2026/08/28 20:22:47.813, 2, 119.22, 100, 0, 62822, 30, 1980
2026/08/28 20:22:47.813, 3, 118.23, 100, 0, 61418, 32, 1980
2026/08/28 20:22:52.814, 0, 120.58, 100, 0, 66164, 32, 1980
2026/08/28 20:22:52.814, 1, 121.84, 100, 0, 65782, 30, 1980
2026/08/28 20:22:52.814, 2, 119.25, 100, 0, 62822, 30, 1980
2026/08/28 20:22:52.814, 3, 118.21, 100, 0, 61418, 32, 1980
2026/08/28 20:22:57.814, 0, 120.57, 100, 0, 66164, 32, 1980
2026/08/28 20:22:57.814, 1, 121.87, 100, 0, 65782, 30, 1980
2026/08/28 20:22:57.814, 2, 119.44, 100, 0, 62822, 30, 1980
2026/08/28 20:22:57.814, 3, 118.22, 100, 0, 61418, 32, 1980
2026/08/28 20:23:02.815, 0, 120.58, 100, 0, 66164, 32, 1980
2026/08/28 20:23:02.815, 1, 121.85, 100, 0, 65782, 30, 1980
2026/08/28 20:23:02.815, 2, 119.14, 100, 0, 62822, 30, 1980
2026/08/28 20:23:02.815, 3, 118.20, 100, 0, 61418, 32, 1980
2026/08/28 20:23:07.815, 0, 120.58, 100, 0, 66164, 32, 1980
2026/08/28 20:23:07.815, 1, 121.84, 100, 0, 65782, 30, 1980
2026/08/28 20:23:07.815, 2, 119.26, 100, 0, 62822, 30, 1980
2026/08/28 20:23:07.815, 3, 118.18, 100, 0, 61418, 32, 1980
2026/08/28 20:23:12.816, 0, 120.56, 100, 0, 66164, 32, 1980
2026/08/28 20:23:12.816, 1, 121.88, 100, 0, 65782, 30, 1980
2026/08/28 20:23:12.816, 2, 119.28, 100, 0, 62822, 30, 1980
2026/08/28 20:23:12.816, 3, 118.19, 100, 0, 61418, 32, 1980
2026/08/28 20:23:17.816, 0, 120.56, 100, 0, 66164, 32, 1980
2026/08/28 20:23:17.816, 1, 121.85, 100, 0, 65782, 30, 1980
2026/08/28 20:23:17.816, 2, 119.21, 100, 0, 62822, 30, 1980
2026/08/28 20:23:17.816, 3, 118.23, 100, 0, 61418, 32, 1980
2026/08/28 20:23:22.817, 0, 120.57, 100, 0, 66164, 32, 1980
2026/08/28 20:23:22.817, 1, 121.88, 100, 0, 65782, 30, 1980
2026/08/28 20:23:22.817, 2, 119.07, 100, 0, 62822, 30, 1980
2026/08/28 20:23:22.817, 3, 118.24, 100, 0, 61418, 32, 1980
2026/08/28 20:23:27.817, 0, 120.56, 100, 0, 66164, 32, 1980
2026/08/28 20:23:27.817, 1, 121.84, 100, 0, 65782, 30, 1980
2026/08/28 20:23:27.817, 2, 119.15, 100, 0, 62822, 30, 1980
2026/08/28 20:23:27.817, 3, 118.22, 100, 0, 61418, 32, 1980
2026/08/28 20:23:32.818, 0, 120.57, 100, 0, 66164, 32, 1980
2026/08/28 20:23:32.818, 1, 121.87, 100, 0, 65782, 30, 1980
2026/08/28 20:23:32.818, 2, 119.18, 100, 0, 62822, 30, 1980
2026/08/28 20:23:32.818, 3, 118.25, 100, 0, 61418, 32, 1980
2026/08/28 20:23:37.818, 0, 120.53, 100, 0, 66164, 32, 1980
2026/08/28 20:23:37.818, 1, 121.92, 100, 0, 65782, 30, 1980
2026/08/28 20:23:37.818, 2, 119.39, 100, 0, 62822, 30, 1980
2026/08/28 20:23:37.818, 3, 118.22, 100, 0, 61418, 32, 1980
2026/08/28 20:23:42.819, 0, 120.55, 100, 0, 66164, 32, 1980
2026/08/28 20:23:42.819, 1, 121.90, 100, 0, 65782, 30, 1980
2026/08/28 20:23:42.819, 2, 119.28, 100, 0, 62822, 30, 1980
2026/08/28 20:23:42.819, 3, 118.25, 100, 0, 61418, 32, 1980
2026/08/28 20:23:47.819, 0, 120.58, 100, 0, 66164, 32, 1980
2026/08/28 20:23:47.819, 1, 121.89, 100, 0, 65782, 30, 1980
2026/08/28 20:23:47.819, 2, 119.33, 100, 0, 62822, 30, 1980
2026/08/28 20:23:47.820, 3, 118.29, 100, 0, 61418, 32, 1980
2026/08/28 20:23:52.820, 0, 120.58, 100, 0, 66164, 32, 1980
2026/08/28 20:23:52.820, 1, 121.91, 100, 0, 65782, 30, 1980
2026/08/28 20:23:52.822, 2, 119.42, 100, 0, 62822, 30, 1980
2026/08/28 20:23:52.824, 3, 118.25, 100, 0, 61418, 32, 1980
2026/08/28 20:23:57.824, 0, 120.69, 100, 0, 66164, 32, 1980
2026/08/28 20:23:57.824, 1, 121.94, 100, 0, 65782, 30, 1980
2026/08/28 20:23:57.825, 2, 119.06, 100, 0, 62822, 30, 1980
2026/08/28 20:23:57.825, 3, 118.27, 100, 0, 61418, 32, 1980
2026/08/28 20:24:02.825, 0, 120.56, 100, 0, 66164, 32, 1980
2026/08/28 20:24:02.825, 1, 121.88, 100, 0, 65782, 30, 1980
2026/08/28 20:24:02.825, 2, 119.06, 100, 0, 62822, 30, 1980
2026/08/28 20:24:02.825, 3, 118.28, 100, 0, 61418, 32, 1980
2026/08/28 20:24:07.825, 0, 120.53, 100, 0, 66164, 32, 1980
2026/08/28 20:24:07.826, 1, 121.89, 100, 0, 65782, 30, 1980
2026/08/28 20:24:07.826, 2, 119.24, 100, 0, 62822, 30, 1980
2026/08/28 20:24:07.826, 3, 118.26, 100, 0, 61418, 32, 1980
2026/08/28 20:24:12.826, 0, 120.61, 100, 0, 66164, 32, 1980
2026/08/28 20:24:12.826, 1, 121.89, 100, 0, 65782, 30, 1980
2026/08/28 20:24:12.826, 2, 119.47, 100, 0, 62822, 30, 1980
2026/08/28 20:24:12.826, 3, 118.28, 100, 0, 61418, 32, 1980
2026/08/28 20:24:17.827, 0, 120.59, 100, 0, 66164, 32, 1980
2026/08/28 20:24:17.827, 1, 121.92, 100, 0, 65782, 30, 1980
2026/08/28 20:24:17.827, 2, 119.36, 100, 0, 62822, 30, 1980
2026/08/28 20:24:17.827, 3, 118.23, 100, 0, 61418, 32, 1980
2026/08/28 20:24:22.827, 0, 120.67, 100, 0, 66164, 32, 1980
2026/08/28 20:24:22.827, 1, 121.99, 100, 0, 65782, 30, 1980
2026/08/28 20:24:22.827, 2, 119.41, 100, 0, 62822, 30, 1980
2026/08/28 20:24:22.827, 3, 118.29, 100, 0, 61418, 32, 1980
2026/08/28 20:24:27.828, 0, 120.54, 100, 0, 66164, 32, 1980
2026/08/28 20:24:27.828, 1, 121.95, 100, 0, 65782, 30, 1980
2026/08/28 20:24:27.828, 2, 119.07, 100, 0, 62822, 30, 1980
2026/08/28 20:24:27.828, 3, 118.27, 100, 0, 61418, 32, 1980
2026/08/28 20:24:32.828, 0, 120.56, 100, 0, 66164, 32, 1980
2026/08/28 20:24:32.828, 1, 121.96, 100, 0, 65782, 30, 1980
2026/08/28 20:24:32.828, 2, 119.50, 100, 0, 62822, 30, 1980
2026/08/28 20:24:32.828, 3, 118.27, 100, 0, 61418, 32, 1980
2026/08/28 20:24:37.829, 0, 120.59, 100, 0, 66164, 32, 1980
2026/08/28 20:24:37.829, 1, 121.99, 100, 0, 65782, 30, 1980
2026/08/28 20:24:37.829, 2, 119.56, 100, 0, 62822, 30, 1980
2026/08/28 20:24:37.829, 3, 118.33, 100, 0, 61418, 32, 1980
2026/08/28 20:24:42.829, 0, 120.64, 100, 0, 66164, 32, 1980
2026/08/28 20:24:42.830, 1, 121.98, 100, 0, 65782, 30, 1980
2026/08/28 20:24:42.831, 2, 119.36, 100, 0, 62822, 30, 1980
2026/08/28 20:24:42.831, 3, 118.32, 100, 0, 61418, 32, 1980
2026/08/28 20:24:47.831, 0, 120.65, 100, 0, 66164, 32, 1980
2026/08/28 20:24:47.832, 1, 122.00, 100, 0, 65782, 30, 1980
2026/08/28 20:24:47.834, 2, 119.30, 100, 0, 62822, 30, 1980
2026/08/28 20:24:47.836, 3, 118.33, 100, 0, 61418, 32, 1980
2026/08/28 20:24:52.837, 0, 120.63, 100, 0, 66164, 32, 1980
2026/08/28 20:24:52.838, 1, 122.01, 100, 0, 65782, 30, 1980
2026/08/28 20:24:52.838, 2, 119.47, 100, 0, 62822, 30, 1980
2026/08/28 20:24:52.838, 3, 118.35, 100, 0, 61418, 32, 1980
2026/08/28 20:24:57.838, 0, 120.65, 100, 0, 66164, 32, 1980
2026/08/28 20:24:57.838, 1, 121.97, 100, 0, 65782, 30, 1980
2026/08/28 20:24:57.838, 2, 119.26, 100, 0, 62822, 30, 1980
2026/08/28 20:24:57.838, 3, 118.34, 100, 0, 61418, 32, 1980
2026/08/28 20:25:02.839, 0, 120.63, 100, 0, 66164, 32, 1980
2026/08/28 20:25:02.839, 1, 121.95, 100, 0, 65782, 30, 1980
2026/08/28 20:25:02.839, 2, 119.38, 100, 0, 62822, 30, 1980
2026/08/28 20:25:02.839, 3, 118.40, 100, 0, 61418, 32, 1980
2026/08/28 20:25:07.839, 0, 120.67, 100, 0, 66164, 32, 1980
2026/08/28 20:25:07.839, 1, 121.98, 100, 0, 65782, 30, 1980
2026/08/28 20:25:07.839, 2, 119.35, 100, 0, 62822, 30, 1980
2026/08/28 20:25:07.839, 3, 118.37, 100, 0, 61418, 32, 1980
2026/08/28 20:25:12.840, 0, 120.68, 100, 0, 66164, 32, 1980
2026/08/28 20:25:12.840, 1, 121.97, 100, 0, 65782, 30, 1980
2026/08/28 20:25:12.840, 2, 119.42, 100, 0, 62822, 30, 1980
2026/08/28 20:25:12.840, 3, 118.38, 100, 0, 61418, 32, 1980
2026/08/28 20:25:17.840, 0, 120.67, 100, 0, 66164, 32, 1980
2026/08/28 20:25:17.840, 1, 121.98, 100, 0, 65782, 30, 1980
2026/08/28 20:25:17.840, 2, 119.26, 100, 0, 62822, 30, 1980
2026/08/28 20:25:17.840, 3, 118.33, 100, 0, 61418, 32, 1980
2026/08/28 20:25:22.841, 0, 120.65, 100, 0, 66164, 32, 1980
2026/08/28 20:25:22.841, 1, 121.88, 100, 0, 65782, 30, 1980
2026/08/28 20:25:22.841, 2, 119.64, 100, 0, 62822, 30, 1980
2026/08/28 20:25:22.841, 3, 118.36, 100, 0, 61418, 32, 1980
2026/08/28 20:25:27.841, 0, 120.57, 100, 0, 66164, 32, 1980
2026/08/28 20:25:27.841, 1, 121.36, 100, 0, 65782, 30, 1980
2026/08/28 20:25:27.842, 2, 119.73, 100, 0, 62822, 30, 1980
2026/08/28 20:25:27.842, 3, 118.43, 100, 0, 61418, 32, 1980
2026/08/28 20:25:32.842, 0, 120.68, 100, 0, 66164, 32, 1980
2026/08/28 20:25:32.842, 1, 121.38, 100, 0, 65782, 30, 1980
2026/08/28 20:25:32.842, 2, 119.48, 100, 0, 62822, 30, 1980
2026/08/28 20:25:32.842, 3, 118.33, 100, 0, 61418, 32, 1980
2026/08/28 20:25:37.842, 0, 120.63, 100, 0, 66164, 32, 1980
2026/08/28 20:25:37.843, 1, 121.36, 100, 0, 65782, 30, 1980
2026/08/28 20:25:37.843, 2, 119.40, 100, 0, 62822, 30, 1980
2026/08/28 20:25:37.843, 3, 118.40, 100, 0, 61418, 32, 1980
2026/08/28 20:25:42.843, 0, 120.71, 100, 0, 66164, 32, 1980
2026/08/28 20:25:42.843, 1, 121.36, 100, 0, 65782, 30, 1980
2026/08/28 20:25:42.843, 2, 119.33, 100, 0, 62822, 30, 1980
2026/08/28 20:25:42.843, 3, 118.33, 100, 0, 61418, 32, 1980
2026/08/28 20:25:47.844, 0, 120.64, 100, 0, 66164, 32, 1980
2026/08/28 20:25:47.844, 1, 121.35, 100, 0, 65782, 30, 1980
2026/08/28 20:25:47.844, 2, 119.12, 100, 0, 62822, 30, 1980
2026/08/28 20:25:47.844, 3, 118.36, 100, 0, 61418, 32, 1980
2026/08/28 20:25:52.844, 0, 120.68, 100, 0, 66164, 32, 1980
2026/08/28 20:25:52.844, 1, 121.35, 100, 0, 65782, 30, 1980
2026/08/28 20:25:52.844, 2, 119.16, 100, 0, 62822, 30, 1980
2026/08/28 20:25:52.844, 3, 118.40, 100, 0, 61418, 32, 1980
2026/08/28 20:25:57.845, 0, 120.60, 100, 0, 66164, 32, 1980
2026/08/28 20:25:57.845, 1, 121.38, 100, 0, 65782, 30, 1980
2026/08/28 20:25:57.845, 2, 119.14, 100, 0, 62822, 30, 1980
2026/08/28 20:25:57.845, 3, 118.32, 100, 0, 61418, 32, 1980
2026/08/28 20:26:02.845, 0, 120.69, 100, 0, 66164, 32, 1980
2026/08/28 20:26:02.845, 1, 121.40, 100, 0, 65782, 30, 1980
2026/08/28 20:26:02.846, 2, 119.39, 100, 0, 62822, 30, 1980
2026/08/28 20:26:02.846, 3, 118.41, 100, 0, 61418, 32, 1980
2026/08/28 20:26:07.846, 0, 120.70, 100, 0, 66164, 32, 1980
2026/08/28 20:26:07.846, 1, 121.43, 100, 0, 65782, 30, 1980
2026/08/28 20:26:07.846, 2, 119.46, 100, 0, 62822, 30, 1980
2026/08/28 20:26:07.846, 3, 118.39, 100, 0, 61418, 32, 1980
2026/08/28 20:26:12.846, 0, 120.71, 100, 0, 66164, 32, 1980
2026/08/28 20:26:12.847, 1, 121.40, 100, 0, 65782, 31, 1980
2026/08/28 20:26:12.847, 2, 119.37, 100, 0, 62822, 30, 1980
2026/08/28 20:26:12.847, 3, 118.39, 100, 0, 61418, 32, 1980
2026/08/28 20:26:17.847, 0, 120.68, 100, 0, 66164, 32, 1980
2026/08/28 20:26:17.847, 1, 121.45, 100, 0, 65782, 31, 1980
2026/08/28 20:26:17.847, 2, 119.26, 100, 0, 62822, 30, 1980
2026/08/28 20:26:17.847, 3, 118.49, 100, 0, 61418, 32, 1980
2026/08/28 20:26:22.848, 0, 120.72, 100, 0, 66164, 33, 1980
2026/08/28 20:26:22.848, 1, 121.50, 100, 0, 65782, 31, 1980
2026/08/28 20:26:22.848, 2, 119.25, 100, 0, 62822, 31, 1980
2026/08/28 20:26:22.848, 3, 118.39, 100, 0, 61418, 32, 1980
2026/08/28 20:26:27.848, 0, 120.73, 100, 0, 66164, 33, 1980
2026/08/28 20:26:27.848, 1, 121.51, 100, 0, 65782, 31, 1980
2026/08/28 20:26:27.848, 2, 119.54, 100, 0, 62822, 31, 1980
2026/08/28 20:26:27.848, 3, 118.43, 100, 0, 61418, 32, 1980
2026/08/28 20:26:32.849, 0, 120.79, 100, 0, 66164, 33, 1980
2026/08/28 20:26:32.849, 1, 121.56, 100, 0, 65782, 31, 1980
2026/08/28 20:26:32.849, 2, 119.30, 100, 0, 62822, 31, 1980
2026/08/28 20:26:32.849, 3, 118.52, 100, 0, 61418, 32, 1980
2026/08/28 20:26:37.849, 0, 120.81, 100, 0, 66164, 33, 1980
2026/08/28 20:26:37.849, 1, 121.53, 100, 0, 65782, 31, 1980
2026/08/28 20:26:37.849, 2, 119.59, 100, 0, 62822, 31, 1980
2026/08/28 20:26:37.849, 3, 118.49, 100, 0, 61418, 32, 1980
2026/08/28 20:26:42.850, 0, 120.73, 100, 0, 66164, 33, 1980
2026/08/28 20:26:42.850, 1, 121.56, 100, 0, 65782, 31, 1980
2026/08/28 20:26:42.850, 2, 119.46, 100, 0, 62822, 31, 1980
2026/08/28 20:26:42.850, 3, 118.51, 100, 0, 61418, 32, 1980
2026/08/28 20:26:47.850, 0, 120.74, 100, 0, 66164, 33, 1980
2026/08/28 20:26:47.851, 1, 121.57, 100, 0, 65782, 31, 1980
2026/08/28 20:26:47.851, 2, 119.80, 100, 0, 62822, 31, 1980
2026/08/28 20:26:47.851, 3, 118.52, 100, 0, 61418, 32, 1980
2026/08/28 20:26:52.851, 0, 120.77, 100, 0, 66164, 33, 1980
2026/08/28 20:26:52.851, 1, 121.56, 100, 0, 65782, 31, 1980
2026/08/28 20:26:52.851, 2, 119.70, 100, 0, 62822, 31, 1980
2026/08/28 20:26:52.851, 3, 118.55, 100, 0, 61418, 32, 1980
2026/08/28 20:26:57.852, 0, 120.79, 100, 0, 66164, 33, 1980
2026/08/28 20:26:57.852, 1, 121.54, 100, 0, 65782, 31, 1980
2026/08/28 20:26:57.854, 2, 119.71, 100, 0, 62822, 31, 1980
2026/08/28 20:26:57.855, 3, 118.52, 100, 0, 61418, 32, 1980
2026/08/28 20:27:02.856, 0, 120.76, 100, 0, 66164, 33, 1980
2026/08/28 20:27:02.856, 1, 121.59, 100, 0, 65782, 31, 1980
2026/08/28 20:27:02.857, 2, 119.80, 100, 0, 62822, 31, 1980
2026/08/28 20:27:02.857, 3, 118.56, 100, 0, 61418, 32, 1980
2026/08/28 20:27:07.857, 0, 120.78, 100, 0, 66164, 33, 1980
2026/08/28 20:27:07.857, 1, 121.57, 100, 0, 65782, 31, 1980
2026/08/28 20:27:07.857, 2, 119.58, 100, 0, 62822, 31, 1980
2026/08/28 20:27:07.857, 3, 118.56, 100, 0, 61418, 32, 1980
2026/08/28 20:27:12.857, 0, 120.78, 100, 0, 66164, 33, 1980
2026/08/28 20:27:12.858, 1, 121.60, 100, 0, 65782, 31, 1980
2026/08/28 20:27:12.858, 2, 119.72, 100, 0, 62822, 31, 1980
2026/08/28 20:27:12.858, 3, 118.56, 100, 0, 61418, 32, 1980
2026/08/28 20:27:17.858, 0, 120.84, 100, 0, 66164, 33, 1980
2026/08/28 20:27:17.858, 1, 121.60, 100, 0, 65782, 31, 1980
2026/08/28 20:27:17.858, 2, 119.62, 100, 0, 62822, 31, 1980
2026/08/28 20:27:17.858, 3, 118.55, 100, 0, 61418, 32, 1980
2026/08/28 20:27:22.859, 0, 120.89, 100, 0, 66164, 33, 1980
2026/08/28 20:27:22.859, 1, 121.55, 100, 0, 65782, 31, 1980
2026/08/28 20:27:22.859, 2, 119.60, 100, 0, 62822, 31, 1980
2026/08/28 20:27:22.859, 3, 118.62, 100, 0, 61418, 32, 1980
2026/08/28 20:27:27.859, 0, 120.85, 100, 0, 66164, 33, 1980
2026/08/28 20:27:27.859, 1, 121.55, 100, 0, 65782, 31, 1980
2026/08/28 20:27:27.859, 2, 119.40, 100, 0, 62822, 31, 1980
2026/08/28 20:27:27.859, 3, 118.61, 100, 0, 61418, 32, 1980
2026/08/28 20:27:32.860, 0, 120.83, 100, 0, 66164, 33, 1980
2026/08/28 20:27:32.860, 1, 121.57, 100, 0, 65782, 31, 1980
2026/08/28 20:27:32.860, 2, 119.55, 100, 0, 62822, 31, 1980
2026/08/28 20:27:32.860, 3, 118.57, 100, 0, 61418, 32, 1980
2026/08/28 20:27:37.860, 0, 120.89, 100, 0, 66164, 33, 1980
2026/08/28 20:27:37.860, 1, 121.57, 100, 0, 65782, 31, 1980
2026/08/28 20:27:37.860, 2, 119.51, 100, 0, 62822, 31, 1980
2026/08/28 20:27:37.860, 3, 118.58, 100, 0, 61418, 32, 1980
2026/08/28 20:27:42.861, 0, 120.85, 100, 0, 66164, 33, 1980
2026/08/28 20:27:42.861, 1, 121.58, 100, 0, 65782, 31, 1980
2026/08/28 20:27:42.861, 2, 119.50, 100, 0, 62822, 31, 1980
2026/08/28 20:27:42.861, 3, 118.62, 100, 0, 61418, 32, 1980
2026/08/28 20:27:47.861, 0, 120.81, 100, 0, 66164, 33, 1980
2026/08/28 20:27:47.861, 1, 121.62, 100, 0, 65782, 31, 1980
2026/08/28 20:27:47.862, 2, 119.62, 100, 0, 62822, 31, 1980
2026/08/28 20:27:47.862, 3, 118.69, 100, 0, 61418, 32, 1980
2026/08/28 20:27:52.862, 0, 120.86, 100, 0, 66164, 33, 1980
2026/08/28 20:27:52.862, 1, 121.64, 100, 0, 65782, 31, 1980
2026/08/28 20:27:52.862, 2, 119.75, 100, 0, 62822, 31, 1980
2026/08/28 20:27:52.862, 3, 118.55, 100, 0, 61418, 32, 1980
2026/08/28 20:27:57.862, 0, 120.85, 100, 0, 66164, 33, 1980
2026/08/28 20:27:57.863, 1, 121.60, 100, 0, 65782, 31, 1980
2026/08/28 20:27:57.863, 2, 119.55, 100, 0, 62822, 31, 1980
2026/08/28 20:27:57.863, 3, 118.62, 100, 0, 61418, 32, 1980
2026/08/28 20:28:02.863, 0, 120.83, 100, 0, 66164, 33, 1980
2026/08/28 20:28:02.863, 1, 121.65, 100, 0, 65782, 31, 1980
2026/08/28 20:28:02.863, 2, 119.48, 100, 0, 62822, 31, 1980
2026/08/28 20:28:02.863, 3, 118.61, 100, 0, 61418, 32, 1980
2026/08/28 20:28:07.864, 0, 120.93, 100, 0, 66164, 33, 1980
2026/08/28 20:28:07.864, 1, 121.66, 100, 0, 65782, 31, 1980
2026/08/28 20:28:07.864, 2, 119.46, 100, 0, 62822, 31, 1980
2026/08/28 20:28:07.864, 3, 118.65, 100, 0, 61418, 33, 1980
2026/08/28 20:28:12.864, 0, 120.86, 100, 0, 66164, 33, 1980
2026/08/28 20:28:12.864, 1, 121.61, 100, 0, 65782, 31, 1980
2026/08/28 20:28:12.864, 2, 119.45, 100, 0, 62822, 31, 1980
2026/08/28 20:28:12.864, 3, 118.57, 100, 0, 61418, 33, 1980
2026/08/28 20:28:17.865, 0, 120.88, 100, 0, 66164, 33, 1980
2026/08/28 20:28:17.865, 1, 121.62, 100, 0, 65782, 31, 1980
2026/08/28 20:28:17.865, 2, 119.58, 100, 0, 62822, 31, 1980
2026/08/28 20:28:17.865, 3, 118.65, 100, 0, 61418, 33, 1980
2026/08/28 20:28:22.865, 0, 120.92, 100, 0, 66164, 33, 1980
2026/08/28 20:28:22.865, 1, 121.63, 100, 0, 65782, 31, 1980
2026/08/28 20:28:22.865, 2, 119.49, 100, 0, 62822, 31, 1980
2026/08/28 20:28:22.865, 3, 118.64, 100, 0, 61418, 33, 1980
2026/08/28 20:28:27.866, 0, 120.91, 100, 0, 66164, 33, 1980
2026/08/28 20:28:27.866, 1, 121.64, 100, 0, 65782, 31, 1980
2026/08/28 20:28:27.866, 2, 119.49, 100, 0, 62822, 31, 1980
2026/08/28 20:28:27.866, 3, 118.63, 100, 0, 61418, 33, 1980
2026/08/28 20:28:32.866, 0, 120.92, 100, 0, 66164, 33, 1980
2026/08/28 20:28:32.867, 1, 121.66, 100, 0, 65782, 31, 1980
2026/08/28 20:28:32.867, 2, 119.61, 100, 0, 62822, 31, 1980
2026/08/28 20:28:32.867, 3, 118.71, 100, 0, 61418, 33, 1980
2026/08/28 20:28:37.867, 0, 120.92, 100, 0, 66164, 33, 1980
2026/08/28 20:28:37.867, 1, 121.66, 100, 0, 65782, 31, 1980
2026/08/28 20:28:37.867, 2, 119.50, 100, 0, 62822, 31, 1980
2026/08/28 20:28:37.867, 3, 118.71, 100, 0, 61418, 33, 1980
2026/08/28 20:28:42.868, 0, 120.95, 100, 0, 66164, 33, 1980
2026/08/28 20:28:42.868, 1, 121.64, 100, 0, 65782, 31, 1980
2026/08/28 20:28:42.868, 2, 119.62, 100, 0, 62822, 31, 1980
2026/08/28 20:28:42.868, 3, 118.71, 100, 0, 61418, 33, 1980
2026/08/28 20:28:47.868, 0, 120.94, 100, 0, 66164, 33, 1980
2026/08/28 20:28:47.868, 1, 121.60, 100, 0, 65782, 31, 1980
2026/08/28 20:28:47.868, 2, 119.52, 100, 0, 62822, 31, 1980
2026/08/28 20:28:47.868, 3, 118.68, 100, 0, 61418, 33, 1980
2026/08/28 20:28:52.869, 0, 120.97, 100, 0, 66164, 33, 1980
2026/08/28 20:28:52.869, 1, 121.69, 100, 0, 65782, 31, 1980
2026/08/28 20:28:52.869, 2, 119.52, 100, 0, 62822, 31, 1980
2026/08/28 20:28:52.869, 3, 118.74, 100, 0, 61418, 33, 1980
2026/08/28 20:28:57.869, 0, 120.90, 100, 0, 66164, 33, 1980
2026/08/28 20:28:57.869, 1, 121.67, 100, 0, 65782, 31, 1980
2026/08/28 20:28:57.869, 2, 119.49, 100, 0, 62822, 31, 1980
2026/08/28 20:28:57.869, 3, 118.70, 100, 0, 61418, 33, 1980
2026/08/28 20:29:02.870, 0, 120.93, 100, 0, 66164, 33, 1980
2026/08/28 20:29:02.870, 1, 121.69, 100, 0, 65782, 31, 1980
2026/08/28 20:29:02.870, 2, 119.60, 100, 0, 62822, 31, 1980
2026/08/28 20:29:02.870, 3, 118.77, 100, 0, 61418, 33, 1980
2026/08/28 20:29:07.870, 0, 120.96, 100, 0, 66164, 33, 1980
2026/08/28 20:29:07.871, 1, 121.69, 100, 0, 65782, 31, 1980
2026/08/28 20:29:07.871, 2, 119.47, 100, 0, 62822, 31, 1980
2026/08/28 20:29:07.871, 3, 118.76, 100, 0, 61418, 33, 1980
2026/08/28 20:29:12.871, 0, 120.94, 100, 0, 66164, 33, 1980
2026/08/28 20:29:12.872, 1, 121.68, 100, 0, 65782, 31, 1980
2026/08/28 20:29:12.874, 2, 119.51, 100, 0, 62822, 31, 1980
2026/08/28 20:29:12.874, 3, 118.73, 100, 0, 61418, 33, 1980
2026/08/28 20:29:17.876, 0, 120.95, 100, 0, 66164, 33, 1980
2026/08/28 20:29:17.876, 1, 121.67, 100, 0, 65782, 31, 1980
2026/08/28 20:29:17.876, 2, 119.48, 100, 0, 62822, 31, 1980
2026/08/28 20:29:17.876, 3, 118.76, 100, 0, 61418, 33, 1980
2026/08/28 20:29:22.877, 0, 120.96, 100, 0, 66164, 33, 1980
2026/08/28 20:29:22.877, 1, 121.69, 100, 0, 65782, 31, 1980
2026/08/28 20:29:22.877, 2, 119.68, 100, 0, 62822, 31, 1980
2026/08/28 20:29:22.877, 3, 118.76, 100, 0, 61418, 33, 1980
2026/08/28 20:29:27.877, 0, 120.96, 100, 0, 66164, 33, 1980
2026/08/28 20:29:27.877, 1, 121.67, 100, 0, 65782, 31, 1980
2026/08/28 20:29:27.877, 2, 119.60, 100, 0, 62822, 31, 1980
2026/08/28 20:29:27.877, 3, 118.76, 100, 0, 61418, 33, 1980
2026/08/28 20:29:32.878, 0, 120.99, 100, 0, 66164, 33, 1980
2026/08/28 20:29:32.878, 1, 121.65, 100, 0, 65782, 31, 1980
2026/08/28 20:29:32.878, 2, 119.71, 100, 0, 62822, 31, 1980
2026/08/28 20:29:32.878, 3, 118.69, 100, 0, 61418, 33, 1980
2026/08/28 20:29:37.878, 0, 120.98, 100, 0, 66164, 33, 1980
2026/08/28 20:29:37.878, 1, 121.68, 100, 0, 65782, 31, 1980
2026/08/28 20:29:37.878, 2, 119.58, 100, 0, 62822, 31, 1980
2026/08/28 20:29:37.878, 3, 118.75, 100, 0, 61418, 33, 1980
2026/08/28 20:29:42.879, 0, 120.96, 100, 0, 66164, 33, 1980
2026/08/28 20:29:42.879, 1, 121.70, 100, 0, 65782, 31, 1980
2026/08/28 20:29:42.879, 2, 119.81, 100, 0, 62822, 31, 1980
2026/08/28 20:29:42.879, 3, 118.79, 100, 0, 61418, 33, 1980
2026/08/28 20:29:47.879, 0, 120.92, 100, 0, 66164, 33, 1980
2026/08/28 20:29:47.879, 1, 121.67, 100, 0, 65782, 31, 1980
2026/08/28 20:29:47.880, 2, 119.49, 100, 0, 62822, 31, 1980
2026/08/28 20:29:47.880, 3, 118.79, 100, 0, 61418, 33, 1980
2026/08/28 20:29:52.880, 0, 120.96, 100, 0, 66164, 33, 1980
2026/08/28 20:29:52.880, 1, 121.71, 100, 0, 65782, 31, 1980
2026/08/28 20:29:52.880, 2, 119.47, 100, 0, 62822, 31, 1980
2026/08/28 20:29:52.880, 3, 118.81, 100, 0, 61418, 33, 1980
2026/08/28 20:29:57.880, 0, 120.97, 100, 0, 66164, 33, 1980
2026/08/28 20:29:57.881, 1, 121.67, 100, 0, 65782, 31, 1980
2026/08/28 20:29:57.881, 2, 119.46, 100, 0, 62822, 31, 1980
2026/08/28 20:29:57.881, 3, 118.69, 100, 0, 61418, 33, 1980
2026/08/28 20:30:02.881, 0, 120.97, 100, 0, 66164, 33, 1980
2026/08/28 20:30:02.881, 1, 121.68, 100, 0, 65782, 31, 1980
2026/08/28 20:30:02.881, 2, 119.47, 100, 0, 62822, 31, 1980
2026/08/28 20:30:02.881, 3, 118.74, 100, 0, 61418, 33, 1980
2026/08/28 20:30:07.882, 0, 120.95, 100, 0, 66164, 33, 1980
2026/08/28 20:30:07.882, 1, 121.68, 100, 0, 65782, 31, 1980
2026/08/28 20:30:07.884, 2, 119.57, 100, 0, 62822, 31, 1980
2026/08/28 20:30:07.884, 3, 118.70, 100, 0, 61418, 33, 1980
2026/08/28 20:30:12.887, 0, 121.01, 100, 0, 66164, 33, 1980
2026/08/28 20:30:12.887, 1, 121.66, 100, 0, 65782, 31, 1980
2026/08/28 20:30:12.887, 2, 119.42, 100, 0, 62822, 31, 1980
2026/08/28 20:30:12.887, 3, 118.84, 100, 0, 61418, 33, 1980
2026/08/28 20:30:17.887, 0, 120.96, 100, 0, 66164, 33, 1980
2026/08/28 20:30:17.888, 1, 121.62, 100, 0, 65782, 31, 1980
2026/08/28 20:30:17.888, 2, 119.43, 100, 0, 62822, 31, 1980
2026/08/28 20:30:17.888, 3, 118.76, 100, 0, 61418, 33, 1980
2026/08/28 20:30:22.888, 0, 120.99, 100, 0, 66164, 33, 1980
2026/08/28 20:30:22.888, 1, 121.65, 100, 0, 65782, 31, 1980
2026/08/28 20:30:22.888, 2, 119.48, 100, 0, 62822, 31, 1980
2026/08/28 20:30:22.888, 3, 118.70, 100, 0, 61418, 33, 1980
2026/08/28 20:30:27.889, 0, 120.94, 100, 0, 66164, 33, 1980
2026/08/28 20:30:27.889, 1, 121.65, 100, 0, 65782, 31, 1980
2026/08/28 20:30:27.889, 2, 119.57, 100, 0, 62822, 31, 1980
2026/08/28 20:30:27.889, 3, 118.71, 100, 0, 61418, 33, 1980
2026/08/28 20:30:32.889, 0, 120.94, 100, 0, 66164, 33, 1980
2026/08/28 20:30:32.889, 1, 121.66, 100, 0, 65782, 31, 1980
2026/08/28 20:30:32.889, 2, 119.49, 100, 0, 62822, 31, 1980
2026/08/28 20:30:32.889, 3, 118.70, 100, 0, 61418, 33, 1980
2026/08/28 20:30:37.890, 0, 120.98, 100, 0, 66164, 33, 1980
2026/08/28 20:30:37.890, 1, 122.22, 100, 0, 65782, 31, 1980
2026/08/28 20:30:37.890, 2, 119.44, 100, 0, 62822, 31, 1980
2026/08/28 20:30:37.890, 3, 118.75, 100, 0, 61418, 33, 1980
2026/08/28 20:30:42.890, 0, 120.93, 100, 0, 66164, 33, 1980
2026/08/28 20:30:42.890, 1, 122.22, 100, 0, 65782, 31, 1980
2026/08/28 20:30:42.890, 2, 119.47, 100, 0, 62822, 31, 1980
2026/08/28 20:30:42.890, 3, 118.77, 100, 0, 61418, 33, 1980
2026/08/28 20:30:47.891, 0, 120.94, 100, 0, 66164, 33, 1980
2026/08/28 20:30:47.891, 1, 122.27, 100, 0, 65782, 31, 1980
2026/08/28 20:30:47.891, 2, 119.42, 100, 0, 62822, 31, 1980
2026/08/28 20:30:47.891, 3, 118.70, 100, 0, 61418, 33, 1980
2026/08/28 20:30:52.891, 0, 121.00, 100, 0, 66164, 33, 1980
2026/08/28 20:30:52.892, 1, 122.19, 100, 0, 65782, 31, 1980
2026/08/28 20:30:52.892, 2, 119.43, 100, 0, 62822, 31, 1980
2026/08/28 20:30:52.892, 3, 118.72, 100, 0, 61418, 33, 1980
2026/08/28 20:30:57.892, 0, 120.92, 100, 0, 66164, 33, 1980
2026/08/28 20:30:57.892, 1, 122.23, 100, 0, 65782, 31, 1980
2026/08/28 20:30:57.892, 2, 119.43, 100, 0, 62822, 31, 1980
2026/08/28 20:30:57.892, 3, 118.67, 100, 0, 61418, 33, 1980
2026/08/28 20:31:02.893, 0, 120.90, 100, 0, 66164, 33, 1980
2026/08/28 20:31:02.893, 1, 122.22, 100, 0, 65782, 31, 1980
2026/08/28 20:31:02.893, 2, 119.45, 100, 0, 62822, 31, 1980
2026/08/28 20:31:02.893, 3, 118.74, 100, 0, 61418, 33, 1980
2026/08/28 20:31:07.893, 0, 120.96, 100, 0, 66164, 33, 1980
2026/08/28 20:31:07.893, 1, 122.21, 100, 0, 65782, 31, 1980
2026/08/28 20:31:07.893, 2, 119.42, 100, 0, 62822, 31, 1980
2026/08/28 20:31:07.893, 3, 118.73, 100, 0, 61418, 33, 1980
2026/08/28 20:31:12.894, 0, 120.90, 100, 0, 66164, 33, 1980
2026/08/28 20:31:12.894, 1, 122.17, 100, 0, 65782, 31, 1980
2026/08/28 20:31:12.894, 2, 119.42, 100, 0, 62822, 31, 1980
2026/08/28 20:31:12.894, 3, 118.73, 100, 0, 61418, 33, 1980
2026/08/28 20:31:17.894, 0, 120.94, 100, 0, 66164, 33, 1980
2026/08/28 20:31:17.894, 1, 122.19, 100, 0, 65782, 31, 1980
2026/08/28 20:31:17.894, 2, 119.37, 100, 0, 62822, 31, 1980
2026/08/28 20:31:17.894, 3, 118.77, 100, 0, 61418, 33, 1980
2026/08/28 20:31:22.895, 0, 120.97, 100, 0, 66164, 33, 1980
2026/08/28 20:31:22.895, 1, 122.18, 100, 0, 65782, 31, 1980
2026/08/28 20:31:22.895, 2, 119.40, 100, 0, 62822, 31, 1980
2026/08/28 20:31:22.895, 3, 118.69, 100, 0, 61418, 33, 1980
2026/08/28 20:31:27.895, 0, 120.92, 100, 0, 66164, 33, 1980
2026/08/28 20:31:27.895, 1, 121.60, 100, 0, 65782, 31, 1980
2026/08/28 20:31:27.895, 2, 119.48, 100, 0, 62822, 31, 1980
2026/08/28 20:31:27.895, 3, 118.71, 100, 0, 61418, 33, 1980
2026/08/28 20:31:32.896, 0, 120.96, 100, 0, 66164, 33, 1980
2026/08/28 20:31:32.896, 1, 121.58, 100, 0, 65782, 31, 1980
2026/08/28 20:31:32.896, 2, 119.40, 100, 0, 62822, 31, 1980
2026/08/28 20:31:32.896, 3, 118.62, 100, 0, 61418, 33, 1980
2026/08/28 20:31:37.896, 0, 120.90, 100, 0, 66164, 33, 1980
2026/08/28 20:31:37.896, 1, 121.58, 100, 0, 65782, 31, 1980
2026/08/28 20:31:37.896, 2, 119.37, 100, 0, 62822, 31, 1980
2026/08/28 20:31:37.897, 3, 118.71, 100, 0, 61418, 33, 1980
2026/08/28 20:31:42.897, 0, 120.88, 100, 0, 66164, 33, 1980
2026/08/28 20:31:42.897, 1, 121.59, 100, 0, 65782, 31, 1980
2026/08/28 20:31:42.897, 2, 119.38, 100, 0, 62822, 31, 1980
2026/08/28 20:31:42.897, 3, 118.73, 100, 0, 61418, 33, 1980
2026/08/28 20:31:47.897, 0, 120.94, 100, 0, 66164, 33, 1980
2026/08/28 20:31:47.898, 1, 121.60, 100, 0, 65782, 31, 1980
2026/08/28 20:31:47.898, 2, 119.41, 100, 0, 62822, 31, 1980
2026/08/28 20:31:47.898, 3, 118.64, 100, 0, 61418, 33, 1980
2026/08/28 20:31:52.898, 0, 120.92, 100, 0, 66164, 33, 1980
2026/08/28 20:31:52.898, 1, 121.60, 100, 0, 65782, 31, 1980
2026/08/28 20:31:52.898, 2, 119.43, 100, 0, 62822, 31, 1980
2026/08/28 20:31:52.899, 3, 118.73, 100, 0, 61418, 33, 1980
2026/08/28 20:31:57.899, 0, 120.89, 100, 0, 66164, 33, 1980
2026/08/28 20:31:57.899, 1, 121.61, 100, 0, 65782, 31, 1980
2026/08/28 20:31:57.899, 2, 119.45, 100, 0, 62822, 31, 1980
2026/08/28 20:31:57.899, 3, 118.70, 100, 0, 61418, 33, 1980
2026/08/28 20:32:02.899, 0, 120.95, 100, 0, 66164, 33, 1980
2026/08/28 20:32:02.900, 1, 121.61, 100, 0, 65782, 31, 1980
2026/08/28 20:32:02.900, 2, 119.43, 100, 0, 62822, 31, 1980
2026/08/28 20:32:02.900, 3, 118.68, 100, 0, 61418, 33, 1980
2026/08/28 20:32:07.900, 0, 120.90, 100, 0, 66164, 33, 1980
2026/08/28 20:32:07.900, 1, 121.60, 100, 0, 65782, 31, 1980
2026/08/28 20:32:07.900, 2, 119.34, 100, 0, 62822, 31, 1980
2026/08/28 20:32:07.900, 3, 118.70, 100, 0, 61418, 33, 1980
2026/08/28 20:32:12.901, 0, 120.87, 100, 0, 66164, 33, 1980
2026/08/28 20:32:12.901, 1, 121.61, 100, 0, 65782, 31, 1980
2026/08/28 20:32:12.901, 2, 119.44, 100, 0, 62822, 31, 1980
2026/08/28 20:32:12.901, 3, 118.70, 100, 0, 61418, 33, 1980
2026/08/28 20:32:17.901, 0, 120.89, 100, 0, 66164, 33, 1980
2026/08/28 20:32:17.901, 1, 121.58, 100, 0, 65782, 31, 1980
2026/08/28 20:32:17.901, 2, 119.56, 100, 0, 62822, 31, 1980
2026/08/28 20:32:17.901, 3, 118.65, 100, 0, 61418, 33, 1980
2026/08/28 20:32:22.902, 0, 120.94, 100, 0, 66164, 33, 1980
2026/08/28 20:32:22.902, 1, 121.59, 100, 0, 65782, 31, 1980
2026/08/28 20:32:22.902, 2, 119.61, 100, 0, 62822, 31, 1980
2026/08/28 20:32:22.902, 3, 118.71, 100, 0, 61418, 33, 1980
2026/08/28 20:32:27.902, 0, 120.87, 100, 0, 66164, 33, 1980
2026/08/28 20:32:27.903, 1, 121.61, 100, 0, 65782, 31, 1980
2026/08/28 20:32:27.903, 2, 119.73, 100, 0, 62822, 31, 1980
2026/08/28 20:32:27.903, 3, 118.69, 100, 0, 61418, 33, 1980
2026/08/28 20:32:32.904, 0, 120.90, 100, 0, 66164, 33, 1980
2026/08/28 20:32:32.904, 1, 121.58, 100, 0, 65782, 31, 1980
2026/08/28 20:32:32.904, 2, 119.53, 100, 0, 62822, 31, 1980
2026/08/28 20:32:32.904, 3, 118.70, 100, 0, 61418, 33, 1980
2026/08/28 20:32:37.904, 0, 120.88, 100, 0, 66164, 33, 1980
2026/08/28 20:32:37.904, 1, 121.59, 100, 0, 65782, 31, 1980
2026/08/28 20:32:37.904, 2, 119.44, 100, 0, 62822, 31, 1980
2026/08/28 20:32:37.904, 3, 118.71, 100, 0, 61418, 33, 1980
2026/08/28 20:32:42.905, 0, 120.85, 100, 0, 66164, 33, 1980
2026/08/28 20:32:42.905, 1, 121.54, 100, 0, 65782, 31, 1980
2026/08/28 20:32:42.905, 2, 119.46, 100, 0, 62822, 31, 1980
2026/08/28 20:32:42.905, 3, 118.65, 100, 0, 61418, 33, 1980
2026/08/28 20:32:47.905, 0, 120.85, 100, 0, 66164, 33, 1980
2026/08/28 20:32:47.905, 1, 121.56, 100, 0, 65782, 31, 1980
2026/08/28 20:32:47.906, 2, 119.39, 100, 0, 62822, 31, 1980
2026/08/28 20:32:47.906, 3, 118.66, 100, 0, 61418, 33, 1980
2026/08/28 20:32:52.906, 0, 120.89, 100, 0, 66164, 33, 1980
2026/08/28 20:32:52.906, 1, 121.52, 100, 0, 65782, 31, 1980
2026/08/28 20:32:52.906, 2, 119.39, 100, 0, 62822, 31, 1980
2026/08/28 20:32:52.906, 3, 118.68, 100, 0, 61418, 33, 1980
2026/08/28 20:32:57.907, 0, 120.89, 100, 0, 66164, 33, 1980
2026/08/28 20:32:57.907, 1, 121.56, 100, 0, 65782, 31, 1980
2026/08/28 20:32:57.907, 2, 119.42, 100, 0, 62822, 31, 1980
2026/08/28 20:32:57.907, 3, 118.67, 100, 0, 61418, 33, 1980
2026/08/28 20:33:02.907, 0, 120.88, 100, 0, 66164, 33, 1980
2026/08/28 20:33:02.907, 1, 121.54, 100, 0, 65782, 31, 1980
2026/08/28 20:33:02.907, 2, 119.40, 100, 0, 62822, 31, 1980
2026/08/28 20:33:02.907, 3, 118.53, 100, 0, 61418, 33, 1980
2026/08/28 20:33:07.908, 0, 120.91, 100, 0, 66164, 33, 1980
2026/08/28 20:33:07.908, 1, 121.52, 100, 0, 65782, 31, 1980
2026/08/28 20:33:07.908, 2, 119.39, 100, 0, 62822, 31, 1980
2026/08/28 20:33:07.908, 3, 118.68, 100, 0, 61418, 32, 1980
2026/08/28 20:33:12.908, 0, 120.91, 100, 0, 66164, 33, 1980
2026/08/28 20:33:12.908, 1, 121.54, 100, 0, 65782, 31, 1980
2026/08/28 20:33:12.909, 2, 119.39, 100, 0, 62822, 31, 1980
2026/08/28 20:33:12.909, 3, 118.67, 100, 0, 61418, 32, 1980
2026/08/28 20:33:17.909, 0, 120.89, 100, 0, 66164, 33, 1980
2026/08/28 20:33:17.909, 1, 121.56, 100, 0, 65782, 31, 1980
2026/08/28 20:33:17.909, 2, 119.43, 100, 0, 62822, 31, 1980
2026/08/28 20:33:17.909, 3, 118.62, 100, 0, 61418, 32, 1980
2026/08/28 20:33:22.910, 0, 120.90, 100, 0, 66164, 33, 1980
2026/08/28 20:33:22.910, 1, 121.59, 100, 0, 65782, 31, 1980
2026/08/28 20:33:22.910, 2, 119.39, 100, 0, 62822, 31, 1980
2026/08/28 20:33:22.910, 3, 118.67, 100, 0, 61418, 33, 1980
2026/08/28 20:33:27.910, 0, 120.86, 100, 0, 66164, 33, 1980
2026/08/28 20:33:27.910, 1, 121.54, 100, 0, 65782, 31, 1980
2026/08/28 20:33:27.910, 2, 119.46, 100, 0, 62822, 31, 1980
2026/08/28 20:33:27.910, 3, 118.65, 100, 0, 61418, 33, 1980
2026/08/28 20:33:32.911, 0, 120.89, 100, 0, 66164, 33, 1980
2026/08/28 20:33:32.911, 1, 121.59, 100, 0, 65782, 31, 1980
2026/08/28 20:33:32.911, 2, 119.46, 100, 0, 62822, 31, 1980
2026/08/28 20:33:32.911, 3, 118.71, 100, 0, 61418, 33, 1980
2026/08/28 20:33:37.911, 0, 120.87, 100, 0, 66164, 33, 1980
2026/08/28 20:33:37.911, 1, 121.60, 100, 0, 65782, 31, 1980
2026/08/28 20:33:37.912, 2, 119.45, 100, 0, 62822, 31, 1980
2026/08/28 20:33:37.912, 3, 118.71, 100, 0, 61418, 33, 1980
2026/08/28 20:33:42.912, 0, 120.94, 100, 0, 66164, 33, 1980
2026/08/28 20:33:42.912, 1, 121.58, 100, 0, 65782, 31, 1980
2026/08/28 20:33:42.912, 2, 119.48, 100, 0, 62822, 31, 1980
2026/08/28 20:33:42.912, 3, 118.69, 100, 0, 61418, 33, 1980
2026/08/28 20:33:47.913, 0, 120.93, 100, 0, 66164, 33, 1980
2026/08/28 20:33:47.913, 1, 121.64, 100, 0, 65782, 31, 1980
2026/08/28 20:33:47.913, 2, 119.51, 100, 0, 62822, 31, 1980
2026/08/28 20:33:47.913, 3, 118.72, 100, 0, 61418, 33, 1980
2026/08/28 20:33:52.913, 0, 120.92, 100, 0, 66164, 33, 1980
2026/08/28 20:33:52.913, 1, 121.67, 100, 0, 65782, 31, 1980
2026/08/28 20:33:52.913, 2, 119.49, 100, 0, 62822, 31, 1980
2026/08/28 20:33:52.913, 3, 118.75, 100, 0, 61418, 33, 1980
2026/08/28 20:33:57.914, 0, 120.93, 100, 0, 66164, 33, 1980
2026/08/28 20:33:57.914, 1, 121.67, 100, 0, 65782, 31, 1980
2026/08/28 20:33:57.914, 2, 119.53, 100, 0, 62822, 31, 1980
2026/08/28 20:33:57.914, 3, 118.73, 100, 0, 61418, 33, 1980
2026/08/28 20:34:02.914, 0, 120.98, 100, 0, 66164, 33, 1980
2026/08/28 20:34:02.914, 1, 121.67, 100, 0, 65782, 31, 1980
2026/08/28 20:34:02.914, 2, 119.55, 100, 0, 62822, 31, 1980
2026/08/28 20:34:02.914, 3, 118.73, 100, 0, 61418, 33, 1980
2026/08/28 20:34:07.915, 0, 120.94, 100, 0, 66164, 33, 1980
2026/08/28 20:34:07.915, 1, 121.66, 100, 0, 65782, 31, 1980
2026/08/28 20:34:07.915, 2, 119.53, 100, 0, 62822, 31, 1980
2026/08/28 20:34:07.915, 3, 118.75, 100, 0, 61418, 33, 1980
2026/08/28 20:34:12.915, 0, 120.93, 100, 0, 66164, 33, 1980
2026/08/28 20:34:12.915, 1, 121.66, 100, 0, 65782, 31, 1980
2026/08/28 20:34:12.915, 2, 119.52, 100, 0, 62822, 31, 1980
2026/08/28 20:34:12.915, 3, 118.75, 100, 0, 61418, 33, 1980
2026/08/28 20:34:17.916, 0, 120.98, 100, 0, 66164, 33, 1980
2026/08/28 20:34:17.916, 1, 121.71, 100, 0, 65782, 31, 1980
2026/08/28 20:34:17.916, 2, 119.51, 100, 0, 62822, 31, 1980
2026/08/28 20:34:17.916, 3, 118.78, 100, 0, 61418, 33, 1980
2026/08/28 20:34:22.916, 0, 120.94, 100, 0, 66164, 33, 1980
2026/08/28 20:34:22.916, 1, 121.65, 100, 0, 65782, 31, 1980
2026/08/28 20:34:22.917, 2, 119.49, 100, 0, 62822, 31, 1980
2026/08/28 20:34:22.917, 3, 118.75, 100, 0, 61418, 33, 1980
2026/08/28 20:34:27.917, 0, 120.94, 100, 0, 66164, 33, 1980
2026/08/28 20:34:27.917, 1, 121.64, 100, 0, 65782, 31, 1980
2026/08/28 20:34:27.917, 2, 119.48, 100, 0, 62822, 31, 1980
2026/08/28 20:34:27.917, 3, 118.77, 100, 0, 61418, 33, 1980
2026/08/28 20:34:32.917, 0, 120.98, 100, 0, 66164, 33, 1980
2026/08/28 20:34:32.918, 1, 121.62, 100, 0, 65782, 31, 1980
2026/08/28 20:34:32.918, 2, 119.49, 100, 0, 62822, 31, 1980
2026/08/28 20:34:32.918, 3, 118.73, 100, 0, 61418, 33, 1980
2026/08/28 20:34:37.918, 0, 120.97, 100, 0, 66164, 33, 1980
2026/08/28 20:34:37.918, 1, 121.58, 100, 0, 65782, 31, 1980
2026/08/28 20:34:37.918, 2, 119.46, 100, 0, 62822, 31, 1980
2026/08/28 20:34:37.918, 3, 118.70, 100, 0, 61418, 33, 1980
2026/08/28 20:34:42.918, 0, 120.94, 100, 0, 66164, 33, 1980
2026/08/28 20:34:42.919, 1, 121.59, 100, 0, 65782, 31, 1980
2026/08/28 20:34:42.919, 2, 119.46, 100, 0, 62822, 31, 1980
2026/08/28 20:34:42.919, 3, 118.73, 100, 0, 61418, 33, 1980
2026/08/28 20:34:47.919, 0, 120.94, 100, 0, 66164, 33, 1980
2026/08/28 20:34:47.919, 1, 121.60, 100, 0, 65782, 31, 1980
2026/08/28 20:34:47.919, 2, 119.41, 100, 0, 62822, 31, 1980
2026/08/28 20:34:47.919, 3, 118.69, 100, 0, 61418, 33, 1980
2026/08/28 20:34:52.920, 0, 120.93, 100, 0, 66164, 33, 1980
2026/08/28 20:34:52.920, 1, 121.56, 100, 0, 65782, 31, 1980
2026/08/28 20:34:52.920, 2, 119.46, 100, 0, 62822, 31, 1980
2026/08/28 20:34:52.920, 3, 118.71, 100, 0, 61418, 33, 1980
2026/08/28 20:34:57.920, 0, 120.96, 100, 0, 66164, 33, 1980
2026/08/28 20:34:57.920, 1, 121.60, 100, 0, 65782, 31, 1980
2026/08/28 20:34:57.920, 2, 119.46, 100, 0, 62822, 31, 1980
2026/08/28 20:34:57.920, 3, 118.73, 100, 0, 61418, 33, 1980
2026/08/28 20:35:02.921, 0, 120.93, 100, 0, 66164, 33, 1980
2026/08/28 20:35:02.921, 1, 121.56, 100, 0, 65782, 31, 1980
2026/08/28 20:35:02.921, 2, 119.57, 100, 0, 62822, 31, 1980
2026/08/28 20:35:02.921, 3, 118.68, 100, 0, 61418, 33, 1980
2026/08/28 20:35:07.921, 0, 120.86, 100, 0, 66164, 33, 1980
2026/08/28 20:35:07.921, 1, 121.59, 100, 0, 65782, 31, 1980
2026/08/28 20:35:07.921, 2, 119.47, 100, 0, 62822, 31, 1980
2026/08/28 20:35:07.921, 3, 118.71, 100, 0, 61418, 33, 1980
2026/08/28 20:35:12.922, 0, 120.92, 100, 0, 66164, 33, 1980
2026/08/28 20:35:12.922, 1, 121.59, 100, 0, 65782, 31, 1980
2026/08/28 20:35:12.922, 2, 119.46, 100, 0, 62822, 31, 1980
2026/08/28 20:35:12.922, 3, 118.70, 100, 0, 61418, 33, 1980
2026/08/28 20:35:17.922, 0, 120.91, 100, 0, 66164, 33, 1980
2026/08/28 20:35:17.922, 1, 121.59, 100, 0, 65782, 31, 1980
2026/08/28 20:35:17.922, 2, 119.50, 100, 0, 62822, 31, 1980
2026/08/28 20:35:17.922, 3, 118.65, 100, 0, 61418, 33, 1980
2026/08/28 20:35:22.923, 0, 120.90, 100, 0, 66164, 33, 1980
2026/08/28 20:35:22.923, 1, 121.60, 100, 0, 65782, 31, 1980
2026/08/28 20:35:22.923, 2, 119.47, 100, 0, 62822, 31, 1980
2026/08/28 20:35:22.923, 3, 118.63, 100, 0, 61418, 33, 1980
2026/08/28 20:35:27.923, 0, 120.86, 100, 0, 66164, 33, 1980
2026/08/28 20:35:27.923, 1, 121.57, 100, 0, 65782, 31, 1980
2026/08/28 20:35:27.923, 2, 119.44, 100, 0, 62822, 31, 1980
2026/08/28 20:35:27.923, 3, 118.64, 100, 0, 61418, 33, 1980
2026/08/28 20:35:32.924, 0, 120.85, 100, 0, 66164, 33, 1980
2026/08/28 20:35:32.924, 1, 121.50, 100, 0, 65782, 31, 1980
2026/08/28 20:35:32.924, 2, 119.45, 100, 0, 62822, 31, 1980
2026/08/28 20:35:32.924, 3, 118.65, 100, 0, 61418, 33, 1980
2026/08/28 20:35:37.924, 0, 120.89, 100, 0, 66164, 33, 1980
2026/08/28 20:35:37.925, 1, 121.54, 100, 0, 65782, 31, 1980
2026/08/28 20:35:37.925, 2, 119.43, 100, 0, 62822, 31, 1980
2026/08/28 20:35:37.925, 3, 118.64, 100, 0, 61418, 32, 1980
2026/08/28 20:35:42.925, 0, 120.86, 100, 0, 66164, 33, 1980
2026/08/28 20:35:42.925, 1, 121.58, 100, 0, 65782, 31, 1980
2026/08/28 20:35:42.925, 2, 119.45, 100, 0, 62822, 31, 1980
2026/08/28 20:35:42.925, 3, 118.62, 100, 0, 61418, 32, 1980
2026/08/28 20:35:47.926, 0, 120.85, 100, 0, 66164, 33, 1980
2026/08/28 20:35:47.926, 1, 121.53, 100, 0, 65782, 31, 1980
2026/08/28 20:35:47.926, 2, 119.38, 100, 0, 62822, 31, 1980
2026/08/28 20:35:47.926, 3, 118.64, 100, 0, 61418, 32, 1980
2026/08/28 20:35:52.926, 0, 120.87, 100, 0, 66164, 33, 1980
2026/08/28 20:35:52.926, 1, 121.50, 100, 0, 65782, 31, 1980
2026/08/28 20:35:52.926, 2, 119.39, 100, 0, 62822, 31, 1980
2026/08/28 20:35:52.926, 3, 118.63, 100, 0, 61418, 32, 1980
2026/08/28 20:35:57.927, 0, 120.91, 100, 0, 66164, 33, 1980
2026/08/28 20:35:57.927, 1, 121.51, 100, 0, 65782, 31, 1980
2026/08/28 20:35:57.927, 2, 119.38, 100, 0, 62822, 31, 1980
2026/08/28 20:35:57.927, 3, 118.60, 100, 0, 61418, 32, 1980
2026/08/28 20:36:02.927, 0, 120.91, 100, 0, 66164, 33, 1980
2026/08/28 20:36:02.927, 1, 121.50, 100, 0, 65782, 31, 1980
2026/08/28 20:36:02.927, 2, 119.42, 100, 0, 62822, 31, 1980
2026/08/28 20:36:02.927, 3, 118.68, 100, 0, 61418, 32, 1980
2026/08/28 20:36:07.928, 0, 120.84, 100, 0, 66164, 33, 1980
2026/08/28 20:36:07.928, 1, 121.53, 100, 0, 65782, 31, 1980
2026/08/28 20:36:07.928, 2, 119.46, 100, 0, 62822, 31, 1980
2026/08/28 20:36:07.928, 3, 118.65, 100, 0, 61418, 32, 1980
2026/08/28 20:36:12.928, 0, 120.88, 100, 0, 66164, 33, 1980
2026/08/28 20:36:12.928, 1, 121.51, 100, 0, 65782, 31, 1980
2026/08/28 20:36:12.928, 2, 119.37, 100, 0, 62822, 31, 1980
2026/08/28 20:36:12.929, 3, 118.67, 100, 0, 61418, 32, 1980
2026/08/28 20:36:17.929, 0, 120.84, 100, 0, 66164, 33, 1980
2026/08/28 20:36:17.929, 1, 121.59, 100, 0, 65782, 31, 1980
2026/08/28 20:36:17.929, 2, 119.39, 100, 0, 62822, 31, 1980
2026/08/28 20:36:17.929, 3, 118.65, 100, 0, 61418, 32, 1980
2026/08/28 20:36:22.929, 0, 120.83, 100, 0, 66164, 33, 1980
2026/08/28 20:36:22.930, 1, 121.56, 100, 0, 65782, 31, 1980
2026/08/28 20:36:22.930, 2, 119.43, 100, 0, 62822, 31, 1980
2026/08/28 20:36:22.930, 3, 118.59, 100, 0, 61418, 32, 1980
2026/08/28 20:36:27.930, 0, 120.84, 100, 0, 66164, 33, 1980
2026/08/28 20:36:27.931, 1, 121.54, 100, 0, 65782, 31, 1980
2026/08/28 20:36:27.932, 2, 119.44, 100, 0, 62822, 31, 1980
2026/08/28 20:36:27.934, 3, 118.62, 100, 0, 61418, 32, 1980
2026/08/28 20:36:32.935, 0, 120.84, 100, 0, 66164, 33, 1980
2026/08/28 20:36:32.935, 1, 121.54, 100, 0, 65782, 31, 1980
2026/08/28 20:36:32.935, 2, 119.42, 100, 0, 62822, 31, 1980
2026/08/28 20:36:32.935, 3, 118.60, 100, 0, 61418, 32, 1980
2026/08/28 20:36:37.935, 0, 120.86, 100, 0, 66164, 33, 1980
2026/08/28 20:36:37.936, 1, 121.62, 100, 0, 65782, 31, 1980
2026/08/28 20:36:37.936, 2, 119.41, 100, 0, 62822, 31, 1980
2026/08/28 20:36:37.936, 3, 118.63, 100, 0, 61418, 32, 1980
2026/08/28 20:36:42.936, 0, 120.84, 100, 0, 66164, 33, 1980
2026/08/28 20:36:42.936, 1, 121.56, 100, 0, 65782, 31, 1980
2026/08/28 20:36:42.936, 2, 119.45, 100, 0, 62822, 31, 1980
2026/08/28 20:36:42.936, 3, 118.63, 100, 0, 61418, 32, 1980
2026/08/28 20:36:47.937, 0, 120.87, 100, 0, 66164, 33, 1980
2026/08/28 20:36:47.937, 1, 121.62, 100, 0, 65782, 31, 1980
2026/08/28 20:36:47.937, 2, 119.45, 100, 0, 62822, 31, 1980
2026/08/28 20:36:47.937, 3, 118.60, 100, 0, 61418, 32, 1980
2026/08/28 20:36:52.937, 0, 120.88, 100, 0, 66164, 33, 1980
2026/08/28 20:36:52.937, 1, 121.58, 100, 0, 65782, 31, 1980
2026/08/28 20:36:52.937, 2, 119.53, 100, 0, 62822, 31, 1980
2026/08/28 20:36:52.937, 3, 118.71, 100, 0, 61418, 32, 1980
2026/08/28 20:36:57.938, 0, 120.84, 100, 0, 66164, 33, 1980
2026/08/28 20:36:57.938, 1, 121.57, 100, 0, 65782, 31, 1980
2026/08/28 20:36:57.938, 2, 119.47, 100, 0, 62822, 31, 1980
2026/08/28 20:36:57.938, 3, 118.67, 100, 0, 61418, 33, 1980
2026/08/28 20:37:02.938, 0, 120.85, 100, 0, 66164, 33, 1980
2026/08/28 20:37:02.938, 1, 121.59, 100, 0, 65782, 31, 1980
2026/08/28 20:37:02.938, 2, 119.47, 100, 0, 62822, 31, 1980
2026/08/28 20:37:02.938, 3, 118.64, 100, 0, 61418, 33, 1980
2026/08/28 20:37:07.939, 0, 120.87, 100, 0, 66164, 33, 1980
2026/08/28 20:37:07.939, 1, 121.64, 100, 0, 65782, 31, 1980
2026/08/28 20:37:07.939, 2, 119.47, 100, 0, 62822, 31, 1980
2026/08/28 20:37:07.939, 3, 118.64, 100, 0, 61418, 33, 1980
2026/08/28 20:37:12.939, 0, 120.90, 100, 0, 66164, 33, 1980
2026/08/28 20:37:12.939, 1, 121.61, 100, 0, 65782, 31, 1980
2026/08/28 20:37:12.939, 2, 119.45, 100, 0, 62822, 31, 1980
2026/08/28 20:37:12.939, 3, 118.67, 100, 0, 61418, 33, 1980
2026/08/28 20:37:17.940, 0, 120.89, 100, 0, 66164, 33, 1980
2026/08/28 20:37:17.940, 1, 121.60, 100, 0, 65782, 31, 1980
2026/08/28 20:37:17.941, 2, 119.44, 100, 0, 62822, 31, 1980
2026/08/28 20:37:17.941, 3, 118.62, 100, 0, 61418, 33, 1980
2026/08/28 20:37:22.941, 0, 120.92, 100, 0, 66164, 33, 1980
2026/08/28 20:37:22.941, 1, 121.61, 100, 0, 65782, 31, 1980
2026/08/28 20:37:22.941, 2, 119.47, 100, 0, 62822, 31, 1980
2026/08/28 20:37:22.941, 3, 118.66, 100, 0, 61418, 33, 1980
2026/08/28 20:37:27.942, 0, 120.94, 100, 0, 66164, 33, 1980
2026/08/28 20:37:27.942, 1, 121.62, 100, 0, 65782, 31, 1980
2026/08/28 20:37:27.942, 2, 119.45, 100, 0, 62822, 31, 1980
2026/08/28 20:37:27.942, 3, 118.70, 100, 0, 61418, 33, 1980
2026/08/28 20:37:32.942, 0, 120.81, 100, 0, 66164, 33, 1980
2026/08/28 20:37:32.942, 1, 121.64, 100, 0, 65782, 31, 1980
2026/08/28 20:37:32.942, 2, 119.43, 100, 0, 62822, 31, 1980
2026/08/28 20:37:32.942, 3, 118.69, 100, 0, 61418, 33, 1980
2026/08/28 20:37:37.943, 0, 120.87, 100, 0, 66164, 33, 1980
2026/08/28 20:37:37.943, 1, 121.61, 100, 0, 65782, 31, 1980
2026/08/28 20:37:37.943, 2, 119.50, 100, 0, 62822, 31, 1980
2026/08/28 20:37:37.943, 3, 118.65, 100, 0, 61418, 33, 1980
2026/08/28 20:37:42.943, 0, 120.88, 100, 0, 66164, 33, 1980
2026/08/28 20:37:42.943, 1, 121.64, 100, 0, 65782, 31, 1980
2026/08/28 20:37:42.943, 2, 119.44, 100, 0, 62822, 31, 1980
2026/08/28 20:37:42.943, 3, 118.64, 100, 0, 61418, 33, 1980
2026/08/28 20:37:47.944, 0, 120.89, 100, 0, 66164, 33, 1980
2026/08/28 20:37:47.944, 1, 121.54, 100, 0, 65782, 31, 1980
2026/08/28 20:37:47.944, 2, 119.42, 100, 0, 62822, 31, 1980
2026/08/28 20:37:47.944, 3, 118.61, 100, 0, 61418, 33, 1980
2026/08/28 20:37:52.944, 0, 120.88, 100, 0, 66164, 33, 1980
2026/08/28 20:37:52.944, 1, 121.64, 100, 0, 65782, 31, 1980
2026/08/28 20:37:52.944, 2, 119.42, 100, 0, 62822, 31, 1980
2026/08/28 20:37:52.944, 3, 118.65, 100, 0, 61418, 33, 1980
2026/08/28 20:37:57.945, 0, 120.85, 100, 0, 66164, 33, 1980
2026/08/28 20:37:57.945, 1, 121.60, 100, 0, 65782, 31, 1980
2026/08/28 20:37:57.945, 2, 119.40, 100, 0, 62822, 31, 1980
2026/08/28 20:37:57.945, 3, 118.63, 100, 0, 61418, 33, 1980
2026/08/28 20:38:02.945, 0, 120.93, 100, 0, 66164, 33, 1980
2026/08/28 20:38:02.945, 1, 121.66, 100, 0, 65782, 31, 1980
2026/08/28 20:38:02.945, 2, 119.42, 100, 0, 62822, 31, 1980
2026/08/28 20:38:02.946, 3, 118.65, 100, 0, 61418, 33, 1980
2026/08/28 20:38:07.946, 0, 120.87, 100, 0, 66164, 33, 1980
2026/08/28 20:38:07.946, 1, 121.66, 100, 0, 65782, 31, 1980
2026/08/28 20:38:07.946, 2, 119.44, 100, 0, 62822, 31, 1980
2026/08/28 20:38:07.946, 3, 118.64, 100, 0, 61418, 33, 1980
2026/08/28 20:38:12.946, 0, 120.88, 100, 0, 66164, 33, 1980
2026/08/28 20:38:12.947, 1, 121.61, 100, 0, 65782, 31, 1980
2026/08/28 20:38:12.947, 2, 119.53, 100, 0, 62822, 31, 1980
2026/08/28 20:38:12.947, 3, 118.65, 100, 0, 61418, 33, 1980
2026/08/28 20:38:17.947, 0, 120.91, 100, 0, 66164, 33, 1980
2026/08/28 20:38:17.948, 1, 121.64, 100, 0, 65782, 31, 1980
2026/08/28 20:38:17.950, 2, 119.47, 100, 0, 62822, 31, 1980
2026/08/28 20:38:17.952, 3, 118.62, 100, 0, 61418, 33, 1980
2026/08/28 20:38:22.953, 0, 120.90, 100, 0, 66164, 33, 1980
2026/08/28 20:38:22.954, 1, 121.69, 100, 0, 65782, 31, 1980
2026/08/28 20:38:22.954, 2, 119.45, 100, 0, 62822, 31, 1980
2026/08/28 20:38:22.954, 3, 118.71, 100, 0, 61418, 33, 1980
2026/08/28 20:38:27.955, 0, 120.91, 100, 0, 66164, 33, 1980
2026/08/28 20:38:27.955, 1, 121.66, 100, 0, 65782, 31, 1980
2026/08/28 20:38:27.955, 2, 119.44, 100, 0, 62822, 31, 1980
2026/08/28 20:38:27.955, 3, 118.68, 100, 0, 61418, 33, 1980
2026/08/28 20:38:32.955, 0, 120.94, 100, 0, 66164, 33, 1980
2026/08/28 20:38:32.956, 1, 121.67, 100, 0, 65782, 31, 1980
2026/08/28 20:38:32.956, 2, 119.45, 100, 0, 62822, 31, 1980
2026/08/28 20:38:32.956, 3, 118.71, 100, 0, 61418, 33, 1980
2026/08/28 20:38:37.956, 0, 120.90, 100, 0, 66164, 33, 1980
2026/08/28 20:38:37.956, 1, 121.61, 100, 0, 65782, 31, 1980
2026/08/28 20:38:37.956, 2, 119.45, 100, 0, 62822, 31, 1980
2026/08/28 20:38:37.956, 3, 118.69, 100, 0, 61418, 33, 1980
2026/08/28 20:38:42.956, 0, 120.91, 100, 0, 66164, 33, 1980
2026/08/28 20:38:42.957, 1, 121.61, 100, 0, 65782, 31, 1980
2026/08/28 20:38:42.957, 2, 119.46, 100, 0, 62822, 31, 1980
2026/08/28 20:38:42.957, 3, 118.68, 100, 0, 61418, 33, 1980
2026/08/28 20:38:47.957, 0, 120.95, 100, 0, 66164, 33, 1980
2026/08/28 20:38:47.957, 1, 121.57, 100, 0, 65782, 31, 1980
2026/08/28 20:38:47.957, 2, 119.39, 100, 0, 62822, 31, 1980
2026/08/28 20:38:47.957, 3, 118.68, 100, 0, 61418, 33, 1980
2026/08/28 20:38:52.958, 0, 120.86, 100, 0, 66164, 33, 1980
2026/08/28 20:38:52.958, 1, 121.60, 100, 0, 65782, 31, 1980
2026/08/28 20:38:52.958, 2, 119.41, 100, 0, 62822, 31, 1980
2026/08/28 20:38:52.958, 3, 118.68, 100, 0, 61418, 33, 1980
2026/08/28 20:38:57.958, 0, 120.90, 100, 0, 66164, 33, 1980
2026/08/28 20:38:57.958, 1, 121.54, 100, 0, 65782, 31, 1980
2026/08/28 20:38:57.958, 2, 119.41, 100, 0, 62822, 31, 1980
2026/08/28 20:38:57.958, 3, 118.69, 100, 0, 61418, 33, 1980
2026/08/28 20:39:02.959, 0, 120.89, 100, 0, 66164, 33, 1980
2026/08/28 20:39:02.959, 1, 121.53, 100, 0, 65782, 31, 1980
2026/08/28 20:39:02.959, 2, 119.40, 100, 0, 62822, 31, 1980
2026/08/28 20:39:02.959, 3, 118.71, 100, 0, 61418, 33, 1980
2026/08/28 20:39:07.959, 0, 120.87, 100, 0, 66164, 33, 1980
2026/08/28 20:39:07.959, 1, 121.53, 100, 0, 65782, 31, 1980
2026/08/28 20:39:07.959, 2, 119.35, 100, 0, 62822, 31, 1980
2026/08/28 20:39:07.959, 3, 118.65, 100, 0, 61418, 33, 1980
2026/08/28 20:39:12.960, 0, 120.93, 100, 0, 66164, 33, 1980
2026/08/28 20:39:12.960, 1, 121.50, 100, 0, 65782, 31, 1980
2026/08/28 20:39:12.960, 2, 119.37, 100, 0, 62822, 31, 1980
2026/08/28 20:39:12.960, 3, 118.68, 100, 0, 61418, 33, 1980
2026/08/28 20:39:17.960, 0, 120.88, 100, 0, 66164, 33, 1980
2026/08/28 20:39:17.960, 1, 121.51, 100, 0, 65782, 31, 1980
2026/08/28 20:39:17.960, 2, 119.35, 100, 0, 62822, 31, 1980
2026/08/28 20:39:17.961, 3, 118.67, 100, 0, 61418, 33, 1980
2026/08/28 20:39:22.961, 0, 120.86, 100, 0, 66164, 33, 1980
2026/08/28 20:39:22.961, 1, 121.53, 100, 0, 65782, 31, 1980
2026/08/28 20:39:22.961, 2, 119.35, 100, 0, 62822, 31, 1980
2026/08/28 20:39:22.961, 3, 118.67, 100, 0, 61418, 33, 1980
2026/08/28 20:39:27.961, 0, 120.86, 100, 0, 66164, 33, 1980
2026/08/28 20:39:27.961, 1, 121.51, 100, 0, 65782, 31, 1980
2026/08/28 20:39:27.962, 2, 119.30, 100, 0, 62822, 31, 1980
2026/08/28 20:39:27.962, 3, 118.62, 100, 0, 61418, 32, 1980
2026/08/28 20:39:32.962, 0, 120.84, 100, 0, 66164, 33, 1980
2026/08/28 20:39:32.962, 1, 121.47, 100, 0, 65782, 31, 1980
2026/08/28 20:39:32.962, 2, 119.30, 100, 0, 62822, 31, 1980
2026/08/28 20:39:32.962, 3, 118.66, 100, 0, 61418, 32, 1980
2026/08/28 20:39:37.962, 0, 120.78, 100, 0, 66164, 33, 1980
2026/08/28 20:39:37.963, 1, 121.52, 100, 0, 65782, 31, 1980
2026/08/28 20:39:37.963, 2, 119.27, 100, 0, 62822, 31, 1980
2026/08/28 20:39:37.963, 3, 118.62, 100, 0, 61418, 32, 1980
2026/08/28 20:39:42.963, 0, 120.86, 100, 0, 66164, 33, 1980
2026/08/28 20:39:42.963, 1, 121.47, 100, 0, 65782, 31, 1980
2026/08/28 20:39:42.963, 2, 119.27, 100, 0, 62822, 31, 1980
2026/08/28 20:39:42.963, 3, 118.58, 100, 0, 61418, 32, 1980
2026/08/28 20:39:47.963, 0, 120.84, 100, 0, 66164, 33, 1980
2026/08/28 20:39:47.964, 1, 121.46, 100, 0, 65782, 31, 1980
2026/08/28 20:39:47.964, 2, 119.26, 100, 0, 62822, 31, 1980
2026/08/28 20:39:47.964, 3, 118.57, 100, 0, 61418, 32, 1980
2026/08/28 20:39:52.964, 0, 120.79, 100, 0, 66164, 33, 1980
2026/08/28 20:39:52.964, 1, 121.46, 100, 0, 65782, 31, 1980
2026/08/28 20:39:52.964, 2, 119.29, 100, 0, 62822, 31, 1980
2026/08/28 20:39:52.964, 3, 118.60, 100, 0, 61418, 32, 1980
2026/08/28 20:39:57.965, 0, 120.86, 100, 0, 66164, 33, 1980
2026/08/28 20:39:57.965, 1, 121.44, 100, 0, 65782, 31, 1980
2026/08/28 20:39:57.965, 2, 119.26, 100, 0, 62822, 31, 1980
2026/08/28 20:39:57.965, 3, 118.61, 100, 0, 61418, 32, 1980
2026/08/28 20:40:02.965, 0, 120.81, 100, 0, 66164, 33, 1980
2026/08/28 20:40:02.965, 1, 121.46, 100, 0, 65782, 31, 1980
2026/08/28 20:40:02.965, 2, 119.28, 100, 0, 62822, 31, 1980
2026/08/28 20:40:02.965, 3, 118.55, 100, 0, 61418, 32, 1980
2026/08/28 20:40:07.966, 0, 120.80, 100, 0, 66164, 33, 1980
2026/08/28 20:40:07.966, 1, 121.50, 100, 0, 65782, 31, 1980
2026/08/28 20:40:07.966, 2, 119.29, 100, 0, 62822, 30, 1980
2026/08/28 20:40:07.966, 3, 118.57, 100, 0, 61418, 32, 1980
2026/08/28 20:40:12.966, 0, 120.85, 100, 0, 66164, 33, 1980
2026/08/28 20:40:12.966, 1, 121.52, 100, 0, 65782, 31, 1980
2026/08/28 20:40:12.966, 2, 119.28, 100, 0, 62822, 30, 1980
2026/08/28 20:40:12.966, 3, 118.46, 100, 0, 61418, 32, 1980
2026/08/28 20:40:17.967, 0, 120.85, 100, 0, 66164, 33, 1980
2026/08/28 20:40:17.967, 1, 121.49, 100, 0, 65782, 31, 1980
2026/08/28 20:40:17.967, 2, 119.25, 100, 0, 62822, 30, 1980
2026/08/28 20:40:17.967, 3, 118.52, 100, 0, 61418, 32, 1980
2026/08/28 20:40:22.967, 0, 120.82, 100, 0, 66164, 33, 1980
2026/08/28 20:40:22.967, 1, 121.54, 100, 0, 65782, 31, 1980
2026/08/28 20:40:22.967, 2, 119.28, 100, 0, 62822, 30, 1980
2026/08/28 20:40:22.967, 3, 118.47, 100, 0, 61418, 32, 1980
2026/08/28 20:40:27.968, 0, 120.83, 100, 0, 66164, 33, 1980
2026/08/28 20:40:27.968, 1, 121.51, 100, 0, 65782, 31, 1980
2026/08/28 20:40:27.968, 2, 119.28, 100, 0, 62822, 30, 1980
2026/08/28 20:40:27.968, 3, 118.57, 100, 0, 61418, 32, 1980
2026/08/28 20:40:32.968, 0, 120.81, 100, 0, 66164, 33, 1980
2026/08/28 20:40:32.968, 1, 121.53, 100, 0, 65782, 31, 1980
2026/08/28 20:40:32.968, 2, 119.30, 100, 0, 62822, 30, 1980
2026/08/28 20:40:32.968, 3, 118.58, 100, 0, 61418, 32, 1980
2026/08/28 20:40:37.969, 0, 120.81, 100, 0, 66164, 33, 1980
2026/08/28 20:40:37.969, 1, 121.57, 100, 0, 65782, 31, 1980
2026/08/28 20:40:37.969, 2, 119.31, 100, 0, 62822, 30, 1980
2026/08/28 20:40:37.969, 3, 118.54, 100, 0, 61418, 32, 1980
2026/08/28 20:40:42.969, 0, 120.75, 100, 0, 66164, 33, 1980
2026/08/28 20:40:42.969, 1, 121.52, 100, 0, 65782, 31, 1980
2026/08/28 20:40:42.970, 2, 119.25, 100, 0, 62822, 30, 1980
2026/08/28 20:40:42.970, 3, 118.56, 100, 0, 61418, 32, 1980
2026/08/28 20:40:47.970, 0, 120.81, 100, 0, 66164, 33, 1980
2026/08/28 20:40:47.970, 1, 121.56, 100, 0, 65782, 31, 1980
2026/08/28 20:40:47.970, 2, 119.32, 100, 0, 62822, 31, 1980
2026/08/28 20:40:47.970, 3, 118.47, 100, 0, 61418, 32, 1980
2026/08/28 20:40:52.970, 0, 120.82, 100, 0, 66164, 33, 1980
2026/08/28 20:40:52.971, 1, 121.52, 100, 0, 65782, 31, 1980
2026/08/28 20:40:52.971, 2, 119.29, 100, 0, 62822, 31, 1980
2026/08/28 20:40:52.971, 3, 118.55, 100, 0, 61418, 32, 1980
2026/08/28 20:40:57.971, 0, 120.85, 100, 0, 66164, 33, 1980
2026/08/28 20:40:57.971, 1, 121.57, 100, 0, 65782, 31, 1980
2026/08/28 20:40:57.971, 2, 119.29, 100, 0, 62822, 31, 1980
2026/08/28 20:40:57.971, 3, 118.52, 100, 0, 61418, 32, 1980
2026/08/28 20:41:02.972, 0, 120.86, 100, 0, 66164, 33, 1980
2026/08/28 20:41:02.972, 1, 121.64, 100, 0, 65782, 31, 1980
2026/08/28 20:41:02.972, 2, 119.34, 100, 0, 62822, 31, 1980
2026/08/28 20:41:02.972, 3, 118.53, 100, 0, 61418, 32, 1980
2026/08/28 20:41:07.972, 0, 120.87, 100, 0, 66164, 33, 1980
2026/08/28 20:41:07.972, 1, 121.61, 100, 0, 65782, 31, 1980
2026/08/28 20:41:07.972, 2, 119.38, 100, 0, 62822, 31, 1980
2026/08/28 20:41:07.972, 3, 118.50, 100, 0, 61418, 32, 1980
2026/08/28 20:41:12.973, 0, 120.81, 100, 0, 66164, 33, 1980
2026/08/28 20:41:12.973, 1, 121.65, 100, 0, 65782, 31, 1980
2026/08/28 20:41:12.973, 2, 119.38, 100, 0, 62822, 31, 1980
2026/08/28 20:41:12.973, 3, 118.60, 100, 0, 61418, 32, 1980
2026/08/28 20:41:17.973, 0, 120.84, 100, 0, 66164, 33, 1980
2026/08/28 20:41:17.973, 1, 121.60, 100, 0, 65782, 31, 1980
2026/08/28 20:41:17.973, 2, 119.34, 100, 0, 62822, 31, 1980
2026/08/28 20:41:17.973, 3, 118.57, 100, 0, 61418, 32, 1980
2026/08/28 20:41:22.974, 0, 120.85, 100, 0, 66164, 33, 1980
2026/08/28 20:41:22.974, 1, 121.61, 100, 0, 65782, 31, 1980
2026/08/28 20:41:22.974, 2, 119.34, 100, 0, 62822, 31, 1980
2026/08/28 20:41:22.974, 3, 118.60, 100, 0, 61418, 32, 1980
2026/08/28 20:41:27.974, 0, 120.93, 100, 0, 66164, 33, 1980
2026/08/28 20:41:27.974, 1, 121.62, 100, 0, 65782, 31, 1980
2026/08/28 20:41:27.974, 2, 119.32, 100, 0, 62822, 31, 1980
2026/08/28 20:41:27.974, 3, 118.63, 100, 0, 61418, 32, 1980
2026/08/28 20:41:32.975, 0, 120.87, 100, 0, 66164, 33, 1980
2026/08/28 20:41:32.975, 1, 121.61, 100, 0, 65782, 31, 1980
2026/08/28 20:41:32.975, 2, 119.37, 100, 0, 62822, 31, 1980
2026/08/28 20:41:32.975, 3, 118.58, 100, 0, 61418, 32, 1980
2026/08/28 20:41:37.975, 0, 120.84, 100, 0, 66164, 33, 1980
2026/08/28 20:41:37.975, 1, 121.58, 100, 0, 65782, 31, 1980
2026/08/28 20:41:37.975, 2, 119.29, 100, 0, 62822, 31, 1980
2026/08/28 20:41:37.975, 3, 118.56, 100, 0, 61418, 32, 1980
2026/08/28 20:41:42.976, 0, 120.82, 100, 0, 66164, 33, 1980
2026/08/28 20:41:42.976, 1, 121.58, 100, 0, 65782, 31, 1980
2026/08/28 20:41:42.976, 2, 119.28, 100, 0, 62822, 31, 1980
2026/08/28 20:41:42.976, 3, 118.55, 100, 0, 61418, 32, 1980
2026/08/28 20:41:47.976, 0, 120.91, 100, 0, 66164, 33, 1980
2026/08/28 20:41:47.976, 1, 121.62, 100, 0, 65782, 31, 1980
2026/08/28 20:41:47.976, 2, 119.31, 100, 0, 62822, 31, 1980
2026/08/28 20:41:47.976, 3, 118.56, 100, 0, 61418, 32, 1980
2026/08/28 20:41:52.977, 0, 120.85, 100, 0, 66164, 33, 1980
2026/08/28 20:41:52.977, 1, 121.60, 100, 0, 65782, 31, 1980
2026/08/28 20:41:52.977, 2, 119.31, 100, 0, 62822, 31, 1980
2026/08/28 20:41:52.977, 3, 118.52, 100, 0, 61418, 32, 1980
2026/08/28 20:41:57.977, 0, 120.85, 100, 0, 66164, 33, 1980
2026/08/28 20:41:57.977, 1, 121.57, 100, 0, 65782, 31, 1980
2026/08/28 20:41:57.977, 2, 119.32, 100, 0, 62822, 31, 1980
2026/08/28 20:41:57.977, 3, 118.54, 100, 0, 61418, 32, 1980
2026/08/28 20:42:02.978, 0, 120.83, 100, 0, 66164, 33, 1980
2026/08/28 20:42:02.978, 1, 121.56, 100, 0, 65782, 31, 1980
2026/08/28 20:42:02.978, 2, 119.26, 100, 0, 62822, 31, 1980
2026/08/28 20:42:02.978, 3, 118.54, 100, 0, 61418, 32, 1980
2026/08/28 20:42:07.978, 0, 120.86, 100, 0, 66164, 33, 1980
2026/08/28 20:42:07.979, 1, 121.55, 100, 0, 65782, 31, 1980
2026/08/28 20:42:07.979, 2, 119.26, 100, 0, 62822, 31, 1980
2026/08/28 20:42:07.979, 3, 117.96, 100, 0, 61418, 32, 1980
2026/08/28 20:42:12.979, 0, 120.84, 100, 0, 66164, 33, 1980
2026/08/28 20:42:12.979, 1, 121.58, 100, 0, 65782, 31, 1980
2026/08/28 20:42:12.979, 2, 119.32, 100, 0, 62822, 30, 1980
2026/08/28 20:42:12.979, 3, 118.54, 100, 0, 61418, 32, 1980
2026/08/28 20:42:17.980, 0, 120.82, 100, 0, 66164, 33, 1980
2026/08/28 20:42:17.980, 1, 121.57, 100, 0, 65782, 31, 1980
2026/08/28 20:42:17.980, 2, 119.26, 100, 0, 62822, 30, 1980
2026/08/28 20:42:17.980, 3, 118.59, 100, 0, 61418, 32, 1980
2026/08/28 20:42:22.980, 0, 120.84, 100, 0, 66164, 33, 1980
2026/08/28 20:42:22.980, 1, 121.57, 100, 0, 65782, 31, 1980
2026/08/28 20:42:22.980, 2, 119.25, 100, 0, 62822, 30, 1980
2026/08/28 20:42:22.980, 3, 118.55, 100, 0, 61418, 32, 1980
2026/08/28 20:42:27.981, 0, 120.88, 100, 0, 66164, 33, 1980
2026/08/28 20:42:27.981, 1, 121.56, 100, 0, 65782, 31, 1980
2026/08/28 20:42:27.981, 2, 119.26, 100, 0, 62822, 30, 1980
2026/08/28 20:42:27.981, 3, 118.52, 100, 0, 61418, 32, 1980
2026/08/28 20:42:32.981, 0, 120.86, 100, 0, 66164, 33, 1980
2026/08/28 20:42:32.982, 1, 121.55, 100, 0, 65782, 31, 1980
2026/08/28 20:42:32.982, 2, 119.28, 100, 0, 62822, 30, 1980
2026/08/28 20:42:32.982, 3, 118.53, 100, 0, 61418, 32, 1980
2026/08/28 20:42:37.982, 0, 120.78, 100, 0, 66164, 33, 1980
2026/08/28 20:42:37.982, 1, 121.52, 100, 0, 65782, 31, 1980
2026/08/28 20:42:37.982, 2, 119.25, 100, 0, 62822, 30, 1980
2026/08/28 20:42:37.982, 3, 118.52, 100, 0, 61418, 32, 1980
2026/08/28 20:42:42.983, 0, 120.77, 100, 0, 66164, 33, 1980
2026/08/28 20:42:42.983, 1, 121.50, 100, 0, 65782, 31, 1980
2026/08/28 20:42:42.983, 2, 119.26, 100, 0, 62822, 30, 1980
2026/08/28 20:42:42.983, 3, 118.52, 100, 0, 61418, 32, 1980
2026/08/28 20:42:47.983, 0, 120.77, 100, 0, 66164, 33, 1980
2026/08/28 20:42:47.983, 1, 121.53, 100, 0, 65782, 31, 1980
2026/08/28 20:42:47.983, 2, 119.20, 100, 0, 62822, 30, 1980
2026/08/28 20:42:47.983, 3, 118.54, 100, 0, 61418, 32, 1980
2026/08/28 20:42:52.984, 0, 120.78, 100, 0, 66164, 33, 1980
2026/08/28 20:42:52.984, 1, 121.49, 100, 0, 65782, 31, 1980
2026/08/28 20:42:52.984, 2, 119.20, 100, 0, 62822, 30, 1980
2026/08/28 20:42:52.984, 3, 118.47, 100, 0, 61418, 32, 1980
2026/08/28 20:42:57.984, 0, 120.80, 100, 0, 66164, 33, 1980
2026/08/28 20:42:57.984, 1, 121.46, 100, 0, 65782, 31, 1980
2026/08/28 20:42:57.984, 2, 119.22, 100, 0, 62822, 30, 1980
2026/08/28 20:42:57.984, 3, 118.44, 100, 0, 61418, 32, 1980
2026/08/28 20:43:02.985, 0, 120.75, 100, 0, 66164, 33, 1980
2026/08/28 20:43:02.985, 1, 121.53, 100, 0, 65782, 31, 1980
2026/08/28 20:43:02.985, 2, 119.22, 100, 0, 62822, 30, 1980
2026/08/28 20:43:02.985, 3, 118.53, 100, 0, 61418, 32, 1980
2026/08/28 20:43:07.985, 0, 120.79, 100, 0, 66164, 33, 1980
2026/08/28 20:43:07.985, 1, 121.48, 100, 0, 65782, 31, 1980
2026/08/28 20:43:07.986, 2, 119.21, 100, 0, 62822, 30, 1980
2026/08/28 20:43:07.986, 3, 118.46, 100, 0, 61418, 32, 1980
2026/08/28 20:43:12.986, 0, 120.75, 100, 0, 66164, 33, 1980
2026/08/28 20:43:12.986, 1, 121.49, 100, 0, 65782, 31, 1980
2026/08/28 20:43:12.986, 2, 119.21, 100, 0, 62822, 30, 1980
2026/08/28 20:43:12.986, 3, 118.46, 100, 0, 61418, 32, 1980
2026/08/28 20:43:17.986, 0, 120.82, 100, 0, 66164, 33, 1980
2026/08/28 20:43:17.987, 1, 121.53, 100, 0, 65782, 31, 1980
2026/08/28 20:43:17.987, 2, 119.24, 100, 0, 62822, 30, 1980
2026/08/28 20:43:17.987, 3, 118.51, 100, 0, 61418, 32, 1980
2026/08/28 20:43:22.987, 0, 120.74, 100, 0, 66164, 33, 1980
2026/08/28 20:43:22.987, 1, 121.50, 100, 0, 65782, 31, 1980
2026/08/28 20:43:22.987, 2, 119.19, 100, 0, 62822, 30, 1980
2026/08/28 20:43:22.987, 3, 118.52, 100, 0, 61418, 32, 1980
2026/08/28 20:43:27.988, 0, 120.74, 100, 0, 66164, 33, 1980
2026/08/28 20:43:27.988, 1, 121.52, 100, 0, 65782, 31, 1980
2026/08/28 20:43:27.988, 2, 119.25, 100, 0, 62822, 30, 1980
2026/08/28 20:43:27.988, 3, 118.49, 100, 0, 61418, 32, 1980
2026/08/28 20:43:32.988, 0, 120.83, 100, 0, 66164, 33, 1980
2026/08/28 20:43:32.988, 1, 121.51, 100, 0, 65782, 31, 1980
2026/08/28 20:43:32.988, 2, 119.22, 100, 0, 62822, 30, 1980
2026/08/28 20:43:32.988, 3, 118.46, 100, 0, 61418, 32, 1980
2026/08/28 20:43:37.989, 0, 120.77, 100, 0, 66164, 33, 1980
2026/08/28 20:43:37.989, 1, 121.48, 100, 0, 65782, 31, 1980
2026/08/28 20:43:37.989, 2, 119.24, 100, 0, 62822, 30, 1980
2026/08/28 20:43:37.989, 3, 118.47, 100, 0, 61418, 32, 1980
2026/08/28 20:43:42.989, 0, 120.71, 100, 0, 66164, 33, 1980
2026/08/28 20:43:42.989, 1, 121.47, 100, 0, 65782, 31, 1980
2026/08/28 20:43:42.989, 2, 119.20, 100, 0, 62822, 30, 1980
2026/08/28 20:43:42.990, 3, 118.49, 100, 0, 61418, 32, 1980
2026/08/28 20:43:47.990, 0, 120.78, 100, 0, 66164, 33, 1980
2026/08/28 20:43:47.990, 1, 121.47, 100, 0, 65782, 31, 1980
2026/08/28 20:43:47.990, 2, 119.20, 100, 0, 62822, 30, 1980
2026/08/28 20:43:47.990, 3, 118.48, 100, 0, 61418, 32, 1980
2026/08/28 20:43:52.990, 0, 120.78, 100, 0, 66164, 33, 1980
2026/08/28 20:43:52.991, 1, 121.46, 100, 0, 65782, 31, 1980
2026/08/28 20:43:52.991, 2, 119.21, 100, 0, 62822, 30, 1980
2026/08/28 20:43:52.991, 3, 118.45, 100, 0, 61418, 32, 1980
2026/08/28 20:43:57.991, 0, 120.78, 100, 0, 66164, 33, 1980
2026/08/28 20:43:57.991, 1, 121.50, 100, 0, 65782, 31, 1980
2026/08/28 20:43:57.991, 2, 119.20, 100, 0, 62822, 30, 1980
2026/08/28 20:43:57.991, 3, 118.46, 100, 0, 61418, 32, 1980
2026/08/28 20:44:02.992, 0, 120.78, 100, 0, 66164, 33, 1980
2026/08/28 20:44:02.992, 1, 121.44, 100, 0, 65782, 31, 1980
2026/08/28 20:44:02.992, 2, 119.23, 100, 0, 62822, 30, 1980
2026/08/28 20:44:02.992, 3, 118.42, 100, 0, 61418, 32, 1980
2026/08/28 20:44:07.992, 0, 120.82, 100, 0, 66164, 33, 1980
2026/08/28 20:44:07.992, 1, 121.52, 100, 0, 65782, 31, 1980
2026/08/28 20:44:07.992, 2, 119.22, 100, 0, 62822, 30, 1980
2026/08/28 20:44:07.992, 3, 118.43, 100, 0, 61418, 32, 1980
2026/08/28 20:44:12.993, 0, 120.85, 100, 0, 66164, 33, 1980
2026/08/28 20:44:12.993, 1, 121.46, 100, 0, 65782, 31, 1980
2026/08/28 20:44:12.993, 2, 119.19, 100, 0, 62822, 30, 1980
2026/08/28 20:44:12.993, 3, 118.47, 100, 0, 61418, 32, 1980
2026/08/28 20:44:17.993, 0, 120.77, 100, 0, 66164, 33, 1980
2026/08/28 20:44:17.993, 1, 121.44, 100, 0, 65782, 31, 1980
2026/08/28 20:44:17.993, 2, 119.21, 100, 0, 62822, 30, 1980
2026/08/28 20:44:17.993, 3, 118.45, 100, 0, 61418, 32, 1980
2026/08/28 20:44:22.994, 0, 120.78, 100, 0, 66164, 33, 1980
2026/08/28 20:44:22.994, 1, 121.45, 100, 0, 65782, 30, 1980
2026/08/28 20:44:22.994, 2, 119.24, 100, 0, 62822, 30, 1980
2026/08/28 20:44:22.994, 3, 118.41, 100, 0, 61418, 32, 1980
2026/08/28 20:44:27.994, 0, 120.79, 100, 0, 66164, 33, 1980
2026/08/28 20:44:27.994, 1, 121.42, 100, 0, 65782, 30, 1980
2026/08/28 20:44:27.995, 2, 119.29, 100, 0, 62822, 30, 1980
2026/08/28 20:44:27.995, 3, 118.45, 100, 0, 61418, 32, 1980
2026/08/28 20:44:32.995, 0, 120.76, 100, 0, 66164, 33, 1980
2026/08/28 20:44:32.996, 1, 121.42, 100, 0, 65782, 30, 1980
2026/08/28 20:44:32.998, 2, 119.18, 100, 0, 62822, 30, 1980
2026/08/28 20:44:32.999, 3, 118.44, 100, 0, 61418, 32, 1980
2026/08/28 20:44:38.001, 0, 120.69, 100, 0, 66164, 33, 1980
2026/08/28 20:44:38.001, 1, 121.42, 100, 0, 65782, 30, 1980
2026/08/28 20:44:38.001, 2, 119.29, 100, 0, 62822, 30, 1980
2026/08/28 20:44:38.001, 3, 118.48, 100, 0, 61418, 32, 1980
2026/08/28 20:44:43.002, 0, 120.75, 100, 0, 66164, 33, 1980
2026/08/28 20:44:43.002, 1, 121.35, 100, 0, 65782, 30, 1980
2026/08/28 20:44:43.002, 2, 119.26, 100, 0, 62822, 30, 1980
2026/08/28 20:44:43.002, 3, 118.37, 100, 0, 61418, 32, 1980
2026/08/28 20:44:48.002, 0, 120.76, 100, 0, 66164, 33, 1980
2026/08/28 20:44:48.002, 1, 121.36, 100, 0, 65782, 30, 1980
2026/08/28 20:44:48.002, 2, 119.13, 100, 0, 62822, 30, 1980
2026/08/28 20:44:48.002, 3, 118.41, 100, 0, 61418, 32, 1980
2026/08/28 20:44:53.003, 0, 120.73, 100, 0, 66164, 33, 1980
2026/08/28 20:44:53.003, 1, 121.40, 100, 0, 65782, 30, 1980
2026/08/28 20:44:53.003, 2, 119.11, 100, 0, 62822, 30, 1980
2026/08/28 20:44:53.003, 3, 118.39, 100, 0, 61418, 32, 1980
2026/08/28 20:44:58.003, 0, 120.71, 100, 0, 66164, 33, 1980
2026/08/28 20:44:58.004, 1, 121.39, 100, 0, 65782, 30, 1980
2026/08/28 20:44:58.004, 2, 119.23, 100, 0, 62822, 30, 1980
2026/08/28 20:44:58.004, 3, 118.42, 100, 0, 61418, 32, 1980
2026/08/28 20:45:03.005, 0, 120.74, 100, 0, 66164, 33, 1980
2026/08/28 20:45:03.005, 1, 121.31, 100, 0, 65782, 30, 1980
2026/08/28 20:45:03.005, 2, 119.17, 100, 0, 62822, 30, 1980
2026/08/28 20:45:03.005, 3, 118.44, 100, 0, 61418, 32, 1980
2026/08/28 20:45:08.005, 0, 120.72, 100, 0, 66164, 32, 1980
2026/08/28 20:45:08.005, 1, 121.35, 100, 0, 65782, 30, 1980
2026/08/28 20:45:08.006, 2, 119.09, 100, 0, 62822, 30, 1980
2026/08/28 20:45:08.006, 3, 118.38, 100, 0, 61418, 32, 1980
2026/08/28 20:45:13.006, 0, 120.71, 100, 0, 66164, 32, 1980
2026/08/28 20:45:13.006, 1, 121.34, 100, 0, 65782, 30, 1980
2026/08/28 20:45:13.006, 2, 119.11, 100, 0, 62822, 30, 1980
2026/08/28 20:45:13.006, 3, 118.37, 100, 0, 61418, 32, 1980
2026/08/28 20:45:18.006, 0, 120.67, 100, 0, 66164, 32, 1980
2026/08/28 20:45:18.007, 1, 121.32, 100, 0, 65782, 30, 1980
2026/08/28 20:45:18.007, 2, 119.06, 100, 0, 62822, 30, 1980
2026/08/28 20:45:18.007, 3, 118.38, 100, 0, 61418, 32, 1980
2026/08/28 20:45:23.007, 0, 120.72, 100, 0, 66164, 32, 1980
2026/08/28 20:45:23.007, 1, 121.30, 100, 0, 65782, 30, 1980
2026/08/28 20:45:23.007, 2, 119.12, 100, 0, 62822, 30, 1980
2026/08/28 20:45:23.007, 3, 118.40, 100, 0, 61418, 32, 1980
2026/08/28 20:45:28.008, 0, 120.67, 100, 0, 66164, 32, 1980
2026/08/28 20:45:28.008, 1, 121.35, 100, 0, 65782, 30, 1980
2026/08/28 20:45:28.008, 2, 119.12, 100, 0, 62822, 30, 1980
2026/08/28 20:45:28.008, 3, 118.37, 100, 0, 61418, 32, 1980
2026/08/28 20:45:33.008, 0, 120.70, 100, 0, 66164, 32, 1980
2026/08/28 20:45:33.008, 1, 121.34, 100, 0, 65782, 30, 1980
2026/08/28 20:45:33.008, 2, 119.14, 100, 0, 62822, 30, 1980
2026/08/28 20:45:33.008, 3, 118.46, 100, 0, 61418, 32, 1980
2026/08/28 20:45:38.009, 0, 120.61, 100, 0, 66164, 32, 1980
2026/08/28 20:45:38.009, 1, 121.33, 100, 0, 65782, 30, 1980
2026/08/28 20:45:38.009, 2, 119.11, 100, 0, 62822, 30, 1980
2026/08/28 20:45:38.009, 3, 118.36, 100, 0, 61418, 32, 1980
2026/08/28 20:45:43.009, 0, 120.64, 100, 0, 66164, 32, 1980
2026/08/28 20:45:43.009, 1, 121.31, 100, 0, 65782, 30, 1980
2026/08/28 20:45:43.009, 2, 119.14, 100, 0, 62822, 30, 1980
2026/08/28 20:45:43.009, 3, 118.37, 100, 0, 61418, 32, 1980
2026/08/28 20:45:48.010, 0, 120.70, 100, 0, 66164, 32, 1980
2026/08/28 20:45:48.010, 1, 121.36, 100, 0, 65782, 30, 1980
2026/08/28 20:45:48.010, 2, 119.08, 100, 0, 62822, 30, 1980
2026/08/28 20:45:48.010, 3, 118.37, 100, 0, 61418, 32, 1980
2026/08/28 20:45:53.010, 0, 120.65, 100, 0, 66164, 32, 1980
2026/08/28 20:45:53.010, 1, 121.33, 100, 0, 65782, 30, 1980
2026/08/28 20:45:53.010, 2, 119.08, 100, 0, 62822, 30, 1980
2026/08/28 20:45:53.010, 3, 118.24, 100, 0, 61418, 32, 1980
2026/08/28 20:45:58.011, 0, 120.66, 100, 0, 66164, 32, 1980
2026/08/28 20:45:58.011, 1, 121.35, 100, 0, 65782, 30, 1980
2026/08/28 20:45:58.011, 2, 119.06, 100, 0, 62822, 30, 1980
2026/08/28 20:45:58.011, 3, 118.32, 100, 0, 61418, 32, 1980
2026/08/28 20:46:03.011, 0, 120.63, 100, 0, 66164, 32, 1980
2026/08/28 20:46:03.011, 1, 121.32, 100, 0, 65782, 30, 1980
2026/08/28 20:46:03.011, 2, 119.07, 100, 0, 62822, 30, 1980
2026/08/28 20:46:03.011, 3, 118.36, 100, 0, 61418, 32, 1980
2026/08/28 20:46:08.012, 0, 120.64, 100, 0, 66164, 32, 1980
2026/08/28 20:46:08.012, 1, 121.36, 100, 0, 65782, 30, 1980
2026/08/28 20:46:08.012, 2, 119.08, 100, 0, 62822, 30, 1980
2026/08/28 20:46:08.012, 3, 118.38, 100, 0, 61418, 32, 1980
2026/08/28 20:46:13.012, 0, 120.63, 100, 0, 66164, 32, 1980
2026/08/28 20:46:13.012, 1, 121.35, 100, 0, 65782, 30, 1980
2026/08/28 20:46:13.012, 2, 119.01, 100, 0, 62822, 30, 1980
2026/08/28 20:46:13.012, 3, 118.38, 100, 0, 61418, 32, 1980
2026/08/28 20:46:18.013, 0, 120.64, 100, 0, 66164, 32, 1980
2026/08/28 20:46:18.013, 1, 121.31, 100, 0, 65782, 30, 1980
2026/08/28 20:46:18.013, 2, 119.16, 100, 0, 62822, 30, 1980
2026/08/28 20:46:18.013, 3, 118.42, 100, 0, 61418, 32, 1980
2026/08/28 20:46:23.013, 0, 120.62, 100, 0, 66164, 32, 1980
2026/08/28 20:46:23.013, 1, 121.32, 100, 0, 65782, 30, 1980
2026/08/28 20:46:23.013, 2, 119.06, 100, 0, 62822, 30, 1980
2026/08/28 20:46:23.013, 3, 118.35, 100, 0, 61418, 32, 1980
2026/08/28 20:46:28.014, 0, 120.67, 100, 0, 66164, 32, 1980
2026/08/28 20:46:28.014, 1, 121.31, 100, 0, 65782, 30, 1980
2026/08/28 20:46:28.014, 2, 119.04, 100, 0, 62822, 30, 1980
2026/08/28 20:46:28.014, 3, 118.34, 100, 0, 61418, 32, 1980
2026/08/28 20:46:33.014, 0, 120.69, 100, 0, 66164, 32, 1980
2026/08/28 20:46:33.015, 1, 121.31, 100, 0, 65782, 30, 1980
2026/08/28 20:46:33.015, 2, 119.06, 100, 0, 62822, 30, 1980
2026/08/28 20:46:33.015, 3, 118.32, 100, 0, 61418, 32, 1980
2026/08/28 20:46:38.015, 0, 120.60, 100, 0, 66164, 32, 1980
2026/08/28 20:46:38.017, 1, 121.32, 100, 0, 65782, 30, 1980
2026/08/28 20:46:38.017, 2, 119.08, 100, 0, 62822, 30, 1980
2026/08/28 20:46:38.019, 3, 118.33, 100, 0, 61418, 32, 1980
2026/08/28 20:46:43.022, 0, 120.63, 100, 0, 66164, 32, 1980
2026/08/28 20:46:43.023, 1, 121.35, 100, 0, 65782, 30, 1980
2026/08/28 20:46:43.023, 2, 119.07, 100, 0, 62822, 30, 1980
2026/08/28 20:46:43.023, 3, 118.33, 100, 0, 61418, 32, 1980
2026/08/28 20:46:48.023, 0, 120.65, 100, 0, 66164, 32, 1980
2026/08/28 20:46:48.023, 1, 121.32, 100, 0, 65782, 30, 1980
2026/08/28 20:46:48.023, 2, 119.08, 100, 0, 62822, 30, 1980
2026/08/28 20:46:48.023, 3, 118.32, 100, 0, 61418, 32, 1980
2026/08/28 20:46:53.023, 0, 120.65, 100, 0, 66164, 32, 1980
2026/08/28 20:46:53.024, 1, 121.30, 100, 0, 65782, 30, 1980
2026/08/28 20:46:53.024, 2, 119.08, 100, 0, 62822, 30, 1980
2026/08/28 20:46:53.024, 3, 118.37, 100, 0, 61418, 32, 1980
2026/08/28 20:46:58.024, 0, 120.64, 100, 0, 66164, 32, 1980
2026/08/28 20:46:58.024, 1, 121.29, 100, 0, 65782, 30, 1980
2026/08/28 20:46:58.024, 2, 119.13, 100, 0, 62822, 30, 1980
2026/08/28 20:46:58.024, 3, 118.38, 100, 0, 61418, 32, 1980
2026/08/28 20:47:03.025, 0, 120.65, 100, 0, 66164, 32, 1980
2026/08/28 20:47:03.025, 1, 121.33, 100, 0, 65782, 30, 1980
2026/08/28 20:47:03.025, 2, 119.22, 100, 0, 62822, 30, 1980
2026/08/28 20:47:03.025, 3, 118.30, 100, 0, 61418, 32, 1980
2026/08/28 20:47:08.025, 0, 120.59, 100, 0, 66164, 32, 1980
2026/08/28 20:47:08.028, 1, 121.33, 100, 0, 65782, 30, 1980
2026/08/28 20:47:08.035, 2, 119.11, 100, 0, 62822, 30, 1980
2026/08/28 20:47:08.042, 3, 118.34, 100, 0, 61418, 32, 1980
2026/08/28 20:47:13.049, 0, 120.64, 100, 0, 66164, 32, 1980
2026/08/28 20:47:13.049, 1, 121.30, 100, 0, 65782, 30, 1980
2026/08/28 20:47:13.049, 2, 119.10, 100, 0, 62822, 30, 1980
2026/08/28 20:47:13.049, 3, 118.32, 100, 0, 61418, 32, 1980
2026/08/28 20:47:18.049, 0, 120.68, 100, 0, 66164, 32, 1980
2026/08/28 20:47:18.050, 1, 121.35, 100, 0, 65782, 30, 1980
2026/08/28 20:47:18.050, 2, 119.07, 100, 0, 62822, 30, 1980
2026/08/28 20:47:18.050, 3, 118.29, 100, 0, 61418, 32, 1980
2026/08/28 20:47:23.050, 0, 120.65, 100, 0, 66164, 32, 1980
2026/08/28 20:47:23.050, 1, 121.36, 100, 0, 65782, 30, 1980
2026/08/28 20:47:23.050, 2, 119.06, 100, 0, 62822, 30, 1980
2026/08/28 20:47:23.050, 3, 118.33, 100, 0, 61418, 32, 1980
2026/08/28 20:47:28.051, 0, 120.66, 100, 0, 66164, 32, 1980
2026/08/28 20:47:28.051, 1, 121.28, 100, 0, 65782, 30, 1980
2026/08/28 20:47:28.051, 2, 119.33, 100, 0, 62822, 30, 1980
2026/08/28 20:47:28.051, 3, 118.35, 100, 0, 61418, 32, 1980
2026/08/28 20:47:33.051, 0, 120.61, 100, 0, 66164, 32, 1980
2026/08/28 20:47:33.051, 1, 121.34, 100, 0, 65782, 30, 1980
2026/08/28 20:47:33.051, 2, 119.24, 100, 0, 62822, 30, 1980
2026/08/28 20:47:33.051, 3, 118.32, 100, 0, 61418, 32, 1980
2026/08/28 20:47:38.052, 0, 120.63, 100, 0, 66164, 32, 1980
2026/08/28 20:47:38.055, 1, 121.28, 100, 0, 65782, 30, 1980
2026/08/28 20:47:38.058, 2, 119.35, 100, 0, 62822, 30, 1980
2026/08/28 20:47:38.062, 3, 118.33, 100, 0, 61418, 32, 1980
2026/08/28 20:47:43.074, 0, 120.57, 100, 0, 66164, 32, 1980
2026/08/28 20:47:43.074, 1, 121.34, 100, 0, 65782, 30, 1980
2026/08/28 20:47:43.074, 2, 119.04, 100, 0, 62822, 30, 1980
2026/08/28 20:47:43.076, 3, 118.37, 100, 0, 61418, 32, 1980
2026/08/28 20:47:48.077, 0, 120.67, 100, 0, 66164, 32, 1980
2026/08/28 20:47:48.077, 1, 121.33, 100, 0, 65782, 30, 1980
2026/08/28 20:47:48.077, 2, 119.22, 100, 0, 62822, 30, 1980
2026/08/28 20:47:48.077, 3, 118.33, 100, 0, 61418, 32, 1980
2026/08/28 20:47:53.077, 0, 120.66, 100, 0, 66164, 32, 1980
2026/08/28 20:47:53.077, 1, 121.35, 100, 0, 65782, 30, 1980
2026/08/28 20:47:53.077, 2, 119.19, 100, 0, 62822, 30, 1980
2026/08/28 20:47:53.077, 3, 118.35, 100, 0, 61418, 32, 1980
2026/08/28 20:47:58.078, 0, 120.62, 100, 0, 66164, 32, 1980
2026/08/28 20:47:58.078, 1, 121.29, 100, 0, 65782, 30, 1980
2026/08/28 20:47:58.078, 2, 119.08, 100, 0, 62822, 30, 1980
2026/08/28 20:47:58.078, 3, 118.35, 100, 0, 61418, 32, 1980
2026/08/28 20:48:03.078, 0, 120.64, 100, 0, 66164, 32, 1980
2026/08/28 20:48:03.078, 1, 121.33, 100, 0, 65782, 30, 1980
2026/08/28 20:48:03.078, 2, 119.17, 100, 0, 62822, 30, 1980
2026/08/28 20:48:03.078, 3, 118.37, 100, 0, 61418, 32, 1980
2026/08/28 20:48:08.079, 0, 120.59, 100, 0, 66164, 32, 1980
2026/08/28 20:48:08.079, 1, 121.27, 100, 0, 65782, 30, 1980
2026/08/28 20:48:08.079, 2, 119.03, 100, 0, 62822, 30, 1980
2026/08/28 20:48:08.087, 3, 118.33, 100, 0, 61418, 32, 1980
2026/08/28 20:48:13.094, 0, 120.58, 100, 0, 66164, 32, 1980
2026/08/28 20:48:13.094, 1, 121.35, 100, 0, 65782, 30, 1980
2026/08/28 20:48:13.094, 2, 119.32, 100, 0, 62822, 30, 1980
2026/08/28 20:48:13.094, 3, 118.37, 100, 0, 61418, 32, 1980
2026/08/28 20:48:18.094, 0, 120.62, 100, 0, 66164, 32, 1980
2026/08/28 20:48:18.094, 1, 121.30, 100, 0, 65782, 30, 1980
2026/08/28 20:48:18.094, 2, 119.09, 100, 0, 62822, 30, 1980
2026/08/28 20:48:18.094, 3, 118.31, 100, 0, 61418, 32, 1980
2026/08/28 20:48:23.095, 0, 120.60, 100, 0, 66164, 32, 1980
2026/08/28 20:48:23.095, 1, 121.29, 100, 0, 65782, 30, 1980
2026/08/28 20:48:23.095, 2, 119.08, 100, 0, 62822, 30, 1980
2026/08/28 20:48:23.095, 3, 118.36, 100, 0, 61418, 32, 1980
2026/08/28 20:48:28.095, 0, 120.64, 100, 0, 66164, 32, 1980
2026/08/28 20:48:28.095, 1, 121.32, 100, 0, 65782, 30, 1980
2026/08/28 20:48:28.095, 2, 119.09, 100, 0, 62822, 30, 1980
2026/08/28 20:48:28.096, 3, 118.36, 100, 0, 61418, 32, 1980
2026/08/28 20:48:33.096, 0, 120.64, 100, 0, 66164, 32, 1980
2026/08/28 20:48:33.106, 1, 121.31, 100, 0, 65782, 30, 1980
2026/08/28 20:48:33.107, 2, 119.07, 100, 0, 62822, 30, 1980
2026/08/28 20:48:33.107, 3, 118.33, 100, 0, 61418, 32, 1980
2026/08/28 20:48:38.107, 0, 120.59, 100, 0, 66164, 32, 1980
2026/08/28 20:48:38.116, 1, 121.28, 100, 0, 65782, 30, 1980
2026/08/28 20:48:38.121, 2, 119.03, 100, 0, 62822, 30, 1980
2026/08/28 20:48:38.127, 3, 118.36, 100, 0, 61418, 32, 1980
2026/08/28 20:48:43.139, 0, 120.56, 100, 0, 66164, 32, 1980
2026/08/28 20:48:43.139, 1, 121.25, 100, 0, 65782, 30, 1980
2026/08/28 20:48:43.139, 2, 119.11, 100, 0, 62822, 30, 1980
2026/08/28 20:48:43.139, 3, 118.31, 100, 0, 61418, 32, 1980
2026/08/28 20:48:48.140, 0, 120.60, 100, 0, 66164, 32, 1980
2026/08/28 20:48:48.140, 1, 121.29, 100, 0, 65782, 30, 1980
2026/08/28 20:48:48.140, 2, 119.04, 100, 0, 62822, 30, 1980
2026/08/28 20:48:48.140, 3, 118.35, 100, 0, 61418, 32, 1980
2026/08/28 20:48:53.140, 0, 120.63, 100, 0, 66164, 32, 1980
2026/08/28 20:48:53.140, 1, 121.26, 100, 0, 65782, 30, 1980
2026/08/28 20:48:53.140, 2, 119.06, 100, 0, 62822, 30, 1980
2026/08/28 20:48:53.140, 3, 118.36, 100, 0, 61418, 32, 1980
2026/08/28 20:48:58.141, 0, 120.55, 100, 0, 66164, 32, 1980
2026/08/28 20:48:58.141, 1, 121.24, 100, 0, 65782, 30, 1980
2026/08/28 20:48:58.141, 2, 119.27, 100, 0, 62822, 30, 1980
2026/08/28 20:48:58.141, 3, 118.34, 100, 0, 61418, 32, 1980
2026/08/28 20:49:03.141, 0, 120.57, 100, 0, 66164, 32, 1980
2026/08/28 20:49:03.141, 1, 121.27, 100, 0, 65782, 30, 1980
2026/08/28 20:49:03.141, 2, 119.03, 100, 0, 62822, 30, 1980
2026/08/28 20:49:03.141, 3, 118.30, 100, 0, 61418, 32, 1980
2026/08/28 20:49:08.142, 0, 120.56, 100, 0, 66164, 32, 1980
2026/08/28 20:49:08.142, 1, 121.32, 100, 0, 65782, 30, 1980
2026/08/28 20:49:08.142, 2, 119.30, 100, 0, 62822, 30, 1980
2026/08/28 20:49:08.142, 3, 118.36, 100, 0, 61418, 32, 1980
2026/08/28 20:49:13.142, 0, 120.54, 100, 0, 66164, 32, 1980
2026/08/28 20:49:13.142, 1, 121.22, 100, 0, 65782, 30, 1980
2026/08/28 20:49:13.142, 2, 119.42, 100, 0, 62822, 30, 1980
2026/08/28 20:49:13.142, 3, 118.25, 100, 0, 61418, 32, 1980
2026/08/28 20:49:18.143, 0, 120.60, 100, 0, 66164, 32, 1980
2026/08/28 20:49:18.143, 1, 121.29, 100, 0, 65782, 30, 1980
2026/08/28 20:49:18.143, 2, 119.07, 100, 0, 62822, 30, 1980
2026/08/28 20:49:18.143, 3, 118.31, 100, 0, 61418, 32, 1980
2026/08/28 20:49:23.143, 0, 120.58, 100, 0, 66164, 32, 1980
2026/08/28 20:49:23.144, 1, 121.30, 100, 0, 65782, 30, 1980
2026/08/28 20:49:23.144, 2, 119.07, 100, 0, 62822, 30, 1980
2026/08/28 20:49:23.144, 3, 118.26, 100, 0, 61418, 32, 1980
2026/08/28 20:49:28.144, 0, 120.64, 100, 0, 66164, 32, 1980
2026/08/28 20:49:28.144, 1, 121.32, 100, 0, 65782, 30, 1980
2026/08/28 20:49:28.144, 2, 119.28, 100, 0, 62822, 30, 1980
2026/08/28 20:49:28.144, 3, 118.28, 100, 0, 61418, 32, 1980
2026/08/28 20:49:33.144, 0, 120.62, 100, 0, 66164, 32, 1980
2026/08/28 20:49:33.145, 1, 121.33, 100, 0, 65782, 30, 1980
2026/08/28 20:49:33.145, 2, 119.26, 100, 0, 62822, 30, 1980
2026/08/28 20:49:33.145, 3, 118.32, 100, 0, 61418, 32, 1980
2026/08/28 20:49:38.145, 0, 120.62, 100, 0, 66164, 32, 1980
2026/08/28 20:49:38.145, 1, 121.32, 100, 0, 65782, 30, 1980
2026/08/28 20:49:38.145, 2, 119.18, 100, 0, 62822, 30, 1980
2026/08/28 20:49:38.145, 3, 118.28, 100, 0, 61418, 32, 1980
2026/08/28 20:49:43.145, 0, 120.60, 100, 0, 66164, 32, 1980
2026/08/28 20:49:43.146, 1, 121.30, 100, 0, 65782, 30, 1980
2026/08/28 20:49:43.146, 2, 119.06, 100, 0, 62822, 30, 1980
2026/08/28 20:49:43.146, 3, 118.28, 100, 0, 61418, 32, 1980
2026/08/28 20:49:48.146, 0, 120.59, 100, 0, 66164, 32, 1980
2026/08/28 20:49:48.146, 1, 121.30, 100, 0, 65782, 30, 1980
2026/08/28 20:49:48.146, 2, 119.04, 100, 0, 62822, 30, 1980
2026/08/28 20:49:48.146, 3, 118.32, 100, 0, 61418, 32, 1980
2026/08/28 20:49:53.146, 0, 120.59, 100, 0, 66164, 32, 1980
2026/08/28 20:49:53.147, 1, 121.31, 100, 0, 65782, 30, 1980
2026/08/28 20:49:53.147, 2, 119.08, 100, 0, 62822, 30, 1980
2026/08/28 20:49:53.147, 3, 118.27, 100, 0, 61418, 32, 1980
2026/08/28 20:49:58.147, 0, 120.63, 100, 0, 66164, 32, 1980
2026/08/28 20:49:58.147, 1, 121.24, 100, 0, 65782, 30, 1980
2026/08/28 20:49:58.147, 2, 119.15, 100, 0, 62822, 30, 1980
2026/08/28 20:49:58.147, 3, 118.29, 100, 0, 61418, 32, 1980
2026/08/28 20:50:03.148, 0, 120.56, 100, 0, 66164, 32, 1980
2026/08/28 20:50:03.148, 1, 121.25, 100, 0, 65782, 30, 1980
2026/08/28 20:50:03.148, 2, 119.31, 100, 0, 62822, 30, 1980
2026/08/28 20:50:03.148, 3, 118.28, 100, 0, 61418, 32, 1980
2026/08/28 20:50:08.148, 0, 120.62, 100, 0, 66164, 32, 1980
2026/08/28 20:50:08.148, 1, 121.29, 100, 0, 65782, 30, 1980
2026/08/28 20:50:08.148, 2, 119.22, 100, 0, 62822, 30, 1980
2026/08/28 20:50:08.148, 3, 118.31, 100, 0, 61418, 32, 1980
2026/08/28 20:50:13.149, 0, 120.57, 100, 0, 66164, 32, 1980
2026/08/28 20:50:13.149, 1, 121.25, 100, 0, 65782, 30, 1980
2026/08/28 20:50:13.149, 2, 119.36, 100, 0, 62822, 30, 1980
2026/08/28 20:50:13.149, 3, 118.31, 100, 0, 61418, 32, 1980
2026/08/28 20:50:18.149, 0, 120.59, 100, 0, 66164, 32, 1980
2026/08/28 20:50:18.149, 1, 121.25, 100, 0, 65782, 30, 1980
2026/08/28 20:50:18.149, 2, 119.46, 100, 0, 62822, 30, 1980
2026/08/28 20:50:18.149, 3, 118.31, 100, 0, 61418, 32, 1980
2026/08/28 20:50:23.150, 0, 120.56, 100, 0, 66164, 32, 1980
2026/08/28 20:50:23.150, 1, 121.27, 100, 0, 65782, 30, 1980
2026/08/28 20:50:23.150, 2, 119.28, 100, 0, 62822, 30, 1980
2026/08/28 20:50:23.150, 3, 118.37, 100, 0, 61418, 32, 1980
2026/08/28 20:50:28.150, 0, 120.64, 100, 0, 66164, 32, 1980
2026/08/28 20:50:28.150, 1, 121.32, 100, 0, 65782, 30, 1980
2026/08/28 20:50:28.150, 2, 119.45, 100, 0, 62822, 30, 1980
2026/08/28 20:50:28.150, 3, 118.30, 100, 0, 61418, 32, 1980
2026/08/28 20:50:33.151, 0, 120.59, 100, 0, 66164, 32, 1980
2026/08/28 20:50:33.151, 1, 121.29, 100, 0, 65782, 30, 1980
2026/08/28 20:50:33.151, 2, 119.32, 100, 0, 62822, 30, 1980
2026/08/28 20:50:33.151, 3, 118.31, 100, 0, 61418, 32, 1980
2026/08/28 20:50:38.151, 0, 120.60, 100, 0, 66164, 32, 1980
2026/08/28 20:50:38.151, 1, 121.24, 100, 0, 65782, 30, 1980
2026/08/28 20:50:38.151, 2, 119.31, 100, 0, 62822, 30, 1980
2026/08/28 20:50:38.151, 3, 118.32, 100, 0, 61418, 32, 1980
2026/08/28 20:50:43.152, 0, 120.59, 100, 0, 66164, 32, 1980
2026/08/28 20:50:43.152, 1, 121.33, 100, 0, 65782, 30, 1980
2026/08/28 20:50:43.152, 2, 119.49, 100, 0, 62822, 30, 1980
2026/08/28 20:50:43.152, 3, 118.28, 100, 0, 61418, 32, 1980
2026/08/28 20:50:48.152, 0, 120.63, 100, 0, 66164, 32, 1980
2026/08/28 20:50:48.152, 1, 121.30, 100, 0, 65782, 30, 1980
2026/08/28 20:50:48.153, 2, 119.25, 100, 0, 62822, 30, 1980
2026/08/28 20:50:48.153, 3, 118.30, 100, 0, 61418, 32, 1980
2026/08/28 20:50:53.153, 0, 120.53, 100, 0, 66164, 32, 1980
2026/08/28 20:50:53.153, 1, 121.35, 100, 0, 65782, 30, 1980
2026/08/28 20:50:53.153, 2, 119.10, 100, 0, 62822, 30, 1980
2026/08/28 20:50:53.153, 3, 118.32, 100, 0, 61418, 32, 1980
2026/08/28 20:50:58.153, 0, 120.55, 100, 0, 66164, 32, 1980
2026/08/28 20:50:58.154, 1, 121.26, 100, 0, 65782, 30, 1980
2026/08/28 20:50:58.154, 2, 119.26, 100, 0, 62822, 30, 1980
2026/08/28 20:50:58.154, 3, 118.30, 100, 0, 61418, 32, 1980
2026/08/28 20:51:03.154, 0, 120.60, 100, 0, 66164, 32, 1980
2026/08/28 20:51:03.154, 1, 121.23, 100, 0, 65782, 30, 1980
2026/08/28 20:51:03.154, 2, 119.11, 100, 0, 62822, 30, 1980
2026/08/28 20:51:03.154, 3, 118.29, 100, 0, 61418, 32, 1980
2026/08/28 20:51:08.154, 0, 120.51, 100, 0, 66164, 32, 1980
2026/08/28 20:51:08.155, 1, 121.18, 100, 0, 65782, 30, 1980
2026/08/28 20:51:08.155, 2, 119.25, 100, 0, 62822, 30, 1980
2026/08/28 20:51:08.155, 3, 118.31, 100, 0, 61418, 32, 1980
2026/08/28 20:51:13.155, 0, 120.59, 100, 0, 66164, 32, 1980
2026/08/28 20:51:13.155, 1, 121.20, 100, 0, 65782, 30, 1980
2026/08/28 20:51:13.155, 2, 119.26, 100, 0, 62822, 30, 1980
2026/08/28 20:51:13.155, 3, 118.27, 100, 0, 61418, 32, 1980
2026/08/28 20:51:18.155, 0, 120.59, 100, 0, 66164, 32, 1980
2026/08/28 20:51:18.156, 1, 121.20, 100, 0, 65782, 30, 1980
2026/08/28 20:51:18.156, 2, 119.12, 100, 0, 62822, 30, 1980
2026/08/28 20:51:18.156, 3, 118.22, 100, 0, 61418, 32, 1980
2026/08/28 20:51:23.156, 0, 120.56, 100, 0, 66164, 32, 1980
2026/08/28 20:51:23.156, 1, 121.16, 100, 0, 65782, 30, 1980
2026/08/28 20:51:23.156, 2, 119.34, 100, 0, 62822, 30, 1980
2026/08/28 20:51:23.156, 3, 118.25, 100, 0, 61418, 32, 1980
2026/08/28 20:51:28.156, 0, 120.56, 100, 0, 66164, 32, 1980
2026/08/28 20:51:28.157, 1, 121.19, 100, 0, 65782, 30, 1980
2026/08/28 20:51:28.157, 2, 119.39, 100, 0, 62822, 30, 1980
2026/08/28 20:51:28.157, 3, 118.24, 100, 0, 61418, 32, 1980
2026/08/28 20:51:33.157, 0, 120.51, 100, 0, 66164, 32, 1980
2026/08/28 20:51:33.157, 1, 121.17, 100, 0, 65782, 30, 1980
2026/08/28 20:51:33.157, 2, 119.22, 100, 0, 62822, 30, 1980
2026/08/28 20:51:33.157, 3, 118.25, 100, 0, 61418, 32, 1980
2026/08/28 20:51:38.158, 0, 120.57, 100, 0, 66164, 32, 1980
2026/08/28 20:51:38.158, 1, 121.17, 100, 0, 65782, 30, 1980
2026/08/28 20:51:38.158, 2, 119.35, 100, 0, 62822, 30, 1980
2026/08/28 20:51:38.158, 3, 118.27, 100, 0, 61418, 32, 1980
2026/08/28 20:51:43.158, 0, 120.54, 100, 0, 66164, 32, 1980
2026/08/28 20:51:43.158, 1, 121.20, 100, 0, 65782, 30, 1980
2026/08/28 20:51:43.158, 2, 119.45, 100, 0, 62822, 30, 1980
2026/08/28 20:51:43.158, 3, 118.24, 100, 0, 61418, 32, 1980
2026/08/28 20:51:48.159, 0, 120.54, 100, 0, 66164, 32, 1980
2026/08/28 20:51:48.159, 1, 121.18, 100, 0, 65782, 30, 1980
2026/08/28 20:51:48.159, 2, 119.31, 100, 0, 62822, 30, 1980
2026/08/28 20:51:48.159, 3, 118.20, 100, 0, 61418, 32, 1980
2026/08/28 20:51:53.159, 0, 120.54, 100, 0, 66164, 32, 1980
2026/08/28 20:51:53.159, 1, 121.17, 100, 0, 65782, 30, 1980
2026/08/28 20:51:53.159, 2, 119.34, 100, 0, 62822, 30, 1980
2026/08/28 20:51:53.159, 3, 118.19, 100, 0, 61418, 32, 1980
2026/08/28 20:51:58.159, 0, 120.54, 100, 0, 66164, 32, 1980
2026/08/28 20:51:58.160, 1, 121.18, 100, 0, 65782, 30, 1980
2026/08/28 20:51:58.160, 2, 119.33, 100, 0, 62822, 30, 1980
2026/08/28 20:51:58.160, 3, 118.20, 100, 0, 61418, 32, 1980
2026/08/28 20:52:03.160, 0, 120.54, 100, 0, 66164, 32, 1980
2026/08/28 20:52:03.160, 1, 121.16, 100, 0, 65782, 30, 1980
2026/08/28 20:52:03.160, 2, 118.99, 100, 0, 62822, 30, 1980
2026/08/28 20:52:03.160, 3, 118.22, 100, 0, 61418, 32, 1980
2026/08/28 20:52:08.161, 0, 120.57, 100, 0, 66164, 32, 1980
2026/08/28 20:52:08.161, 1, 121.14, 100, 0, 65782, 30, 1980
2026/08/28 20:52:08.161, 2, 119.00, 100, 0, 62822, 30, 1980
2026/08/28 20:52:08.161, 3, 118.23, 100, 0, 61418, 32, 1980
2026/08/28 20:52:13.161, 0, 120.52, 100, 0, 66164, 32, 1980
2026/08/28 20:52:13.168, 1, 121.14, 100, 0, 65782, 30, 1980
2026/08/28 20:52:13.170, 2, 118.98, 100, 0, 62822, 30, 1980
2026/08/28 20:52:13.170, 3, 118.24, 100, 0, 61418, 32, 1980
2026/08/28 20:52:18.170, 0, 120.51, 100, 0, 66164, 32, 1980
2026/08/28 20:52:18.170, 1, 121.15, 100, 0, 65782, 30, 1980
2026/08/28 20:52:18.170, 2, 118.93, 100, 0, 62822, 30, 1980
2026/08/28 20:52:18.170, 3, 118.24, 100, 0, 61418, 32, 1980
2026/08/28 20:52:23.171, 0, 120.55, 100, 0, 66164, 32, 1980
2026/08/28 20:52:23.171, 1, 121.17, 100, 0, 65782, 30, 1980
2026/08/28 20:52:23.171, 2, 118.96, 100, 0, 62822, 30, 1980
2026/08/28 20:52:23.171, 3, 118.25, 100, 0, 61418, 32, 1980
2026/08/28 20:52:28.171, 0, 120.53, 100, 0, 66164, 32, 1980
2026/08/28 20:52:28.171, 1, 121.17, 100, 0, 65782, 30, 1980
2026/08/28 20:52:28.171, 2, 118.99, 100, 0, 62822, 30, 1980
2026/08/28 20:52:28.171, 3, 118.23, 100, 0, 61418, 32, 1980
2026/08/28 20:52:33.172, 0, 120.54, 100, 0, 66164, 32, 1980
2026/08/28 20:52:33.172, 1, 121.16, 100, 0, 65782, 30, 1980
2026/08/28 20:52:33.172, 2, 119.08, 100, 0, 62822, 30, 1980
2026/08/28 20:52:33.172, 3, 118.22, 100, 0, 61418, 32, 1980
2026/08/28 20:52:38.172, 0, 120.53, 100, 0, 66164, 32, 1980
2026/08/28 20:52:38.172, 1, 121.14, 100, 0, 65782, 30, 1980
2026/08/28 20:52:38.172, 2, 119.05, 100, 0, 62822, 30, 1980
2026/08/28 20:52:38.172, 3, 118.20, 100, 0, 61418, 32, 1980
2026/08/28 20:52:43.173, 0, 120.51, 100, 0, 66164, 32, 1980
2026/08/28 20:52:43.173, 1, 121.15, 100, 0, 65782, 30, 1980
2026/08/28 20:52:43.173, 2, 119.22, 100, 0, 62822, 30, 1980
2026/08/28 20:52:43.173, 3, 118.23, 100, 0, 61418, 32, 1980
2026/08/28 20:52:48.173, 0, 120.53, 100, 0, 66164, 32, 1980
2026/08/28 20:52:48.173, 1, 121.41, 100, 0, 65782, 30, 1980
2026/08/28 20:52:48.173, 2, 118.96, 100, 0, 62822, 30, 1980
2026/08/28 20:52:48.173, 3, 118.22, 100, 0, 61418, 32, 1980
2026/08/28 20:52:53.174, 0, 120.48, 100, 0, 66164, 32, 1980
2026/08/28 20:52:53.174, 1, 121.73, 100, 0, 65782, 30, 1980
2026/08/28 20:52:53.174, 2, 118.97, 100, 0, 62822, 30, 1980
2026/08/28 20:52:53.174, 3, 118.16, 100, 0, 61418, 32, 1980
2026/08/28 20:52:58.174, 0, 120.52, 100, 0, 66164, 32, 1980
2026/08/28 20:52:58.174, 1, 121.75, 100, 0, 65782, 30, 1980
2026/08/28 20:52:58.174, 2, 118.97, 100, 0, 62822, 30, 1980
2026/08/28 20:52:58.174, 3, 118.21, 100, 0, 61418, 32, 1980
2026/08/28 20:53:03.175, 0, 120.52, 100, 0, 66164, 32, 1980
2026/08/28 20:53:03.175, 1, 121.74, 100, 0, 65782, 30, 1980
2026/08/28 20:53:03.175, 2, 118.89, 100, 0, 62822, 30, 1980
2026/08/28 20:53:03.175, 3, 118.22, 100, 0, 61418, 32, 1980
2026/08/28 20:53:08.175, 0, 120.49, 100, 0, 66164, 32, 1980
2026/08/28 20:53:08.175, 1, 121.72, 100, 0, 65782, 30, 1980
2026/08/28 20:53:08.175, 2, 118.96, 100, 0, 62822, 30, 1980
2026/08/28 20:53:08.175, 3, 118.17, 100, 0, 61418, 32, 1980
2026/08/28 20:53:13.176, 0, 120.49, 100, 0, 66164, 32, 1980
2026/08/28 20:53:13.176, 1, 121.74, 100, 0, 65782, 30, 1980
2026/08/28 20:53:13.176, 2, 118.94, 100, 0, 62822, 30, 1980
2026/08/28 20:53:13.176, 3, 118.17, 100, 0, 61418, 32, 1980
2026/08/28 20:53:18.176, 0, 120.48, 100, 0, 66164, 32, 1980
2026/08/28 20:53:18.176, 1, 121.71, 100, 0, 65782, 30, 1980
2026/08/28 20:53:18.176, 2, 118.96, 100, 0, 62822, 30, 1980
2026/08/28 20:53:18.176, 3, 118.21, 100, 0, 61418, 32, 1980
2026/08/28 20:53:23.177, 0, 120.49, 100, 0, 66164, 32, 1980
2026/08/28 20:53:23.177, 1, 121.74, 100, 0, 65782, 30, 1980
2026/08/28 20:53:23.177, 2, 118.96, 100, 0, 62822, 30, 1980
2026/08/28 20:53:23.177, 3, 118.18, 100, 0, 61418, 32, 1980
2026/08/28 20:53:28.177, 0, 120.44, 100, 0, 66164, 32, 1980
2026/08/28 20:53:28.177, 1, 121.79, 100, 0, 65782, 30, 1980
2026/08/28 20:53:28.177, 2, 119.11, 100, 0, 62822, 30, 1980
2026/08/28 20:53:28.177, 3, 118.17, 100, 0, 61418, 32, 1980
2026/08/28 20:53:33.178, 0, 120.49, 100, 0, 66164, 32, 1980
2026/08/28 20:53:33.178, 1, 121.79, 100, 0, 65782, 30, 1980
2026/08/28 20:53:33.178, 2, 118.96, 100, 0, 62822, 30, 1980
2026/08/28 20:53:33.178, 3, 118.20, 100, 0, 61418, 32, 1980
2026/08/28 20:53:38.178, 0, 120.50, 100, 0, 66164, 32, 1980
2026/08/28 20:53:38.178, 1, 121.77, 100, 0, 65782, 30, 1980
2026/08/28 20:53:38.178, 2, 119.18, 100, 0, 62822, 30, 1980
2026/08/28 20:53:38.178, 3, 118.17, 100, 0, 61418, 32, 1980
2026/08/28 20:53:43.179, 0, 120.50, 100, 0, 66164, 32, 1980
2026/08/28 20:53:43.179, 1, 121.76, 100, 0, 65782, 30, 1980
2026/08/28 20:53:43.179, 2, 119.19, 100, 0, 62822, 30, 1980
2026/08/28 20:53:43.179, 3, 118.16, 100, 0, 61418, 32, 1980
2026/08/28 20:53:48.179, 0, 120.46, 100, 0, 66164, 32, 1980
2026/08/28 20:53:48.180, 1, 121.77, 100, 0, 65782, 30, 1980
2026/08/28 20:53:48.180, 2, 118.96, 100, 0, 62822, 30, 1980
2026/08/28 20:53:48.180, 3, 118.17, 100, 0, 61418, 32, 1980
2026/08/28 20:53:53.180, 0, 120.50, 100, 0, 66164, 32, 1980
2026/08/28 20:53:53.180, 1, 121.75, 100, 0, 65782, 30, 1980
2026/08/28 20:53:53.180, 2, 118.95, 100, 0, 62822, 30, 1980
2026/08/28 20:53:53.180, 3, 118.15, 100, 0, 61418, 32, 1980
2026/08/28 20:53:58.180, 0, 120.50, 100, 0, 66164, 32, 1980
2026/08/28 20:53:58.180, 1, 121.76, 100, 0, 65782, 30, 1980
2026/08/28 20:53:58.181, 2, 119.08, 100, 0, 62822, 30, 1980
2026/08/28 20:53:58.181, 3, 118.15, 100, 0, 61418, 32, 1980
2026/08/28 20:54:03.181, 0, 120.50, 100, 0, 66164, 32, 1980
2026/08/28 20:54:03.181, 1, 121.75, 100, 0, 65782, 30, 1980
2026/08/28 20:54:03.181, 2, 118.94, 100, 0, 62822, 30, 1980
2026/08/28 20:54:03.181, 3, 118.16, 100, 0, 61418, 32, 1980
2026/08/28 20:54:08.181, 0, 120.49, 100, 0, 66164, 32, 1980
2026/08/28 20:54:08.182, 1, 121.76, 100, 0, 65782, 30, 1980
2026/08/28 20:54:08.182, 2, 118.94, 100, 0, 62822, 30, 1980
2026/08/28 20:54:08.182, 3, 118.16, 100, 0, 61418, 32, 1980
2026/08/28 20:54:13.182, 0, 120.50, 100, 0, 66164, 32, 1980
2026/08/28 20:54:13.182, 1, 121.77, 100, 0, 65782, 30, 1980
2026/08/28 20:54:13.182, 2, 118.97, 100, 0, 62822, 30, 1980
2026/08/28 20:54:13.182, 3, 118.18, 100, 0, 61418, 32, 1980
2026/08/28 20:54:18.182, 0, 120.49, 100, 0, 66164, 32, 1980
2026/08/28 20:54:18.183, 1, 121.79, 100, 0, 65782, 30, 1980
2026/08/28 20:54:18.183, 2, 119.00, 100, 0, 62822, 30, 1980
2026/08/28 20:54:18.183, 3, 118.18, 100, 0, 61418, 32, 1980
2026/08/28 20:54:23.183, 0, 120.55, 100, 0, 66164, 32, 1980
2026/08/28 20:54:23.183, 1, 121.81, 100, 0, 65782, 30, 1980
2026/08/28 20:54:23.183, 2, 118.99, 100, 0, 62822, 30, 1980
2026/08/28 20:54:23.183, 3, 118.16, 100, 0, 61418, 32, 1980
2026/08/28 20:54:28.183, 0, 120.55, 100, 0, 66164, 32, 1980
2026/08/28 20:54:28.184, 1, 121.82, 100, 0, 65782, 30, 1980
2026/08/28 20:54:28.184, 2, 119.00, 100, 0, 62822, 30, 1980
2026/08/28 20:54:28.184, 3, 118.14, 100, 0, 61418, 32, 1980
2026/08/28 20:54:33.184, 0, 120.53, 100, 0, 66164, 32, 1980
2026/08/28 20:54:33.184, 1, 121.83, 100, 0, 65782, 30, 1980
2026/08/28 20:54:33.184, 2, 119.01, 100, 0, 62822, 30, 1980
2026/08/28 20:54:33.184, 3, 118.21, 100, 0, 61418, 32, 1980
2026/08/28 20:54:38.185, 0, 120.49, 100, 0, 66164, 32, 1980
2026/08/28 20:54:38.185, 1, 121.81, 100, 0, 65782, 30, 1980
2026/08/28 20:54:38.185, 2, 119.04, 100, 0, 62822, 30, 1980
2026/08/28 20:54:38.185, 3, 118.20, 100, 0, 61418, 32, 1980
2026/08/28 20:54:43.185, 0, 120.54, 100, 0, 66164, 32, 1980
2026/08/28 20:54:43.185, 1, 121.82, 100, 0, 65782, 30, 1980
2026/08/28 20:54:43.185, 2, 118.97, 100, 0, 62822, 30, 1980
2026/08/28 20:54:43.185, 3, 118.20, 100, 0, 61418, 32, 1980
2026/08/28 20:54:48.186, 0, 120.55, 100, 0, 66164, 32, 1980
2026/08/28 20:54:48.186, 1, 121.77, 100, 0, 65782, 30, 1980
2026/08/28 20:54:48.186, 2, 118.99, 100, 0, 62822, 30, 1980
2026/08/28 20:54:48.186, 3, 118.12, 100, 0, 61418, 32, 1980
2026/08/28 20:54:53.186, 0, 120.51, 100, 0, 66164, 32, 1980
2026/08/28 20:54:53.186, 1, 121.79, 100, 0, 65782, 30, 1980
2026/08/28 20:54:53.186, 2, 118.94, 100, 0, 62822, 30, 1980
2026/08/28 20:54:53.186, 3, 118.14, 100, 0, 61418, 32, 1980
2026/08/28 20:54:58.187, 0, 120.50, 100, 0, 66164, 32, 1980
2026/08/28 20:54:58.187, 1, 121.16, 100, 0, 65782, 30, 1980
2026/08/28 20:54:58.187, 2, 118.95, 100, 0, 62822, 30, 1980
2026/08/28 20:54:58.187, 3, 118.14, 100, 0, 61418, 32, 1980
2026/08/28 20:55:03.187, 0, 120.51, 100, 0, 66164, 32, 1980
2026/08/28 20:55:03.187, 1, 121.12, 100, 0, 65782, 30, 1980
2026/08/28 20:55:03.187, 2, 118.93, 100, 0, 62822, 30, 1980
2026/08/28 20:55:03.187, 3, 118.15, 100, 0, 61418, 32, 1980
2026/08/28 20:55:08.188, 0, 120.48, 100, 0, 66164, 32, 1980
2026/08/28 20:55:08.188, 1, 121.19, 100, 0, 65782, 30, 1980
2026/08/28 20:55:08.188, 2, 118.94, 100, 0, 62822, 30, 1980
2026/08/28 20:55:08.188, 3, 118.15, 100, 0, 61418, 32, 1980
2026/08/28 20:55:13.188, 0, 120.49, 100, 0, 66164, 32, 1980
2026/08/28 20:55:13.188, 1, 121.15, 100, 0, 65782, 30, 1980
2026/08/28 20:55:13.188, 2, 118.94, 100, 0, 62822, 30, 1980
2026/08/28 20:55:13.188, 3, 118.14, 100, 0, 61418, 32, 1980
2026/08/28 20:55:18.189, 0, 120.52, 100, 0, 66164, 32, 1980
2026/08/28 20:55:18.189, 1, 121.14, 100, 0, 65782, 30, 1980
2026/08/28 20:55:18.189, 2, 118.89, 100, 0, 62822, 30, 1980
2026/08/28 20:55:18.189, 3, 118.11, 100, 0, 61418, 32, 1980
2026/08/28 20:55:23.189, 0, 120.50, 100, 0, 66164, 32, 1980
2026/08/28 20:55:23.189, 1, 121.14, 100, 0, 65782, 30, 1980
2026/08/28 20:55:23.189, 2, 118.90, 100, 0, 62822, 30, 1980
2026/08/28 20:55:23.189, 3, 118.11, 100, 0, 61418, 31, 1980
2026/08/28 20:55:28.190, 0, 120.52, 100, 0, 66164, 32, 1980
2026/08/28 20:55:28.190, 1, 121.13, 100, 0, 65782, 30, 1980
2026/08/28 20:55:28.190, 2, 118.88, 100, 0, 62822, 30, 1980
2026/08/28 20:55:28.190, 3, 118.10, 100, 0, 61418, 31, 1980
2026/08/28 20:55:33.190, 0, 120.51, 100, 0, 66164, 32, 1980
2026/08/28 20:55:33.190, 1, 121.13, 100, 0, 65782, 30, 1980
2026/08/28 20:55:33.190, 2, 118.89, 100, 0, 62822, 30, 1980
2026/08/28 20:55:33.190, 3, 118.11, 100, 0, 61418, 31, 1980
2026/08/28 20:55:38.191, 0, 120.47, 100, 0, 66164, 32, 1980
2026/08/28 20:55:38.191, 1, 121.17, 100, 0, 65782, 30, 1980
2026/08/28 20:55:38.191, 2, 118.89, 100, 0, 62822, 30, 1980
2026/08/28 20:55:38.191, 3, 118.10, 100, 0, 61418, 31, 1980
2026/08/28 20:55:43.191, 0, 120.47, 100, 0, 66164, 32, 1980
2026/08/28 20:55:43.191, 1, 121.11, 100, 0, 65782, 30, 1980
2026/08/28 20:55:43.191, 2, 118.93, 100, 0, 62822, 30, 1980
2026/08/28 20:55:43.191, 3, 118.07, 100, 0, 61418, 31, 1980
2026/08/28 20:55:48.192, 0, 120.46, 100, 0, 66164, 32, 1980
2026/08/28 20:55:48.192, 1, 121.16, 100, 0, 65782, 30, 1980
2026/08/28 20:55:48.193, 2, 118.92, 100, 0, 62822, 30, 1980
2026/08/28 20:55:48.194, 3, 118.13, 100, 0, 61418, 31, 1980
2026/08/28 20:55:53.196, 0, 120.50, 100, 0, 66164, 32, 1980
2026/08/28 20:55:53.196, 1, 121.20, 100, 0, 65782, 30, 1980
2026/08/28 20:55:53.196, 2, 118.95, 100, 0, 62822, 30, 1980
2026/08/28 20:55:53.196, 3, 118.10, 100, 0, 61418, 32, 1980
2026/08/28 20:55:58.196, 0, 120.49, 100, 0, 66164, 32, 1980
2026/08/28 20:55:58.196, 1, 121.21, 100, 0, 65782, 30, 1980
2026/08/28 20:55:58.196, 2, 118.94, 100, 0, 62822, 30, 1980
2026/08/28 20:55:58.196, 3, 118.12, 100, 0, 61418, 31, 1980
2026/08/28 20:56:03.197, 0, 120.50, 100, 0, 66164, 32, 1980
2026/08/28 20:56:03.197, 1, 121.20, 100, 0, 65782, 30, 1980
2026/08/28 20:56:03.197, 2, 118.96, 100, 0, 62822, 30, 1980
2026/08/28 20:56:03.197, 3, 118.09, 100, 0, 61418, 32, 1980
2026/08/28 20:56:08.197, 0, 120.49, 100, 0, 66164, 32, 1980
2026/08/28 20:56:08.197, 1, 121.20, 100, 0, 65782, 30, 1980
2026/08/28 20:56:08.197, 2, 118.96, 100, 0, 62822, 30, 1980
2026/08/28 20:56:08.197, 3, 118.10, 100, 0, 61418, 32, 1980
2026/08/28 20:56:13.197, 0, 120.51, 100, 0, 66164, 32, 1980
2026/08/28 20:56:13.198, 1, 121.19, 100, 0, 65782, 30, 1980
2026/08/28 20:56:13.198, 2, 119.21, 100, 0, 62822, 30, 1980
2026/08/28 20:56:13.198, 3, 118.15, 100, 0, 61418, 32, 1980
2026/08/28 20:56:18.198, 0, 120.48, 100, 0, 66164, 32, 1980
2026/08/28 20:56:18.198, 1, 121.21, 100, 0, 65782, 30, 1980
2026/08/28 20:56:18.198, 2, 119.00, 100, 0, 62822, 30, 1980
2026/08/28 20:56:18.198, 3, 118.14, 100, 0, 61418, 32, 1980
2026/08/28 20:56:23.198, 0, 120.51, 100, 0, 66164, 32, 1980
2026/08/28 20:56:23.199, 1, 121.21, 100, 0, 65782, 30, 1980
2026/08/28 20:56:23.199, 2, 119.52, 100, 0, 62822, 30, 1980
2026/08/28 20:56:23.199, 3, 118.08, 100, 0, 61418, 32, 1980
2026/08/28 20:56:28.199, 0, 120.54, 100, 0, 66164, 32, 1980
2026/08/28 20:56:28.199, 1, 121.21, 100, 0, 65782, 30, 1980
2026/08/28 20:56:28.199, 2, 119.12, 100, 0, 62822, 30, 1980
2026/08/28 20:56:28.199, 3, 118.10, 100, 0, 61418, 32, 1980
2026/08/28 20:56:33.200, 0, 120.58, 100, 0, 66164, 32, 1980
2026/08/28 20:56:33.200, 1, 121.22, 100, 0, 65782, 30, 1980
2026/08/28 20:56:33.200, 2, 119.01, 100, 0, 62822, 30, 1980
2026/08/28 20:56:33.200, 3, 118.13, 100, 0, 61418, 32, 1980
2026/08/28 20:56:38.200, 0, 120.54, 100, 0, 66164, 32, 1980
2026/08/28 20:56:38.202, 1, 121.21, 100, 0, 65782, 30, 1980
2026/08/28 20:56:38.204, 2, 119.26, 100, 0, 62822, 30, 1980
2026/08/28 20:56:38.206, 3, 118.12, 100, 0, 61418, 32, 1980
2026/08/28 20:56:43.206, 0, 120.57, 100, 0, 66164, 32, 1980
2026/08/28 20:56:43.206, 1, 121.23, 100, 0, 65782, 30, 1980
2026/08/28 20:56:43.206, 2, 119.01, 100, 0, 62822, 30, 1980
2026/08/28 20:56:43.206, 3, 118.14, 100, 0, 61418, 32, 1980
2026/08/28 20:56:48.207, 0, 120.51, 100, 0, 66164, 32, 1980
2026/08/28 20:56:48.207, 1, 121.24, 100, 0, 65782, 30, 1980
2026/08/28 20:56:48.207, 2, 119.00, 100, 0, 62822, 30, 1980
2026/08/28 20:56:48.207, 3, 118.13, 100, 0, 61418, 32, 1980
2026/08/28 20:56:53.207, 0, 120.54, 100, 0, 66164, 32, 1980
2026/08/28 20:56:53.207, 1, 121.24, 100, 0, 65782, 30, 1980
2026/08/28 20:56:53.207, 2, 118.98, 100, 0, 62822, 30, 1980
2026/08/28 20:56:53.207, 3, 118.13, 100, 0, 61418, 32, 1980
2026/08/28 20:56:58.208, 0, 120.55, 100, 0, 66164, 32, 1980
2026/08/28 20:56:58.208, 1, 121.24, 100, 0, 65782, 30, 1980
2026/08/28 20:56:58.208, 2, 118.97, 100, 0, 62822, 30, 1980
2026/08/28 20:56:58.208, 3, 118.13, 100, 0, 61418, 32, 1980
2026/08/28 20:57:03.208, 0, 120.55, 100, 0, 66164, 32, 1980
2026/08/28 20:57:03.208, 1, 121.81, 100, 0, 65782, 30, 1980
2026/08/28 20:57:03.208, 2, 118.99, 100, 0, 62822, 30, 1980
2026/08/28 20:57:03.208, 3, 118.14, 100, 0, 61418, 32, 1980
2026/08/28 20:57:08.209, 0, 120.53, 100, 0, 66164, 32, 1980
2026/08/28 20:57:08.209, 1, 121.82, 100, 0, 65782, 30, 1980
2026/08/28 20:57:08.209, 2, 119.01, 100, 0, 62822, 30, 1980
2026/08/28 20:57:08.209, 3, 118.18, 100, 0, 61418, 32, 1980
2026/08/28 20:57:13.209, 0, 120.54, 100, 0, 66164, 32, 1980
2026/08/28 20:57:13.209, 1, 121.86, 100, 0, 65782, 30, 1980
2026/08/28 20:57:13.209, 2, 118.97, 100, 0, 62822, 30, 1980
2026/08/28 20:57:13.209, 3, 118.17, 100, 0, 61418, 32, 1980
2026/08/28 20:57:18.210, 0, 120.52, 100, 0, 66164, 32, 1980
2026/08/28 20:57:18.210, 1, 121.84, 100, 0, 65782, 30, 1980
2026/08/28 20:57:18.210, 2, 119.02, 100, 0, 62822, 30, 1980
2026/08/28 20:57:18.210, 3, 118.13, 100, 0, 61418, 32, 1980
2026/08/28 20:57:23.210, 0, 120.54, 100, 0, 66164, 32, 1980
2026/08/28 20:57:23.210, 1, 121.85, 100, 0, 65782, 30, 1980
2026/08/28 20:57:23.210, 2, 118.99, 100, 0, 62822, 30, 1980
2026/08/28 20:57:23.210, 3, 118.12, 100, 0, 61418, 32, 1980
2026/08/28 20:57:28.211, 0, 120.55, 100, 0, 66164, 32, 1980
2026/08/28 20:57:28.211, 1, 121.86, 100, 0, 65782, 30, 1980
2026/08/28 20:57:28.211, 2, 118.98, 100, 0, 62822, 30, 1980
2026/08/28 20:57:28.211, 3, 118.15, 100, 0, 61418, 32, 1980
2026/08/28 20:57:33.211, 0, 120.57, 100, 0, 66164, 32, 1980
2026/08/28 20:57:33.211, 1, 121.86, 100, 0, 65782, 30, 1980
2026/08/28 20:57:33.211, 2, 119.01, 100, 0, 62822, 30, 1980
2026/08/28 20:57:33.211, 3, 118.13, 100, 0, 61418, 32, 1980
2026/08/28 20:57:38.212, 0, 120.53, 100, 0, 66164, 32, 1980
2026/08/28 20:57:38.212, 1, 121.85, 100, 0, 65782, 30, 1980
2026/08/28 20:57:38.212, 2, 118.97, 100, 0, 62822, 30, 1980
2026/08/28 20:57:38.212, 3, 118.15, 100, 0, 61418, 32, 1980
2026/08/28 20:57:43.212, 0, 120.50, 100, 0, 66164, 32, 1980
2026/08/28 20:57:43.212, 1, 121.81, 100, 0, 65782, 30, 1980
2026/08/28 20:57:43.212, 2, 119.09, 100, 0, 62822, 30, 1980
2026/08/28 20:57:43.212, 3, 118.15, 100, 0, 61418, 32, 1980
2026/08/28 20:57:48.213, 0, 120.55, 100, 0, 66164, 32, 1980
2026/08/28 20:57:48.213, 1, 121.81, 100, 0, 65782, 30, 1980
2026/08/28 20:57:48.213, 2, 119.00, 100, 0, 62822, 30, 1980
2026/08/28 20:57:48.213, 3, 118.13, 100, 0, 61418, 32, 1980
2026/08/28 20:57:53.213, 0, 120.54, 100, 0, 66164, 32, 1980
2026/08/28 20:57:53.213, 1, 121.78, 100, 0, 65782, 30, 1980
2026/08/28 20:57:53.213, 2, 119.09, 100, 0, 62822, 30, 1980
2026/08/28 20:57:53.213, 3, 118.11, 100, 0, 61418, 32, 1980
2026/08/28 20:57:58.214, 0, 120.54, 100, 0, 66164, 32, 1980
2026/08/28 20:57:58.214, 1, 121.79, 100, 0, 65782, 30, 1980
2026/08/28 20:57:58.214, 2, 118.96, 100, 0, 62822, 30, 1980
2026/08/28 20:57:58.214, 3, 118.15, 100, 0, 61418, 32, 1980
2026/08/28 20:58:03.214, 0, 120.53, 100, 0, 66164, 32, 1980
2026/08/28 20:58:03.214, 1, 121.75, 100, 0, 65782, 30, 1980
2026/08/28 20:58:03.214, 2, 118.96, 100, 0, 62822, 30, 1980
2026/08/28 20:58:03.214, 3, 118.13, 100, 0, 61418, 31, 1980
2026/08/28 20:58:08.215, 0, 120.51, 100, 0, 66164, 32, 1980
2026/08/28 20:58:08.215, 1, 121.73, 100, 0, 65782, 30, 1980
2026/08/28 20:58:08.215, 2, 118.87, 100, 0, 62822, 30, 1980
2026/08/28 20:58:08.215, 3, 118.11, 100, 0, 61418, 31, 1980
2026/08/28 20:58:13.215, 0, 120.49, 100, 0, 66164, 32, 1980
2026/08/28 20:58:13.215, 1, 121.73, 100, 0, 65782, 30, 1980
2026/08/28 20:58:13.215, 2, 119.00, 100, 0, 62822, 30, 1980
2026/08/28 20:58:13.215, 3, 118.07, 100, 0, 61418, 31, 1980
2026/08/28 20:58:18.216, 0, 120.50, 100, 0, 66164, 32, 1980
2026/08/28 20:58:18.216, 1, 121.73, 100, 0, 65782, 30, 1980
2026/08/28 20:58:18.216, 2, 118.86, 100, 0, 62822, 30, 1980
2026/08/28 20:58:18.216, 3, 118.05, 100, 0, 61418, 31, 1980
2026/08/28 20:58:23.216, 0, 120.49, 100, 0, 66164, 32, 1980
2026/08/28 20:58:23.216, 1, 121.70, 100, 0, 65782, 30, 1980
2026/08/28 20:58:23.216, 2, 118.85, 100, 0, 62822, 30, 1980
2026/08/28 20:58:23.216, 3, 118.03, 100, 0, 61418, 31, 1980
2026/08/28 20:58:28.217, 0, 120.46, 100, 0, 66164, 32, 1980
2026/08/28 20:58:28.217, 1, 121.68, 100, 0, 65782, 30, 1980
2026/08/28 20:58:28.217, 2, 118.86, 100, 0, 62822, 30, 1980
2026/08/28 20:58:28.217, 3, 118.05, 100, 0, 61418, 31, 1980
2026/08/28 20:58:33.217, 0, 120.49, 100, 0, 66164, 32, 1980
2026/08/28 20:58:33.217, 1, 121.70, 100, 0, 65782, 30, 1980
2026/08/28 20:58:33.217, 2, 118.83, 100, 0, 62822, 30, 1980
2026/08/28 20:58:33.218, 3, 118.00, 100, 0, 61418, 31, 1980
2026/08/28 20:58:38.218, 0, 120.42, 100, 0, 66164, 32, 1980
2026/08/28 20:58:38.218, 1, 121.68, 100, 0, 65782, 30, 1980
2026/08/28 20:58:38.218, 2, 118.85, 100, 0, 62822, 30, 1980
2026/08/28 20:58:38.218, 3, 118.05, 100, 0, 61418, 31, 1980
2026/08/28 20:58:43.218, 0, 120.44, 100, 0, 66164, 32, 1980
2026/08/28 20:58:43.219, 1, 121.67, 100, 0, 65782, 30, 1980
2026/08/28 20:58:43.219, 2, 118.86, 100, 0, 62822, 30, 1980
2026/08/28 20:58:43.219, 3, 118.00, 100, 0, 61418, 31, 1980
2026/08/28 20:58:48.219, 0, 120.44, 100, 0, 66164, 32, 1980
2026/08/28 20:58:48.219, 1, 121.69, 100, 0, 65782, 30, 1980
2026/08/28 20:58:48.219, 2, 118.86, 100, 0, 62822, 30, 1980
2026/08/28 20:58:48.219, 3, 118.02, 100, 0, 61418, 31, 1980
2026/08/28 20:58:53.219, 0, 120.46, 100, 0, 66164, 32, 1980
2026/08/28 20:58:53.220, 1, 121.68, 100, 0, 65782, 30, 1980
2026/08/28 20:58:53.220, 2, 118.87, 100, 0, 62822, 30, 1980
2026/08/28 20:58:53.220, 3, 118.01, 100, 0, 61418, 31, 1980
2026/08/28 20:58:58.220, 0, 120.46, 100, 0, 66164, 32, 1980
2026/08/28 20:58:58.220, 1, 121.69, 100, 0, 65782, 30, 1980
2026/08/28 20:58:58.220, 2, 118.87, 100, 0, 62822, 30, 1980
2026/08/28 20:58:58.220, 3, 118.00, 100, 0, 61418, 31, 1980
2026/08/28 20:59:03.221, 0, 120.44, 100, 0, 66164, 32, 1980
2026/08/28 20:59:03.221, 1, 121.73, 100, 0, 65782, 30, 1980
2026/08/28 20:59:03.221, 2, 118.88, 100, 0, 62822, 30, 1980
2026/08/28 20:59:03.221, 3, 118.00, 100, 0, 61418, 31, 1980
2026/08/28 20:59:08.221, 0, 120.45, 100, 0, 66164, 32, 1980
2026/08/28 20:59:08.221, 1, 121.70, 100, 0, 65782, 30, 1980
2026/08/28 20:59:08.221, 2, 118.88, 100, 0, 62822, 30, 1980
2026/08/28 20:59:08.221, 3, 118.04, 100, 0, 61418, 31, 1980
2026/08/28 20:59:13.222, 0, 120.42, 100, 0, 66164, 32, 1980
2026/08/28 20:59:13.222, 1, 121.75, 100, 0, 65782, 30, 1980
2026/08/28 20:59:13.222, 2, 118.89, 100, 0, 62822, 30, 1980
2026/08/28 20:59:13.222, 3, 118.03, 100, 0, 61418, 31, 1980
2026/08/28 20:59:18.222, 0, 120.41, 100, 0, 66164, 32, 1980
2026/08/28 20:59:18.222, 1, 121.72, 100, 0, 65782, 30, 1980
2026/08/28 20:59:18.222, 2, 118.85, 100, 0, 62822, 30, 1980
2026/08/28 20:59:18.222, 3, 118.02, 100, 0, 61418, 31, 1980
2026/08/28 20:59:23.223, 0, 120.46, 100, 0, 66164, 32, 1980
2026/08/28 20:59:23.224, 1, 121.72, 100, 0, 65782, 30, 1980
2026/08/28 20:59:23.225, 2, 118.84, 100, 0, 62822, 30, 1980
2026/08/28 20:59:23.226, 3, 118.04, 100, 0, 61418, 31, 1980
2026/08/28 20:59:28.234, 0, 120.46, 100, 0, 66164, 32, 1980
2026/08/28 20:59:28.235, 1, 121.76, 100, 0, 65782, 30, 1980
2026/08/28 20:59:28.235, 2, 118.86, 100, 0, 62822, 30, 1980
2026/08/28 20:59:28.235, 3, 118.04, 100, 0, 61418, 31, 1980
2026/08/28 20:59:33.235, 0, 120.48, 100, 0, 66164, 32, 1980
2026/08/28 20:59:33.235, 1, 121.68, 100, 0, 65782, 30, 1980
2026/08/28 20:59:33.235, 2, 118.80, 100, 0, 62822, 30, 1980
2026/08/28 20:59:33.235, 3, 118.02, 100, 0, 61418, 31, 1980
2026/08/28 20:59:38.236, 0, 120.40, 100, 0, 66164, 32, 1980
2026/08/28 20:59:38.236, 1, 121.72, 100, 0, 65782, 30, 1980
2026/08/28 20:59:38.236, 2, 118.86, 100, 0, 62822, 30, 1980
2026/08/28 20:59:38.236, 3, 118.00, 100, 0, 61418, 31, 1980
2026/08/28 20:59:43.236, 0, 120.47, 100, 0, 66164, 32, 1980
2026/08/28 20:59:43.236, 1, 121.73, 100, 0, 65782, 30, 1980
2026/08/28 20:59:43.236, 2, 118.86, 100, 0, 62822, 30, 1980
2026/08/28 20:59:43.236, 3, 118.00, 100, 0, 61418, 31, 1980
2026/08/28 20:59:48.237, 0, 120.42, 100, 0, 66164, 32, 1980
2026/08/28 20:59:48.237, 1, 121.65, 100, 0, 65782, 30, 1980
2026/08/28 20:59:48.237, 2, 118.86, 100, 0, 62822, 30, 1980
2026/08/28 20:59:48.237, 3, 118.03, 100, 0, 61418, 31, 1980
2026/08/28 20:59:53.237, 0, 120.44, 100, 0, 66164, 32, 1980
2026/08/28 20:59:53.237, 1, 121.68, 100, 0, 65782, 30, 1980
2026/08/28 20:59:53.237, 2, 119.07, 100, 0, 62822, 30, 1980
2026/08/28 20:59:53.237, 3, 118.00, 100, 0, 61418, 31, 1980
2026/08/28 20:59:58.238, 0, 120.42, 100, 0, 66164, 32, 1980
2026/08/28 20:59:58.238, 1, 121.65, 100, 0, 65782, 30, 1980
2026/08/28 20:59:58.238, 2, 118.85, 100, 0, 62822, 30, 1980
2026/08/28 20:59:58.238, 3, 118.01, 100, 0, 61418, 31, 1980
2026/08/28 21:00:03.238, 0, 120.43, 100, 0, 66164, 32, 1980
2026/08/28 21:00:03.238, 1, 121.67, 100, 0, 65782, 30, 1980
2026/08/28 21:00:03.238, 2, 118.78, 100, 0, 62822, 30, 1980
2026/08/28 21:00:03.238, 3, 117.92, 100, 0, 61418, 31, 1980
2026/08/28 21:00:08.239, 0, 120.41, 100, 0, 66164, 32, 1980
2026/08/28 21:00:08.239, 1, 121.68, 100, 0, 65782, 30, 1980
2026/08/28 21:00:08.239, 2, 118.75, 100, 0, 62822, 30, 1980
2026/08/28 21:00:08.239, 3, 117.92, 100, 0, 61418, 31, 1980
2026/08/28 21:00:13.239, 0, 120.33, 100, 0, 66164, 32, 1980
2026/08/28 21:00:13.239, 1, 121.67, 100, 0, 65782, 30, 1980
2026/08/28 21:00:13.239, 2, 118.79, 100, 0, 62822, 30, 1980
2026/08/28 21:00:13.239, 3, 117.92, 100, 0, 61418, 31, 1980
2026/08/28 21:00:18.240, 0, 120.29, 100, 0, 66164, 32, 1980
2026/08/28 21:00:18.240, 1, 121.69, 100, 0, 65782, 30, 1980
2026/08/28 21:00:18.240, 2, 118.83, 100, 0, 62822, 30, 1980
2026/08/28 21:00:18.240, 3, 117.90, 100, 0, 61418, 31, 1980
2026/08/28 21:00:23.240, 0, 120.38, 100, 0, 66164, 32, 1980
2026/08/28 21:00:23.240, 1, 121.65, 100, 0, 65782, 30, 1980
2026/08/28 21:00:23.241, 2, 118.80, 100, 0, 62822, 30, 1980
2026/08/28 21:00:23.241, 3, 117.94, 100, 0, 61418, 31, 1980
2026/08/28 21:00:28.241, 0, 120.34, 100, 0, 66164, 32, 1980
2026/08/28 21:00:28.241, 1, 121.65, 100, 0, 65782, 30, 1980
2026/08/28 21:00:28.241, 2, 118.80, 100, 0, 62822, 30, 1980
2026/08/28 21:00:28.244, 3, 117.93, 100, 0, 61418, 31, 1980
2026/08/28 21:00:33.244, 0, 120.35, 100, 0, 66164, 32, 1980
2026/08/28 21:00:33.244, 1, 121.66, 100, 0, 65782, 30, 1980
2026/08/28 21:00:33.244, 2, 118.76, 100, 0, 62822, 30, 1980
2026/08/28 21:00:33.244, 3, 117.92, 100, 0, 61418, 31, 1980
2026/08/28 21:00:38.245, 0, 120.36, 100, 0, 66164, 32, 1980
2026/08/28 21:00:38.245, 1, 121.66, 100, 0, 65782, 30, 1980
2026/08/28 21:00:38.245, 2, 118.78, 100, 0, 62822, 30, 1980
2026/08/28 21:00:38.245, 3, 117.92, 100, 0, 61418, 31, 1980
2026/08/28 21:00:43.245, 0, 120.31, 100, 0, 66164, 32, 1980
2026/08/28 21:00:43.245, 1, 121.66, 100, 0, 65782, 30, 1980
2026/08/28 21:00:43.245, 2, 118.76, 100, 0, 62822, 30, 1980
2026/08/28 21:00:43.245, 3, 117.93, 100, 0, 61418, 31, 1980
2026/08/28 21:00:48.246, 0, 120.33, 100, 0, 66164, 32, 1980
2026/08/28 21:00:48.246, 1, 121.65, 100, 0, 65782, 30, 1980
2026/08/28 21:00:48.246, 2, 118.78, 100, 0, 62822, 30, 1980
2026/08/28 21:00:48.246, 3, 117.91, 100, 0, 61418, 31, 1980
2026/08/28 21:00:53.246, 0, 120.32, 100, 0, 66164, 32, 1980
2026/08/28 21:00:53.246, 1, 121.66, 100, 0, 65782, 30, 1980
2026/08/28 21:00:53.246, 2, 118.77, 100, 0, 62822, 30, 1980
2026/08/28 21:00:53.246, 3, 117.91, 100, 0, 61418, 31, 1980
2026/08/28 21:00:58.247, 0, 120.32, 100, 0, 66164, 32, 1980
2026/08/28 21:00:58.247, 1, 121.71, 100, 0, 65782, 30, 1980
2026/08/28 21:00:58.247, 2, 118.78, 100, 0, 62822, 30, 1980
2026/08/28 21:00:58.247, 3, 117.88, 100, 0, 61418, 31, 1980
2026/08/28 21:01:03.247, 0, 120.32, 100, 0, 66164, 32, 1980
2026/08/28 21:01:03.247, 1, 121.65, 100, 0, 65782, 30, 1980
2026/08/28 21:01:03.247, 2, 118.79, 100, 0, 62822, 30, 1980
2026/08/28 21:01:03.247, 3, 117.88, 100, 0, 61418, 31, 1980
2026/08/28 21:01:08.248, 0, 120.32, 100, 0, 66164, 32, 1980
2026/08/28 21:01:08.248, 1, 121.64, 100, 0, 65782, 30, 1980
2026/08/28 21:01:08.248, 2, 118.78, 100, 0, 62822, 30, 1980
2026/08/28 21:01:08.248, 3, 117.88, 100, 0, 61418, 31, 1980
2026/08/28 21:01:13.248, 0, 120.42, 100, 0, 66164, 32, 1980
2026/08/28 21:01:13.248, 1, 121.61, 100, 0, 65782, 30, 1980
2026/08/28 21:01:13.248, 2, 119.00, 100, 0, 62822, 30, 1980
2026/08/28 21:01:13.248, 3, 117.98, 100, 0, 61418, 31, 1980
2026/08/28 21:01:18.249, 0, 120.37, 100, 0, 66164, 32, 1980
2026/08/28 21:01:18.249, 1, 121.56, 100, 0, 65782, 30, 1980
2026/08/28 21:01:18.249, 2, 118.90, 100, 0, 62822, 30, 1980
2026/08/28 21:01:18.249, 3, 117.98, 100, 0, 61418, 31, 1980
2026/08/28 21:01:23.249, 0, 120.41, 100, 0, 66164, 32, 1980
2026/08/28 21:01:23.249, 1, 121.61, 100, 0, 65782, 30, 1980
2026/08/28 21:01:23.249, 2, 118.84, 100, 0, 62822, 30, 1980
2026/08/28 21:01:23.249, 3, 117.93, 100, 0, 61418, 31, 1980
2026/08/28 21:01:28.250, 0, 120.36, 100, 0, 66164, 32, 1980
2026/08/28 21:01:28.250, 1, 121.60, 100, 0, 65782, 30, 1980
2026/08/28 21:01:28.250, 2, 118.93, 100, 0, 62822, 30, 1980
2026/08/28 21:01:28.250, 3, 117.92, 100, 0, 61418, 31, 1980
2026/08/28 21:01:33.250, 0, 120.38, 100, 0, 66164, 32, 1980
2026/08/28 21:01:33.251, 1, 121.61, 100, 0, 65782, 30, 1980
2026/08/28 21:01:33.251, 2, 118.82, 100, 0, 62822, 30, 1980
2026/08/28 21:01:33.251, 3, 117.95, 100, 0, 61418, 31, 1980
2026/08/28 21:01:38.251, 0, 120.43, 100, 0, 66164, 32, 1980
2026/08/28 21:01:38.251, 1, 121.61, 100, 0, 65782, 30, 1980
2026/08/28 21:01:38.251, 2, 118.82, 100, 0, 62822, 30, 1980
2026/08/28 21:01:38.251, 3, 117.91, 100, 0, 61418, 31, 1980
2026/08/28 21:01:43.251, 0, 120.35, 100, 0, 66164, 32, 1980
2026/08/28 21:01:43.251, 1, 121.55, 100, 0, 65782, 30, 1980
2026/08/28 21:01:43.252, 2, 118.79, 100, 0, 62822, 30, 1980
2026/08/28 21:01:43.252, 3, 117.91, 100, 0, 61418, 31, 1980
2026/08/28 21:01:48.252, 0, 120.34, 100, 0, 66164, 32, 1980
2026/08/28 21:01:48.252, 1, 121.60, 100, 0, 65782, 30, 1980
2026/08/28 21:01:48.252, 2, 118.79, 100, 0, 62822, 30, 1980
2026/08/28 21:01:48.252, 3, 117.89, 100, 0, 61418, 31, 1980
2026/08/28 21:01:53.253, 0, 120.34, 100, 0, 66164, 32, 1980
2026/08/28 21:01:53.253, 1, 121.58, 100, 0, 65782, 30, 1980
2026/08/28 21:01:53.253, 2, 118.81, 100, 0, 62822, 30, 1980
2026/08/28 21:01:53.253, 3, 117.90, 100, 0, 61418, 31, 1980
2026/08/28 21:01:58.253, 0, 120.28, 100, 0, 66164, 32, 1980
2026/08/28 21:01:58.253, 1, 121.65, 100, 0, 65782, 30, 1980
2026/08/28 21:01:58.253, 2, 118.78, 100, 0, 62822, 30, 1980
2026/08/28 21:01:58.253, 3, 117.96, 100, 0, 61418, 31, 1980
2026/08/28 21:02:03.254, 0, 120.40, 100, 0, 66164, 32, 1980
2026/08/28 21:02:03.254, 1, 121.61, 100, 0, 65782, 30, 1980
2026/08/28 21:02:03.254, 2, 118.77, 100, 0, 62822, 30, 1980
2026/08/28 21:02:03.254, 3, 117.95, 100, 0, 61418, 31, 1980
2026/08/28 21:02:08.254, 0, 120.37, 100, 0, 66164, 32, 1980
2026/08/28 21:02:08.254, 1, 121.61, 100, 0, 65782, 30, 1980
2026/08/28 21:02:08.254, 2, 118.79, 100, 0, 62822, 30, 1980
2026/08/28 21:02:08.254, 3, 117.90, 100, 0, 61418, 31, 1980
2026/08/28 21:02:13.255, 0, 120.37, 100, 0, 66164, 32, 1980
2026/08/28 21:02:13.255, 1, 121.57, 100, 0, 65782, 30, 1980
2026/08/28 21:02:13.255, 2, 118.83, 100, 0, 62822, 30, 1980
2026/08/28 21:02:13.255, 3, 117.89, 100, 0, 61418, 31, 1980
2026/08/28 21:02:18.255, 0, 120.35, 100, 0, 66164, 32, 1980
2026/08/28 21:02:18.255, 1, 121.65, 100, 0, 65782, 30, 1980
2026/08/28 21:02:18.255, 2, 118.93, 100, 0, 62822, 30, 1980
2026/08/28 21:02:18.255, 3, 117.93, 100, 0, 61418, 31, 1980
2026/08/28 21:02:23.256, 0, 120.33, 100, 0, 66164, 32, 1980
2026/08/28 21:02:23.256, 1, 121.61, 100, 0, 65782, 30, 1980
2026/08/28 21:02:23.256, 2, 118.83, 100, 0, 62822, 30, 1980
2026/08/28 21:02:23.256, 3, 117.90, 100, 0, 61418, 31, 1980
2026/08/28 21:02:28.256, 0, 120.37, 100, 0, 66164, 32, 1980
2026/08/28 21:02:28.256, 1, 121.65, 100, 0, 65782, 30, 1980
2026/08/28 21:02:28.258, 2, 118.80, 100, 0, 62822, 30, 1980
2026/08/28 21:02:28.260, 3, 117.92, 100, 0, 61418, 31, 1980
2026/08/28 21:02:33.261, 0, 120.32, 100, 0, 66164, 32, 1980
2026/08/28 21:02:33.261, 1, 121.61, 100, 0, 65782, 30, 1980
2026/08/28 21:02:33.261, 2, 118.97, 100, 0, 62822, 30, 1980
2026/08/28 21:02:33.261, 3, 117.94, 100, 0, 61418, 31, 1980
2026/08/28 21:02:38.262, 0, 120.39, 100, 0, 66164, 32, 1980
2026/08/28 21:02:38.262, 1, 121.61, 100, 0, 65782, 30, 1980
2026/08/28 21:02:38.262, 2, 118.80, 100, 0, 62822, 30, 1980
2026/08/28 21:02:38.262, 3, 117.93, 100, 0, 61418, 31, 1980
2026/08/28 21:02:43.262, 0, 120.35, 100, 0, 66164, 32, 1980
2026/08/28 21:02:43.262, 1, 121.60, 100, 0, 65782, 30, 1980
2026/08/28 21:02:43.262, 2, 118.78, 100, 0, 62822, 30, 1980
2026/08/28 21:02:43.262, 3, 117.86, 100, 0, 61418, 31, 1980
2026/08/28 21:02:48.263, 0, 120.30, 100, 0, 66164, 32, 1980
2026/08/28 21:02:48.263, 1, 121.58, 100, 0, 65782, 30, 1980
2026/08/28 21:02:48.263, 2, 118.75, 100, 0, 62822, 30, 1980
2026/08/28 21:02:48.263, 3, 117.93, 100, 0, 61418, 31, 1980
2026/08/28 21:02:53.263, 0, 120.32, 100, 0, 66164, 32, 1980
2026/08/28 21:02:53.263, 1, 121.64, 100, 0, 65782, 30, 1980
2026/08/28 21:02:53.263, 2, 118.75, 100, 0, 62822, 30, 1980
2026/08/28 21:02:53.263, 3, 117.86, 100, 0, 61418, 31, 1980
2026/08/28 21:02:58.264, 0, 120.33, 100, 0, 66164, 32, 1980
2026/08/28 21:02:58.264, 1, 121.59, 100, 0, 65782, 30, 1980
2026/08/28 21:02:58.264, 2, 118.79, 100, 0, 62822, 30, 1980
2026/08/28 21:02:58.264, 3, 117.93, 100, 0, 61418, 31, 1980
2026/08/28 21:03:03.264, 0, 120.36, 100, 0, 66164, 32, 1980
2026/08/28 21:03:03.264, 1, 121.57, 100, 0, 65782, 30, 1980
2026/08/28 21:03:03.264, 2, 118.78, 100, 0, 62822, 30, 1980
2026/08/28 21:03:03.264, 3, 117.86, 100, 0, 61418, 31, 1980
2026/08/28 21:03:08.265, 0, 120.38, 100, 0, 66164, 32, 1980
2026/08/28 21:03:08.265, 1, 121.71, 100, 0, 65782, 30, 1980
2026/08/28 21:03:08.265, 2, 118.78, 100, 0, 62822, 30, 1980
2026/08/28 21:03:08.265, 3, 117.90, 100, 0, 61418, 31, 1980
2026/08/28 21:03:13.265, 0, 120.38, 100, 0, 66164, 32, 1980
2026/08/28 21:03:13.265, 1, 121.67, 100, 0, 65782, 30, 1980
2026/08/28 21:03:13.265, 2, 118.77, 100, 0, 62822, 30, 1980
2026/08/28 21:03:13.265, 3, 117.90, 100, 0, 61418, 31, 1980
2026/08/28 21:03:18.266, 0, 120.37, 100, 0, 66164, 32, 1980
2026/08/28 21:03:18.266, 1, 121.68, 100, 0, 65782, 30, 1980
2026/08/28 21:03:18.266, 2, 118.84, 100, 0, 62822, 30, 1980
2026/08/28 21:03:18.266, 3, 117.85, 100, 0, 61418, 31, 1980
2026/08/28 21:03:23.266, 0, 120.37, 100, 0, 66164, 32, 1980
2026/08/28 21:03:23.266, 1, 121.73, 100, 0, 65782, 30, 1980
2026/08/28 21:03:23.266, 2, 119.01, 100, 0, 62822, 30, 1980
2026/08/28 21:03:23.266, 3, 117.88, 100, 0, 61418, 31, 1980
2026/08/28 21:03:28.267, 0, 120.35, 100, 0, 66164, 32, 1980
2026/08/28 21:03:28.267, 1, 121.68, 100, 0, 65782, 30, 1980
2026/08/28 21:03:28.267, 2, 118.86, 100, 0, 62822, 30, 1980
2026/08/28 21:03:28.267, 3, 117.89, 100, 0, 61418, 31, 1980
2026/08/28 21:03:33.267, 0, 120.34, 100, 0, 66164, 32, 1980
2026/08/28 21:03:33.267, 1, 121.71, 100, 0, 65782, 30, 1980
2026/08/28 21:03:33.267, 2, 118.92, 100, 0, 62822, 30, 1980
2026/08/28 21:03:33.267, 3, 117.82, 100, 0, 61418, 31, 1980
2026/08/28 21:03:38.268, 0, 120.36, 100, 0, 66164, 32, 1980
2026/08/28 21:03:38.268, 1, 121.69, 100, 0, 65782, 30, 1980
2026/08/28 21:03:38.268, 2, 118.91, 100, 0, 62822, 30, 1980
2026/08/28 21:03:38.268, 3, 117.87, 100, 0, 61418, 31, 1980
2026/08/28 21:03:43.268, 0, 120.41, 100, 0, 66164, 32, 1980
2026/08/28 21:03:43.268, 1, 121.67, 100, 0, 65782, 30, 1980
2026/08/28 21:03:43.268, 2, 119.04, 100, 0, 62822, 30, 1980
2026/08/28 21:03:43.268, 3, 117.88, 100, 0, 61418, 31, 1980
2026/08/28 21:03:48.269, 0, 120.36, 100, 0, 66164, 32, 1980
2026/08/28 21:03:48.269, 1, 121.71, 100, 0, 65782, 30, 1980
2026/08/28 21:03:48.269, 2, 118.88, 100, 0, 62822, 30, 1980
2026/08/28 21:03:48.269, 3, 117.93, 100, 0, 61418, 31, 1980
2026/08/28 21:03:53.269, 0, 120.43, 100, 0, 66164, 32, 1980
2026/08/28 21:03:53.269, 1, 121.74, 100, 0, 65782, 30, 1980
2026/08/28 21:03:53.270, 2, 118.80, 100, 0, 62822, 30, 1980
2026/08/28 21:03:53.270, 3, 117.85, 100, 0, 61418, 31, 1980
2026/08/28 21:03:58.270, 0, 120.36, 100, 0, 66164, 32, 1980
2026/08/28 21:03:58.270, 1, 121.72, 100, 0, 65782, 30, 1980
2026/08/28 21:03:58.270, 2, 118.84, 100, 0, 62822, 30, 1980
2026/08/28 21:03:58.270, 3, 117.93, 100, 0, 61418, 31, 1980
2026/08/28 21:04:03.270, 0, 120.36, 100, 0, 66164, 32, 1980
2026/08/28 21:04:03.271, 1, 121.09, 100, 0, 65782, 30, 1980
2026/08/28 21:04:03.271, 2, 118.87, 100, 0, 62822, 30, 1980
2026/08/28 21:04:03.271, 3, 117.86, 100, 0, 61418, 31, 1980
2026/08/28 21:04:08.271, 0, 120.36, 100, 0, 66164, 32, 1980
2026/08/28 21:04:08.271, 1, 121.08, 100, 0, 65782, 30, 1980
2026/08/28 21:04:08.271, 2, 118.78, 100, 0, 62822, 30, 1980
2026/08/28 21:04:08.271, 3, 117.85, 100, 0, 61418, 31, 1980
2026/08/28 21:04:13.271, 0, 120.39, 100, 0, 66164, 32, 1980
2026/08/28 21:04:13.272, 1, 121.05, 100, 0, 65782, 30, 1980
2026/08/28 21:04:13.272, 2, 118.76, 100, 0, 62822, 30, 1980
2026/08/28 21:04:13.272, 3, 117.94, 100, 0, 61418, 31, 1980
2026/08/28 21:04:18.272, 0, 120.38, 100, 0, 66164, 32, 1980
2026/08/28 21:04:18.272, 1, 121.67, 100, 0, 65782, 30, 1980
2026/08/28 21:04:18.272, 2, 118.79, 100, 0, 62822, 30, 1980
2026/08/28 21:04:18.272, 3, 117.85, 100, 0, 61418, 31, 1980
2026/08/28 21:04:23.272, 0, 120.36, 100, 0, 66164, 32, 1980
2026/08/28 21:04:23.273, 1, 121.68, 100, 0, 65782, 30, 1980
2026/08/28 21:04:23.273, 2, 118.78, 100, 0, 62822, 30, 1980
2026/08/28 21:04:23.273, 3, 117.86, 100, 0, 61418, 31, 1980
2026/08/28 21:04:28.273, 0, 120.40, 100, 0, 66164, 32, 1980
2026/08/28 21:04:28.273, 1, 121.64, 100, 0, 65782, 30, 1980
2026/08/28 21:04:28.273, 2, 118.80, 100, 0, 62822, 30, 1980
2026/08/28 21:04:28.273, 3, 117.84, 100, 0, 61418, 31, 1980
2026/08/28 21:04:33.273, 0, 120.36, 100, 0, 66164, 32, 1980
2026/08/28 21:04:33.274, 1, 121.65, 100, 0, 65782, 30, 1980
2026/08/28 21:04:33.274, 2, 118.72, 100, 0, 62822, 29, 1980
2026/08/28 21:04:33.274, 3, 117.86, 100, 0, 61418, 31, 1980
2026/08/28 21:04:38.274, 0, 120.37, 100, 0, 66164, 32, 1980
2026/08/28 21:04:38.274, 1, 121.64, 100, 0, 65782, 30, 1980
2026/08/28 21:04:38.274, 2, 118.74, 100, 0, 62822, 29, 1980
2026/08/28 21:04:38.274, 3, 117.87, 100, 0, 61418, 31, 1980
2026/08/28 21:04:43.274, 0, 120.37, 100, 0, 66164, 32, 1980
2026/08/28 21:04:43.275, 1, 121.59, 100, 0, 65782, 30, 1980
2026/08/28 21:04:43.275, 2, 118.72, 100, 0, 62822, 29, 1980
2026/08/28 21:04:43.275, 3, 117.91, 100, 0, 61418, 31, 1980
2026/08/28 21:04:48.275, 0, 120.37, 100, 0, 66164, 32, 1980
2026/08/28 21:04:48.275, 1, 121.65, 100, 0, 65782, 30, 1980
2026/08/28 21:04:48.275, 2, 118.76, 100, 0, 62822, 29, 1980
2026/08/28 21:04:48.275, 3, 117.89, 100, 0, 61418, 31, 1980
2026/08/28 21:04:53.276, 0, 120.34, 100, 0, 66164, 32, 1980
2026/08/28 21:04:53.276, 1, 121.68, 100, 0, 65782, 30, 1980
2026/08/28 21:04:53.276, 2, 118.72, 100, 0, 62822, 29, 1980
2026/08/28 21:04:53.276, 3, 117.90, 100, 0, 61418, 31, 1980
2026/08/28 21:04:58.276, 0, 120.39, 100, 0, 66164, 32, 1980
2026/08/28 21:04:58.276, 1, 121.62, 100, 0, 65782, 30, 1980
2026/08/28 21:04:58.276, 2, 118.78, 100, 0, 62822, 29, 1980
2026/08/28 21:04:58.276, 3, 117.86, 100, 0, 61418, 31, 1980
2026/08/28 21:05:03.277, 0, 120.36, 100, 0, 66164, 32, 1980
2026/08/28 21:05:03.277, 1, 121.56, 100, 0, 65782, 30, 1980
2026/08/28 21:05:03.277, 2, 118.67, 100, 0, 62822, 29, 1980
2026/08/28 21:05:03.277, 3, 117.88, 100, 0, 61418, 31, 1980
2026/08/28 21:05:08.277, 0, 120.38, 100, 0, 66164, 32, 1980
2026/08/28 21:05:08.277, 1, 121.64, 100, 0, 65782, 30, 1980
2026/08/28 21:05:08.277, 2, 118.73, 100, 0, 62822, 29, 1980
2026/08/28 21:05:08.277, 3, 117.88, 100, 0, 61418, 31, 1980
2026/08/28 21:05:13.278, 0, 120.38, 100, 0, 66164, 32, 1980
2026/08/28 21:05:13.278, 1, 121.57, 100, 0, 65782, 30, 1980
2026/08/28 21:05:13.278, 2, 118.70, 100, 0, 62822, 29, 1980
2026/08/28 21:05:13.278, 3, 117.89, 100, 0, 61418, 31, 1980
2026/08/28 21:05:18.278, 0, 120.32, 100, 0, 66164, 32, 1980
2026/08/28 21:05:18.278, 1, 121.61, 100, 0, 65782, 30, 1980
2026/08/28 21:05:18.278, 2, 118.72, 100, 0, 62822, 29, 1980
2026/08/28 21:05:18.278, 3, 117.85, 100, 0, 61418, 31, 1980
2026/08/28 21:05:23.279, 0, 120.29, 100, 0, 66164, 32, 1980
2026/08/28 21:05:23.279, 1, 121.54, 100, 0, 65782, 30, 1980
2026/08/28 21:05:23.279, 2, 118.69, 100, 0, 62822, 29, 1980
2026/08/28 21:05:23.279, 3, 117.82, 100, 0, 61418, 31, 1980
2026/08/28 21:05:28.279, 0, 120.32, 100, 0, 66164, 32, 1980
2026/08/28 21:05:28.279, 1, 121.55, 100, 0, 65782, 30, 1980
2026/08/28 21:05:28.279, 2, 118.69, 100, 0, 62822, 29, 1980
2026/08/28 21:05:28.279, 3, 117.88, 100, 0, 61418, 31, 1980
2026/08/28 21:05:33.280, 0, 120.33, 100, 0, 66164, 32, 1980
2026/08/28 21:05:33.280, 1, 121.57, 100, 0, 65782, 30, 1980
2026/08/28 21:05:33.280, 2, 118.64, 100, 0, 62822, 29, 1980
2026/08/28 21:05:33.280, 3, 117.89, 100, 0, 61418, 31, 1980
2026/08/28 21:05:38.280, 0, 120.29, 100, 0, 66164, 32, 1980
2026/08/28 21:05:38.280, 1, 121.55, 100, 0, 65782, 30, 1980
2026/08/28 21:05:38.280, 2, 118.66, 100, 0, 62822, 29, 1980
2026/08/28 21:05:38.281, 3, 117.85, 100, 0, 61418, 31, 1980
2026/08/28 21:05:43.281, 0, 120.29, 100, 0, 66164, 32, 1980
2026/08/28 21:05:43.281, 1, 121.57, 100, 0, 65782, 30, 1980
2026/08/28 21:05:43.281, 2, 118.65, 100, 0, 62822, 29, 1980
2026/08/28 21:05:43.281, 3, 117.83, 100, 0, 61418, 31, 1980
2026/08/28 21:05:48.281, 0, 120.33, 100, 0, 66164, 32, 1980
2026/08/28 21:05:48.282, 1, 121.56, 100, 0, 65782, 30, 1980
2026/08/28 21:05:48.282, 2, 118.67, 100, 0, 62822, 29, 1980
2026/08/28 21:05:48.282, 3, 117.87, 100, 0, 61418, 31, 1980
2026/08/28 21:05:53.282, 0, 120.29, 100, 0, 66164, 32, 1980
2026/08/28 21:05:53.282, 1, 121.56, 100, 0, 65782, 30, 1980
2026/08/28 21:05:53.282, 2, 118.66, 100, 0, 62822, 29, 1980
2026/08/28 21:05:53.282, 3, 117.84, 100, 0, 61418, 31, 1980
2026/08/28 21:05:58.282, 0, 120.29, 100, 0, 66164, 32, 1980
2026/08/28 21:05:58.283, 1, 121.53, 100, 0, 65782, 30, 1980
2026/08/28 21:05:58.283, 2, 118.68, 100, 0, 62822, 29, 1980
2026/08/28 21:05:58.283, 3, 117.86, 100, 0, 61418, 31, 1980
2026/08/28 21:06:03.283, 0, 120.28, 100, 0, 66164, 32, 1980
2026/08/28 21:06:03.283, 1, 121.49, 100, 0, 65782, 30, 1980
2026/08/28 21:06:03.283, 2, 118.63, 100, 0, 62822, 29, 1980
2026/08/28 21:06:03.283, 3, 117.80, 100, 0, 61418, 31, 1980
2026/08/28 21:06:08.284, 0, 120.25, 100, 0, 66164, 32, 1980
2026/08/28 21:06:08.284, 1, 121.58, 100, 0, 65782, 30, 1980
2026/08/28 21:06:08.285, 2, 118.63, 100, 0, 62822, 29, 1980
2026/08/28 21:06:08.285, 3, 117.83, 100, 0, 61418, 31, 1980
2026/08/28 21:06:13.285, 0, 120.24, 100, 0, 66164, 32, 1980
2026/08/28 21:06:13.285, 1, 121.55, 100, 0, 65782, 30, 1980
2026/08/28 21:06:13.285, 2, 118.65, 100, 0, 62822, 29, 1980
2026/08/28 21:06:13.285, 3, 117.79, 100, 0, 61418, 31, 1980
2026/08/28 21:06:18.286, 0, 120.26, 100, 0, 66164, 32, 1980
2026/08/28 21:06:18.286, 1, 121.55, 100, 0, 65782, 30, 1980
2026/08/28 21:06:18.286, 2, 118.65, 100, 0, 62822, 29, 1980
2026/08/28 21:06:18.286, 3, 117.82, 100, 0, 61418, 31, 1980
2026/08/28 21:06:23.286, 0, 120.27, 100, 0, 66164, 32, 1980
2026/08/28 21:06:23.286, 1, 121.56, 100, 0, 65782, 30, 1980
2026/08/28 21:06:23.286, 2, 118.75, 100, 0, 62822, 29, 1980
2026/08/28 21:06:23.286, 3, 117.81, 100, 0, 61418, 31, 1980
2026/08/28 21:06:28.287, 0, 120.29, 100, 0, 66164, 32, 1980
2026/08/28 21:06:28.287, 1, 121.52, 100, 0, 65782, 30, 1980
2026/08/28 21:06:28.287, 2, 118.76, 100, 0, 62822, 29, 1980
2026/08/28 21:06:28.287, 3, 117.82, 100, 0, 61418, 31, 1980
2026/08/28 21:06:33.287, 0, 120.22, 100, 0, 66164, 32, 1980
2026/08/28 21:06:33.288, 1, 121.54, 100, 0, 65782, 30, 1980
2026/08/28 21:06:33.288, 2, 118.65, 100, 0, 62822, 29, 1980
2026/08/28 21:06:33.288, 3, 117.89, 100, 0, 61418, 31, 1980
2026/08/28 21:06:38.288, 0, 120.26, 100, 0, 66164, 32, 1980
2026/08/28 21:06:38.288, 1, 121.59, 100, 0, 65782, 30, 1980
2026/08/28 21:06:38.288, 2, 118.70, 100, 0, 62822, 29, 1980
2026/08/28 21:06:38.288, 3, 117.85, 100, 0, 61418, 31, 1980
2026/08/28 21:06:43.288, 0, 120.28, 100, 0, 66164, 32, 1980
2026/08/28 21:06:43.289, 1, 121.56, 100, 0, 65782, 30, 1980
2026/08/28 21:06:43.289, 2, 118.75, 100, 0, 62822, 29, 1980
2026/08/28 21:06:43.289, 3, 117.84, 100, 0, 61418, 31, 1980
2026/08/28 21:06:48.289, 0, 120.28, 100, 0, 66164, 32, 1980
2026/08/28 21:06:48.289, 1, 121.62, 100, 0, 65782, 30, 1980
2026/08/28 21:06:48.289, 2, 118.78, 100, 0, 62822, 30, 1980
2026/08/28 21:06:48.289, 3, 117.85, 100, 0, 61418, 31, 1980
2026/08/28 21:06:53.289, 0, 120.31, 100, 0, 66164, 32, 1980
2026/08/28 21:06:53.290, 1, 121.63, 100, 0, 65782, 30, 1980
2026/08/28 21:06:53.290, 2, 119.02, 100, 0, 62822, 30, 1980
2026/08/28 21:06:53.290, 3, 117.95, 100, 0, 61418, 31, 1980
2026/08/28 21:06:58.290, 0, 120.33, 100, 0, 66164, 32, 1980
2026/08/28 21:06:58.291, 1, 121.71, 100, 0, 65782, 30, 1980
2026/08/28 21:06:58.292, 2, 118.78, 100, 0, 62822, 30, 1980
2026/08/28 21:06:58.294, 3, 117.94, 100, 0, 61418, 31, 1980
2026/08/28 21:07:03.296, 0, 120.33, 100, 0, 66164, 32, 1980
2026/08/28 21:07:03.296, 1, 121.69, 100, 0, 65782, 30, 1980
2026/08/28 21:07:03.296, 2, 118.81, 100, 0, 62822, 30, 1980
2026/08/28 21:07:03.296, 3, 117.93, 100, 0, 61418, 31, 1980
2026/08/28 21:07:08.297, 0, 120.34, 100, 0, 66164, 32, 1980
2026/08/28 21:07:08.297, 1, 121.67, 100, 0, 65782, 30, 1980
2026/08/28 21:07:08.297, 2, 118.84, 100, 0, 62822, 30, 1980
2026/08/28 21:07:08.297, 3, 117.93, 100, 0, 61418, 31, 1980
2026/08/28 21:07:13.297, 0, 120.32, 100, 0, 66164, 32, 1980
2026/08/28 21:07:13.297, 1, 121.67, 100, 0, 65782, 30, 1980
2026/08/28 21:07:13.297, 2, 118.83, 100, 0, 62822, 30, 1980
2026/08/28 21:07:13.297, 3, 117.96, 100, 0, 61418, 31, 1980
2026/08/28 21:07:18.298, 0, 120.33, 100, 0, 66164, 32, 1980
2026/08/28 21:07:18.298, 1, 121.68, 100, 0, 65782, 30, 1980
2026/08/28 21:07:18.298, 2, 118.81, 100, 0, 62822, 30, 1980
2026/08/28 21:07:18.298, 3, 117.94, 100, 0, 61418, 31, 1980
2026/08/28 21:07:23.298, 0, 120.34, 100, 0, 66164, 32, 1980
2026/08/28 21:07:23.298, 1, 121.67, 100, 0, 65782, 30, 1980
2026/08/28 21:07:23.298, 2, 118.78, 100, 0, 62822, 30, 1980
2026/08/28 21:07:23.298, 3, 117.90, 100, 0, 61418, 31, 1980
2026/08/28 21:07:28.299, 0, 120.34, 100, 0, 66164, 32, 1980
2026/08/28 21:07:28.299, 1, 121.03, 100, 0, 65782, 30, 1980
2026/08/28 21:07:28.299, 2, 118.78, 100, 0, 62822, 30, 1980
2026/08/28 21:07:28.299, 3, 117.95, 100, 0, 61418, 31, 1980
2026/08/28 21:07:33.299, 0, 120.37, 100, 0, 66164, 32, 1980
2026/08/28 21:07:33.300, 1, 121.02, 100, 0, 65782, 30, 1980
2026/08/28 21:07:33.300, 2, 118.80, 100, 0, 62822, 30, 1980
2026/08/28 21:07:33.300, 3, 117.98, 100, 0, 61418, 31, 1980
2026/08/28 21:07:38.300, 0, 120.40, 100, 0, 66164, 32, 1980
2026/08/28 21:07:38.300, 1, 121.02, 100, 0, 65782, 30, 1980
2026/08/28 21:07:38.300, 2, 118.80, 100, 0, 62822, 30, 1980
2026/08/28 21:07:38.300, 3, 117.99, 100, 0, 61418, 31, 1980
2026/08/28 21:07:43.300, 0, 120.38, 100, 0, 66164, 32, 1980
2026/08/28 21:07:43.301, 1, 121.60, 100, 0, 65782, 30, 1980
2026/08/28 21:07:43.301, 2, 118.77, 100, 0, 62822, 30, 1980
2026/08/28 21:07:43.301, 3, 117.96, 100, 0, 61418, 31, 1980
2026/08/28 21:07:48.301, 0, 120.36, 100, 0, 66164, 32, 1980
2026/08/28 21:07:48.301, 1, 121.65, 100, 0, 65782, 30, 1980
2026/08/28 21:07:48.301, 2, 118.78, 100, 0, 62822, 30, 1980
2026/08/28 21:07:48.301, 3, 117.97, 100, 0, 61418, 31, 1980
2026/08/28 21:07:53.301, 0, 120.34, 100, 0, 66164, 32, 1980
2026/08/28 21:07:53.302, 1, 121.66, 100, 0, 65782, 30, 1980
2026/08/28 21:07:53.302, 2, 118.76, 100, 0, 62822, 30, 1980
2026/08/28 21:07:53.302, 3, 118.01, 100, 0, 61418, 31, 1980
2026/08/28 21:07:58.302, 0, 120.35, 100, 0, 66164, 32, 1980
2026/08/28 21:07:58.302, 1, 121.64, 100, 0, 65782, 30, 1980
2026/08/28 21:07:58.302, 2, 118.80, 100, 0, 62822, 30, 1980
2026/08/28 21:07:58.302, 3, 118.05, 100, 0, 61418, 31, 1980
2026/08/28 21:08:03.303, 0, 120.37, 100, 0, 66164, 32, 1980
2026/08/28 21:08:03.303, 1, 121.68, 100, 0, 65782, 30, 1980
2026/08/28 21:08:03.303, 2, 118.92, 100, 0, 62822, 30, 1980
2026/08/28 21:08:03.303, 3, 118.02, 100, 0, 61418, 31, 1980
2026/08/28 21:08:08.303, 0, 120.36, 100, 0, 66164, 32, 1980
2026/08/28 21:08:08.303, 1, 121.66, 100, 0, 65782, 30, 1980
2026/08/28 21:08:08.303, 2, 118.80, 100, 0, 62822, 30, 1980
2026/08/28 21:08:08.303, 3, 117.98, 100, 0, 61418, 31, 1980
2026/08/28 21:08:13.304, 0, 120.37, 100, 0, 66164, 32, 1980
2026/08/28 21:08:13.304, 1, 121.65, 100, 0, 65782, 30, 1980
2026/08/28 21:08:13.304, 2, 118.84, 100, 0, 62822, 30, 1980
2026/08/28 21:08:13.304, 3, 117.94, 100, 0, 61418, 31, 1980
2026/08/28 21:08:18.304, 0, 120.44, 100, 0, 66164, 32, 1980
2026/08/28 21:08:18.304, 1, 121.69, 100, 0, 65782, 30, 1980
2026/08/28 21:08:18.304, 2, 118.82, 100, 0, 62822, 30, 1980
2026/08/28 21:08:18.304, 3, 117.98, 100, 0, 61418, 31, 1980
2026/08/28 21:08:23.305, 0, 120.39, 100, 0, 66164, 32, 1980
2026/08/28 21:08:23.305, 1, 121.74, 100, 0, 65782, 30, 1980
2026/08/28 21:08:23.305, 2, 118.91, 100, 0, 62822, 30, 1980
2026/08/28 21:08:23.305, 3, 118.01, 100, 0, 61418, 31, 1980
2026/08/28 21:08:28.305, 0, 120.37, 100, 0, 66164, 32, 1980
2026/08/28 21:08:28.305, 1, 121.71, 100, 0, 65782, 30, 1980
2026/08/28 21:08:28.305, 2, 118.85, 100, 0, 62822, 30, 1980
2026/08/28 21:08:28.305, 3, 118.03, 100, 0, 61418, 31, 1980
2026/08/28 21:08:33.306, 0, 120.38, 100, 0, 66164, 32, 1980
2026/08/28 21:08:33.306, 1, 121.74, 100, 0, 65782, 30, 1980
2026/08/28 21:08:33.306, 2, 118.86, 100, 0, 62822, 30, 1980
2026/08/28 21:08:33.306, 3, 117.99, 100, 0, 61418, 31, 1980
2026/08/28 21:08:38.306, 0, 120.42, 100, 0, 66164, 32, 1980
2026/08/28 21:08:38.306, 1, 121.75, 100, 0, 65782, 30, 1980
2026/08/28 21:08:38.306, 2, 118.87, 100, 0, 62822, 30, 1980
2026/08/28 21:08:38.306, 3, 118.00, 100, 0, 61418, 31, 1980
2026/08/28 21:08:43.307, 0, 120.36, 100, 0, 66164, 32, 1980
2026/08/28 21:08:43.307, 1, 121.75, 100, 0, 65782, 30, 1980
2026/08/28 21:08:43.307, 2, 118.88, 100, 0, 62822, 30, 1980
2026/08/28 21:08:43.307, 3, 118.00, 100, 0, 61418, 31, 1980
2026/08/28 21:08:48.307, 0, 120.39, 100, 0, 66164, 32, 1980
2026/08/28 21:08:48.307, 1, 121.78, 100, 0, 65782, 30, 1980
2026/08/28 21:08:48.308, 2, 118.87, 100, 0, 62822, 30, 1980
2026/08/28 21:08:48.308, 3, 118.06, 100, 0, 61418, 31, 1980
2026/08/28 21:08:53.308, 0, 120.42, 100, 0, 66164, 32, 1980
2026/08/28 21:08:53.308, 1, 121.77, 100, 0, 65782, 30, 1980
2026/08/28 21:08:53.308, 2, 118.93, 100, 0, 62822, 30, 1980
2026/08/28 21:08:53.308, 3, 118.06, 100, 0, 61418, 31, 1980
2026/08/28 21:08:58.308, 0, 120.40, 100, 0, 66164, 32, 1980
2026/08/28 21:08:58.309, 1, 121.86, 100, 0, 65782, 30, 1980
2026/08/28 21:08:58.309, 2, 118.93, 100, 0, 62822, 30, 1980
2026/08/28 21:08:58.309, 3, 118.16, 100, 0, 61418, 31, 1980
2026/08/28 21:09:03.309, 0, 120.47, 100, 0, 66164, 32, 1980
2026/08/28 21:09:03.309, 1, 121.77, 100, 0, 65782, 30, 1980
2026/08/28 21:09:03.309, 2, 118.99, 100, 0, 62822, 30, 1980
2026/08/28 21:09:03.309, 3, 118.14, 100, 0, 61418, 32, 1980
2026/08/28 21:09:08.310, 0, 120.48, 100, 0, 66164, 32, 1980
2026/08/28 21:09:08.310, 1, 121.78, 100, 0, 65782, 30, 1980
2026/08/28 21:09:08.310, 2, 118.96, 100, 0, 62822, 30, 1980
2026/08/28 21:09:08.310, 3, 118.15, 100, 0, 61418, 32, 1980
2026/08/28 21:09:13.310, 0, 120.44, 100, 0, 66164, 32, 1980
2026/08/28 21:09:13.310, 1, 121.81, 100, 0, 65782, 30, 1980
2026/08/28 21:09:13.310, 2, 118.96, 100, 0, 62822, 30, 1980
2026/08/28 21:09:13.310, 3, 118.18, 100, 0, 61418, 32, 1980
2026/08/28 21:09:18.311, 0, 120.43, 100, 0, 66164, 32, 1980
2026/08/28 21:09:18.311, 1, 121.79, 100, 0, 65782, 30, 1980
2026/08/28 21:09:18.311, 2, 118.97, 100, 0, 62822, 30, 1980
2026/08/28 21:09:18.311, 3, 118.18, 100, 0, 61418, 32, 1980
2026/08/28 21:09:23.311, 0, 120.51, 100, 0, 66164, 32, 1980
2026/08/28 21:09:23.311, 1, 121.81, 100, 0, 65782, 30, 1980
2026/08/28 21:09:23.311, 2, 118.96, 100, 0, 62822, 30, 1980
2026/08/28 21:09:23.311, 3, 118.14, 100, 0, 61418, 32, 1980
2026/08/28 21:09:28.312, 0, 120.49, 100, 0, 66164, 32, 1980
2026/08/28 21:09:28.312, 1, 121.80, 100, 0, 65782, 30, 1980
2026/08/28 21:09:28.312, 2, 118.99, 100, 0, 62822, 30, 1980
2026/08/28 21:09:28.312, 3, 118.17, 100, 0, 61418, 32, 1980
2026/08/28 21:09:33.312, 0, 120.42, 100, 0, 66164, 32, 1980
2026/08/28 21:09:33.312, 1, 121.83, 100, 0, 65782, 30, 1980
2026/08/28 21:09:33.312, 2, 118.94, 100, 0, 62822, 30, 1980
2026/08/28 21:09:33.312, 3, 118.15, 100, 0, 61418, 32, 1980
2026/08/28 21:09:38.313, 0, 120.51, 100, 0, 66164, 32, 1980
2026/08/28 21:09:38.313, 1, 121.76, 100, 0, 65782, 30, 1980
2026/08/28 21:09:38.313, 2, 118.96, 100, 0, 62822, 30, 1980
2026/08/28 21:09:38.313, 3, 118.16, 100, 0, 61418, 32, 1980
2026/08/28 21:09:43.313, 0, 120.51, 100, 0, 66164, 32, 1980
2026/08/28 21:09:43.314, 1, 121.74, 100, 0, 65782, 30, 1980
2026/08/28 21:09:43.316, 2, 118.87, 100, 0, 62822, 30, 1980
2026/08/28 21:09:43.316, 3, 118.11, 100, 0, 61418, 32, 1980
2026/08/28 21:09:48.316, 0, 120.54, 100, 0, 66164, 32, 1980
2026/08/28 21:09:48.317, 1, 121.77, 100, 0, 65782, 30, 1980
2026/08/28 21:09:48.317, 2, 119.01, 100, 0, 62822, 30, 1980
2026/08/28 21:09:48.317, 3, 118.18, 100, 0, 61418, 32, 1980
2026/08/28 21:09:53.317, 0, 120.49, 100, 0, 66164, 32, 1980
2026/08/28 21:09:53.317, 1, 121.76, 100, 0, 65782, 30, 1980
2026/08/28 21:09:53.317, 2, 118.96, 100, 0, 62822, 30, 1980
2026/08/28 21:09:53.317, 3, 118.16, 100, 0, 61418, 32, 1980
2026/08/28 21:09:58.317, 0, 120.46, 100, 0, 66164, 32, 1980
2026/08/28 21:09:58.318, 1, 121.81, 100, 0, 65782, 30, 1980
2026/08/28 21:09:58.318, 2, 118.95, 100, 0, 62822, 30, 1980
2026/08/28 21:09:58.318, 3, 118.11, 100, 0, 61418, 32, 1980
2026/08/28 21:10:03.318, 0, 120.41, 100, 0, 66164, 32, 1980
2026/08/28 21:10:03.318, 1, 121.75, 100, 0, 65782, 30, 1980
2026/08/28 21:10:03.318, 2, 118.96, 100, 0, 62822, 30, 1980
2026/08/28 21:10:03.318, 3, 118.14, 100, 0, 61418, 32, 1980
2026/08/28 21:10:08.318, 0, 120.49, 100, 0, 66164, 32, 1980
2026/08/28 21:10:08.319, 1, 121.74, 100, 0, 65782, 30, 1980
2026/08/28 21:10:08.319, 2, 119.01, 100, 0, 62822, 30, 1980
2026/08/28 21:10:08.319, 3, 118.19, 100, 0, 61418, 32, 1980
2026/08/28 21:10:13.319, 0, 120.48, 100, 0, 66164, 32, 1980
2026/08/28 21:10:13.319, 1, 121.77, 100, 0, 65782, 30, 1980
2026/08/28 21:10:13.319, 2, 118.90, 100, 0, 62822, 30, 1980
2026/08/28 21:10:13.319, 3, 118.15, 100, 0, 61418, 32, 1980
2026/08/28 21:10:18.320, 0, 120.49, 100, 0, 66164, 32, 1980
2026/08/28 21:10:18.320, 1, 121.73, 100, 0, 65782, 30, 1980
2026/08/28 21:10:18.320, 2, 118.88, 100, 0, 62822, 30, 1980
2026/08/28 21:10:18.320, 3, 118.18, 100, 0, 61418, 32, 1980
2026/08/28 21:10:23.320, 0, 120.46, 100, 0, 66164, 32, 1980
2026/08/28 21:10:23.320, 1, 121.70, 100, 0, 65782, 30, 1980
2026/08/28 21:10:23.320, 2, 118.86, 100, 0, 62822, 30, 1980
2026/08/28 21:10:23.320, 3, 118.09, 100, 0, 61418, 32, 1980
2026/08/28 21:10:28.321, 0, 120.44, 100, 0, 66164, 32, 1980
2026/08/28 21:10:28.321, 1, 121.64, 100, 0, 65782, 30, 1980
2026/08/28 21:10:28.321, 2, 118.86, 100, 0, 62822, 30, 1980
2026/08/28 21:10:28.321, 3, 118.06, 100, 0, 61418, 31, 1980
2026/08/28 21:10:33.321, 0, 120.42, 100, 0, 66164, 32, 1980
2026/08/28 21:10:33.321, 1, 121.62, 100, 0, 65782, 30, 1980
2026/08/28 21:10:33.321, 2, 118.79, 100, 0, 62822, 30, 1980
2026/08/28 21:10:33.321, 3, 118.05, 100, 0, 61418, 31, 1980
2026/08/28 21:10:38.322, 0, 120.38, 100, 0, 66164, 32, 1980
2026/08/28 21:10:38.322, 1, 121.65, 100, 0, 65782, 30, 1980
2026/08/28 21:10:38.322, 2, 119.02, 100, 0, 62822, 29, 1980
2026/08/28 21:10:38.322, 3, 118.07, 100, 0, 61418, 31, 1980
2026/08/28 21:10:43.322, 0, 120.39, 100, 0, 66164, 32, 1980
2026/08/28 21:10:43.322, 1, 121.57, 100, 0, 65782, 30, 1980
2026/08/28 21:10:43.322, 2, 118.83, 100, 0, 62822, 29, 1980
2026/08/28 21:10:43.322, 3, 118.01, 100, 0, 61418, 31, 1980
2026/08/28 21:10:48.323, 0, 120.36, 100, 0, 66164, 32, 1980
2026/08/28 21:10:48.323, 1, 121.56, 100, 0, 65782, 30, 1980
2026/08/28 21:10:48.323, 2, 118.70, 100, 0, 62822, 29, 1980
2026/08/28 21:10:48.323, 3, 118.00, 100, 0, 61418, 31, 1980
2026/08/28 21:10:53.323, 0, 120.38, 100, 0, 66164, 32, 1980
2026/08/28 21:10:53.323, 1, 121.53, 100, 0, 65782, 30, 1980
2026/08/28 21:10:53.323, 2, 118.67, 100, 0, 62822, 29, 1980
2026/08/28 21:10:53.324, 3, 117.91, 100, 0, 61418, 31, 1980
2026/08/28 21:10:58.324, 0, 120.34, 100, 0, 66164, 32, 1980
2026/08/28 21:10:58.324, 1, 121.54, 100, 0, 65782, 30, 1980
2026/08/28 21:10:58.324, 2, 118.65, 100, 0, 62822, 29, 1980
2026/08/28 21:10:58.324, 3, 117.97, 100, 0, 61418, 31, 1980
2026/08/28 21:11:03.324, 0, 120.34, 100, 0, 66164, 32, 1980
2026/08/28 21:11:03.324, 1, 121.50, 100, 0, 65782, 30, 1980
2026/08/28 21:11:03.325, 2, 118.63, 100, 0, 62822, 29, 1980
2026/08/28 21:11:03.325, 3, 117.98, 100, 0, 61418, 31, 1980
2026/08/28 21:11:08.325, 0, 120.31, 100, 0, 66164, 32, 1980
2026/08/28 21:11:08.325, 1, 121.46, 100, 0, 65782, 29, 1980
2026/08/28 21:11:08.325, 2, 118.57, 100, 0, 62822, 29, 1980
2026/08/28 21:11:08.325, 3, 117.94, 100, 0, 61418, 31, 1980
2026/08/28 21:11:13.325, 0, 120.31, 100, 0, 66164, 32, 1980
2026/08/28 21:11:13.326, 1, 121.45, 100, 0, 65782, 29, 1980
2026/08/28 21:11:13.326, 2, 118.75, 100, 0, 62822, 29, 1980
2026/08/28 21:11:13.326, 3, 117.95, 100, 0, 61418, 31, 1980
2026/08/28 21:11:18.326, 0, 120.30, 100, 0, 66164, 32, 1980
2026/08/28 21:11:18.326, 1, 121.52, 100, 0, 65782, 30, 1980
2026/08/28 21:11:18.326, 2, 118.62, 100, 0, 62822, 29, 1980
2026/08/28 21:11:18.326, 3, 117.91, 100, 0, 61418, 31, 1980
2026/08/28 21:11:23.327, 0, 120.29, 100, 0, 66164, 32, 1980
2026/08/28 21:11:23.327, 1, 121.56, 100, 0, 65782, 30, 1980
2026/08/28 21:11:23.327, 2, 118.63, 100, 0, 62822, 29, 1980
2026/08/28 21:11:23.327, 3, 117.86, 100, 0, 61418, 31, 1980
2026/08/28 21:11:28.327, 0, 120.28, 100, 0, 66164, 32, 1980
2026/08/28 21:11:28.327, 1, 121.50, 100, 0, 65782, 30, 1980
2026/08/28 21:11:28.327, 2, 118.61, 100, 0, 62822, 29, 1980
2026/08/28 21:11:28.327, 3, 117.88, 100, 0, 61418, 31, 1980
2026/08/28 21:11:33.328, 0, 120.29, 100, 0, 66164, 32, 1980
2026/08/28 21:11:33.328, 1, 121.52, 100, 0, 65782, 30, 1980
2026/08/28 21:11:33.328, 2, 118.89, 100, 0, 62822, 29, 1980
2026/08/28 21:11:33.328, 3, 117.89, 100, 0, 61418, 31, 1980
2026/08/28 21:11:38.328, 0, 120.33, 100, 0, 66164, 32, 1980
2026/08/28 21:11:38.328, 1, 121.48, 100, 0, 65782, 30, 1980
2026/08/28 21:11:38.328, 2, 118.63, 100, 0, 62822, 29, 1980
2026/08/28 21:11:38.328, 3, 117.88, 100, 0, 61418, 31, 1980
2026/08/28 21:11:43.329, 0, 120.29, 100, 0, 66164, 32, 1980
2026/08/28 21:11:43.329, 1, 121.55, 100, 0, 65782, 30, 1980
2026/08/28 21:11:43.329, 2, 118.72, 100, 0, 62822, 29, 1980
2026/08/28 21:11:43.329, 3, 117.89, 100, 0, 61418, 31, 1980
2026/08/28 21:11:48.329, 0, 120.34, 100, 0, 66164, 32, 1980
2026/08/28 21:11:48.329, 1, 121.47, 100, 0, 65782, 30, 1980
2026/08/28 21:11:48.329, 2, 118.70, 100, 0, 62822, 29, 1980
2026/08/28 21:11:48.329, 3, 117.84, 100, 0, 61418, 31, 1980
2026/08/28 21:11:53.330, 0, 120.26, 100, 0, 66164, 32, 1980
2026/08/28 21:11:53.330, 1, 121.51, 100, 0, 65782, 30, 1980
2026/08/28 21:11:53.330, 2, 118.71, 100, 0, 62822, 29, 1980
2026/08/28 21:11:53.330, 3, 117.83, 100, 0, 61418, 31, 1980
2026/08/28 21:11:58.330, 0, 120.24, 100, 0, 66164, 32, 1980
2026/08/28 21:11:58.330, 1, 121.53, 100, 0, 65782, 29, 1980
2026/08/28 21:11:58.331, 2, 118.59, 100, 0, 62822, 29, 1980
2026/08/28 21:11:58.331, 3, 117.86, 100, 0, 61418, 31, 1980
2026/08/28 21:12:03.331, 0, 120.28, 100, 0, 66164, 32, 1980
2026/08/28 21:12:03.331, 1, 121.47, 100, 0, 65782, 29, 1980
2026/08/28 21:12:03.331, 2, 118.57, 100, 0, 62822, 29, 1980
2026/08/28 21:12:03.331, 3, 117.85, 100, 0, 61418, 31, 1980
2026/08/28 21:12:08.331, 0, 120.22, 100, 0, 66164, 32, 1980
2026/08/28 21:12:08.331, 1, 121.44, 100, 0, 65782, 29, 1980
2026/08/28 21:12:08.331, 2, 118.79, 100, 0, 62822, 29, 1980
2026/08/28 21:12:08.332, 3, 117.83, 100, 0, 61418, 31, 1980
2026/08/28 21:12:13.332, 0, 120.31, 100, 0, 66164, 32, 1980
2026/08/28 21:12:13.332, 1, 121.46, 100, 0, 65782, 29, 1980
2026/08/28 21:12:13.332, 2, 118.73, 100, 0, 62822, 29, 1980
2026/08/28 21:12:13.332, 3, 117.82, 100, 0, 61418, 31, 1980
2026/08/28 21:12:18.332, 0, 120.20, 100, 0, 66164, 31, 1980
2026/08/28 21:12:18.333, 1, 121.43, 100, 0, 65782, 29, 1980
2026/08/28 21:12:18.333, 2, 118.54, 100, 0, 62822, 29, 1980
2026/08/28 21:12:18.333, 3, 117.77, 100, 0, 61418, 31, 1980
2026/08/28 21:12:23.333, 0, 120.27, 100, 0, 66164, 31, 1980
2026/08/28 21:12:23.333, 1, 121.42, 100, 0, 65782, 29, 1980
2026/08/28 21:12:23.333, 2, 118.50, 100, 0, 62822, 29, 1980
2026/08/28 21:12:23.333, 3, 117.78, 100, 0, 61418, 31, 1980
2026/08/28 21:12:28.334, 0, 120.23, 100, 0, 66164, 31, 1980
2026/08/28 21:12:28.334, 1, 121.40, 100, 0, 65782, 29, 1980
2026/08/28 21:12:28.334, 2, 118.62, 100, 0, 62822, 29, 1980
2026/08/28 21:12:28.334, 3, 117.81, 100, 0, 61418, 31, 1980
2026/08/28 21:12:33.334, 0, 120.17, 100, 0, 66164, 31, 1980
2026/08/28 21:12:33.334, 1, 121.39, 100, 0, 65782, 29, 1980
2026/08/28 21:12:33.334, 2, 118.59, 100, 0, 62822, 29, 1980
2026/08/28 21:12:33.334, 3, 117.71, 100, 0, 61418, 31, 1980
2026/08/28 21:12:38.335, 0, 120.17, 100, 0, 66164, 31, 1980
2026/08/28 21:12:38.335, 1, 121.39, 100, 0, 65782, 29, 1980
2026/08/28 21:12:38.335, 2, 118.46, 100, 0, 62822, 29, 1980
2026/08/28 21:12:38.335, 3, 117.74, 100, 0, 61418, 31, 1980
2026/08/28 21:12:43.335, 0, 120.19, 100, 0, 66164, 31, 1980
2026/08/28 21:12:43.335, 1, 121.39, 100, 0, 65782, 29, 1980
2026/08/28 21:12:43.335, 2, 118.48, 100, 0, 62822, 29, 1980
2026/08/28 21:12:43.335, 3, 117.72, 100, 0, 61418, 31, 1980
2026/08/28 21:12:48.336, 0, 120.19, 100, 0, 66164, 31, 1980
2026/08/28 21:12:48.336, 1, 121.39, 100, 0, 65782, 29, 1980
2026/08/28 21:12:48.336, 2, 118.43, 100, 0, 62822, 29, 1980
2026/08/28 21:12:48.336, 3, 117.73, 100, 0, 61418, 31, 1980
2026/08/28 21:12:53.336, 0, 120.18, 100, 0, 66164, 31, 1980
2026/08/28 21:12:53.336, 1, 121.35, 100, 0, 65782, 29, 1980
2026/08/28 21:12:53.336, 2, 118.45, 100, 0, 62822, 29, 1980
2026/08/28 21:12:53.336, 3, 117.74, 100, 0, 61418, 31, 1980
2026/08/28 21:12:58.337, 0, 120.12, 100, 0, 66164, 31, 1980
2026/08/28 21:12:58.337, 1, 121.30, 100, 0, 65782, 29, 1980
2026/08/28 21:12:58.337, 2, 118.50, 100, 0, 62822, 29, 1980
2026/08/28 21:12:58.337, 3, 117.65, 100, 0, 61418, 31, 1980
2026/08/28 21:13:03.337, 0, 120.17, 100, 0, 66164, 31, 1980
2026/08/28 21:13:03.337, 1, 121.35, 100, 0, 65782, 29, 1980
2026/08/28 21:13:03.337, 2, 118.46, 100, 0, 62822, 29, 1980
2026/08/28 21:13:03.338, 3, 117.68, 100, 0, 61418, 31, 1980
2026/08/28 21:13:08.338, 0, 120.17, 100, 0, 66164, 31, 1980
2026/08/28 21:13:08.338, 1, 120.67, 100, 0, 65782, 29, 1980
2026/08/28 21:13:08.338, 2, 118.43, 100, 0, 62822, 29, 1980
2026/08/28 21:13:08.338, 3, 117.64, 100, 0, 61418, 31, 1980
2026/08/28 21:13:13.338, 0, 120.18, 100, 0, 66164, 31, 1980
2026/08/28 21:13:13.339, 1, 121.37, 100, 0, 65782, 29, 1980
2026/08/28 21:13:13.339, 2, 118.47, 100, 0, 62822, 29, 1980
2026/08/28 21:13:13.339, 3, 117.66, 100, 0, 61418, 31, 1980
2026/08/28 21:13:18.339, 0, 120.13, 100, 0, 66164, 31, 1980
2026/08/28 21:13:18.339, 1, 121.33, 100, 0, 65782, 29, 1980
2026/08/28 21:13:18.339, 2, 118.44, 100, 0, 62822, 29, 1980
2026/08/28 21:13:18.339, 3, 117.69, 100, 0, 61418, 31, 1980
2026/08/28 21:13:23.339, 0, 120.11, 100, 0, 66164, 31, 1980
2026/08/28 21:13:23.340, 1, 121.38, 100, 0, 65782, 29, 1980
2026/08/28 21:13:23.340, 2, 118.44, 100, 0, 62822, 29, 1980
2026/08/28 21:13:23.340, 3, 117.61, 100, 0, 61418, 31, 1980
2026/08/28 21:13:28.340, 0, 120.16, 100, 0, 66164, 31, 1980
2026/08/28 21:13:28.340, 1, 121.33, 100, 0, 65782, 29, 1980
2026/08/28 21:13:28.340, 2, 118.43, 100, 0, 62822, 29, 1980
2026/08/28 21:13:28.340, 3, 117.67, 100, 0, 61418, 31, 1980
2026/08/28 21:13:33.341, 0, 120.13, 100, 0, 66164, 31, 1980
2026/08/28 21:13:33.341, 1, 121.37, 100, 0, 65782, 29, 1980
2026/08/28 21:13:33.341, 2, 118.42, 100, 0, 62822, 29, 1980
2026/08/28 21:13:33.341, 3, 117.68, 100, 0, 61418, 31, 1980
2026/08/28 21:13:38.341, 0, 120.14, 100, 0, 66164, 31, 1980
2026/08/28 21:13:38.341, 1, 121.32, 100, 0, 65782, 29, 1980
2026/08/28 21:13:38.341, 2, 118.47, 100, 0, 62822, 29, 1980
2026/08/28 21:13:38.341, 3, 117.65, 100, 0, 61418, 31, 1980
2026/08/28 21:13:43.342, 0, 120.14, 100, 0, 66164, 31, 1980
2026/08/28 21:13:43.342, 1, 121.31, 100, 0, 65782, 29, 1980
2026/08/28 21:13:43.342, 2, 118.46, 100, 0, 62822, 29, 1980
2026/08/28 21:13:43.342, 3, 117.66, 100, 0, 61418, 31, 1980
2026/08/28 21:13:48.342, 0, 120.12, 100, 0, 66164, 31, 1980
2026/08/28 21:13:48.342, 1, 121.37, 100, 0, 65782, 29, 1980
2026/08/28 21:13:48.342, 2, 118.46, 100, 0, 62822, 29, 1980
2026/08/28 21:13:48.342, 3, 117.68, 100, 0, 61418, 31, 1980
2026/08/28 21:13:53.343, 0, 120.14, 100, 0, 66164, 31, 1980
2026/08/28 21:13:53.343, 1, 121.40, 100, 0, 65782, 29, 1980
2026/08/28 21:13:53.343, 2, 118.49, 100, 0, 62822, 29, 1980
2026/08/28 21:13:53.343, 3, 117.64, 100, 0, 61418, 31, 1980
2026/08/28 21:13:58.343, 0, 120.09, 100, 0, 66164, 31, 1980
2026/08/28 21:13:58.343, 1, 121.33, 100, 0, 65782, 29, 1980
2026/08/28 21:13:58.343, 2, 118.49, 100, 0, 62822, 29, 1980
2026/08/28 21:13:58.343, 3, 117.68, 100, 0, 61418, 31, 1980
2026/08/28 21:14:03.344, 0, 120.08, 100, 0, 66164, 31, 1980
2026/08/28 21:14:03.344, 1, 121.34, 100, 0, 65782, 29, 1980
2026/08/28 21:14:03.344, 2, 118.46, 100, 0, 62822, 29, 1980
2026/08/28 21:14:03.344, 3, 117.67, 100, 0, 61418, 31, 1980
2026/08/28 21:14:08.344, 0, 120.08, 100, 0, 66164, 31, 1980
2026/08/28 21:14:08.344, 1, 121.37, 100, 0, 65782, 29, 1980
2026/08/28 21:14:08.344, 2, 118.46, 100, 0, 62822, 29, 1980
2026/08/28 21:14:08.345, 3, 117.66, 100, 0, 61418, 31, 1980
2026/08/28 21:14:13.345, 0, 120.10, 100, 0, 66164, 31, 1980
2026/08/28 21:14:13.345, 1, 121.34, 100, 0, 65782, 29, 1980
2026/08/28 21:14:13.345, 2, 118.49, 100, 0, 62822, 29, 1980
2026/08/28 21:14:13.345, 3, 117.69, 100, 0, 61418, 31, 1980
2026/08/28 21:14:18.345, 0, 120.15, 100, 0, 66164, 31, 1980
2026/08/28 21:14:18.345, 1, 121.33, 100, 0, 65782, 29, 1980
2026/08/28 21:14:18.345, 2, 118.43, 100, 0, 62822, 29, 1980
2026/08/28 21:14:18.346, 3, 117.66, 100, 0, 61418, 31, 1980
2026/08/28 21:14:23.346, 0, 120.07, 100, 0, 66164, 31, 1980
2026/08/28 21:14:23.346, 1, 121.32, 100, 0, 65782, 29, 1980
2026/08/28 21:14:23.346, 2, 118.46, 100, 0, 62822, 29, 1980
2026/08/28 21:14:23.346, 3, 117.70, 100, 0, 61418, 31, 1980
2026/08/28 21:14:28.346, 0, 120.10, 100, 0, 66164, 31, 1980
2026/08/28 21:14:28.346, 1, 121.37, 100, 0, 65782, 29, 1980
2026/08/28 21:14:28.346, 2, 118.63, 100, 0, 62822, 29, 1980
2026/08/28 21:14:28.347, 3, 117.66, 100, 0, 61418, 31, 1980
2026/08/28 21:14:33.347, 0, 120.12, 100, 0, 66164, 31, 1980
2026/08/28 21:14:33.347, 1, 121.38, 100, 0, 65782, 29, 1980
2026/08/28 21:14:33.347, 2, 118.49, 100, 0, 62822, 29, 1980
2026/08/28 21:14:33.347, 3, 117.70, 100, 0, 61418, 31, 1980
2026/08/28 21:14:38.347, 0, 120.14, 100, 0, 66164, 31, 1980
2026/08/28 21:14:38.348, 1, 121.39, 100, 0, 65782, 29, 1980
2026/08/28 21:14:38.348, 2, 118.49, 100, 0, 62822, 29, 1980
2026/08/28 21:14:38.348, 3, 117.72, 100, 0, 61418, 31, 1980
2026/08/28 21:14:43.348, 0, 120.13, 100, 0, 66164, 31, 1980
2026/08/28 21:14:43.348, 1, 121.35, 100, 0, 65782, 29, 1980
2026/08/28 21:14:43.348, 2, 118.62, 100, 0, 62822, 29, 1980
2026/08/28 21:14:43.348, 3, 117.66, 100, 0, 61418, 31, 1980
2026/08/28 21:14:48.349, 0, 120.14, 100, 0, 66164, 31, 1980
2026/08/28 21:14:48.349, 1, 121.29, 100, 0, 65782, 29, 1980
2026/08/28 21:14:48.349, 2, 118.46, 100, 0, 62822, 29, 1980
2026/08/28 21:14:48.349, 3, 117.73, 100, 0, 61418, 31, 1980
2026/08/28 21:14:53.349, 0, 120.10, 100, 0, 66164, 31, 1980
2026/08/28 21:14:53.349, 1, 121.40, 100, 0, 65782, 29, 1980
2026/08/28 21:14:53.349, 2, 118.51, 100, 0, 62822, 29, 1980
2026/08/28 21:14:53.349, 3, 117.69, 100, 0, 61418, 31, 1980
2026/08/28 21:14:58.350, 0, 120.17, 100, 0, 66164, 31, 1980
2026/08/28 21:14:58.350, 1, 121.35, 100, 0, 65782, 29, 1980
2026/08/28 21:14:58.350, 2, 118.48, 100, 0, 62822, 29, 1980
2026/08/28 21:14:58.350, 3, 117.70, 100, 0, 61418, 31, 1980
2026/08/28 21:15:03.350, 0, 120.07, 100, 0, 66164, 31, 1980
2026/08/28 21:15:03.350, 1, 121.38, 100, 0, 65782, 29, 1980
2026/08/28 21:15:03.350, 2, 118.51, 100, 0, 62822, 29, 1980
2026/08/28 21:15:03.350, 3, 117.70, 100, 0, 61418, 31, 1980
2026/08/28 21:15:08.351, 0, 120.08, 100, 0, 66164, 31, 1980
2026/08/28 21:15:08.351, 1, 121.35, 100, 0, 65782, 29, 1980
2026/08/28 21:15:08.351, 2, 118.54, 100, 0, 62822, 29, 1980
2026/08/28 21:15:08.351, 3, 117.71, 100, 0, 61418, 31, 1980
2026/08/28 21:15:13.351, 0, 120.08, 100, 0, 66164, 31, 1980
2026/08/28 21:15:13.351, 1, 121.34, 100, 0, 65782, 29, 1980
2026/08/28 21:15:13.351, 2, 118.48, 100, 0, 62822, 29, 1980
2026/08/28 21:15:13.351, 3, 117.72, 100, 0, 61418, 31, 1980
2026/08/28 21:15:18.352, 0, 120.11, 100, 0, 66164, 31, 1980
2026/08/28 21:15:18.352, 1, 121.35, 100, 0, 65782, 29, 1980
2026/08/28 21:15:18.352, 2, 118.58, 100, 0, 62822, 29, 1980
2026/08/28 21:15:18.352, 3, 117.68, 100, 0, 61418, 31, 1980
2026/08/28 21:15:23.352, 0, 120.14, 100, 0, 66164, 31, 1980
2026/08/28 21:15:23.352, 1, 120.71, 100, 0, 65782, 29, 1980
2026/08/28 21:15:23.352, 2, 118.46, 100, 0, 62822, 29, 1980
2026/08/28 21:15:23.353, 3, 117.74, 100, 0, 61418, 31, 1980
2026/08/28 21:15:28.353, 0, 120.13, 100, 0, 66164, 31, 1980
2026/08/28 21:15:28.353, 1, 120.71, 100, 0, 65782, 29, 1980
2026/08/28 21:15:28.353, 2, 118.53, 100, 0, 62822, 29, 1980
2026/08/28 21:15:28.353, 3, 117.72, 100, 0, 61418, 31, 1980
2026/08/28 21:15:33.353, 0, 120.16, 100, 0, 66164, 31, 1980
2026/08/28 21:15:33.353, 1, 120.72, 100, 0, 65782, 29, 1980
2026/08/28 21:15:33.354, 2, 118.49, 100, 0, 62822, 29, 1980
2026/08/28 21:15:33.354, 3, 117.73, 100, 0, 61418, 31, 1980
2026/08/28 21:15:38.354, 0, 120.14, 100, 0, 66164, 31, 1980
2026/08/28 21:15:38.354, 1, 121.31, 100, 0, 65782, 29, 1980
2026/08/28 21:15:38.354, 2, 118.49, 100, 0, 62822, 29, 1980
2026/08/28 21:15:38.354, 3, 117.70, 100, 0, 61418, 31, 1980
2026/08/28 21:15:43.354, 0, 120.09, 100, 0, 66164, 31, 1980
2026/08/28 21:15:43.355, 1, 121.39, 100, 0, 65782, 29, 1980
2026/08/28 21:15:43.355, 2, 118.49, 100, 0, 62822, 29, 1980
2026/08/28 21:15:43.355, 3, 117.72, 100, 0, 61418, 31, 1980
2026/08/28 21:15:48.355, 0, 120.11, 100, 0, 66164, 31, 1980
2026/08/28 21:15:48.355, 1, 121.34, 100, 0, 65782, 29, 1980
2026/08/28 21:15:48.355, 2, 118.44, 100, 0, 62822, 29, 1980
2026/08/28 21:15:48.355, 3, 117.66, 100, 0, 61418, 31, 1980
2026/08/28 21:15:53.355, 0, 120.07, 100, 0, 66164, 31, 1980
2026/08/28 21:15:53.356, 1, 121.34, 100, 0, 65782, 29, 1980
2026/08/28 21:15:53.356, 2, 118.47, 100, 0, 62822, 29, 1980
2026/08/28 21:15:53.356, 3, 117.66, 100, 0, 61418, 31, 1980
2026/08/28 21:15:58.356, 0, 120.13, 100, 0, 66164, 31, 1980
2026/08/28 21:15:58.356, 1, 121.31, 100, 0, 65782, 29, 1980
2026/08/28 21:15:58.356, 2, 118.48, 100, 0, 62822, 29, 1980
2026/08/28 21:15:58.356, 3, 117.68, 100, 0, 61418, 31, 1980
2026/08/28 21:16:03.356, 0, 120.06, 100, 0, 66164, 31, 1980
2026/08/28 21:16:03.357, 1, 121.30, 100, 0, 65782, 29, 1980
2026/08/28 21:16:03.357, 2, 118.46, 100, 0, 62822, 29, 1980
2026/08/28 21:16:03.357, 3, 117.66, 100, 0, 61418, 31, 1980
2026/08/28 21:16:08.357, 0, 120.11, 100, 0, 66164, 31, 1980
2026/08/28 21:16:08.357, 1, 121.30, 100, 0, 65782, 29, 1980
2026/08/28 21:16:08.357, 2, 118.46, 100, 0, 62822, 29, 1980
2026/08/28 21:16:08.357, 3, 117.70, 100, 0, 61418, 31, 1980
2026/08/28 21:16:13.358, 0, 120.07, 100, 0, 66164, 31, 1980
2026/08/28 21:16:13.358, 1, 121.32, 100, 0, 65782, 29, 1980
2026/08/28 21:16:13.358, 2, 118.44, 100, 0, 62822, 29, 1980
2026/08/28 21:16:13.358, 3, 117.62, 100, 0, 61418, 31, 1980
2026/08/28 21:16:18.358, 0, 120.09, 100, 0, 66164, 31, 1980
2026/08/28 21:16:18.358, 1, 121.27, 100, 0, 65782, 29, 1980
2026/08/28 21:16:18.358, 2, 118.40, 100, 0, 62822, 29, 1980
2026/08/28 21:16:18.358, 3, 117.67, 100, 0, 61418, 31, 1980
2026/08/28 21:16:23.359, 0, 120.01, 100, 0, 66164, 31, 1980
2026/08/28 21:16:23.359, 1, 121.22, 100, 0, 65782, 29, 1980
2026/08/28 21:16:23.359, 2, 118.46, 100, 0, 62822, 29, 1980
2026/08/28 21:16:23.359, 3, 117.66, 100, 0, 61418, 31, 1980
2026/08/28 21:16:28.359, 0, 120.03, 100, 0, 66164, 31, 1980
2026/08/28 21:16:28.359, 1, 121.33, 100, 0, 65782, 29, 1980
2026/08/28 21:16:28.359, 2, 118.57, 100, 0, 62822, 29, 1980
2026/08/28 21:16:28.359, 3, 117.57, 100, 0, 61418, 31, 1980
2026/08/28 21:16:33.360, 0, 120.12, 100, 0, 66164, 31, 1980
2026/08/28 21:16:33.360, 1, 121.32, 100, 0, 65782, 29, 1980
2026/08/28 21:16:33.360, 2, 118.40, 100, 0, 62822, 29, 1980
2026/08/28 21:16:33.360, 3, 117.61, 100, 0, 61418, 31, 1980
2026/08/28 21:16:38.360, 0, 120.10, 100, 0, 66164, 31, 1980
2026/08/28 21:16:38.360, 1, 121.30, 100, 0, 65782, 29, 1980
2026/08/28 21:16:38.360, 2, 118.41, 100, 0, 62822, 29, 1980
2026/08/28 21:16:38.360, 3, 117.67, 100, 0, 61418, 31, 1980
2026/08/28 21:16:43.361, 0, 120.08, 100, 0, 66164, 31, 1980
2026/08/28 21:16:43.361, 1, 121.33, 100, 0, 65782, 29, 1980
2026/08/28 21:16:43.361, 2, 118.39, 100, 0, 62822, 29, 1980
2026/08/28 21:16:43.361, 3, 117.58, 100, 0, 61418, 31, 1980
2026/08/28 21:16:48.361, 0, 120.05, 100, 0, 66164, 31, 1980
2026/08/28 21:16:48.361, 1, 121.32, 100, 0, 65782, 29, 1980
2026/08/28 21:16:48.361, 2, 118.41, 100, 0, 62822, 29, 1980
2026/08/28 21:16:48.361, 3, 117.63, 100, 0, 61418, 31, 1980
2026/08/28 21:16:53.362, 0, 120.07, 100, 0, 66164, 31, 1980
2026/08/28 21:16:53.362, 1, 121.35, 100, 0, 65782, 29, 1980
2026/08/28 21:16:53.362, 2, 118.45, 100, 0, 62822, 29, 1980
2026/08/28 21:16:53.362, 3, 117.61, 100, 0, 61418, 31, 1980
2026/08/28 21:16:58.362, 0, 120.10, 100, 0, 66164, 31, 1980
2026/08/28 21:16:58.362, 1, 121.29, 100, 0, 65782, 29, 1980
2026/08/28 21:16:58.362, 2, 118.44, 100, 0, 62822, 29, 1980
2026/08/28 21:16:58.362, 3, 117.60, 100, 0, 61418, 30, 1980
2026/08/28 21:17:03.363, 0, 120.08, 100, 0, 66164, 31, 1980
2026/08/28 21:17:03.363, 1, 121.32, 100, 0, 65782, 29, 1980
2026/08/28 21:17:03.363, 2, 118.40, 100, 0, 62822, 29, 1980
2026/08/28 21:17:03.363, 3, 117.63, 100, 0, 61418, 30, 1980
2026/08/28 21:17:08.363, 0, 120.08, 100, 0, 66164, 31, 1980
2026/08/28 21:17:08.363, 1, 121.31, 100, 0, 65782, 29, 1980
2026/08/28 21:17:08.363, 2, 118.37, 100, 0, 62822, 29, 1980
2026/08/28 21:17:08.363, 3, 117.59, 100, 0, 61418, 30, 1980
2026/08/28 21:17:13.364, 0, 120.07, 100, 0, 66164, 31, 1980
2026/08/28 21:17:13.364, 1, 121.31, 100, 0, 65782, 29, 1980
2026/08/28 21:17:13.364, 2, 118.39, 100, 0, 62822, 29, 1980
2026/08/28 21:17:13.364, 3, 117.60, 100, 0, 61418, 30, 1980
2026/08/28 21:17:18.364, 0, 120.09, 100, 0, 66164, 31, 1980
2026/08/28 21:17:18.364, 1, 121.26, 100, 0, 65782, 29, 1980
2026/08/28 21:17:18.364, 2, 118.36, 100, 0, 62822, 29, 1980
2026/08/28 21:17:18.364, 3, 117.60, 100, 0, 61418, 30, 1980
2026/08/28 21:17:23.365, 0, 120.10, 100, 0, 66164, 31, 1980
2026/08/28 21:17:23.365, 1, 121.26, 100, 0, 65782, 29, 1980
2026/08/28 21:17:23.365, 2, 118.37, 100, 0, 62822, 29, 1980
2026/08/28 21:17:23.365, 3, 117.60, 100, 0, 61418, 30, 1980
2026/08/28 21:17:28.365, 0, 120.08, 100, 0, 66164, 31, 1980
2026/08/28 21:17:28.365, 1, 121.29, 100, 0, 65782, 29, 1980
2026/08/28 21:17:28.365, 2, 118.38, 100, 0, 62822, 29, 1980
2026/08/28 21:17:28.365, 3, 117.59, 100, 0, 61418, 30, 1980
2026/08/28 21:17:33.366, 0, 120.05, 100, 0, 66164, 31, 1980
2026/08/28 21:17:33.366, 1, 121.32, 100, 0, 65782, 29, 1980
2026/08/28 21:17:33.366, 2, 118.41, 100, 0, 62822, 29, 1980
2026/08/28 21:17:33.366, 3, 117.60, 100, 0, 61418, 30, 1980
2026/08/28 21:17:38.366, 0, 120.08, 100, 0, 66164, 31, 1980
2026/08/28 21:17:38.366, 1, 121.33, 100, 0, 65782, 29, 1980
2026/08/28 21:17:38.367, 2, 118.36, 100, 0, 62822, 29, 1980
2026/08/28 21:17:38.367, 3, 117.61, 100, 0, 61418, 30, 1980
2026/08/28 21:17:43.367, 0, 120.08, 100, 0, 66164, 31, 1980
2026/08/28 21:17:43.367, 1, 121.31, 100, 0, 65782, 29, 1980
2026/08/28 21:17:43.367, 2, 118.40, 100, 0, 62822, 29, 1980
2026/08/28 21:17:43.367, 3, 117.61, 100, 0, 61418, 30, 1980
2026/08/28 21:17:48.367, 0, 120.05, 100, 0, 66164, 31, 1980
2026/08/28 21:17:48.367, 1, 121.32, 100, 0, 65782, 29, 1980
2026/08/28 21:17:48.367, 2, 118.41, 100, 0, 62822, 29, 1980
2026/08/28 21:17:48.368, 3, 117.59, 100, 0, 61418, 30, 1980
2026/08/28 21:17:53.368, 0, 120.08, 100, 0, 66164, 31, 1980
2026/08/28 21:17:53.368, 1, 121.30, 100, 0, 65782, 29, 1980
2026/08/28 21:17:53.368, 2, 118.41, 100, 0, 62822, 29, 1980
2026/08/28 21:17:53.368, 3, 117.62, 100, 0, 61418, 30, 1980
2026/08/28 21:17:58.368, 0, 120.02, 100, 0, 66164, 31, 1980
2026/08/28 21:17:58.368, 1, 121.30, 100, 0, 65782, 29, 1980
2026/08/28 21:17:58.369, 2, 118.49, 100, 0, 62822, 29, 1980
2026/08/28 21:17:58.369, 3, 117.54, 100, 0, 61418, 30, 1980
2026/08/28 21:18:03.369, 0, 120.01, 100, 0, 66164, 31, 1980
2026/08/28 21:18:03.369, 1, 121.31, 100, 0, 65782, 29, 1980
2026/08/28 21:18:03.369, 2, 118.42, 100, 0, 62822, 29, 1980
2026/08/28 21:18:03.369, 3, 117.61, 100, 0, 61418, 30, 1980
2026/08/28 21:18:08.369, 0, 120.09, 100, 0, 66164, 31, 1980
2026/08/28 21:18:08.369, 1, 121.31, 100, 0, 65782, 29, 1980
2026/08/28 21:18:08.370, 2, 118.41, 100, 0, 62822, 29, 1980
2026/08/28 21:18:08.370, 3, 117.58, 100, 0, 61418, 30, 1980
2026/08/28 21:18:13.370, 0, 120.07, 100, 0, 66164, 31, 1980
2026/08/28 21:18:13.370, 1, 121.30, 100, 0, 65782, 29, 1980
2026/08/28 21:18:13.370, 2, 118.42, 100, 0, 62822, 29, 1980
2026/08/28 21:18:13.370, 3, 117.64, 100, 0, 61418, 30, 1980
2026/08/28 21:18:18.370, 0, 120.10, 100, 0, 66164, 31, 1980
2026/08/28 21:18:18.370, 1, 121.26, 100, 0, 65782, 29, 1980
2026/08/28 21:18:18.370, 2, 118.40, 100, 0, 62822, 29, 1980
2026/08/28 21:18:18.370, 3, 117.57, 100, 0, 61418, 30, 1980
2026/08/28 21:18:23.371, 0, 120.10, 100, 0, 66164, 31, 1980
2026/08/28 21:18:23.371, 1, 121.29, 100, 0, 65782, 29, 1980
2026/08/28 21:18:23.371, 2, 118.42, 100, 0, 62822, 29, 1980
2026/08/28 21:18:23.371, 3, 117.58, 100, 0, 61418, 30, 1980
2026/08/28 21:18:28.371, 0, 120.10, 100, 0, 66164, 31, 1980
2026/08/28 21:18:28.372, 1, 121.30, 100, 0, 65782, 29, 1980
2026/08/28 21:18:28.372, 2, 118.42, 100, 0, 62822, 29, 1980
2026/08/28 21:18:28.372, 3, 117.63, 100, 0, 61418, 30, 1980
2026/08/28 21:18:33.372, 0, 120.08, 100, 0, 66164, 31, 1980
2026/08/28 21:18:33.372, 1, 121.28, 100, 0, 65782, 29, 1980
2026/08/28 21:18:33.372, 2, 118.50, 100, 0, 62822, 29, 1980
2026/08/28 21:18:33.372, 3, 117.57, 100, 0, 61418, 30, 1980
2026/08/28 21:18:38.372, 0, 120.06, 100, 0, 66164, 31, 1980
2026/08/28 21:18:38.373, 1, 121.27, 100, 0, 65782, 29, 1980
2026/08/28 21:18:38.373, 2, 118.39, 100, 0, 62822, 29, 1980
2026/08/28 21:18:38.373, 3, 117.55, 100, 0, 61418, 30, 1980
2026/08/28 21:18:43.373, 0, 120.05, 100, 0, 66164, 31, 1980
2026/08/28 21:18:43.373, 1, 121.32, 100, 0, 65782, 29, 1980
2026/08/28 21:18:43.373, 2, 118.36, 100, 0, 62822, 29, 1980
2026/08/28 21:18:43.373, 3, 117.60, 100, 0, 61418, 30, 1980
2026/08/28 21:18:48.373, 0, 120.09, 100, 0, 66164, 31, 1980
2026/08/28 21:18:48.374, 1, 121.22, 100, 0, 65782, 29, 1980
2026/08/28 21:18:48.374, 2, 118.38, 100, 0, 62822, 29, 1980
2026/08/28 21:18:48.374, 3, 117.58, 100, 0, 61418, 30, 1980
2026/08/28 21:18:53.374, 0, 120.05, 100, 0, 66164, 31, 1980
2026/08/28 21:18:53.374, 1, 121.22, 100, 0, 65782, 29, 1980
2026/08/28 21:18:53.374, 2, 118.29, 100, 0, 62822, 29, 1980
2026/08/28 21:18:53.374, 3, 117.58, 100, 0, 61418, 30, 1980
2026/08/28 21:18:58.374, 0, 120.04, 100, 0, 66164, 31, 1980
2026/08/28 21:18:58.375, 1, 121.23, 100, 0, 65782, 29, 1980
2026/08/28 21:18:58.375, 2, 118.32, 100, 0, 62822, 29, 1980
2026/08/28 21:18:58.375, 3, 117.53, 100, 0, 61418, 30, 1980
2026/08/28 21:19:03.375, 0, 120.05, 100, 0, 66164, 31, 1980
2026/08/28 21:19:03.375, 1, 121.19, 100, 0, 65782, 29, 1980
2026/08/28 21:19:03.375, 2, 118.43, 100, 0, 62822, 29, 1980
2026/08/28 21:19:03.375, 3, 117.50, 100, 0, 61418, 30, 1980
2026/08/28 21:19:08.375, 0, 120.01, 100, 0, 66164, 31, 1980
2026/08/28 21:19:08.376, 1, 121.15, 100, 0, 65782, 29, 1980
2026/08/28 21:19:08.376, 2, 118.24, 100, 0, 62822, 28, 1980
2026/08/28 21:19:08.376, 3, 117.50, 100, 0, 61418, 30, 1980
2026/08/28 21:19:13.376, 0, 120.00, 100, 0, 66164, 31, 1980
2026/08/28 21:19:13.376, 1, 121.11, 100, 0, 65782, 29, 1980
2026/08/28 21:19:13.376, 2, 118.25, 100, 0, 62822, 28, 1980
2026/08/28 21:19:13.376, 3, 117.46, 100, 0, 61418, 30, 1980
2026/08/28 21:19:18.376, 0, 120.01, 100, 0, 66164, 31, 1980
2026/08/28 21:19:18.376, 1, 121.13, 100, 0, 65782, 29, 1980
2026/08/28 21:19:18.377, 2, 118.24, 100, 0, 62822, 28, 1980
2026/08/28 21:19:18.377, 3, 117.47, 100, 0, 61418, 30, 1980
2026/08/28 21:19:23.377, 0, 120.01, 100, 0, 66164, 31, 1980
2026/08/28 21:19:23.377, 1, 121.09, 100, 0, 65782, 29, 1980
2026/08/28 21:19:23.377, 2, 118.23, 100, 0, 62822, 28, 1980
2026/08/28 21:19:23.377, 3, 117.42, 100, 0, 61418, 30, 1980
2026/08/28 21:19:28.377, 0, 119.98, 100, 0, 66164, 31, 1980
2026/08/28 21:19:28.377, 1, 121.04, 100, 0, 65782, 29, 1980
2026/08/28 21:19:28.377, 2, 118.53, 100, 0, 62822, 28, 1980
2026/08/28 21:19:28.378, 3, 117.44, 100, 0, 61418, 30, 1980
2026/08/28 21:19:33.378, 0, 119.94, 100, 0, 66164, 31, 1980
2026/08/28 21:19:33.378, 1, 121.02, 100, 0, 65782, 29, 1980
2026/08/28 21:19:33.378, 2, 118.43, 100, 0, 62822, 28, 1980
2026/08/28 21:19:33.378, 3, 117.39, 100, 0, 61418, 30, 1980
2026/08/28 21:19:38.378, 0, 119.88, 100, 0, 66164, 31, 1980
2026/08/28 21:19:38.378, 1, 121.03, 100, 0, 65782, 29, 1980
2026/08/28 21:19:38.378, 2, 118.38, 100, 0, 62822, 28, 1980
2026/08/28 21:19:38.378, 3, 117.41, 100, 0, 61418, 30, 1980
2026/08/28 21:19:43.379, 0, 119.92, 100, 0, 66164, 31, 1980
2026/08/28 21:19:43.379, 1, 120.98, 100, 0, 65782, 29, 1980
2026/08/28 21:19:43.379, 2, 118.39, 100, 0, 62822, 28, 1980
2026/08/28 21:19:43.379, 3, 117.41, 100, 0, 61418, 30, 1980
2026/08/28 21:19:48.379, 0, 119.86, 100, 0, 66164, 31, 1980
2026/08/28 21:19:48.379, 1, 120.97, 100, 0, 65782, 29, 1980
2026/08/28 21:19:48.379, 2, 118.51, 100, 0, 62822, 28, 1980
2026/08/28 21:19:48.380, 3, 117.32, 100, 0, 61418, 30, 1980
2026/08/28 21:19:53.380, 0, 119.89, 100, 0, 66164, 31, 1980
2026/08/28 21:19:53.380, 1, 120.96, 100, 0, 65782, 29, 1980
2026/08/28 21:19:53.380, 2, 118.42, 100, 0, 62822, 28, 1980
2026/08/28 21:19:53.380, 3, 117.30, 100, 0, 61418, 30, 1980
2026/08/28 21:19:58.380, 0, 119.90, 100, 0, 66164, 31, 1980
2026/08/28 21:19:58.380, 1, 121.02, 100, 0, 65782, 29, 1980
2026/08/28 21:19:58.381, 2, 118.46, 100, 0, 62822, 28, 1980
2026/08/28 21:19:58.381, 3, 117.32, 100, 0, 61418, 30, 1980
2026/08/28 21:20:03.381, 0, 119.86, 100, 0, 66164, 31, 1980
2026/08/28 21:20:03.381, 1, 120.96, 100, 0, 65782, 29, 1980
2026/08/28 21:20:03.381, 2, 118.37, 100, 0, 62822, 28, 1980
2026/08/28 21:20:03.381, 3, 117.31, 100, 0, 61418, 30, 1980
2026/08/28 21:20:08.381, 0, 119.89, 100, 0, 66164, 31, 1980
2026/08/28 21:20:08.381, 1, 120.95, 100, 0, 65782, 28, 1980
2026/08/28 21:20:08.381, 2, 118.37, 100, 0, 62822, 28, 1980
2026/08/28 21:20:08.381, 3, 117.30, 100, 0, 61418, 30, 1980
2026/08/28 21:20:13.382, 0, 119.82, 100, 0, 66164, 31, 1980
2026/08/28 21:20:13.382, 1, 120.87, 100, 0, 65782, 28, 1980
2026/08/28 21:20:13.382, 2, 118.41, 100, 0, 62822, 28, 1980
2026/08/28 21:20:13.382, 3, 117.23, 100, 0, 61418, 30, 1980
2026/08/28 21:20:18.382, 0, 119.80, 100, 0, 66164, 31, 1980
2026/08/28 21:20:18.382, 1, 120.91, 100, 0, 65782, 28, 1980
2026/08/28 21:20:18.382, 2, 118.07, 100, 0, 62822, 28, 1980
2026/08/28 21:20:18.383, 3, 117.26, 100, 0, 61418, 30, 1980
2026/08/28 21:20:23.383, 0, 119.80, 100, 0, 66164, 31, 1980
2026/08/28 21:20:23.383, 1, 120.86, 100, 0, 65782, 28, 1980
2026/08/28 21:20:23.383, 2, 118.26, 100, 0, 62822, 28, 1980
2026/08/28 21:20:23.383, 3, 117.27, 100, 0, 61418, 30, 1980
2026/08/28 21:20:28.384, 0, 119.81, 100, 0, 66164, 31, 1980
2026/08/28 21:20:28.384, 1, 120.90, 100, 0, 65782, 28, 1980
2026/08/28 21:20:28.384, 2, 118.28, 100, 0, 62822, 28, 1980
2026/08/28 21:20:28.384, 3, 117.22, 100, 0, 61418, 30, 1980
2026/08/28 21:20:33.384, 0, 119.80, 100, 0, 66164, 30, 1980
2026/08/28 21:20:33.384, 1, 120.88, 100, 0, 65782, 28, 1980
2026/08/28 21:20:33.384, 2, 118.08, 100, 0, 62822, 28, 1980
2026/08/28 21:20:33.384, 3, 117.25, 100, 0, 61418, 30, 1980
2026/08/28 21:20:38.385, 0, 119.79, 100, 0, 66164, 30, 1980
2026/08/28 21:20:38.385, 1, 120.86, 100, 0, 65782, 28, 1980
2026/08/28 21:20:38.385, 2, 118.04, 100, 0, 62822, 28, 1980
2026/08/28 21:20:38.385, 3, 117.17, 100, 0, 61418, 30, 1980
2026/08/28 21:20:43.385, 0, 119.77, 100, 0, 66164, 30, 1980
2026/08/28 21:20:43.385, 1, 120.87, 100, 0, 65782, 28, 1980
2026/08/28 21:20:43.385, 2, 118.00, 100, 0, 62822, 28, 1980
2026/08/28 21:20:43.385, 3, 117.19, 100, 0, 61418, 30, 1980
2026/08/28 21:20:48.386, 0, 119.71, 100, 0, 66164, 30, 1980
2026/08/28 21:20:48.386, 1, 120.80, 100, 0, 65782, 28, 1980
2026/08/28 21:20:48.386, 2, 118.31, 100, 0, 62822, 28, 1980
2026/08/28 21:20:48.386, 3, 117.19, 100, 0, 61418, 30, 1980
2026/08/28 21:20:53.386, 0, 119.73, 100, 0, 66164, 30, 1980
2026/08/28 21:20:53.386, 1, 120.80, 100, 0, 65782, 28, 1980
2026/08/28 21:20:53.386, 2, 118.39, 100, 0, 62822, 28, 1980
2026/08/28 21:20:53.386, 3, 117.16, 100, 0, 61418, 30, 1980
2026/08/28 21:20:58.387, 0, 119.70, 100, 0, 66164, 30, 1980
2026/08/28 21:20:58.387, 1, 120.79, 100, 0, 65782, 28, 1980
2026/08/28 21:20:58.387, 2, 118.15, 100, 0, 62822, 28, 1980
2026/08/28 21:20:58.387, 3, 117.08, 100, 0, 61418, 30, 1980
2026/08/28 21:21:03.388, 0, 119.73, 100, 0, 66164, 30, 1980
2026/08/28 21:21:03.388, 1, 120.75, 100, 0, 65782, 28, 1980
2026/08/28 21:21:03.388, 2, 118.09, 100, 0, 62822, 28, 1980
2026/08/28 21:21:03.388, 3, 117.09, 100, 0, 61418, 29, 1980
2026/08/28 21:21:08.388, 0, 119.67, 100, 0, 66164, 30, 1980
2026/08/28 21:21:08.388, 1, 120.74, 100, 0, 65782, 28, 1980
2026/08/28 21:21:08.388, 2, 118.04, 100, 0, 62822, 28, 1980
2026/08/28 21:21:08.388, 3, 117.06, 100, 0, 61418, 29, 1980
2026/08/28 21:21:13.389, 0, 119.75, 100, 0, 66164, 30, 1980
2026/08/28 21:21:13.389, 1, 120.69, 100, 0, 65782, 28, 1980
2026/08/28 21:21:13.389, 2, 117.90, 100, 0, 62822, 28, 1980
2026/08/28 21:21:13.389, 3, 117.04, 100, 0, 61418, 29, 1980
2026/08/28 21:21:18.389, 0, 119.68, 100, 0, 66164, 30, 1980
2026/08/28 21:21:18.389, 1, 120.69, 100, 0, 65782, 28, 1980
2026/08/28 21:21:18.389, 2, 117.92, 100, 0, 62822, 28, 1980
2026/08/28 21:21:18.389, 3, 117.02, 100, 0, 61418, 29, 1980
2026/08/28 21:21:23.390, 0, 119.65, 100, 0, 66164, 30, 1980
2026/08/28 21:21:23.390, 1, 120.73, 100, 0, 65782, 28, 1980
2026/08/28 21:21:23.390, 2, 118.21, 100, 0, 62822, 28, 1980
2026/08/28 21:21:23.390, 3, 117.00, 100, 0, 61418, 29, 1980
2026/08/28 21:21:28.390, 0, 119.62, 100, 0, 66164, 30, 1980
2026/08/28 21:21:28.391, 1, 120.71, 100, 0, 65782, 28, 1980
2026/08/28 21:21:28.391, 2, 117.92, 100, 0, 62822, 28, 1980
2026/08/28 21:21:28.391, 3, 117.00, 100, 0, 61418, 29, 1980
2026/08/28 21:21:33.391, 0, 119.61, 100, 0, 66164, 30, 1980
2026/08/28 21:21:33.391, 1, 120.69, 100, 0, 65782, 28, 1980
2026/08/28 21:21:33.391, 2, 118.00, 100, 0, 62822, 28, 1980
2026/08/28 21:21:33.391, 3, 117.01, 100, 0, 61418, 29, 1980
2026/08/28 21:21:38.392, 0, 119.58, 100, 0, 66164, 30, 1980
2026/08/28 21:21:38.392, 1, 120.72, 100, 0, 65782, 28, 1980
2026/08/28 21:21:38.392, 2, 118.12, 100, 0, 62822, 28, 1980
2026/08/28 21:21:38.392, 3, 116.99, 100, 0, 61418, 29, 1980
2026/08/28 21:21:43.392, 0, 119.65, 100, 0, 66164, 30, 1980
2026/08/28 21:21:43.392, 1, 120.67, 100, 0, 65782, 28, 1980
2026/08/28 21:21:43.392, 2, 118.24, 100, 0, 62822, 28, 1980
2026/08/28 21:21:43.392, 3, 117.02, 100, 0, 61418, 29, 1980
2026/08/28 21:21:48.393, 0, 119.63, 100, 0, 66164, 30, 1980
2026/08/28 21:21:48.393, 1, 120.72, 100, 0, 65782, 28, 1980
2026/08/28 21:21:48.393, 2, 118.17, 100, 0, 62822, 28, 1980
2026/08/28 21:21:48.393, 3, 117.01, 100, 0, 61418, 29, 1980
2026/08/28 21:21:53.393, 0, 119.60, 100, 0, 66164, 30, 1980
2026/08/28 21:21:53.393, 1, 120.71, 100, 0, 65782, 28, 1980
2026/08/28 21:21:53.393, 2, 117.91, 100, 0, 62822, 28, 1980
2026/08/28 21:21:53.393, 3, 116.99, 100, 0, 61418, 29, 1980
2026/08/28 21:21:58.394, 0, 119.60, 100, 0, 66164, 30, 1980
2026/08/28 21:21:58.394, 1, 120.73, 100, 0, 65782, 28, 1980
2026/08/28 21:21:58.394, 2, 117.94, 100, 0, 62822, 28, 1980
2026/08/28 21:21:58.394, 3, 116.98, 100, 0, 61418, 29, 1980
2026/08/28 21:22:03.394, 0, 119.64, 100, 0, 66164, 30, 1980
2026/08/28 21:22:03.394, 1, 120.71, 100, 0, 65782, 28, 1980
2026/08/28 21:22:03.394, 2, 118.36, 100, 0, 62822, 28, 1980
2026/08/28 21:22:03.394, 3, 116.95, 100, 0, 61418, 29, 1980
2026/08/28 21:22:08.395, 0, 119.64, 100, 0, 66164, 30, 1980
2026/08/28 21:22:08.395, 1, 120.68, 100, 0, 65782, 28, 1980
2026/08/28 21:22:08.395, 2, 118.26, 100, 0, 62822, 28, 1980
2026/08/28 21:22:08.395, 3, 116.97, 100, 0, 61418, 29, 1980
2026/08/28 21:22:13.395, 0, 119.68, 100, 0, 66164, 30, 1980
2026/08/28 21:22:13.396, 1, 120.71, 100, 0, 65782, 28, 1980
2026/08/28 21:22:13.397, 2, 118.09, 100, 0, 62822, 28, 1980
2026/08/28 21:22:13.398, 3, 116.92, 100, 0, 61418, 29, 1980
2026/08/28 21:22:18.398, 0, 119.58, 100, 0, 66164, 30, 1980
2026/08/28 21:22:18.398, 1, 120.74, 100, 0, 65782, 28, 1980
2026/08/28 21:22:18.398, 2, 117.93, 100, 0, 62822, 28, 1980
2026/08/28 21:22:18.399, 3, 116.99, 100, 0, 61418, 29, 1980
2026/08/28 21:22:23.399, 0, 119.60, 100, 0, 66164, 30, 1980
2026/08/28 21:22:23.399, 1, 120.67, 100, 0, 65782, 28, 1980
2026/08/28 21:22:23.399, 2, 117.99, 100, 0, 62822, 28, 1980
2026/08/28 21:22:23.399, 3, 116.95, 100, 0, 61418, 29, 1980
2026/08/28 21:22:28.399, 0, 119.64, 100, 0, 66164, 30, 1980
2026/08/28 21:22:28.399, 1, 120.70, 100, 0, 65782, 28, 1980
2026/08/28 21:22:28.399, 2, 118.00, 100, 0, 62822, 28, 1980
2026/08/28 21:22:28.400, 3, 116.92, 100, 0, 61418, 29, 1980
2026/08/28 21:22:33.400, 0, 119.58, 100, 0, 66164, 30, 1980
2026/08/28 21:22:33.400, 1, 120.65, 100, 0, 65782, 28, 1980
2026/08/28 21:22:33.400, 2, 117.94, 100, 0, 62822, 28, 1980
2026/08/28 21:22:33.400, 3, 116.91, 100, 0, 61418, 29, 1980
2026/08/28 21:22:38.400, 0, 119.66, 100, 0, 66164, 30, 1980
2026/08/28 21:22:38.401, 1, 120.70, 100, 0, 65782, 28, 1980
2026/08/28 21:22:38.401, 2, 118.26, 100, 0, 62822, 28, 1980
2026/08/28 21:22:38.401, 3, 116.93, 100, 0, 61418, 29, 1980
2026/08/28 21:22:43.401, 0, 119.58, 100, 0, 66164, 30, 1980
2026/08/28 21:22:43.401, 1, 120.74, 100, 0, 65782, 28, 1980
2026/08/28 21:22:43.401, 2, 118.14, 100, 0, 62822, 28, 1980
2026/08/28 21:22:43.401, 3, 116.97, 100, 0, 61418, 29, 1980
2026/08/28 21:22:48.402, 0, 119.57, 100, 0, 66164, 30, 1980
2026/08/28 21:22:48.402, 1, 120.68, 100, 0, 65782, 28, 1980
2026/08/28 21:22:48.402, 2, 118.16, 100, 0, 62822, 28, 1980
2026/08/28 21:22:48.402, 3, 116.94, 100, 0, 61418, 29, 1980
2026/08/28 21:22:53.402, 0, 119.54, 100, 0, 66164, 30, 1980
2026/08/28 21:22:53.402, 1, 120.67, 100, 0, 65782, 28, 1980
2026/08/28 21:22:53.402, 2, 118.08, 100, 0, 62822, 28, 1980
2026/08/28 21:22:53.402, 3, 116.91, 100, 0, 61418, 29, 1980
2026/08/28 21:22:58.403, 0, 119.58, 100, 0, 66164, 30, 1980
2026/08/28 21:22:58.403, 1, 120.66, 100, 0, 65782, 28, 1980
2026/08/28 21:22:58.403, 2, 118.18, 100, 0, 62822, 28, 1980
2026/08/28 21:22:58.403, 3, 116.91, 100, 0, 61418, 29, 1980
2026/08/28 21:23:03.403, 0, 119.56, 100, 0, 66164, 30, 1980
2026/08/28 21:23:03.403, 1, 120.62, 100, 0, 65782, 28, 1980
2026/08/28 21:23:03.404, 2, 118.24, 100, 0, 62822, 28, 1980
2026/08/28 21:23:03.404, 3, 116.92, 100, 0, 61418, 29, 1980
2026/08/28 21:23:08.404, 0, 119.56, 100, 0, 66164, 30, 1980
2026/08/28 21:23:08.404, 1, 120.66, 100, 0, 65782, 28, 1980
2026/08/28 21:23:08.404, 2, 118.19, 100, 0, 62822, 28, 1980
2026/08/28 21:23:08.404, 3, 116.87, 100, 0, 61418, 29, 1980
2026/08/28 21:23:13.404, 0, 119.57, 100, 0, 66164, 30, 1980
2026/08/28 21:23:13.405, 1, 120.63, 100, 0, 65782, 28, 1980
2026/08/28 21:23:13.405, 2, 118.08, 100, 0, 62822, 28, 1980
2026/08/28 21:23:13.405, 3, 116.88, 100, 0, 61418, 29, 1980
2026/08/28 21:23:18.405, 0, 119.54, 100, 0, 66164, 30, 1980
2026/08/28 21:23:18.405, 1, 120.61, 100, 0, 65782, 28, 1980
2026/08/28 21:23:18.405, 2, 118.45, 100, 0, 62822, 28, 1980
2026/08/28 21:23:18.405, 3, 116.88, 100, 0, 61418, 29, 1980
2026/08/28 21:23:23.405, 0, 119.53, 100, 0, 66164, 30, 1980
2026/08/28 21:23:23.406, 1, 120.60, 100, 0, 65782, 28, 1980
2026/08/28 21:23:23.406, 2, 118.41, 100, 0, 62822, 28, 1980
2026/08/28 21:23:23.406, 3, 116.89, 100, 0, 61418, 29, 1980
2026/08/28 21:23:28.406, 0, 119.50, 100, 0, 66164, 30, 1980
2026/08/28 21:23:28.406, 1, 120.56, 100, 0, 65782, 28, 1980
2026/08/28 21:23:28.406, 2, 118.18, 100, 0, 62822, 28, 1980
2026/08/28 21:23:28.406, 3, 116.86, 100, 0, 61418, 29, 1980
2026/08/28 21:23:33.406, 0, 119.49, 100, 0, 66164, 30, 1980
2026/08/28 21:23:33.407, 1, 120.56, 100, 0, 65782, 28, 1980
2026/08/28 21:23:33.407, 2, 118.16, 100, 0, 62822, 27, 1980
2026/08/28 21:23:33.407, 3, 116.84, 100, 0, 61418, 29, 1980
2026/08/28 21:23:38.407, 0, 119.51, 100, 0, 66164, 30, 1980
2026/08/28 21:23:38.407, 1, 120.57, 100, 0, 65782, 28, 1980
2026/08/28 21:23:38.407, 2, 118.36, 100, 0, 62822, 27, 1980
2026/08/28 21:23:38.407, 3, 116.85, 100, 0, 61418, 29, 1980
2026/08/28 21:23:43.407, 0, 119.52, 100, 0, 66164, 30, 1980
2026/08/28 21:23:43.408, 1, 120.56, 100, 0, 65782, 28, 1980
2026/08/28 21:23:43.408, 2, 118.26, 100, 0, 62822, 27, 1980
2026/08/28 21:23:43.408, 3, 116.83, 100, 0, 61418, 29, 1980
2026/08/28 21:23:48.408, 0, 119.52, 100, 0, 66164, 30, 1980
2026/08/28 21:23:48.408, 1, 120.54, 100, 0, 65782, 28, 1980
2026/08/28 21:23:48.408, 2, 118.21, 100, 0, 62822, 27, 1980
2026/08/28 21:23:48.408, 3, 116.79, 100, 0, 61418, 29, 1980
2026/08/28 21:23:53.408, 0, 119.47, 100, 0, 66164, 30, 1980
2026/08/28 21:23:53.409, 1, 120.53, 100, 0, 65782, 28, 1980
2026/08/28 21:23:53.409, 2, 118.21, 100, 0, 62822, 27, 1980
2026/08/28 21:23:53.409, 3, 116.83, 100, 0, 61418, 29, 1980
2026/08/28 21:23:58.409, 0, 119.53, 100, 0, 66164, 30, 1980
2026/08/28 21:23:58.409, 1, 120.53, 100, 0, 65782, 28, 1980
2026/08/28 21:23:58.409, 2, 118.13, 100, 0, 62822, 27, 1980
2026/08/28 21:23:58.409, 3, 116.77, 100, 0, 61418, 29, 1980
2026/08/28 21:24:03.410, 0, 119.46, 100, 0, 66164, 30, 1980
2026/08/28 21:24:03.410, 1, 120.51, 100, 0, 65782, 28, 1980
2026/08/28 21:24:03.410, 2, 118.34, 100, 0, 62822, 27, 1980
2026/08/28 21:24:03.410, 3, 116.79, 100, 0, 61418, 29, 1980
2026/08/28 21:24:08.410, 0, 119.47, 100, 0, 66164, 30, 1980
2026/08/28 21:24:08.410, 1, 120.52, 100, 0, 65782, 28, 1980
2026/08/28 21:24:08.410, 2, 118.32, 100, 0, 62822, 27, 1980
2026/08/28 21:24:08.410, 3, 116.77, 100, 0, 61418, 29, 1980
2026/08/28 21:24:13.411, 0, 119.51, 100, 0, 66164, 30, 1980
2026/08/28 21:24:13.411, 1, 120.52, 100, 0, 65782, 28, 1980
2026/08/28 21:24:13.411, 2, 118.33, 100, 0, 62822, 27, 1980
2026/08/28 21:24:13.411, 3, 116.79, 100, 0, 61418, 29, 1980
2026/08/28 21:24:18.411, 0, 119.46, 100, 0, 66164, 30, 1980
2026/08/28 21:24:18.411, 1, 120.50, 100, 0, 65782, 28, 1980
2026/08/28 21:24:18.411, 2, 118.19, 100, 0, 62822, 27, 1980
2026/08/28 21:24:18.411, 3, 116.75, 100, 0, 61418, 29, 1980
2026/08/28 21:24:23.412, 0, 119.46, 100, 0, 66164, 30, 1980
2026/08/28 21:24:23.412, 1, 120.46, 100, 0, 65782, 28, 1980
2026/08/28 21:24:23.412, 2, 118.34, 100, 0, 62822, 27, 1980
2026/08/28 21:24:23.412, 3, 116.77, 100, 0, 61418, 29, 1980
2026/08/28 21:24:28.412, 0, 119.46, 100, 0, 66164, 30, 1980
2026/08/28 21:24:28.412, 1, 120.49, 100, 0, 65782, 28, 1980
2026/08/28 21:24:28.412, 2, 118.08, 100, 0, 62822, 27, 1980
2026/08/28 21:24:28.412, 3, 116.74, 100, 0, 61418, 29, 1980
2026/08/28 21:24:33.413, 0, 119.48, 100, 0, 66164, 30, 1980
2026/08/28 21:24:33.413, 1, 120.46, 100, 0, 65782, 28, 1980
2026/08/28 21:24:33.413, 2, 118.05, 100, 0, 62822, 27, 1980
2026/08/28 21:24:33.413, 3, 116.75, 100, 0, 61418, 29, 1980
2026/08/28 21:24:38.413, 0, 119.41, 100, 0, 66164, 30, 1980
2026/08/28 21:24:38.413, 1, 120.48, 100, 0, 65782, 28, 1980
2026/08/28 21:24:38.413, 2, 118.09, 100, 0, 62822, 27, 1980
2026/08/28 21:24:38.413, 3, 116.72, 100, 0, 61418, 29, 1980
2026/08/28 21:24:43.414, 0, 119.39, 100, 0, 66164, 30, 1980
2026/08/28 21:24:43.414, 1, 120.49, 100, 0, 65782, 28, 1980
2026/08/28 21:24:43.414, 2, 118.06, 100, 0, 62822, 27, 1980
2026/08/28 21:24:43.414, 3, 116.74, 100, 0, 61418, 29, 1980
2026/08/28 21:24:48.414, 0, 119.43, 100, 0, 66164, 30, 1980
2026/08/28 21:24:48.414, 1, 120.46, 100, 0, 65782, 28, 1980
2026/08/28 21:24:48.414, 2, 117.94, 100, 0, 62822, 27, 1980
2026/08/28 21:24:48.414, 3, 116.76, 100, 0, 61418, 29, 1980
2026/08/28 21:24:53.415, 0, 119.36, 100, 0, 66164, 30, 1980
2026/08/28 21:24:53.415, 1, 120.46, 100, 0, 65782, 28, 1980
2026/08/28 21:24:53.415, 2, 118.27, 100, 0, 62822, 27, 1980
2026/08/28 21:24:53.415, 3, 116.74, 100, 0, 61418, 29, 1980
2026/08/28 21:24:58.415, 0, 119.39, 100, 0, 66164, 30, 1980
2026/08/28 21:24:58.415, 1, 120.47, 100, 0, 65782, 28, 1980
2026/08/28 21:24:58.416, 2, 117.97, 100, 0, 62822, 27, 1980
2026/08/28 21:24:58.416, 3, 116.72, 100, 0, 61418, 29, 1980
2026/08/28 21:25:03.416, 0, 119.41, 100, 0, 66164, 30, 1980
2026/08/28 21:25:03.416, 1, 120.47, 100, 0, 65782, 28, 1980
2026/08/28 21:25:03.416, 2, 118.03, 100, 0, 62822, 27, 1980
2026/08/28 21:25:03.416, 3, 116.67, 100, 0, 61418, 29, 1980
2026/08/28 21:25:08.416, 0, 119.40, 100, 0, 66164, 29, 1980
2026/08/28 21:25:08.417, 1, 120.45, 100, 0, 65782, 27, 1980
2026/08/28 21:25:08.417, 2, 118.03, 100, 0, 62822, 27, 1980
2026/08/28 21:25:08.417, 3, 116.65, 100, 0, 61418, 29, 1980
2026/08/28 21:25:13.417, 0, 119.40, 100, 0, 66164, 29, 1980
2026/08/28 21:25:13.417, 1, 120.41, 100, 0, 65782, 27, 1980
2026/08/28 21:25:13.417, 2, 118.02, 100, 0, 62822, 27, 1980
2026/08/28 21:25:13.417, 3, 116.69, 100, 0, 61418, 29, 1980
2026/08/28 21:25:18.417, 0, 119.37, 100, 0, 66164, 29, 1980
2026/08/28 21:25:18.418, 1, 120.39, 100, 0, 65782, 27, 1980
2026/08/28 21:25:18.418, 2, 118.02, 100, 0, 62822, 27, 1980
2026/08/28 21:25:18.418, 3, 116.66, 100, 0, 61418, 29, 1980
2026/08/28 21:25:23.418, 0, 119.43, 100, 0, 66164, 29, 1980
2026/08/28 21:25:23.418, 1, 120.39, 100, 0, 65782, 27, 1980
2026/08/28 21:25:23.419, 2, 118.14, 100, 0, 62822, 27, 1980
2026/08/28 21:25:23.421, 3, 116.64, 100, 0, 61418, 29, 1980
2026/08/28 21:25:28.421, 0, 119.36, 100, 0, 66164, 29, 1980
2026/08/28 21:25:28.421, 1, 120.41, 100, 0, 65782, 27, 1980
2026/08/28 21:25:28.421, 2, 118.00, 100, 0, 62822, 27, 1980
2026/08/28 21:25:28.421, 3, 116.67, 100, 0, 61418, 29, 1980
2026/08/28 21:25:33.421, 0, 119.37, 100, 0, 66164, 29, 1980
2026/08/28 21:25:33.422, 1, 120.42, 100, 0, 65782, 27, 1980
2026/08/28 21:25:33.422, 2, 118.12, 100, 0, 62822, 27, 1980
2026/08/28 21:25:33.422, 3, 116.66, 100, 0, 61418, 29, 1980
2026/08/28 21:25:38.422, 0, 119.36, 100, 0, 66164, 29, 1980
2026/08/28 21:25:38.422, 1, 120.39, 100, 0, 65782, 27, 1980
2026/08/28 21:25:38.422, 2, 117.89, 100, 0, 62822, 27, 1980
2026/08/28 21:25:38.422, 3, 116.66, 100, 0, 61418, 29, 1980
2026/08/28 21:25:43.423, 0, 119.35, 100, 0, 66164, 29, 1980
2026/08/28 21:25:43.423, 1, 120.39, 100, 0, 65782, 27, 1980
2026/08/28 21:25:43.423, 2, 118.11, 100, 0, 62822, 27, 1980
2026/08/28 21:25:43.423, 3, 116.67, 100, 0, 61418, 29, 1980
2026/08/28 21:25:48.423, 0, 119.34, 100, 0, 66164, 29, 1980
2026/08/28 21:25:48.423, 1, 120.40, 100, 0, 65782, 27, 1980
2026/08/28 21:25:48.423, 2, 118.04, 100, 0, 62822, 27, 1980
2026/08/28 21:25:48.423, 3, 116.67, 100, 0, 61418, 29, 1980
2026/08/28 21:25:53.424, 0, 119.34, 100, 0, 66164, 29, 1980
2026/08/28 21:25:53.424, 1, 120.40, 100, 0, 65782, 27, 1980
2026/08/28 21:25:53.424, 2, 118.10, 100, 0, 62822, 27, 1980
2026/08/28 21:25:53.424, 3, 116.65, 100, 0, 61418, 29, 1980
2026/08/28 21:25:58.424, 0, 119.30, 100, 0, 66164, 29, 1980
2026/08/28 21:25:58.424, 1, 120.36, 100, 0, 65782, 27, 1980
2026/08/28 21:25:58.424, 2, 118.09, 100, 0, 62822, 27, 1980
2026/08/28 21:25:58.424, 3, 116.63, 100, 0, 61418, 29, 1980
2026/08/28 21:26:03.425, 0, 119.33, 100, 0, 66164, 29, 1980
2026/08/28 21:26:03.425, 1, 120.35, 100, 0, 65782, 27, 1980
2026/08/28 21:26:03.425, 2, 118.09, 100, 0, 62822, 27, 1980
2026/08/28 21:26:03.425, 3, 116.61, 100, 0, 61418, 29, 1980
2026/08/28 21:26:08.425, 0, 119.32, 100, 0, 66164, 29, 1980
2026/08/28 21:26:08.425, 1, 120.37, 100, 0, 65782, 27, 1980
2026/08/28 21:26:08.425, 2, 117.99, 100, 0, 62822, 27, 1980
2026/08/28 21:26:08.425, 3, 116.63, 100, 0, 61418, 29, 1980
2026/08/28 21:26:13.426, 0, 119.29, 100, 0, 66164, 29, 1980
2026/08/28 21:26:13.426, 1, 120.32, 100, 0, 65782, 27, 1980
2026/08/28 21:26:13.426, 2, 117.89, 100, 0, 62822, 27, 1980
2026/08/28 21:26:13.426, 3, 116.60, 100, 0, 61418, 29, 1980
2026/08/28 21:26:18.426, 0, 119.35, 100, 0, 66164, 29, 1980
2026/08/28 21:26:18.426, 1, 120.35, 100, 0, 65782, 27, 1980
2026/08/28 21:26:18.426, 2, 118.00, 100, 0, 62822, 27, 1980
2026/08/28 21:26:18.426, 3, 116.63, 100, 0, 61418, 29, 1980
2026/08/28 21:26:23.427, 0, 119.36, 100, 0, 66164, 29, 1980
2026/08/28 21:26:23.427, 1, 120.36, 100, 0, 65782, 27, 1980
2026/08/28 21:26:23.427, 2, 117.99, 100, 0, 62822, 27, 1980
2026/08/28 21:26:23.427, 3, 116.60, 100, 0, 61418, 29, 1980
2026/08/28 21:26:28.427, 0, 119.25, 100, 0, 66164, 29, 1980
2026/08/28 21:26:28.427, 1, 120.38, 100, 0, 65782, 27, 1980
2026/08/28 21:26:28.427, 2, 118.16, 100, 0, 62822, 27, 1980
2026/08/28 21:26:28.427, 3, 116.50, 100, 0, 61418, 29, 1980
2026/08/28 21:26:33.428, 0, 119.29, 100, 0, 66164, 29, 1980
2026/08/28 21:26:33.428, 1, 120.35, 100, 0, 65782, 27, 1980
2026/08/28 21:26:33.428, 2, 117.81, 100, 0, 62822, 27, 1980
2026/08/28 21:26:33.428, 3, 116.54, 100, 0, 61418, 28, 1980
2026/08/28 21:26:38.428, 0, 119.18, 100, 0, 66164, 29, 1980
2026/08/28 21:26:38.428, 1, 120.37, 100, 0, 65782, 27, 1980
2026/08/28 21:26:38.428, 2, 117.93, 100, 0, 62822, 27, 1980
2026/08/28 21:26:38.428, 3, 116.54, 100, 0, 61418, 28, 1980
2026/08/28 21:26:43.429, 0, 119.24, 100, 0, 66164, 29, 1980
2026/08/28 21:26:43.429, 1, 120.39, 100, 0, 65782, 27, 1980
2026/08/28 21:26:43.429, 2, 117.63, 100, 0, 62822, 27, 1980
2026/08/28 21:26:43.429, 3, 116.54, 100, 0, 61418, 29, 1980
2026/08/28 21:26:48.429, 0, 119.21, 100, 0, 66164, 29, 1980
2026/08/28 21:26:48.429, 1, 120.39, 100, 0, 65782, 27, 1980
2026/08/28 21:26:48.429, 2, 117.95, 100, 0, 62822, 27, 1980
2026/08/28 21:26:48.430, 3, 116.54, 100, 0, 61418, 29, 1980
2026/08/28 21:26:53.430, 0, 119.25, 100, 0, 66164, 29, 1980
2026/08/28 21:26:53.430, 1, 120.39, 100, 0, 65782, 27, 1980
2026/08/28 21:26:53.430, 2, 117.95, 100, 0, 62822, 27, 1980
2026/08/28 21:26:53.430, 3, 116.55, 100, 0, 61418, 29, 1980
2026/08/28 21:26:58.430, 0, 119.29, 100, 0, 66164, 29, 1980
2026/08/28 21:26:58.430, 1, 120.41, 100, 0, 65782, 27, 1980
2026/08/28 21:26:58.431, 2, 118.22, 100, 0, 62822, 27, 1980
2026/08/28 21:26:58.431, 3, 116.54, 100, 0, 61418, 29, 1980
2026/08/28 21:27:03.431, 0, 119.25, 100, 0, 66164, 29, 1980
2026/08/28 21:27:03.431, 1, 120.40, 100, 0, 65782, 27, 1980
2026/08/28 21:27:03.431, 2, 118.13, 100, 0, 62822, 27, 1980
2026/08/28 21:27:03.431, 3, 116.53, 100, 0, 61418, 29, 1980
2026/08/28 21:27:08.431, 0, 119.26, 100, 0, 66164, 29, 1980
2026/08/28 21:27:08.431, 1, 120.42, 100, 0, 65782, 27, 1980
2026/08/28 21:27:08.431, 2, 118.15, 100, 0, 62822, 27, 1980
2026/08/28 21:27:08.432, 3, 116.58, 100, 0, 61418, 29, 1980
2026/08/28 21:27:13.432, 0, 119.26, 100, 0, 66164, 29, 1980
2026/08/28 21:27:13.432, 1, 120.43, 100, 0, 65782, 27, 1980
2026/08/28 21:27:13.432, 2, 118.14, 100, 0, 62822, 27, 1980
2026/08/28 21:27:13.432, 3, 116.54, 100, 0, 61418, 29, 1980
2026/08/28 21:27:18.432, 0, 119.21, 100, 0, 66164, 29, 1980
2026/08/28 21:27:18.432, 1, 120.43, 100, 0, 65782, 28, 1980
2026/08/28 21:27:18.432, 2, 118.11, 100, 0, 62822, 27, 1980
2026/08/28 21:27:18.432, 3, 116.57, 100, 0, 61418, 29, 1980
2026/08/28 21:27:23.433, 0, 119.26, 100, 0, 66164, 29, 1980
2026/08/28 21:27:23.433, 1, 120.45, 100, 0, 65782, 28, 1980
2026/08/28 21:27:23.433, 2, 118.04, 100, 0, 62822, 27, 1980
2026/08/28 21:27:23.433, 3, 116.58, 100, 0, 61418, 29, 1980
2026/08/28 21:27:28.433, 0, 119.28, 100, 0, 66164, 29, 1980
2026/08/28 21:27:28.433, 1, 120.42, 100, 0, 65782, 28, 1980
2026/08/28 21:27:28.433, 2, 117.94, 100, 0, 62822, 27, 1980
2026/08/28 21:27:28.433, 3, 116.59, 100, 0, 61418, 29, 1980
2026/08/28 21:27:33.434, 0, 119.27, 100, 0, 66164, 29, 1980
2026/08/28 21:27:33.434, 1, 120.45, 100, 0, 65782, 28, 1980
2026/08/28 21:27:33.434, 2, 117.94, 100, 0, 62822, 27, 1980
2026/08/28 21:27:33.434, 3, 116.57, 100, 0, 61418, 29, 1980
2026/08/28 21:27:38.434, 0, 119.27, 100, 0, 66164, 29, 1980
2026/08/28 21:27:38.434, 1, 120.46, 100, 0, 65782, 28, 1980
2026/08/28 21:27:38.434, 2, 118.16, 100, 0, 62822, 27, 1980
2026/08/28 21:27:38.434, 3, 116.57, 100, 0, 61418, 29, 1980
2026/08/28 21:27:43.435, 0, 119.32, 100, 0, 66164, 29, 1980
2026/08/28 21:27:43.435, 1, 120.42, 100, 0, 65782, 28, 1980
2026/08/28 21:27:43.435, 2, 118.23, 100, 0, 62822, 27, 1980
2026/08/28 21:27:43.435, 3, 116.61, 100, 0, 61418, 29, 1980
2026/08/28 21:27:48.435, 0, 119.32, 100, 0, 66164, 29, 1980
2026/08/28 21:27:48.435, 1, 120.39, 100, 0, 65782, 28, 1980
2026/08/28 21:27:48.435, 2, 117.99, 100, 0, 62822, 27, 1980
2026/08/28 21:27:48.435, 3, 116.62, 100, 0, 61418, 29, 1980
2026/08/28 21:27:53.436, 0, 119.30, 100, 0, 66164, 29, 1980
2026/08/28 21:27:53.436, 1, 120.37, 100, 0, 65782, 28, 1980
2026/08/28 21:27:53.436, 2, 118.27, 100, 0, 62822, 27, 1980
2026/08/28 21:27:53.436, 3, 116.57, 100, 0, 61418, 29, 1980
2026/08/28 21:27:58.436, 0, 119.36, 100, 0, 66164, 29, 1980
2026/08/28 21:27:58.436, 1, 120.46, 100, 0, 65782, 28, 1980
2026/08/28 21:27:58.436, 2, 118.05, 100, 0, 62822, 27, 1980
2026/08/28 21:27:58.436, 3, 116.63, 100, 0, 61418, 29, 1980
2026/08/28 21:28:03.437, 0, 119.30, 100, 0, 66164, 29, 1980
2026/08/28 21:28:03.437, 1, 120.40, 100, 0, 65782, 27, 1980
2026/08/28 21:28:03.437, 2, 117.95, 100, 0, 62822, 27, 1980
2026/08/28 21:28:03.437, 3, 116.66, 100, 0, 61418, 29, 1980
2026/08/28 21:28:08.437, 0, 119.31, 100, 0, 66164, 29, 1980
2026/08/28 21:28:08.437, 1, 120.42, 100, 0, 65782, 27, 1980
2026/08/28 21:28:08.437, 2, 118.11, 100, 0, 62822, 27, 1980
2026/08/28 21:28:08.437, 3, 116.66, 100, 0, 61418, 29, 1980
2026/08/28 21:28:13.438, 0, 119.32, 100, 0, 66164, 29, 1980
2026/08/28 21:28:13.438, 1, 120.39, 100, 0, 65782, 28, 1980
2026/08/28 21:28:13.438, 2, 118.18, 100, 0, 62822, 27, 1980
2026/08/28 21:28:13.438, 3, 116.61, 100, 0, 61418, 29, 1980
2026/08/28 21:28:18.438, 0, 119.30, 100, 0, 66164, 29, 1980
2026/08/28 21:28:18.439, 1, 120.39, 100, 0, 65782, 28, 1980
2026/08/28 21:28:18.439, 2, 118.03, 100, 0, 62822, 27, 1980
2026/08/28 21:28:18.439, 3, 116.62, 100, 0, 61418, 29, 1980
2026/08/28 21:28:23.439, 0, 119.34, 100, 0, 66164, 29, 1980
2026/08/28 21:28:23.439, 1, 120.40, 100, 0, 65782, 28, 1980
2026/08/28 21:28:23.439, 2, 118.07, 100, 0, 62822, 27, 1980
2026/08/28 21:28:23.439, 3, 116.58, 100, 0, 61418, 29, 1980
2026/08/28 21:28:28.439, 0, 119.37, 100, 0, 66164, 29, 1980
2026/08/28 21:28:28.440, 1, 120.45, 100, 0, 65782, 28, 1980
2026/08/28 21:28:28.440, 2, 118.11, 100, 0, 62822, 27, 1980
2026/08/28 21:28:28.440, 3, 116.60, 100, 0, 61418, 29, 1980
2026/08/28 21:28:33.440, 0, 119.34, 100, 0, 66164, 29, 1980
2026/08/28 21:28:33.440, 1, 120.51, 100, 0, 65782, 28, 1980
2026/08/28 21:28:33.440, 2, 118.15, 100, 0, 62822, 27, 1980
2026/08/28 21:28:33.440, 3, 116.63, 100, 0, 61418, 29, 1980
2026/08/28 21:28:38.441, 0, 119.32, 100, 0, 66164, 29, 1980
2026/08/28 21:28:38.441, 1, 120.51, 100, 0, 65782, 28, 1980
2026/08/28 21:28:38.441, 2, 117.76, 100, 0, 62822, 27, 1980
2026/08/28 21:28:38.441, 3, 116.67, 100, 0, 61418, 29, 1980
2026/08/28 21:28:43.441, 0, 119.35, 100, 0, 66164, 29, 1980
2026/08/28 21:28:43.441, 1, 120.56, 100, 0, 65782, 28, 1980
2026/08/28 21:28:43.441, 2, 118.00, 100, 0, 62822, 27, 1980
2026/08/28 21:28:43.441, 3, 116.68, 100, 0, 61418, 29, 1980
2026/08/28 21:28:48.442, 0, 119.37, 100, 0, 66164, 30, 1980
2026/08/28 21:28:48.442, 1, 120.56, 100, 0, 65782, 28, 1980
2026/08/28 21:28:48.442, 2, 118.07, 100, 0, 62822, 28, 1980
2026/08/28 21:28:48.442, 3, 116.64, 100, 0, 61418, 29, 1980
2026/08/28 21:28:53.442, 0, 119.37, 100, 0, 66164, 30, 1980
2026/08/28 21:28:53.442, 1, 120.57, 100, 0, 65782, 28, 1980
2026/08/28 21:28:53.442, 2, 118.37, 100, 0, 62822, 28, 1980
2026/08/28 21:28:53.442, 3, 116.68, 100, 0, 61418, 29, 1980
2026/08/28 21:28:58.443, 0, 119.42, 100, 0, 66164, 30, 1980
2026/08/28 21:28:58.443, 1, 120.56, 100, 0, 65782, 28, 1980
2026/08/28 21:28:58.443, 2, 118.11, 100, 0, 62822, 28, 1980
2026/08/28 21:28:58.443, 3, 116.69, 100, 0, 61418, 29, 1980
2026/08/28 21:29:03.443, 0, 119.39, 100, 0, 66164, 30, 1980
2026/08/28 21:29:03.443, 1, 120.59, 100, 0, 65782, 28, 1980
2026/08/28 21:29:03.443, 2, 118.11, 100, 0, 62822, 28, 1980
2026/08/28 21:29:03.443, 3, 116.68, 100, 0, 61418, 29, 1980
2026/08/28 21:29:08.444, 0, 119.33, 100, 0, 66164, 30, 1980
2026/08/28 21:29:08.444, 1, 120.61, 100, 0, 65782, 28, 1980
2026/08/28 21:29:08.444, 2, 118.02, 100, 0, 62822, 28, 1980
2026/08/28 21:29:08.444, 3, 116.67, 100, 0, 61418, 29, 1980
2026/08/28 21:29:13.444, 0, 119.43, 100, 0, 66164, 30, 1980
2026/08/28 21:29:13.444, 1, 120.54, 100, 0, 65782, 28, 1980
2026/08/28 21:29:13.444, 2, 118.01, 100, 0, 62822, 28, 1980
2026/08/28 21:29:13.444, 3, 116.70, 100, 0, 61418, 29, 1980
2026/08/28 21:29:18.445, 0, 119.41, 100, 0, 66164, 30, 1980
2026/08/28 21:29:18.445, 1, 120.50, 100, 0, 65782, 28, 1980
2026/08/28 21:29:18.445, 2, 118.01, 100, 0, 62822, 27, 1980
2026/08/28 21:29:18.445, 3, 116.67, 100, 0, 61418, 29, 1980
2026/08/28 21:29:23.445, 0, 119.43, 100, 0, 66164, 30, 1980
2026/08/28 21:29:23.446, 1, 120.52, 100, 0, 65782, 28, 1980
2026/08/28 21:29:23.446, 2, 118.24, 100, 0, 62822, 27, 1980
2026/08/28 21:29:23.446, 3, 116.68, 100, 0, 61418, 29, 1980
2026/08/28 21:29:28.446, 0, 119.39, 100, 0, 66164, 30, 1980
2026/08/28 21:29:28.446, 1, 120.47, 100, 0, 65782, 28, 1980
2026/08/28 21:29:28.446, 2, 118.07, 100, 0, 62822, 27, 1980
2026/08/28 21:29:28.446, 3, 116.63, 100, 0, 61418, 29, 1980
2026/08/28 21:29:33.446, 0, 119.37, 100, 0, 66164, 30, 1980
2026/08/28 21:29:33.447, 1, 120.51, 100, 0, 65782, 28, 1980
2026/08/28 21:29:33.447, 2, 118.27, 100, 0, 62822, 27, 1980
2026/08/28 21:29:33.447, 3, 116.68, 100, 0, 61418, 29, 1980
2026/08/28 21:29:38.447, 0, 119.37, 100, 0, 66164, 30, 1980
2026/08/28 21:29:38.447, 1, 120.48, 100, 0, 65782, 28, 1980
2026/08/28 21:29:38.447, 2, 118.03, 100, 0, 62822, 27, 1980
2026/08/28 21:29:38.447, 3, 116.68, 100, 0, 61418, 29, 1980
2026/08/28 21:29:43.448, 0, 119.44, 100, 0, 66164, 30, 1980
2026/08/28 21:29:43.448, 1, 120.45, 100, 0, 65782, 28, 1980
2026/08/28 21:29:43.448, 2, 117.95, 100, 0, 62822, 27, 1980
2026/08/28 21:29:43.448, 3, 116.63, 100, 0, 61418, 29, 1980
2026/08/28 21:29:48.448, 0, 119.36, 100, 0, 66164, 30, 1980
2026/08/28 21:29:48.448, 1, 120.46, 100, 0, 65782, 28, 1980
2026/08/28 21:29:48.448, 2, 118.14, 100, 0, 62822, 27, 1980
2026/08/28 21:29:48.448, 3, 116.65, 100, 0, 61418, 29, 1980
2026/08/28 21:29:53.449, 0, 119.37, 100, 0, 66164, 30, 1980
2026/08/28 21:29:53.449, 1, 120.46, 100, 0, 65782, 28, 1980
2026/08/28 21:29:53.449, 2, 117.94, 100, 0, 62822, 27, 1980
2026/08/28 21:29:53.449, 3, 116.65, 100, 0, 61418, 29, 1980
2026/08/28 21:29:58.449, 0, 119.38, 100, 0, 66164, 30, 1980
2026/08/28 21:29:58.449, 1, 120.43, 100, 0, 65782, 28, 1980
2026/08/28 21:29:58.449, 2, 118.03, 100, 0, 62822, 27, 1980
2026/08/28 21:29:58.449, 3, 116.65, 100, 0, 61418, 29, 1980
2026/08/28 21:30:03.450, 0, 119.29, 100, 0, 66164, 30, 1980
2026/08/28 21:30:03.450, 1, 120.45, 100, 0, 65782, 28, 1980
2026/08/28 21:30:03.450, 2, 117.90, 100, 0, 62822, 27, 1980
2026/08/28 21:30:03.450, 3, 116.62, 100, 0, 61418, 29, 1980
2026/08/28 21:30:08.450, 0, 119.41, 100, 0, 66164, 29, 1980
2026/08/28 21:30:08.450, 1, 120.42, 100, 0, 65782, 28, 1980
2026/08/28 21:30:08.450, 2, 118.23, 100, 0, 62822, 27, 1980
2026/08/28 21:30:08.450, 3, 116.62, 100, 0, 61418, 29, 1980
2026/08/28 21:30:13.451, 0, 119.33, 100, 0, 66164, 29, 1980
2026/08/28 21:30:13.452, 1, 120.44, 100, 0, 65782, 28, 1980
2026/08/28 21:30:13.453, 2, 117.90, 100, 0, 62822, 27, 1980
2026/08/28 21:30:13.453, 3, 116.60, 100, 0, 61418, 29, 1980
2026/08/28 21:30:18.453, 0, 119.34, 100, 0, 66164, 29, 1980
2026/08/28 21:30:18.453, 1, 120.45, 100, 0, 65782, 28, 1980
2026/08/28 21:30:18.453, 2, 117.92, 100, 0, 62822, 27, 1980
2026/08/28 21:30:18.453, 3, 116.64, 100, 0, 61418, 29, 1980
2026/08/28 21:30:23.454, 0, 119.37, 100, 0, 66164, 29, 1980
2026/08/28 21:30:23.454, 1, 120.40, 100, 0, 65782, 28, 1980
2026/08/28 21:30:23.454, 2, 117.92, 100, 0, 62822, 27, 1980
2026/08/28 21:30:23.454, 3, 116.64, 100, 0, 61418, 29, 1980
2026/08/28 21:30:28.454, 0, 119.34, 100, 0, 66164, 29, 1980
2026/08/28 21:30:28.454, 1, 120.36, 100, 0, 65782, 28, 1980
2026/08/28 21:30:28.454, 2, 118.01, 100, 0, 62822, 27, 1980
2026/08/28 21:30:28.454, 3, 116.54, 100, 0, 61418, 29, 1980
2026/08/28 21:30:33.455, 0, 119.30, 100, 0, 66164, 29, 1980
2026/08/28 21:30:33.455, 1, 120.33, 100, 0, 65782, 27, 1980
2026/08/28 21:30:33.455, 2, 118.10, 100, 0, 62822, 27, 1980
2026/08/28 21:30:33.455, 3, 116.59, 100, 0, 61418, 29, 1980
2026/08/28 21:30:38.455, 0, 119.30, 100, 0, 66164, 29, 1980
2026/08/28 21:30:38.455, 1, 120.38, 100, 0, 65782, 27, 1980
2026/08/28 21:30:38.455, 2, 118.07, 100, 0, 62822, 27, 1980
2026/08/28 21:30:38.455, 3, 116.56, 100, 0, 61418, 29, 1980
2026/08/28 21:30:43.456, 0, 119.35, 100, 0, 66164, 29, 1980
2026/08/28 21:30:43.456, 1, 120.34, 100, 0, 65782, 27, 1980
2026/08/28 21:30:43.456, 2, 118.17, 100, 0, 62822, 27, 1980
2026/08/28 21:30:43.456, 3, 116.54, 100, 0, 61418, 29, 1980
2026/08/28 21:30:48.456, 0, 119.27, 100, 0, 66164, 29, 1980
2026/08/28 21:30:48.456, 1, 120.36, 100, 0, 65782, 27, 1980
2026/08/28 21:30:48.456, 2, 118.15, 100, 0, 62822, 27, 1980
2026/08/28 21:30:48.456, 3, 116.57, 100, 0, 61418, 29, 1980
2026/08/28 21:30:53.457, 0, 119.31, 100, 0, 66164, 29, 1980
2026/08/28 21:30:53.457, 1, 120.36, 100, 0, 65782, 27, 1980
2026/08/28 21:30:53.457, 2, 118.05, 100, 0, 62822, 27, 1980
2026/08/28 21:30:53.457, 3, 116.58, 100, 0, 61418, 28, 1980
2026/08/28 21:30:58.457, 0, 119.27, 100, 0, 66164, 29, 1980
2026/08/28 21:30:58.457, 1, 120.34, 100, 0, 65782, 27, 1980
2026/08/28 21:30:58.457, 2, 118.11, 100, 0, 62822, 27, 1980
2026/08/28 21:30:58.457, 3, 116.56, 100, 0, 61418, 29, 1980
2026/08/28 21:31:03.458, 0, 119.22, 100, 0, 66164, 29, 1980
2026/08/28 21:31:03.458, 1, 120.30, 100, 0, 65782, 27, 1980
2026/08/28 21:31:03.458, 2, 118.03, 100, 0, 62822, 27, 1980
2026/08/28 21:31:03.458, 3, 116.56, 100, 0, 61418, 28, 1980
2026/08/28 21:31:08.458, 0, 119.28, 100, 0, 66164, 29, 1980
2026/08/28 21:31:08.458, 1, 120.29, 100, 0, 65782, 27, 1980
2026/08/28 21:31:08.458, 2, 118.02, 100, 0, 62822, 27, 1980
2026/08/28 21:31:08.458, 3, 116.52, 100, 0, 61418, 28, 1980
2026/08/28 21:31:13.459, 0, 119.23, 100, 0, 66164, 29, 1980
2026/08/28 21:31:13.459, 1, 120.31, 100, 0, 65782, 27, 1980
2026/08/28 21:31:13.459, 2, 118.04, 100, 0, 62822, 27, 1980
2026/08/28 21:31:13.459, 3, 116.48, 100, 0, 61418, 28, 1980
2026/08/28 21:31:18.459, 0, 119.28, 100, 0, 66164, 29, 1980
2026/08/28 21:31:18.459, 1, 120.30, 100, 0, 65782, 27, 1980
2026/08/28 21:31:18.459, 2, 117.75, 100, 0, 62822, 27, 1980
2026/08/28 21:31:18.459, 3, 116.56, 100, 0, 61418, 28, 1980
2026/08/28 21:31:23.460, 0, 119.26, 100, 0, 66164, 29, 1980
2026/08/28 21:31:23.460, 1, 120.31, 100, 0, 65782, 27, 1980
2026/08/28 21:31:23.460, 2, 118.07, 100, 0, 62822, 27, 1980
2026/08/28 21:31:23.460, 3, 116.48, 100, 0, 61418, 28, 1980
2026/08/28 21:31:28.460, 0, 119.27, 100, 0, 66164, 29, 1980
2026/08/28 21:31:28.460, 1, 120.40, 100, 0, 65782, 27, 1980
2026/08/28 21:31:28.460, 2, 117.79, 100, 0, 62822, 27, 1980
2026/08/28 21:31:28.460, 3, 116.54, 100, 0, 61418, 28, 1980
2026/08/28 21:31:33.461, 0, 119.32, 100, 0, 66164, 29, 1980
2026/08/28 21:31:33.461, 1, 120.37, 100, 0, 65782, 27, 1980
2026/08/28 21:31:33.461, 2, 117.95, 100, 0, 62822, 27, 1980
2026/08/28 21:31:33.461, 3, 116.51, 100, 0, 61418, 28, 1980
2026/08/28 21:31:38.461, 0, 119.29, 100, 0, 66164, 29, 1980
2026/08/28 21:31:38.461, 1, 120.34, 100, 0, 65782, 27, 1980
2026/08/28 21:31:38.461, 2, 117.95, 100, 0, 62822, 27, 1980
2026/08/28 21:31:38.461, 3, 116.53, 100, 0, 61418, 28, 1980
2026/08/28 21:31:43.462, 0, 119.29, 100, 0, 66164, 29, 1980
2026/08/28 21:31:43.462, 1, 120.38, 100, 0, 65782, 27, 1980
2026/08/28 21:31:43.462, 2, 117.92, 100, 0, 62822, 27, 1980
2026/08/28 21:31:43.462, 3, 116.49, 100, 0, 61418, 28, 1980
2026/08/28 21:31:48.462, 0, 119.32, 100, 0, 66164, 29, 1980
2026/08/28 21:31:48.462, 1, 120.38, 100, 0, 65782, 27, 1980
2026/08/28 21:31:48.462, 2, 117.81, 100, 0, 62822, 27, 1980
2026/08/28 21:31:48.463, 3, 116.50, 100, 0, 61418, 28, 1980
2026/08/28 21:31:53.463, 0, 119.31, 100, 0, 66164, 29, 1980
2026/08/28 21:31:53.463, 1, 120.36, 100, 0, 65782, 27, 1980
2026/08/28 21:31:53.463, 2, 117.77, 100, 0, 62822, 27, 1980
2026/08/28 21:31:53.463, 3, 116.48, 100, 0, 61418, 28, 1980
2026/08/28 21:31:58.463, 0, 119.31, 100, 0, 66164, 29, 1980
2026/08/28 21:31:58.464, 1, 120.41, 100, 0, 65782, 27, 1980
2026/08/28 21:31:58.464, 2, 117.80, 100, 0, 62822, 27, 1980
2026/08/28 21:31:58.464, 3, 116.55, 100, 0, 61418, 28, 1980
2026/08/28 21:32:03.464, 0, 119.29, 100, 0, 66164, 29, 1980
2026/08/28 21:32:03.464, 1, 120.38, 100, 0, 65782, 27, 1980
2026/08/28 21:32:03.464, 2, 117.88, 100, 0, 62822, 27, 1980
2026/08/28 21:32:03.464, 3, 116.51, 100, 0, 61418, 28, 1980
2026/08/28 21:32:08.465, 0, 119.29, 100, 0, 66164, 29, 1980
2026/08/28 21:32:08.465, 1, 120.37, 100, 0, 65782, 27, 1980
2026/08/28 21:32:08.465, 2, 117.86, 100, 0, 62822, 27, 1980
2026/08/28 21:32:08.465, 3, 116.45, 100, 0, 61418, 28, 1980
2026/08/28 21:32:13.465, 0, 119.20, 100, 0, 66164, 29, 1980
2026/08/28 21:32:13.465, 1, 120.40, 100, 0, 65782, 27, 1980
2026/08/28 21:32:13.465, 2, 117.70, 100, 0, 62822, 27, 1980
2026/08/28 21:32:13.465, 3, 116.49, 100, 0, 61418, 28, 1980
2026/08/28 21:32:18.466, 0, 119.29, 100, 0, 66164, 29, 1980
2026/08/28 21:32:18.466, 1, 120.38, 100, 0, 65782, 27, 1980
2026/08/28 21:32:18.466, 2, 118.00, 100, 0, 62822, 27, 1980
2026/08/28 21:32:18.466, 3, 116.50, 100, 0, 61418, 28, 1980
2026/08/28 21:32:23.466, 0, 119.32, 100, 0, 66164, 29, 1980
2026/08/28 21:32:23.466, 1, 120.38, 100, 0, 65782, 27, 1980
2026/08/28 21:32:23.466, 2, 117.86, 100, 0, 62822, 27, 1980
2026/08/28 21:32:23.466, 3, 116.50, 100, 0, 61418, 28, 1980
2026/08/28 21:32:28.467, 0, 119.30, 100, 0, 66164, 29, 1980
2026/08/28 21:32:28.467, 1, 120.36, 100, 0, 65782, 27, 1980
2026/08/28 21:32:28.467, 2, 117.75, 100, 0, 62822, 27, 1980
2026/08/28 21:32:28.467, 3, 116.42, 100, 0, 61418, 28, 1980
2026/08/28 21:32:33.467, 0, 119.25, 100, 0, 66164, 29, 1980
2026/08/28 21:32:33.467, 1, 120.37, 100, 0, 65782, 27, 1980
2026/08/28 21:32:33.467, 2, 117.67, 100, 0, 62822, 27, 1980
2026/08/28 21:32:33.467, 3, 116.53, 100, 0, 61418, 28, 1980
2026/08/28 21:32:38.468, 0, 119.30, 100, 0, 66164, 29, 1980
2026/08/28 21:32:38.468, 1, 120.32, 100, 0, 65782, 27, 1980
2026/08/28 21:32:38.468, 2, 117.83, 100, 0, 62822, 27, 1980
2026/08/28 21:32:38.468, 3, 116.44, 100, 0, 61418, 28, 1980
2026/08/28 21:32:43.468, 0, 119.24, 100, 0, 66164, 29, 1980
2026/08/28 21:32:43.468, 1, 120.28, 100, 0, 65782, 27, 1980
2026/08/28 21:32:43.468, 2, 117.70, 100, 0, 62822, 27, 1980
2026/08/28 21:32:43.468, 3, 116.43, 100, 0, 61418, 28, 1980
2026/08/28 21:32:48.469, 0, 119.23, 100, 0, 66164, 29, 1980
2026/08/28 21:32:48.469, 1, 120.32, 100, 0, 65782, 27, 1980
2026/08/28 21:32:48.469, 2, 117.61, 100, 0, 62822, 27, 1980
2026/08/28 21:32:48.469, 3, 116.48, 100, 0, 61418, 28, 1980
2026/08/28 21:32:53.469, 0, 119.23, 100, 0, 66164, 29, 1980
2026/08/28 21:32:53.469, 1, 120.37, 100, 0, 65782, 27, 1980
2026/08/28 21:32:53.469, 2, 117.67, 100, 0, 62822, 27, 1980
2026/08/28 21:32:53.469, 3, 116.45, 100, 0, 61418, 28, 1980
2026/08/28 21:32:58.470, 0, 119.23, 100, 0, 66164, 29, 1980
2026/08/28 21:32:58.470, 1, 120.35, 100, 0, 65782, 27, 1980
2026/08/28 21:32:58.470, 2, 117.62, 100, 0, 62822, 27, 1980
2026/08/28 21:32:58.470, 3, 116.44, 100, 0, 61418, 28, 1980
2026/08/28 21:33:03.470, 0, 119.26, 100, 0, 66164, 29, 1980
2026/08/28 21:33:03.470, 1, 120.34, 100, 0, 65782, 27, 1980
2026/08/28 21:33:03.471, 2, 117.51, 100, 0, 62822, 27, 1980
2026/08/28 21:33:03.471, 3, 116.49, 100, 0, 61418, 28, 1980
2026/08/28 21:33:08.471, 0, 119.23, 100, 0, 66164, 29, 1980
2026/08/28 21:33:08.471, 1, 120.34, 100, 0, 65782, 27, 1980
2026/08/28 21:33:08.471, 2, 117.93, 100, 0, 62822, 27, 1980
2026/08/28 21:33:08.471, 3, 116.54, 100, 0, 61418, 28, 1980
2026/08/28 21:33:13.472, 0, 119.23, 100, 0, 66164, 29, 1980
2026/08/28 21:33:13.472, 1, 120.35, 100, 0, 65782, 27, 1980
2026/08/28 21:33:13.472, 2, 117.65, 100, 0, 62822, 27, 1980
2026/08/28 21:33:13.472, 3, 116.51, 100, 0, 61418, 28, 1980
2026/08/28 21:33:18.472, 0, 119.30, 100, 0, 66164, 29, 1980
2026/08/28 21:33:18.472, 1, 120.40, 100, 0, 65782, 27, 1980
2026/08/28 21:33:18.472, 2, 117.61, 100, 0, 62822, 27, 1980
2026/08/28 21:33:18.472, 3, 116.56, 100, 0, 61418, 28, 1980
2026/08/28 21:33:23.473, 0, 119.26, 100, 0, 66164, 29, 1980
2026/08/28 21:33:23.473, 1, 120.43, 100, 0, 65782, 27, 1980
2026/08/28 21:33:23.473, 2, 117.59, 100, 0, 62822, 27, 1980
2026/08/28 21:33:23.473, 3, 116.50, 100, 0, 61418, 28, 1980
2026/08/28 21:33:28.473, 0, 119.24, 100, 0, 66164, 29, 1980
2026/08/28 21:33:28.473, 1, 120.40, 100, 0, 65782, 27, 1980
2026/08/28 21:33:28.474, 2, 117.92, 100, 0, 62822, 27, 1980
2026/08/28 21:33:28.474, 3, 116.57, 100, 0, 61418, 28, 1980
2026/08/28 21:33:33.474, 0, 119.32, 100, 0, 66164, 29, 1980
2026/08/28 21:33:33.474, 1, 120.41, 100, 0, 65782, 27, 1980
2026/08/28 21:33:33.474, 2, 117.73, 100, 0, 62822, 27, 1980
2026/08/28 21:33:33.474, 3, 116.57, 100, 0, 61418, 28, 1980
2026/08/28 21:33:38.474, 0, 119.28, 100, 0, 66164, 29, 1980
2026/08/28 21:33:38.475, 1, 120.43, 100, 0, 65782, 27, 1980
2026/08/28 21:33:38.475, 2, 118.00, 100, 0, 62822, 27, 1980
2026/08/28 21:33:38.475, 3, 116.58, 100, 0, 61418, 28, 1980
2026/08/28 21:33:43.475, 0, 119.27, 100, 0, 66164, 29, 1980
2026/08/28 21:33:43.475, 1, 120.43, 100, 0, 65782, 27, 1980
2026/08/28 21:33:43.475, 2, 117.96, 100, 0, 62822, 27, 1980
2026/08/28 21:33:43.475, 3, 116.58, 100, 0, 61418, 28, 1980
2026/08/28 21:33:48.476, 0, 119.26, 100, 0, 66164, 29, 1980
2026/08/28 21:33:48.476, 1, 120.46, 100, 0, 65782, 27, 1980
2026/08/28 21:33:48.476, 2, 117.74, 100, 0, 62822, 27, 1980
2026/08/28 21:33:48.476, 3, 116.61, 100, 0, 61418, 28, 1980
2026/08/28 21:33:53.476, 0, 119.29, 100, 0, 66164, 29, 1980
2026/08/28 21:33:53.476, 1, 120.41, 100, 0, 65782, 27, 1980
2026/08/28 21:33:53.476, 2, 117.92, 100, 0, 62822, 27, 1980
2026/08/28 21:33:53.476, 3, 116.57, 100, 0, 61418, 28, 1980
2026/08/28 21:33:58.477, 0, 119.34, 100, 0, 66164, 29, 1980
2026/08/28 21:33:58.477, 1, 120.40, 100, 0, 65782, 27, 1980
2026/08/28 21:33:58.477, 2, 117.88, 100, 0, 62822, 27, 1980
2026/08/28 21:33:58.477, 3, 116.61, 100, 0, 61418, 28, 1980
2026/08/28 21:34:03.477, 0, 119.32, 100, 0, 66164, 29, 1980
2026/08/28 21:34:03.477, 1, 120.43, 100, 0, 65782, 27, 1980
2026/08/28 21:34:03.477, 2, 117.95, 100, 0, 62822, 27, 1980
2026/08/28 21:34:03.477, 3, 116.56, 100, 0, 61418, 29, 1980
2026/08/28 21:34:08.478, 0, 119.32, 100, 0, 66164, 29, 1980
2026/08/28 21:34:08.478, 1, 120.39, 100, 0, 65782, 27, 1980
2026/08/28 21:34:08.478, 2, 117.71, 100, 0, 62822, 27, 1980
2026/08/28 21:34:08.478, 3, 116.56, 100, 0, 61418, 29, 1980
2026/08/28 21:34:13.478, 0, 119.29, 100, 0, 66164, 29, 1980
2026/08/28 21:34:13.478, 1, 120.37, 100, 0, 65782, 27, 1980
2026/08/28 21:34:13.478, 2, 117.97, 100, 0, 62822, 27, 1980
2026/08/28 21:34:13.478, 3, 116.52, 100, 0, 61418, 29, 1980
2026/08/28 21:34:18.479, 0, 119.28, 100, 0, 66164, 29, 1980
2026/08/28 21:34:18.479, 1, 120.35, 100, 0, 65782, 27, 1980
2026/08/28 21:34:18.479, 2, 117.72, 100, 0, 62822, 27, 1980
2026/08/28 21:34:18.479, 3, 116.59, 100, 0, 61418, 28, 1980
2026/08/28 21:34:23.479, 0, 119.33, 100, 0, 66164, 29, 1980
2026/08/28 21:34:23.479, 1, 120.37, 100, 0, 65782, 27, 1980
2026/08/28 21:34:23.479, 2, 118.15, 100, 0, 62822, 27, 1980
2026/08/28 21:34:23.480, 3, 116.53, 100, 0, 61418, 29, 1980
2026/08/28 21:34:28.480, 0, 119.28, 100, 0, 66164, 29, 1980
2026/08/28 21:34:28.480, 1, 120.35, 100, 0, 65782, 27, 1980
2026/08/28 21:34:28.480, 2, 118.05, 100, 0, 62822, 27, 1980
2026/08/28 21:34:28.480, 3, 116.59, 100, 0, 61418, 28, 1980
2026/08/28 21:34:33.480, 0, 119.32, 100, 0, 66164, 29, 1980
2026/08/28 21:34:33.480, 1, 120.35, 100, 0, 65782, 27, 1980
2026/08/28 21:34:33.480, 2, 118.11, 100, 0, 62822, 27, 1980
2026/08/28 21:34:33.480, 3, 116.61, 100, 0, 61418, 28, 1980
2026/08/28 21:34:38.481, 0, 119.24, 100, 0, 66164, 29, 1980
2026/08/28 21:34:38.481, 1, 120.32, 100, 0, 65782, 27, 1980
2026/08/28 21:34:38.481, 2, 118.04, 100, 0, 62822, 27, 1980
2026/08/28 21:34:38.481, 3, 116.63, 100, 0, 61418, 28, 1980
2026/08/28 21:34:43.481, 0, 119.27, 100, 0, 66164, 29, 1980
2026/08/28 21:34:43.481, 1, 120.32, 100, 0, 65782, 27, 1980
2026/08/28 21:34:43.481, 2, 117.79, 100, 0, 62822, 27, 1980
2026/08/28 21:34:43.481, 3, 116.60, 100, 0, 61418, 28, 1980
2026/08/28 21:34:48.482, 0, 119.23, 100, 0, 66164, 29, 1980
2026/08/28 21:34:48.482, 1, 120.28, 100, 0, 65782, 27, 1980
2026/08/28 21:34:48.482, 2, 118.08, 100, 0, 62822, 27, 1980
2026/08/28 21:34:48.482, 3, 116.64, 100, 0, 61418, 28, 1980
2026/08/28 21:34:53.482, 0, 119.28, 100, 0, 66164, 29, 1980
2026/08/28 21:34:53.482, 1, 120.31, 100, 0, 65782, 27, 1980
2026/08/28 21:34:53.482, 2, 117.88, 100, 0, 62822, 27, 1980
2026/08/28 21:34:53.482, 3, 116.54, 100, 0, 61418, 28, 1980
2026/08/28 21:34:58.483, 0, 119.24, 100, 0, 66164, 29, 1980
2026/08/28 21:34:58.483, 1, 120.29, 100, 0, 65782, 27, 1980
2026/08/28 21:34:58.483, 2, 117.92, 100, 0, 62822, 27, 1980
2026/08/28 21:34:58.483, 3, 116.59, 100, 0, 61418, 28, 1980
2026/08/28 21:35:03.483, 0, 119.28, 100, 0, 66164, 29, 1980
2026/08/28 21:35:03.483, 1, 120.30, 100, 0, 65782, 27, 1980
2026/08/28 21:35:03.483, 2, 118.14, 100, 0, 62822, 27, 1980
2026/08/28 21:35:03.483, 3, 116.55, 100, 0, 61418, 28, 1980
2026/08/28 21:35:08.484, 0, 119.26, 100, 0, 66164, 29, 1980
2026/08/28 21:35:08.484, 1, 120.32, 100, 0, 65782, 27, 1980
2026/08/28 21:35:08.484, 2, 118.11, 100, 0, 62822, 27, 1980
2026/08/28 21:35:08.484, 3, 116.56, 100, 0, 61418, 28, 1980
2026/08/28 21:35:13.484, 0, 119.28, 100, 0, 66164, 29, 1980
2026/08/28 21:35:13.484, 1, 120.31, 100, 0, 65782, 27, 1980
2026/08/28 21:35:13.484, 2, 117.75, 100, 0, 62822, 27, 1980
2026/08/28 21:35:13.485, 3, 116.60, 100, 0, 61418, 28, 1980
2026/08/28 21:35:18.485, 0, 119.20, 100, 0, 66164, 29, 1980
2026/08/28 21:35:18.485, 1, 120.29, 100, 0, 65782, 27, 1980
2026/08/28 21:35:18.485, 2, 118.01, 100, 0, 62822, 27, 1980
2026/08/28 21:35:18.485, 3, 116.53, 100, 0, 61418, 28, 1980
2026/08/28 21:35:23.485, 0, 119.18, 100, 0, 66164, 29, 1980
2026/08/28 21:35:23.485, 1, 120.27, 100, 0, 65782, 27, 1980
2026/08/28 21:35:23.486, 2, 118.02, 100, 0, 62822, 27, 1980
2026/08/28 21:35:23.486, 3, 116.57, 100, 0, 61418, 28, 1980
2026/08/28 21:35:28.486, 0, 119.23, 100, 0, 66164, 29, 1980
2026/08/28 21:35:28.486, 1, 120.25, 100, 0, 65782, 27, 1980
2026/08/28 21:35:28.486, 2, 117.93, 100, 0, 62822, 27, 1980
2026/08/28 21:35:28.486, 3, 116.56, 100, 0, 61418, 28, 1980
2026/08/28 21:35:33.486, 0, 119.25, 100, 0, 66164, 29, 1980
2026/08/28 21:35:33.487, 1, 120.29, 100, 0, 65782, 27, 1980
2026/08/28 21:35:33.487, 2, 118.08, 100, 0, 62822, 27, 1980
2026/08/28 21:35:33.487, 3, 116.55, 100, 0, 61418, 28, 1980
2026/08/28 21:35:38.487, 0, 119.20, 100, 0, 66164, 29, 1980
2026/08/28 21:35:38.487, 1, 120.26, 100, 0, 65782, 27, 1980
2026/08/28 21:35:38.487, 2, 118.05, 100, 0, 62822, 27, 1980
2026/08/28 21:35:38.487, 3, 116.59, 100, 0, 61418, 28, 1980
2026/08/28 21:35:43.487, 0, 119.20, 100, 0, 66164, 29, 1980
2026/08/28 21:35:43.488, 1, 120.27, 100, 0, 65782, 27, 1980
2026/08/28 21:35:43.488, 2, 117.92, 100, 0, 62822, 27, 1980
2026/08/28 21:35:43.488, 3, 116.51, 100, 0, 61418, 28, 1980
2026/08/28 21:35:48.488, 0, 119.20, 100, 0, 66164, 29, 1980
2026/08/28 21:35:48.488, 1, 120.32, 100, 0, 65782, 27, 1980
2026/08/28 21:35:48.488, 2, 118.00, 100, 0, 62822, 27, 1980
2026/08/28 21:35:48.488, 3, 116.60, 100, 0, 61418, 28, 1980
2026/08/28 21:35:53.489, 0, 119.22, 100, 0, 66164, 29, 1980
2026/08/28 21:35:53.489, 1, 120.34, 100, 0, 65782, 27, 1980
2026/08/28 21:35:53.489, 2, 118.02, 100, 0, 62822, 27, 1980
2026/08/28 21:35:53.489, 3, 116.55, 100, 0, 61418, 28, 1980
2026/08/28 21:35:58.489, 0, 119.20, 100, 0, 66164, 29, 1980
2026/08/28 21:35:58.489, 1, 120.32, 100, 0, 65782, 27, 1980
2026/08/28 21:35:58.489, 2, 117.91, 100, 0, 62822, 27, 1980
2026/08/28 21:35:58.489, 3, 116.63, 100, 0, 61418, 28, 1980
2026/08/28 21:36:03.490, 0, 119.27, 100, 0, 66164, 29, 1980
2026/08/28 21:36:03.490, 1, 120.36, 100, 0, 65782, 27, 1980
2026/08/28 21:36:03.490, 2, 117.88, 100, 0, 62822, 27, 1980
2026/08/28 21:36:03.490, 3, 116.60, 100, 0, 61418, 28, 1980
2026/08/28 21:36:08.490, 0, 119.28, 100, 0, 66164, 29, 1980
2026/08/28 21:36:08.490, 1, 120.39, 100, 0, 65782, 27, 1980
2026/08/28 21:36:08.490, 2, 117.80, 100, 0, 62822, 27, 1980
2026/08/28 21:36:08.490, 3, 116.57, 100, 0, 61418, 29, 1980
2026/08/28 21:36:13.491, 0, 119.28, 100, 0, 66164, 29, 1980
2026/08/28 21:36:13.491, 1, 120.41, 100, 0, 65782, 27, 1980
2026/08/28 21:36:13.491, 2, 117.63, 100, 0, 62822, 27, 1980
2026/08/28 21:36:13.491, 3, 116.58, 100, 0, 61418, 28, 1980
2026/08/28 21:36:18.491, 0, 119.28, 100, 0, 66164, 29, 1980
2026/08/28 21:36:18.491, 1, 120.44, 100, 0, 65782, 27, 1980
2026/08/28 21:36:18.491, 2, 117.89, 100, 0, 62822, 27, 1980
2026/08/28 21:36:18.491, 3, 116.60, 100, 0, 61418, 29, 1980
2026/08/28 21:36:23.492, 0, 119.25, 100, 0, 66164, 29, 1980
2026/08/28 21:36:23.492, 1, 120.41, 100, 0, 65782, 27, 1980
2026/08/28 21:36:23.492, 2, 117.57, 100, 0, 62822, 27, 1980
2026/08/28 21:36:23.492, 3, 116.59, 100, 0, 61418, 29, 1980
2026/08/28 21:36:28.492, 0, 119.21, 100, 0, 66164, 29, 1980
2026/08/28 21:36:28.492, 1, 120.39, 100, 0, 65782, 27, 1980
2026/08/28 21:36:28.492, 2, 117.69, 100, 0, 62822, 27, 1980
2026/08/28 21:36:28.492, 3, 116.64, 100, 0, 61418, 28, 1980
2026/08/28 21:36:33.493, 0, 119.27, 100, 0, 66164, 29, 1980
2026/08/28 21:36:33.493, 1, 120.44, 100, 0, 65782, 27, 1980
2026/08/28 21:36:33.493, 2, 117.69, 100, 0, 62822, 27, 1980
2026/08/28 21:36:33.493, 3, 116.63, 100, 0, 61418, 29, 1980
2026/08/28 21:36:38.493, 0, 119.29, 100, 0, 66164, 29, 1980
2026/08/28 21:36:38.493, 1, 120.41, 100, 0, 65782, 27, 1980
2026/08/28 21:36:38.493, 2, 117.69, 100, 0, 62822, 27, 1980
2026/08/28 21:36:38.493, 3, 116.60, 100, 0, 61418, 29, 1980
2026/08/28 21:36:43.494, 0, 119.31, 100, 0, 66164, 29, 1980
2026/08/28 21:36:43.494, 1, 120.43, 100, 0, 65782, 27, 1980
2026/08/28 21:36:43.494, 2, 117.81, 100, 0, 62822, 27, 1980
2026/08/28 21:36:43.494, 3, 116.55, 100, 0, 61418, 29, 1980
2026/08/28 21:36:48.494, 0, 119.25, 100, 0, 66164, 29, 1980
2026/08/28 21:36:48.494, 1, 120.39, 100, 0, 65782, 27, 1980
2026/08/28 21:36:48.494, 2, 117.77, 100, 0, 62822, 27, 1980
2026/08/28 21:36:48.494, 3, 116.56, 100, 0, 61418, 29, 1980
2026/08/28 21:36:53.495, 0, 119.20, 100, 0, 66164, 29, 1980
2026/08/28 21:36:53.495, 1, 120.39, 100, 0, 65782, 27, 1980
2026/08/28 21:36:53.495, 2, 117.78, 100, 0, 62822, 27, 1980
2026/08/28 21:36:53.495, 3, 116.57, 100, 0, 61418, 29, 1980
2026/08/28 21:36:58.495, 0, 119.32, 100, 0, 66164, 29, 1980
2026/08/28 21:36:58.495, 1, 120.34, 100, 0, 65782, 27, 1980
2026/08/28 21:36:58.495, 2, 117.74, 100, 0, 62822, 27, 1980
2026/08/28 21:36:58.496, 3, 116.60, 100, 0, 61418, 29, 1980
2026/08/28 21:37:03.496, 0, 119.31, 100, 0, 66164, 29, 1980
2026/08/28 21:37:03.496, 1, 120.39, 100, 0, 65782, 27, 1980
2026/08/28 21:37:03.496, 2, 117.64, 100, 0, 62822, 27, 1980
2026/08/28 21:37:03.496, 3, 116.55, 100, 0, 61418, 28, 1980
2026/08/28 21:37:08.496, 0, 119.31, 100, 0, 66164, 29, 1980
2026/08/28 21:37:08.496, 1, 120.29, 100, 0, 65782, 27, 1980
2026/08/28 21:37:08.497, 2, 117.92, 100, 0, 62822, 27, 1980
2026/08/28 21:37:08.497, 3, 116.60, 100, 0, 61418, 28, 1980
2026/08/28 21:37:13.497, 0, 119.22, 100, 0, 66164, 29, 1980
2026/08/28 21:37:13.497, 1, 120.29, 100, 0, 65782, 27, 1980
2026/08/28 21:37:13.497, 2, 117.84, 100, 0, 62822, 27, 1980
2026/08/28 21:37:13.497, 3, 116.51, 100, 0, 61418, 28, 1980
2026/08/28 21:37:18.497, 0, 119.26, 100, 0, 66164, 29, 1980
2026/08/28 21:37:18.497, 1, 120.31, 100, 0, 65782, 27, 1980
2026/08/28 21:37:18.498, 2, 117.97, 100, 0, 62822, 27, 1980
2026/08/28 21:37:18.498, 3, 116.60, 100, 0, 61418, 28, 1980
2026/08/28 21:37:23.498, 0, 119.24, 100, 0, 66164, 29, 1980
2026/08/28 21:37:23.498, 1, 120.31, 100, 0, 65782, 27, 1980
2026/08/28 21:37:23.498, 2, 117.84, 100, 0, 62822, 27, 1980
2026/08/28 21:37:23.498, 3, 116.60, 100, 0, 61418, 28, 1980
2026/08/28 21:37:28.498, 0, 119.24, 100, 0, 66164, 29, 1980
2026/08/28 21:37:28.499, 1, 120.30, 100, 0, 65782, 27, 1980
2026/08/28 21:37:28.501, 2, 117.64, 100, 0, 62822, 27, 1980
2026/08/28 21:37:28.502, 3, 116.57, 100, 0, 61418, 28, 1980
2026/08/28 21:37:33.504, 0, 119.27, 100, 0, 66164, 29, 1980
2026/08/28 21:37:33.504, 1, 120.31, 100, 0, 65782, 27, 1980
2026/08/28 21:37:33.504, 2, 117.77, 100, 0, 62822, 27, 1980
2026/08/28 21:37:33.504, 3, 116.54, 100, 0, 61418, 28, 1980
2026/08/28 21:37:38.504, 0, 119.35, 100, 0, 66164, 29, 1980
2026/08/28 21:37:38.504, 1, 120.36, 100, 0, 65782, 27, 1980
2026/08/28 21:37:38.504, 2, 117.84, 100, 0, 62822, 27, 1980
2026/08/28 21:37:38.504, 3, 116.54, 100, 0, 61418, 28, 1980
2026/08/28 21:37:43.505, 0, 119.24, 100, 0, 66164, 29, 1980
2026/08/28 21:37:43.505, 1, 120.38, 100, 0, 65782, 27, 1980
2026/08/28 21:37:43.505, 2, 117.72, 100, 0, 62822, 27, 1980
2026/08/28 21:37:43.505, 3, 116.58, 100, 0, 61418, 28, 1980
2026/08/28 21:37:48.505, 0, 119.25, 100, 0, 66164, 29, 1980
2026/08/28 21:37:48.505, 1, 120.33, 100, 0, 65782, 27, 1980
2026/08/28 21:37:48.505, 2, 117.75, 100, 0, 62822, 27, 1980
2026/08/28 21:37:48.505, 3, 116.59, 100, 0, 61418, 28, 1980
2026/08/28 21:37:53.506, 0, 119.25, 100, 0, 66164, 29, 1980
2026/08/28 21:37:53.506, 1, 120.40, 100, 0, 65782, 27, 1980
2026/08/28 21:37:53.506, 2, 117.77, 100, 0, 62822, 27, 1980
2026/08/28 21:37:53.506, 3, 116.60, 100, 0, 61418, 28, 1980
2026/08/28 21:37:58.506, 0, 119.26, 100, 0, 66164, 29, 1980
2026/08/28 21:37:58.506, 1, 120.39, 100, 0, 65782, 27, 1980
2026/08/28 21:37:58.506, 2, 118.12, 100, 0, 62822, 27, 1980
2026/08/28 21:37:58.506, 3, 116.64, 100, 0, 61418, 28, 1980
2026/08/28 21:38:03.507, 0, 119.21, 100, 0, 66164, 29, 1980
2026/08/28 21:38:03.507, 1, 120.36, 100, 0, 65782, 27, 1980
2026/08/28 21:38:03.507, 2, 117.95, 100, 0, 62822, 27, 1980
2026/08/28 21:38:03.507, 3, 116.59, 100, 0, 61418, 28, 1980
2026/08/28 21:38:08.507, 0, 119.24, 100, 0, 66164, 29, 1980
2026/08/28 21:38:08.507, 1, 120.38, 100, 0, 65782, 27, 1980
2026/08/28 21:38:08.507, 2, 117.97, 100, 0, 62822, 27, 1980
2026/08/28 21:38:08.507, 3, 116.53, 100, 0, 61418, 28, 1980
2026/08/28 21:38:13.508, 0, 119.28, 100, 0, 66164, 29, 1980
2026/08/28 21:38:13.508, 1, 120.32, 100, 0, 65782, 27, 1980
2026/08/28 21:38:13.508, 2, 117.64, 100, 0, 62822, 27, 1980
2026/08/28 21:38:13.508, 3, 116.54, 100, 0, 61418, 28, 1980
2026/08/28 21:38:18.508, 0, 119.27, 100, 0, 66164, 29, 1980
2026/08/28 21:38:18.508, 1, 120.34, 100, 0, 65782, 27, 1980
2026/08/28 21:38:18.508, 2, 117.90, 100, 0, 62822, 27, 1980
2026/08/28 21:38:18.508, 3, 116.53, 100, 0, 61418, 28, 1980
2026/08/28 21:38:23.509, 0, 119.25, 100, 0, 66164, 29, 1980
2026/08/28 21:38:23.509, 1, 120.34, 100, 0, 65782, 27, 1980
2026/08/28 21:38:23.509, 2, 117.84, 100, 0, 62822, 27, 1980
2026/08/28 21:38:23.509, 3, 116.55, 100, 0, 61418, 28, 1980
2026/08/28 21:38:28.509, 0, 119.21, 100, 0, 66164, 29, 1980
2026/08/28 21:38:28.509, 1, 120.35, 100, 0, 65782, 27, 1980
2026/08/28 21:38:28.509, 2, 118.03, 100, 0, 62822, 27, 1980
2026/08/28 21:38:28.509, 3, 116.57, 100, 0, 61418, 28, 1980
2026/08/28 21:38:33.510, 0, 119.24, 100, 0, 66164, 29, 1980
2026/08/28 21:38:33.510, 1, 120.34, 100, 0, 65782, 27, 1980
2026/08/28 21:38:33.510, 2, 117.79, 100, 0, 62822, 27, 1980
2026/08/28 21:38:33.510, 3, 116.60, 100, 0, 61418, 28, 1980
2026/08/28 21:38:38.510, 0, 119.26, 100, 0, 66164, 29, 1980
2026/08/28 21:38:38.510, 1, 120.32, 100, 0, 65782, 27, 1980
2026/08/28 21:38:38.510, 2, 117.53, 100, 0, 62822, 27, 1980
2026/08/28 21:38:38.510, 3, 116.55, 100, 0, 61418, 28, 1980
2026/08/28 21:38:43.511, 0, 119.21, 100, 0, 66164, 29, 1980
2026/08/28 21:38:43.511, 1, 120.30, 100, 0, 65782, 27, 1980
2026/08/28 21:38:43.511, 2, 117.85, 100, 0, 62822, 27, 1980
2026/08/28 21:38:43.511, 3, 116.55, 100, 0, 61418, 28, 1980
2026/08/28 21:38:48.511, 0, 119.25, 100, 0, 66164, 29, 1980
2026/08/28 21:38:48.511, 1, 120.33, 100, 0, 65782, 27, 1980
2026/08/28 21:38:48.511, 2, 117.74, 100, 0, 62822, 27, 1980
2026/08/28 21:38:48.511, 3, 116.58, 100, 0, 61418, 28, 1980
2026/08/28 21:38:53.512, 0, 119.26, 100, 0, 66164, 29, 1980
2026/08/28 21:38:53.512, 1, 120.31, 100, 0, 65782, 27, 1980
2026/08/28 21:38:53.512, 2, 117.84, 100, 0, 62822, 27, 1980
2026/08/28 21:38:53.512, 3, 116.58, 100, 0, 61418, 28, 1980
2026/08/28 21:38:58.512, 0, 119.28, 100, 0, 66164, 29, 1980
2026/08/28 21:38:58.512, 1, 120.29, 100, 0, 65782, 27, 1980
2026/08/28 21:38:58.512, 2, 117.77, 100, 0, 62822, 27, 1980
2026/08/28 21:38:58.512, 3, 116.57, 100, 0, 61418, 28, 1980
2026/08/28 21:39:03.513, 0, 119.23, 100, 0, 66164, 29, 1980
2026/08/28 21:39:03.513, 1, 120.33, 100, 0, 65782, 27, 1980
2026/08/28 21:39:03.513, 2, 117.64, 100, 0, 62822, 27, 1980
2026/08/28 21:39:03.513, 3, 116.56, 100, 0, 61418, 28, 1980
2026/08/28 21:39:08.513, 0, 119.24, 100, 0, 66164, 29, 1980
2026/08/28 21:39:08.513, 1, 120.39, 100, 0, 65782, 27, 1980
2026/08/28 21:39:08.513, 2, 117.72, 100, 0, 62822, 27, 1980
2026/08/28 21:39:08.513, 3, 116.59, 100, 0, 61418, 28, 1980
2026/08/28 21:39:13.514, 0, 119.19, 100, 0, 66164, 29, 1980
2026/08/28 21:39:13.514, 1, 120.36, 100, 0, 65782, 27, 1980
2026/08/28 21:39:13.514, 2, 117.88, 100, 0, 62822, 27, 1980
2026/08/28 21:39:13.514, 3, 116.50, 100, 0, 61418, 28, 1980
2026/08/28 21:39:18.514, 0, 119.24, 100, 0, 66164, 29, 1980
2026/08/28 21:39:18.514, 1, 120.37, 100, 0, 65782, 27, 1980
2026/08/28 21:39:18.514, 2, 117.97, 100, 0, 62822, 27, 1980
2026/08/28 21:39:18.514, 3, 116.54, 100, 0, 61418, 28, 1980
2026/08/28 21:39:23.515, 0, 119.26, 100, 0, 66164, 29, 1980
2026/08/28 21:39:23.515, 1, 120.39, 100, 0, 65782, 27, 1980
2026/08/28 21:39:23.515, 2, 117.58, 100, 0, 62822, 27, 1980
2026/08/28 21:39:23.515, 3, 116.58, 100, 0, 61418, 28, 1980
2026/08/28 21:39:28.515, 0, 119.25, 100, 0, 66164, 29, 1980
2026/08/28 21:39:28.515, 1, 120.40, 100, 0, 65782, 27, 1980
2026/08/28 21:39:28.515, 2, 117.91, 100, 0, 62822, 27, 1980
2026/08/28 21:39:28.515, 3, 116.59, 100, 0, 61418, 28, 1980
2026/08/28 21:39:33.516, 0, 119.26, 100, 0, 66164, 29, 1980
2026/08/28 21:39:33.516, 1, 120.43, 100, 0, 65782, 27, 1980
2026/08/28 21:39:33.516, 2, 117.75, 100, 0, 62822, 27, 1980
2026/08/28 21:39:33.516, 3, 116.58, 100, 0, 61418, 28, 1980
2026/08/28 21:39:38.516, 0, 119.22, 100, 0, 66164, 29, 1980
2026/08/28 21:39:38.516, 1, 120.42, 100, 0, 65782, 27, 1980
2026/08/28 21:39:38.516, 2, 117.79, 100, 0, 62822, 27, 1980
2026/08/28 21:39:38.516, 3, 116.61, 100, 0, 61418, 29, 1980
2026/08/28 21:39:43.517, 0, 119.29, 100, 0, 66164, 29, 1980
2026/08/28 21:39:43.517, 1, 120.46, 100, 0, 65782, 27, 1980
2026/08/28 21:39:43.517, 2, 117.66, 100, 0, 62822, 27, 1980
2026/08/28 21:39:43.517, 3, 116.57, 100, 0, 61418, 28, 1980
2026/08/28 21:39:48.517, 0, 119.32, 100, 0, 66164, 29, 1980
2026/08/28 21:39:48.517, 1, 120.45, 100, 0, 65782, 27, 1980
2026/08/28 21:39:48.517, 2, 117.86, 100, 0, 62822, 27, 1980
2026/08/28 21:39:48.518, 3, 116.54, 100, 0, 61418, 28, 1980
2026/08/28 21:39:53.518, 0, 119.29, 100, 0, 66164, 29, 1980
2026/08/28 21:39:53.518, 1, 120.42, 100, 0, 65782, 27, 1980
2026/08/28 21:39:53.518, 2, 117.92, 100, 0, 62822, 27, 1980
2026/08/28 21:39:53.518, 3, 116.58, 100, 0, 61418, 28, 1980
2026/08/28 21:39:58.518, 0, 119.28, 100, 0, 66164, 29, 1980
2026/08/28 21:39:58.519, 1, 120.41, 100, 0, 65782, 27, 1980
2026/08/28 21:39:58.519, 2, 117.79, 100, 0, 62822, 27, 1980
2026/08/28 21:39:58.519, 3, 116.58, 100, 0, 61418, 28, 1980
2026/08/28 21:40:03.519, 0, 119.29, 100, 0, 66164, 29, 1980
2026/08/28 21:40:03.519, 1, 120.39, 100, 0, 65782, 27, 1980
2026/08/28 21:40:03.519, 2, 117.97, 100, 0, 62822, 27, 1980
2026/08/28 21:40:03.519, 3, 116.59, 100, 0, 61418, 29, 1980
2026/08/28 21:40:08.519, 0, 119.27, 100, 0, 66164, 29, 1980
2026/08/28 21:40:08.520, 1, 120.39, 100, 0, 65782, 27, 1980
2026/08/28 21:40:08.520, 2, 117.71, 100, 0, 62822, 27, 1980
2026/08/28 21:40:08.520, 3, 116.55, 100, 0, 61418, 29, 1980
2026/08/28 21:40:13.520, 0, 119.28, 100, 0, 66164, 29, 1980
2026/08/28 21:40:13.520, 1, 120.40, 100, 0, 65782, 27, 1980
2026/08/28 21:40:13.520, 2, 117.92, 100, 0, 62822, 27, 1980
2026/08/28 21:40:13.520, 3, 116.59, 100, 0, 61418, 29, 1980
2026/08/28 21:40:18.521, 0, 119.34, 100, 0, 66164, 29, 1980
2026/08/28 21:40:18.521, 1, 120.45, 100, 0, 65782, 27, 1980
2026/08/28 21:40:18.521, 2, 117.91, 100, 0, 62822, 27, 1980
2026/08/28 21:40:18.521, 3, 116.60, 100, 0, 61418, 29, 1980
2026/08/28 21:40:23.521, 0, 119.30, 100, 0, 66164, 29, 1980
2026/08/28 21:40:23.521, 1, 120.39, 100, 0, 65782, 27, 1980
2026/08/28 21:40:23.521, 2, 118.12, 100, 0, 62822, 27, 1980
2026/08/28 21:40:23.521, 3, 116.57, 100, 0, 61418, 29, 1980
2026/08/28 21:40:28.522, 0, 119.31, 100, 0, 66164, 29, 1980
2026/08/28 21:40:28.522, 1, 120.37, 100, 0, 65782, 27, 1980
2026/08/28 21:40:28.522, 2, 117.79, 100, 0, 62822, 27, 1980
2026/08/28 21:40:28.522, 3, 116.61, 100, 0, 61418, 29, 1980
2026/08/28 21:40:33.522, 0, 119.29, 100, 0, 66164, 29, 1980
2026/08/28 21:40:33.522, 1, 120.43, 100, 0, 65782, 27, 1980
2026/08/28 21:40:33.522, 2, 118.16, 100, 0, 62822, 27, 1980
2026/08/28 21:40:33.522, 3, 116.62, 100, 0, 61418, 29, 1980
2026/08/28 21:40:38.523, 0, 119.32, 100, 0, 66164, 29, 1980
2026/08/28 21:40:38.523, 1, 120.45, 100, 0, 65782, 27, 1980
2026/08/28 21:40:38.523, 2, 118.10, 100, 0, 62822, 27, 1980
2026/08/28 21:40:38.523, 3, 116.67, 100, 0, 61418, 29, 1980
2026/08/28 21:40:43.523, 0, 119.31, 100, 0, 66164, 29, 1980
2026/08/28 21:40:43.523, 1, 120.44, 100, 0, 65782, 27, 1980
2026/08/28 21:40:43.523, 2, 117.93, 100, 0, 62822, 27, 1980
2026/08/28 21:40:43.523, 3, 116.59, 100, 0, 61418, 29, 1980
2026/08/28 21:40:48.524, 0, 119.29, 100, 0, 66164, 29, 1980
2026/08/28 21:40:48.524, 1, 120.45, 100, 0, 65782, 27, 1980
2026/08/28 21:40:48.524, 2, 117.98, 100, 0, 62822, 27, 1980
2026/08/28 21:40:48.524, 3, 116.60, 100, 0, 61418, 29, 1980
2026/08/28 21:40:53.524, 0, 119.25, 100, 0, 66164, 29, 1980
2026/08/28 21:40:53.524, 1, 120.44, 100, 0, 65782, 27, 1980
2026/08/28 21:40:53.524, 2, 117.74, 100, 0, 62822, 27, 1980
2026/08/28 21:40:53.524, 3, 116.63, 100, 0, 61418, 29, 1980
2026/08/28 21:40:58.525, 0, 119.31, 100, 0, 66164, 29, 1980
2026/08/28 21:40:58.525, 1, 120.48, 100, 0, 65782, 27, 1980
2026/08/28 21:40:58.525, 2, 117.79, 100, 0, 62822, 27, 1980
2026/08/28 21:40:58.525, 3, 116.61, 100, 0, 61418, 29, 1980
2026/08/28 21:41:03.525, 0, 119.31, 100, 0, 66164, 29, 1980
2026/08/28 21:41:03.525, 1, 120.46, 100, 0, 65782, 27, 1980
2026/08/28 21:41:03.526, 2, 117.78, 100, 0, 62822, 27, 1980
2026/08/28 21:41:03.526, 3, 116.67, 100, 0, 61418, 29, 1980
2026/08/28 21:41:08.526, 0, 119.32, 100, 0, 66164, 29, 1980
2026/08/28 21:41:08.526, 1, 120.44, 100, 0, 65782, 27, 1980
2026/08/28 21:41:08.526, 2, 117.78, 100, 0, 62822, 27, 1980
2026/08/28 21:41:08.526, 3, 116.61, 100, 0, 61418, 29, 1980
2026/08/28 21:41:13.526, 0, 119.32, 100, 0, 66164, 29, 1980
2026/08/28 21:41:13.526, 1, 120.45, 100, 0, 65782, 27, 1980
2026/08/28 21:41:13.527, 2, 117.76, 100, 0, 62822, 27, 1980
2026/08/28 21:41:13.527, 3, 116.64, 100, 0, 61418, 29, 1980
2026/08/28 21:41:18.527, 0, 119.32, 100, 0, 66164, 29, 1980
2026/08/28 21:41:18.527, 1, 120.43, 100, 0, 65782, 27, 1980
2026/08/28 21:41:18.527, 2, 117.89, 100, 0, 62822, 27, 1980
2026/08/28 21:41:18.527, 3, 116.68, 100, 0, 61418, 29, 1980
2026/08/28 21:41:23.527, 0, 119.34, 100, 0, 66164, 29, 1980
2026/08/28 21:41:23.528, 1, 120.43, 100, 0, 65782, 27, 1980
2026/08/28 21:41:23.528, 2, 118.18, 100, 0, 62822, 27, 1980
2026/08/28 21:41:23.528, 3, 116.68, 100, 0, 61418, 29, 1980
2026/08/28 21:41:28.528, 0, 119.26, 100, 0, 66164, 29, 1980
2026/08/28 21:41:28.528, 1, 120.45, 100, 0, 65782, 27, 1980
2026/08/28 21:41:28.528, 2, 118.16, 100, 0, 62822, 27, 1980
2026/08/28 21:41:28.528, 3, 116.68, 100, 0, 61418, 29, 1980
2026/08/28 21:41:33.529, 0, 119.28, 100, 0, 66164, 29, 1980
2026/08/28 21:41:33.529, 1, 120.39, 100, 0, 65782, 27, 1980
2026/08/28 21:41:33.529, 2, 117.99, 100, 0, 62822, 27, 1980
2026/08/28 21:41:33.529, 3, 116.70, 100, 0, 61418, 29, 1980
2026/08/28 21:41:38.529, 0, 119.33, 100, 0, 66164, 29, 1980
2026/08/28 21:41:38.529, 1, 120.42, 100, 0, 65782, 27, 1980
2026/08/28 21:41:38.529, 2, 117.96, 100, 0, 62822, 27, 1980
2026/08/28 21:41:38.529, 3, 116.65, 100, 0, 61418, 29, 1980
2026/08/28 21:41:43.530, 0, 119.28, 100, 0, 66164, 29, 1980
2026/08/28 21:41:43.530, 1, 120.42, 100, 0, 65782, 27, 1980
2026/08/28 21:41:43.530, 2, 118.17, 100, 0, 62822, 27, 1980
2026/08/28 21:41:43.530, 3, 116.67, 100, 0, 61418, 29, 1980
2026/08/28 21:41:48.530, 0, 119.28, 100, 0, 66164, 29, 1980
2026/08/28 21:41:48.530, 1, 120.43, 100, 0, 65782, 27, 1980
2026/08/28 21:41:48.530, 2, 117.94, 100, 0, 62822, 27, 1980
2026/08/28 21:41:48.530, 3, 116.69, 100, 0, 61418, 29, 1980
2026/08/28 21:41:53.531, 0, 119.34, 100, 0, 66164, 29, 1980
2026/08/28 21:41:53.531, 1, 120.47, 100, 0, 65782, 27, 1980
2026/08/28 21:41:53.531, 2, 117.93, 100, 0, 62822, 27, 1980
2026/08/28 21:41:53.531, 3, 116.68, 100, 0, 61418, 29, 1980
2026/08/28 21:41:58.531, 0, 119.30, 100, 0, 66164, 29, 1980
2026/08/28 21:41:58.531, 1, 120.43, 100, 0, 65782, 27, 1980
2026/08/28 21:41:58.531, 2, 117.86, 100, 0, 62822, 27, 1980
2026/08/28 21:41:58.531, 3, 116.65, 100, 0, 61418, 29, 1980
2026/08/28 21:42:03.532, 0, 119.28, 100, 0, 66164, 29, 1980
2026/08/28 21:42:03.532, 1, 120.46, 100, 0, 65782, 27, 1980
2026/08/28 21:42:03.532, 2, 117.88, 100, 0, 62822, 27, 1980
2026/08/28 21:42:03.532, 3, 116.67, 100, 0, 61418, 29, 1980
2026/08/28 21:42:08.532, 0, 119.32, 100, 0, 66164, 29, 1980
2026/08/28 21:42:08.532, 1, 120.43, 100, 0, 65782, 28, 1980
2026/08/28 21:42:08.532, 2, 117.98, 100, 0, 62822, 27, 1980
2026/08/28 21:42:08.532, 3, 116.68, 100, 0, 61418, 29, 1980
2026/08/28 21:42:13.533, 0, 119.33, 100, 0, 66164, 29, 1980
2026/08/28 21:42:13.533, 1, 120.44, 100, 0, 65782, 28, 1980
2026/08/28 21:42:13.533, 2, 117.96, 100, 0, 62822, 27, 1980
2026/08/28 21:42:13.533, 3, 116.68, 100, 0, 61418, 29, 1980
2026/08/28 21:42:18.533, 0, 119.32, 100, 0, 66164, 29, 1980
2026/08/28 21:42:18.533, 1, 120.47, 100, 0, 65782, 28, 1980
2026/08/28 21:42:18.533, 2, 118.01, 100, 0, 62822, 27, 1980
2026/08/28 21:42:18.533, 3, 116.70, 100, 0, 61418, 29, 1980
2026/08/28 21:42:23.534, 0, 119.31, 100, 0, 66164, 29, 1980
2026/08/28 21:42:23.535, 1, 120.51, 100, 0, 65782, 28, 1980
2026/08/28 21:42:23.536, 2, 117.79, 100, 0, 62822, 27, 1980
2026/08/28 21:42:23.537, 3, 116.67, 100, 0, 61418, 29, 1980
2026/08/28 21:42:28.538, 0, 119.36, 100, 0, 66164, 29, 1980
2026/08/28 21:42:28.539, 1, 120.47, 100, 0, 65782, 28, 1980
2026/08/28 21:42:28.539, 2, 117.78, 100, 0, 62822, 27, 1980
2026/08/28 21:42:28.539, 3, 116.74, 100, 0, 61418, 29, 1980
2026/08/28 21:42:33.539, 0, 119.37, 100, 0, 66164, 29, 1980
2026/08/28 21:42:33.539, 1, 120.50, 100, 0, 65782, 28, 1980
2026/08/28 21:42:33.539, 2, 118.14, 100, 0, 62822, 27, 1980
2026/08/28 21:42:33.539, 3, 116.71, 100, 0, 61418, 29, 1980
2026/08/28 21:42:38.540, 0, 119.37, 100, 0, 66164, 29, 1980
2026/08/28 21:42:38.540, 1, 120.42, 100, 0, 65782, 28, 1980
2026/08/28 21:42:38.540, 2, 117.89, 100, 0, 62822, 27, 1980
2026/08/28 21:42:38.540, 3, 116.71, 100, 0, 61418, 29, 1980
2026/08/28 21:42:43.540, 0, 119.38, 100, 0, 66164, 29, 1980
2026/08/28 21:42:43.540, 1, 120.51, 100, 0, 65782, 28, 1980
2026/08/28 21:42:43.540, 2, 118.03, 100, 0, 62822, 27, 1980
2026/08/28 21:42:43.540, 3, 116.74, 100, 0, 61418, 29, 1980
2026/08/28 21:42:48.541, 0, 119.37, 100, 0, 66164, 29, 1980
2026/08/28 21:42:48.541, 1, 120.54, 100, 0, 65782, 28, 1980
2026/08/28 21:42:48.541, 2, 117.96, 100, 0, 62822, 27, 1980
2026/08/28 21:42:48.541, 3, 116.77, 100, 0, 61418, 29, 1980
2026/08/28 21:42:53.541, 0, 119.41, 100, 0, 66164, 30, 1980
2026/08/28 21:42:53.541, 1, 120.54, 100, 0, 65782, 28, 1980
2026/08/28 21:42:53.541, 2, 118.11, 100, 0, 62822, 27, 1980
2026/08/28 21:42:53.541, 3, 116.78, 100, 0, 61418, 29, 1980
2026/08/28 21:42:58.542, 0, 119.38, 100, 0, 66164, 30, 1980
2026/08/28 21:42:58.542, 1, 120.60, 100, 0, 65782, 28, 1980
2026/08/28 21:42:58.542, 2, 118.07, 100, 0, 62822, 27, 1980
2026/08/28 21:42:58.542, 3, 116.74, 100, 0, 61418, 29, 1980
2026/08/28 21:43:03.542, 0, 119.41, 100, 0, 66164, 30, 1980
2026/08/28 21:43:03.542, 1, 120.59, 100, 0, 65782, 28, 1980
2026/08/28 21:43:03.542, 2, 118.04, 100, 0, 62822, 27, 1980
2026/08/28 21:43:03.542, 3, 116.77, 100, 0, 61418, 29, 1980
2026/08/28 21:43:08.543, 0, 119.40, 100, 0, 66164, 30, 1980
2026/08/28 21:43:08.543, 1, 120.60, 100, 0, 65782, 28, 1980
2026/08/28 21:43:08.543, 2, 118.05, 100, 0, 62822, 27, 1980
2026/08/28 21:43:08.543, 3, 116.79, 100, 0, 61418, 29, 1980
2026/08/28 21:43:13.543, 0, 119.42, 100, 0, 66164, 30, 1980
2026/08/28 21:43:13.543, 1, 120.59, 100, 0, 65782, 28, 1980
2026/08/28 21:43:13.543, 2, 117.97, 100, 0, 62822, 27, 1980
2026/08/28 21:43:13.544, 3, 116.79, 100, 0, 61418, 29, 1980
2026/08/28 21:43:18.544, 0, 119.41, 100, 0, 66164, 30, 1980
2026/08/28 21:43:18.544, 1, 120.55, 100, 0, 65782, 28, 1980
2026/08/28 21:43:18.544, 2, 118.23, 100, 0, 62822, 27, 1980
2026/08/28 21:43:18.544, 3, 116.78, 100, 0, 61418, 29, 1980
2026/08/28 21:43:23.544, 0, 119.39, 100, 0, 66164, 30, 1980
2026/08/28 21:43:23.545, 1, 120.60, 100, 0, 65782, 28, 1980
2026/08/28 21:43:23.545, 2, 117.71, 100, 0, 62822, 27, 1980
2026/08/28 21:43:23.545, 3, 116.74, 100, 0, 61418, 29, 1980
2026/08/28 21:43:28.545, 0, 119.43, 100, 0, 66164, 30, 1980
2026/08/28 21:43:28.545, 1, 120.57, 100, 0, 65782, 28, 1980
2026/08/28 21:43:28.545, 2, 117.81, 100, 0, 62822, 27, 1980
2026/08/28 21:43:28.545, 3, 116.77, 100, 0, 61418, 29, 1980
2026/08/28 21:43:33.546, 0, 119.44, 100, 0, 66164, 30, 1980
2026/08/28 21:43:33.546, 1, 120.55, 100, 0, 65782, 28, 1980
2026/08/28 21:43:33.546, 2, 118.01, 100, 0, 62822, 27, 1980
2026/08/28 21:43:33.546, 3, 116.75, 100, 0, 61418, 29, 1980
2026/08/28 21:43:38.546, 0, 119.39, 100, 0, 66164, 30, 1980
2026/08/28 21:43:38.546, 1, 120.50, 100, 0, 65782, 28, 1980
2026/08/28 21:43:38.546, 2, 117.83, 100, 0, 62822, 27, 1980
2026/08/28 21:43:38.546, 3, 116.74, 100, 0, 61418, 29, 1980
2026/08/28 21:43:43.547, 0, 119.39, 100, 0, 66164, 30, 1980
2026/08/28 21:43:43.547, 1, 120.50, 100, 0, 65782, 28, 1980
2026/08/28 21:43:43.547, 2, 118.00, 100, 0, 62822, 27, 1980
2026/08/28 21:43:43.547, 3, 116.77, 100, 0, 61418, 29, 1980
2026/08/28 21:43:48.547, 0, 119.44, 100, 0, 66164, 30, 1980
2026/08/28 21:43:48.547, 1, 120.53, 100, 0, 65782, 28, 1980
2026/08/28 21:43:48.547, 2, 117.88, 100, 0, 62822, 27, 1980
2026/08/28 21:43:48.547, 3, 116.75, 100, 0, 61418, 29, 1980
2026/08/28 21:43:53.548, 0, 119.40, 100, 0, 66164, 30, 1980
2026/08/28 21:43:53.548, 1, 120.49, 100, 0, 65782, 28, 1980
2026/08/28 21:43:53.548, 2, 117.68, 100, 0, 62822, 27, 1980
2026/08/28 21:43:53.548, 3, 116.73, 100, 0, 61418, 29, 1980
2026/08/28 21:43:58.548, 0, 119.37, 100, 0, 66164, 30, 1980
2026/08/28 21:43:58.548, 1, 120.51, 100, 0, 65782, 28, 1980
2026/08/28 21:43:58.548, 2, 117.84, 100, 0, 62822, 27, 1980
2026/08/28 21:43:58.548, 3, 116.69, 100, 0, 61418, 29, 1980
2026/08/28 21:44:03.549, 0, 119.44, 100, 0, 66164, 30, 1980
2026/08/28 21:44:03.549, 1, 120.51, 100, 0, 65782, 28, 1980
2026/08/28 21:44:03.549, 2, 118.03, 100, 0, 62822, 27, 1980
2026/08/28 21:44:03.549, 3, 116.69, 100, 0, 61418, 29, 1980
2026/08/28 21:44:08.549, 0, 119.32, 100, 0, 66164, 30, 1980
2026/08/28 21:44:08.549, 1, 120.45, 100, 0, 65782, 28, 1980
2026/08/28 21:44:08.549, 2, 117.68, 100, 0, 62822, 27, 1980
2026/08/28 21:44:08.549, 3, 116.59, 100, 0, 61418, 29, 1980
2026/08/28 21:44:13.550, 0, 119.37, 100, 0, 66164, 29, 1980
2026/08/28 21:44:13.550, 1, 120.48, 100, 0, 65782, 28, 1980
2026/08/28 21:44:13.550, 2, 117.67, 100, 0, 62822, 27, 1980
2026/08/28 21:44:13.550, 3, 116.64, 100, 0, 61418, 29, 1980
2026/08/28 21:44:18.550, 0, 119.36, 100, 0, 66164, 29, 1980
2026/08/28 21:44:18.550, 1, 120.42, 100, 0, 65782, 28, 1980
2026/08/28 21:44:18.550, 2, 117.67, 100, 0, 62822, 27, 1980
2026/08/28 21:44:18.551, 3, 116.63, 100, 0, 61418, 29, 1980
2026/08/28 21:44:23.551, 0, 119.28, 100, 0, 66164, 29, 1980
2026/08/28 21:44:23.551, 1, 120.41, 100, 0, 65782, 28, 1980
2026/08/28 21:44:23.551, 2, 117.96, 100, 0, 62822, 27, 1980
2026/08/28 21:44:23.551, 3, 116.59, 100, 0, 61418, 29, 1980
2026/08/28 21:44:28.551, 0, 119.30, 100, 0, 66164, 29, 1980
2026/08/28 21:44:28.552, 1, 120.42, 100, 0, 65782, 28, 1980
2026/08/28 21:44:28.552, 2, 117.86, 100, 0, 62822, 27, 1980
2026/08/28 21:44:28.552, 3, 116.62, 100, 0, 61418, 29, 1980
2026/08/28 21:44:33.552, 0, 119.36, 100, 0, 66164, 29, 1980
2026/08/28 21:44:33.552, 1, 120.42, 100, 0, 65782, 28, 1980
2026/08/28 21:44:33.552, 2, 117.66, 100, 0, 62822, 27, 1980
2026/08/28 21:44:33.552, 3, 116.56, 100, 0, 61418, 29, 1980
2026/08/28 21:44:38.552, 0, 119.29, 100, 0, 66164, 29, 1980
2026/08/28 21:44:38.553, 1, 120.41, 100, 0, 65782, 27, 1980
2026/08/28 21:44:38.553, 2, 117.73, 100, 0, 62822, 27, 1980
2026/08/28 21:44:38.553, 3, 116.60, 100, 0, 61418, 29, 1980
2026/08/28 21:44:43.553, 0, 119.34, 100, 0, 66164, 29, 1980
2026/08/28 21:44:43.554, 1, 120.42, 100, 0, 65782, 27, 1980
2026/08/28 21:44:43.557, 2, 117.64, 100, 0, 62822, 27, 1980
2026/08/28 21:44:43.558, 3, 116.60, 100, 0, 61418, 29, 1980
2026/08/28 21:44:48.561, 0, 119.33, 100, 0, 66164, 29, 1980
2026/08/28 21:44:48.561, 1, 120.42, 100, 0, 65782, 27, 1980
2026/08/28 21:44:48.561, 2, 117.64, 100, 0, 62822, 27, 1980
2026/08/28 21:44:48.561, 3, 116.53, 100, 0, 61418, 29, 1980
2026/08/28 21:44:53.562, 0, 119.32, 100, 0, 66164, 29, 1980
2026/08/28 21:44:53.562, 1, 120.40, 100, 0, 65782, 27, 1980
2026/08/28 21:44:53.562, 2, 117.67, 100, 0, 62822, 27, 1980
2026/08/28 21:44:53.562, 3, 116.60, 100, 0, 61418, 29, 1980
2026/08/28 21:44:58.562, 0, 119.26, 100, 0, 66164, 29, 1980
2026/08/28 21:44:58.562, 1, 120.41, 100, 0, 65782, 27, 1980
2026/08/28 21:44:58.562, 2, 117.63, 100, 0, 62822, 27, 1980
2026/08/28 21:44:58.562, 3, 116.54, 100, 0, 61418, 29, 1980
2026/08/28 21:45:03.563, 0, 119.28, 100, 0, 66164, 29, 1980
2026/08/28 21:45:03.563, 1, 120.42, 100, 0, 65782, 27, 1980
2026/08/28 21:45:03.563, 2, 117.63, 100, 0, 62822, 27, 1980
2026/08/28 21:45:03.563, 3, 116.52, 100, 0, 61418, 29, 1980
2026/08/28 21:45:08.563, 0, 119.31, 100, 0, 66164, 29, 1980
2026/08/28 21:45:08.563, 1, 120.41, 100, 0, 65782, 27, 1980
2026/08/28 21:45:08.563, 2, 117.64, 100, 0, 62822, 27, 1980
2026/08/28 21:45:08.563, 3, 116.49, 100, 0, 61418, 29, 1980
2026/08/28 21:45:13.564, 0, 119.32, 100, 0, 66164, 29, 1980
2026/08/28 21:45:13.564, 1, 120.34, 100, 0, 65782, 27, 1980
2026/08/28 21:45:13.564, 2, 117.80, 100, 0, 62822, 27, 1980
2026/08/28 21:45:13.564, 3, 116.56, 100, 0, 61418, 29, 1980
2026/08/28 21:45:18.564, 0, 119.28, 100, 0, 66164, 29, 1980
2026/08/28 21:45:18.564, 1, 120.34, 100, 0, 65782, 27, 1980
2026/08/28 21:45:18.565, 2, 117.89, 100, 0, 62822, 27, 1980
2026/08/28 21:45:18.565, 3, 116.52, 100, 0, 61418, 28, 1980
2026/08/28 21:45:23.565, 0, 119.25, 100, 0, 66164, 29, 1980
2026/08/28 21:45:23.565, 1, 120.39, 100, 0, 65782, 27, 1980
2026/08/28 21:45:23.565, 2, 117.88, 100, 0, 62822, 27, 1980
2026/08/28 21:45:23.565, 3, 116.57, 100, 0, 61418, 28, 1980
2026/08/28 21:45:28.565, 0, 119.34, 100, 0, 66164, 29, 1980
2026/08/28 21:45:28.566, 1, 120.37, 100, 0, 65782, 27, 1980
2026/08/28 21:45:28.566, 2, 117.79, 100, 0, 62822, 27, 1980
2026/08/28 21:45:28.566, 3, 116.50, 100, 0, 61418, 28, 1980
2026/08/28 21:45:33.566, 0, 119.31, 100, 0, 66164, 29, 1980
2026/08/28 21:45:33.566, 1, 120.32, 100, 0, 65782, 27, 1980
2026/08/28 21:45:33.566, 2, 117.52, 100, 0, 62822, 27, 1980
2026/08/28 21:45:33.566, 3, 116.51, 100, 0, 61418, 29, 1980
2026/08/28 21:45:38.566, 0, 119.30, 100, 0, 66164, 29, 1980
2026/08/28 21:45:38.567, 1, 120.35, 100, 0, 65782, 27, 1980
2026/08/28 21:45:38.567, 2, 117.55, 100, 0, 62822, 27, 1980
2026/08/28 21:45:38.567, 3, 116.53, 100, 0, 61418, 28, 1980
2026/08/28 21:45:43.567, 0, 119.23, 100, 0, 66164, 29, 1980
2026/08/28 21:45:43.567, 1, 120.27, 100, 0, 65782, 27, 1980
2026/08/28 21:45:43.567, 2, 117.62, 100, 0, 62822, 27, 1980
2026/08/28 21:45:43.567, 3, 116.52, 100, 0, 61418, 28, 1980
2026/08/28 21:45:48.568, 0, 119.25, 100, 0, 66164, 29, 1980
2026/08/28 21:45:48.568, 1, 120.35, 100, 0, 65782, 27, 1980
2026/08/28 21:45:48.568, 2, 117.78, 100, 0, 62822, 27, 1980
2026/08/28 21:45:48.568, 3, 116.56, 100, 0, 61418, 28, 1980
2026/08/28 21:45:53.568, 0, 119.24, 100, 0, 66164, 29, 1980
2026/08/28 21:45:53.568, 1, 120.29, 100, 0, 65782, 27, 1980
2026/08/28 21:45:53.568, 2, 117.76, 100, 0, 62822, 27, 1980
2026/08/28 21:45:53.568, 3, 116.54, 100, 0, 61418, 28, 1980
2026/08/28 21:45:58.569, 0, 119.25, 100, 0, 66164, 29, 1980
2026/08/28 21:45:58.569, 1, 120.26, 100, 0, 65782, 27, 1980
2026/08/28 21:45:58.569, 2, 117.50, 100, 0, 62822, 27, 1980
2026/08/28 21:45:58.569, 3, 116.49, 100, 0, 61418, 28, 1980
2026/08/28 21:46:03.569, 0, 119.30, 100, 0, 66164, 29, 1980
2026/08/28 21:46:03.569, 1, 120.27, 100, 0, 65782, 27, 1980
2026/08/28 21:46:03.569, 2, 117.64, 100, 0, 62822, 27, 1980
2026/08/28 21:46:03.569, 3, 116.50, 100, 0, 61418, 28, 1980
2026/08/28 21:46:08.570, 0, 119.27, 100, 0, 66164, 29, 1980
2026/08/28 21:46:08.570, 1, 120.29, 100, 0, 65782, 27, 1980
2026/08/28 21:46:08.570, 2, 117.78, 100, 0, 62822, 27, 1980
2026/08/28 21:46:08.570, 3, 116.49, 100, 0, 61418, 28, 1980
2026/08/28 21:46:13.570, 0, 119.23, 100, 0, 66164, 29, 1980
2026/08/28 21:46:13.570, 1, 120.27, 100, 0, 65782, 27, 1980
2026/08/28 21:46:13.570, 2, 117.74, 100, 0, 62822, 27, 1980
2026/08/28 21:46:13.570, 3, 116.49, 100, 0, 61418, 28, 1980
2026/08/28 21:46:18.571, 0, 119.31, 100, 0, 66164, 29, 1980
2026/08/28 21:46:18.571, 1, 120.28, 100, 0, 65782, 27, 1980
2026/08/28 21:46:18.571, 2, 117.67, 100, 0, 62822, 27, 1980
2026/08/28 21:46:18.571, 3, 116.50, 100, 0, 61418, 28, 1980
2026/08/28 21:46:23.571, 0, 119.15, 100, 0, 66164, 29, 1980
2026/08/28 21:46:23.571, 1, 120.25, 100, 0, 65782, 27, 1980
2026/08/28 21:46:23.571, 2, 117.82, 100, 0, 62822, 27, 1980
2026/08/28 21:46:23.571, 3, 116.53, 100, 0, 61418, 28, 1980
2026/08/28 21:46:28.572, 0, 119.26, 100, 0, 66164, 29, 1980
2026/08/28 21:46:28.572, 1, 120.36, 100, 0, 65782, 27, 1980
2026/08/28 21:46:28.572, 2, 117.71, 100, 0, 62822, 27, 1980
2026/08/28 21:46:28.572, 3, 116.49, 100, 0, 61418, 28, 1980
2026/08/28 21:46:33.572, 0, 119.22, 100, 0, 66164, 29, 1980
2026/08/28 21:46:33.572, 1, 120.22, 100, 0, 65782, 27, 1980
2026/08/28 21:46:33.572, 2, 117.98, 100, 0, 62822, 27, 1980
2026/08/28 21:46:33.572, 3, 116.51, 100, 0, 61418, 28, 1980
2026/08/28 21:46:38.573, 0, 119.25, 100, 0, 66164, 29, 1980
2026/08/28 21:46:38.573, 1, 120.33, 100, 0, 65782, 27, 1980
2026/08/28 21:46:38.573, 2, 117.82, 100, 0, 62822, 27, 1980
2026/08/28 21:46:38.573, 3, 116.47, 100, 0, 61418, 28, 1980
2026/08/28 21:46:43.573, 0, 119.24, 100, 0, 66164, 29, 1980
2026/08/28 21:46:43.574, 1, 120.27, 100, 0, 65782, 27, 1980
2026/08/28 21:46:43.574, 2, 117.78, 100, 0, 62822, 27, 1980
2026/08/28 21:46:43.574, 3, 116.43, 100, 0, 61418, 28, 1980
2026/08/28 21:46:48.574, 0, 119.21, 100, 0, 66164, 29, 1980
2026/08/28 21:46:48.574, 1, 120.25, 100, 0, 65782, 27, 1980
2026/08/28 21:46:48.574, 2, 117.60, 100, 0, 62822, 27, 1980
2026/08/28 21:46:48.574, 3, 116.43, 100, 0, 61418, 28, 1980
2026/08/28 21:46:53.575, 0, 119.22, 100, 0, 66164, 29, 1980
2026/08/28 21:46:53.575, 1, 120.25, 100, 0, 65782, 27, 1980
2026/08/28 21:46:53.575, 2, 117.90, 100, 0, 62822, 27, 1980
2026/08/28 21:46:53.575, 3, 116.46, 100, 0, 61418, 28, 1980
2026/08/28 21:46:58.575, 0, 119.24, 100, 0, 66164, 29, 1980
2026/08/28 21:46:58.579, 1, 120.22, 100, 0, 65782, 27, 1980
2026/08/28 21:46:58.581, 2, 118.03, 100, 0, 62822, 27, 1980
2026/08/28 21:46:58.582, 3, 116.43, 100, 0, 61418, 28, 1980
2026/08/28 21:47:03.583, 0, 119.19, 100, 0, 66164, 29, 1980
2026/08/28 21:47:03.583, 1, 120.24, 100, 0, 65782, 27, 1980
2026/08/28 21:47:03.583, 2, 118.07, 100, 0, 62822, 27, 1980
2026/08/28 21:47:03.583, 3, 116.44, 100, 0, 61418, 28, 1980
2026/08/28 21:47:08.583, 0, 119.22, 100, 0, 66164, 29, 1980
2026/08/28 21:47:08.583, 1, 120.21, 100, 0, 65782, 27, 1980
2026/08/28 21:47:08.583, 2, 118.05, 100, 0, 62822, 27, 1980
2026/08/28 21:47:08.583, 3, 116.42, 100, 0, 61418, 28, 1980
2026/08/28 21:47:13.584, 0, 119.19, 100, 0, 66164, 29, 1980
2026/08/28 21:47:13.584, 1, 120.21, 100, 0, 65782, 27, 1980
2026/08/28 21:47:13.584, 2, 117.87, 100, 0, 62822, 27, 1980
2026/08/28 21:47:13.584, 3, 116.54, 100, 0, 61418, 28, 1980
2026/08/28 21:47:18.584, 0, 119.22, 100, 0, 66164, 29, 1980
2026/08/28 21:47:18.584, 1, 120.19, 100, 0, 65782, 27, 1980
2026/08/28 21:47:18.584, 2, 117.84, 100, 0, 62822, 27, 1980
2026/08/28 21:47:18.584, 3, 116.45, 100, 0, 61418, 28, 1980
2026/08/28 21:47:23.585, 0, 119.18, 100, 0, 66164, 29, 1980
2026/08/28 21:47:23.585, 1, 120.19, 100, 0, 65782, 27, 1980
2026/08/28 21:47:23.585, 2, 117.64, 100, 0, 62822, 27, 1980
2026/08/28 21:47:23.585, 3, 116.45, 100, 0, 61418, 28, 1980
2026/08/28 21:47:28.585, 0, 119.22, 100, 0, 66164, 29, 1980
2026/08/28 21:47:28.585, 1, 120.28, 100, 0, 65782, 27, 1980
2026/08/28 21:47:28.585, 2, 117.82, 100, 0, 62822, 27, 1980
2026/08/28 21:47:28.585, 3, 116.43, 100, 0, 61418, 28, 1980
2026/08/28 21:47:33.586, 0, 119.18, 100, 0, 66164, 29, 1980
2026/08/28 21:47:33.586, 1, 120.25, 100, 0, 65782, 27, 1980
2026/08/28 21:47:33.586, 2, 117.83, 100, 0, 62822, 27, 1980
2026/08/28 21:47:33.586, 3, 116.41, 100, 0, 61418, 28, 1980
2026/08/28 21:47:38.586, 0, 119.18, 100, 0, 66164, 29, 1980
2026/08/28 21:47:38.586, 1, 120.23, 100, 0, 65782, 27, 1980
2026/08/28 21:47:38.586, 2, 117.86, 100, 0, 62822, 27, 1980
2026/08/28 21:47:38.586, 3, 116.44, 100, 0, 61418, 28, 1980
2026/08/28 21:47:43.587, 0, 119.21, 100, 0, 66164, 29, 1980
2026/08/28 21:47:43.587, 1, 120.30, 100, 0, 65782, 27, 1980
2026/08/28 21:47:43.587, 2, 118.01, 100, 0, 62822, 27, 1980
2026/08/28 21:47:43.587, 3, 116.45, 100, 0, 61418, 28, 1980
2026/08/28 21:47:48.587, 0, 119.27, 100, 0, 66164, 29, 1980
2026/08/28 21:47:48.587, 1, 120.34, 100, 0, 65782, 27, 1980
2026/08/28 21:47:48.587, 2, 117.83, 100, 0, 62822, 27, 1980
2026/08/28 21:47:48.587, 3, 116.49, 100, 0, 61418, 28, 1980
2026/08/28 21:47:53.588, 0, 119.17, 100, 0, 66164, 29, 1980
2026/08/28 21:47:53.588, 1, 120.29, 100, 0, 65782, 27, 1980
2026/08/28 21:47:53.588, 2, 117.75, 100, 0, 62822, 27, 1980
2026/08/28 21:47:53.588, 3, 116.46, 100, 0, 61418, 28, 1980
2026/08/28 21:47:58.588, 0, 119.10, 100, 0, 66164, 29, 1980
2026/08/28 21:47:58.588, 1, 120.26, 100, 0, 65782, 27, 1980
2026/08/28 21:47:58.588, 2, 118.04, 100, 0, 62822, 27, 1980
2026/08/28 21:47:58.588, 3, 116.47, 100, 0, 61418, 28, 1980
2026/08/28 21:48:03.589, 0, 119.15, 100, 0, 66164, 29, 1980
2026/08/28 21:48:03.589, 1, 120.19, 100, 0, 65782, 27, 1980
2026/08/28 21:48:03.589, 2, 118.01, 100, 0, 62822, 27, 1980
2026/08/28 21:48:03.589, 3, 116.41, 100, 0, 61418, 28, 1980
2026/08/28 21:48:08.589, 0, 119.20, 100, 0, 66164, 29, 1980
2026/08/28 21:48:08.589, 1, 120.23, 100, 0, 65782, 27, 1980
2026/08/28 21:48:08.589, 2, 117.90, 100, 0, 62822, 27, 1980
2026/08/28 21:48:08.589, 3, 116.44, 100, 0, 61418, 28, 1980
2026/08/28 21:48:13.590, 0, 119.18, 100, 0, 66164, 29, 1980
2026/08/28 21:48:13.590, 1, 120.25, 100, 0, 65782, 27, 1980
2026/08/28 21:48:13.590, 2, 117.85, 100, 0, 62822, 27, 1980
2026/08/28 21:48:13.590, 3, 116.42, 100, 0, 61418, 28, 1980
2026/08/28 21:48:18.590, 0, 119.19, 100, 0, 66164, 29, 1980
2026/08/28 21:48:18.590, 1, 120.25, 100, 0, 65782, 27, 1980
2026/08/28 21:48:18.590, 2, 117.86, 100, 0, 62822, 27, 1980
2026/08/28 21:48:18.590, 3, 116.45, 100, 0, 61418, 28, 1980
2026/08/28 21:48:23.591, 0, 119.20, 100, 0, 66164, 29, 1980
2026/08/28 21:48:23.591, 1, 120.21, 100, 0, 65782, 27, 1980
2026/08/28 21:48:23.591, 2, 117.83, 100, 0, 62822, 27, 1980
2026/08/28 21:48:23.591, 3, 116.45, 100, 0, 61418, 28, 1980
2026/08/28 21:48:28.591, 0, 119.18, 100, 0, 66164, 29, 1980
2026/08/28 21:48:28.591, 1, 120.28, 100, 0, 65782, 27, 1980
2026/08/28 21:48:28.591, 2, 117.93, 100, 0, 62822, 27, 1980
2026/08/28 21:48:28.592, 3, 116.44, 100, 0, 61418, 28, 1980
2026/08/28 21:48:33.592, 0, 119.16, 100, 0, 66164, 29, 1980
2026/08/28 21:48:33.592, 1, 120.32, 100, 0, 65782, 27, 1980
2026/08/28 21:48:33.592, 2, 117.70, 100, 0, 62822, 27, 1980
2026/08/28 21:48:33.592, 3, 116.45, 100, 0, 61418, 28, 1980
2026/08/28 21:48:38.592, 0, 119.23, 100, 0, 66164, 29, 1980
2026/08/28 21:48:38.592, 1, 120.29, 100, 0, 65782, 27, 1980
2026/08/28 21:48:38.593, 2, 117.60, 100, 0, 62822, 27, 1980
2026/08/28 21:48:38.593, 3, 116.45, 100, 0, 61418, 28, 1980
2026/08/28 21:48:43.593, 0, 119.22, 100, 0, 66164, 29, 1980
2026/08/28 21:48:43.593, 1, 120.29, 100, 0, 65782, 27, 1980
2026/08/28 21:48:43.593, 2, 117.47, 100, 0, 62822, 27, 1980
2026/08/28 21:48:43.593, 3, 116.42, 100, 0, 61418, 28, 1980
2026/08/28 21:48:48.593, 0, 119.18, 100, 0, 66164, 29, 1980
2026/08/28 21:48:48.594, 1, 120.37, 100, 0, 65782, 27, 1980
2026/08/28 21:48:48.594, 2, 117.46, 100, 0, 62822, 27, 1980
2026/08/28 21:48:48.594, 3, 116.40, 100, 0, 61418, 28, 1980
2026/08/28 21:48:53.594, 0, 119.19, 100, 0, 66164, 29, 1980
2026/08/28 21:48:53.594, 1, 120.29, 100, 0, 65782, 27, 1980
2026/08/28 21:48:53.594, 2, 117.61, 100, 0, 62822, 27, 1980
2026/08/28 21:48:53.594, 3, 116.46, 100, 0, 61418, 28, 1980
2026/08/28 21:48:58.595, 0, 119.15, 100, 0, 66164, 29, 1980
2026/08/28 21:48:58.595, 1, 120.35, 100, 0, 65782, 27, 1980
2026/08/28 21:48:58.595, 2, 117.79, 100, 0, 62822, 27, 1980
2026/08/28 21:48:58.595, 3, 116.45, 100, 0, 61418, 28, 1980
2026/08/28 21:49:03.595, 0, 119.23, 100, 0, 66164, 29, 1980
2026/08/28 21:49:03.595, 1, 120.30, 100, 0, 65782, 27, 1980
2026/08/28 21:49:03.595, 2, 117.71, 100, 0, 62822, 27, 1980
2026/08/28 21:49:03.595, 3, 116.41, 100, 0, 61418, 28, 1980
2026/08/28 21:49:08.596, 0, 119.24, 100, 0, 66164, 29, 1980
2026/08/28 21:49:08.596, 1, 120.33, 100, 0, 65782, 27, 1980
2026/08/28 21:49:08.596, 2, 117.69, 100, 0, 62822, 27, 1980
2026/08/28 21:49:08.596, 3, 116.44, 100, 0, 61418, 28, 1980
2026/08/28 21:49:13.596, 0, 119.29, 100, 0, 66164, 29, 1980
2026/08/28 21:49:13.596, 1, 120.31, 100, 0, 65782, 27, 1980
2026/08/28 21:49:13.596, 2, 117.71, 100, 0, 62822, 27, 1980
2026/08/28 21:49:13.596, 3, 116.47, 100, 0, 61418, 28, 1980
2026/08/28 21:49:18.597, 0, 119.17, 100, 0, 66164, 29, 1980
2026/08/28 21:49:18.597, 1, 120.25, 100, 0, 65782, 27, 1980
2026/08/28 21:49:18.597, 2, 117.51, 100, 0, 62822, 27, 1980
2026/08/28 21:49:18.597, 3, 116.44, 100, 0, 61418, 28, 1980
2026/08/28 21:49:23.597, 0, 119.23, 100, 0, 66164, 29, 1980
2026/08/28 21:49:23.597, 1, 120.27, 100, 0, 65782, 27, 1980
2026/08/28 21:49:23.597, 2, 117.48, 100, 0, 62822, 27, 1980
2026/08/28 21:49:23.597, 3, 116.42, 100, 0, 61418, 28, 1980
2026/08/28 21:49:28.598, 0, 119.22, 100, 0, 66164, 29, 1980
2026/08/28 21:49:28.598, 1, 120.25, 100, 0, 65782, 27, 1980
2026/08/28 21:49:28.598, 2, 117.86, 100, 0, 62822, 27, 1980
2026/08/28 21:49:28.598, 3, 116.43, 100, 0, 61418, 28, 1980
2026/08/28 21:49:33.598, 0, 119.23, 100, 0, 66164, 29, 1980
2026/08/28 21:49:33.598, 1, 120.22, 100, 0, 65782, 27, 1980
2026/08/28 21:49:33.598, 2, 117.81, 100, 0, 62822, 27, 1980
2026/08/28 21:49:33.599, 3, 116.42, 100, 0, 61418, 28, 1980
2026/08/28 21:49:38.599, 0, 119.19, 100, 0, 66164, 29, 1980
2026/08/28 21:49:38.599, 1, 120.22, 100, 0, 65782, 27, 1980
2026/08/28 21:49:38.599, 2, 117.51, 100, 0, 62822, 27, 1980
2026/08/28 21:49:38.599, 3, 116.47, 100, 0, 61418, 28, 1980
2026/08/28 21:49:43.599, 0, 119.22, 100, 0, 66164, 29, 1980
2026/08/28 21:49:43.600, 1, 120.29, 100, 0, 65782, 27, 1980
2026/08/28 21:49:43.600, 2, 117.72, 100, 0, 62822, 27, 1980
2026/08/28 21:49:43.600, 3, 116.48, 100, 0, 61418, 28, 1980
2026/08/28 21:49:48.600, 0, 119.19, 100, 0, 66164, 29, 1980
2026/08/28 21:49:48.600, 1, 120.27, 100, 0, 65782, 27, 1980
2026/08/28 21:49:48.600, 2, 117.64, 100, 0, 62822, 27, 1980
2026/08/28 21:49:48.600, 3, 116.49, 100, 0, 61418, 28, 1980
2026/08/28 21:49:53.600, 0, 119.22, 100, 0, 66164, 29, 1980
2026/08/28 21:49:53.601, 1, 120.29, 100, 0, 65782, 27, 1980
2026/08/28 21:49:53.601, 2, 118.05, 100, 0, 62822, 27, 1980
2026/08/28 21:49:53.601, 3, 116.47, 100, 0, 61418, 28, 1980
2026/08/28 21:49:58.601, 0, 119.18, 100, 0, 66164, 29, 1980
2026/08/28 21:49:58.601, 1, 120.28, 100, 0, 65782, 27, 1980
2026/08/28 21:49:58.601, 2, 117.96, 100, 0, 62822, 27, 1980
2026/08/28 21:49:58.601, 3, 116.49, 100, 0, 61418, 28, 1980
2026/08/28 21:50:03.601, 0, 119.21, 100, 0, 66164, 29, 1980
2026/08/28 21:50:03.602, 1, 120.24, 100, 0, 65782, 27, 1980
2026/08/28 21:50:03.602, 2, 117.90, 100, 0, 62822, 27, 1980
2026/08/28 21:50:03.602, 3, 116.44, 100, 0, 61418, 28, 1980
2026/08/28 21:50:08.602, 0, 119.17, 100, 0, 66164, 29, 1980
2026/08/28 21:50:08.602, 1, 120.25, 100, 0, 65782, 27, 1980
2026/08/28 21:50:08.602, 2, 117.95, 100, 0, 62822, 27, 1980
2026/08/28 21:50:08.602, 3, 116.43, 100, 0, 61418, 28, 1980
2026/08/28 21:50:13.603, 0, 119.19, 100, 0, 66164, 29, 1980
2026/08/28 21:50:13.603, 1, 120.25, 100, 0, 65782, 27, 1980
2026/08/28 21:50:13.603, 2, 117.77, 100, 0, 62822, 27, 1980
2026/08/28 21:50:13.603, 3, 116.44, 100, 0, 61418, 28, 1980
2026/08/28 21:50:18.603, 0, 119.12, 100, 0, 66164, 29, 1980
2026/08/28 21:50:18.603, 1, 120.27, 100, 0, 65782, 27, 1980
2026/08/28 21:50:18.603, 2, 117.76, 100, 0, 62822, 27, 1980
2026/08/28 21:50:18.603, 3, 116.45, 100, 0, 61418, 28, 1980
2026/08/28 21:50:23.604, 0, 119.14, 100, 0, 66164, 29, 1980
2026/08/28 21:50:23.604, 1, 120.22, 100, 0, 65782, 27, 1980
2026/08/28 21:50:23.604, 2, 117.75, 100, 0, 62822, 27, 1980
2026/08/28 21:50:23.604, 3, 116.44, 100, 0, 61418, 28, 1980
2026/08/28 21:50:28.604, 0, 119.13, 100, 0, 66164, 29, 1980
2026/08/28 21:50:28.604, 1, 120.20, 100, 0, 65782, 27, 1980
2026/08/28 21:50:28.604, 2, 117.75, 100, 0, 62822, 27, 1980
2026/08/28 21:50:28.604, 3, 116.50, 100, 0, 61418, 28, 1980
2026/08/28 21:50:33.605, 0, 119.18, 100, 0, 66164, 29, 1980
2026/08/28 21:50:33.605, 1, 120.22, 100, 0, 65782, 27, 1980
2026/08/28 21:50:33.605, 2, 117.64, 100, 0, 62822, 27, 1980
2026/08/28 21:50:33.606, 3, 116.49, 100, 0, 61418, 28, 1980
2026/08/28 21:50:38.606, 0, 119.20, 100, 0, 66164, 29, 1980
2026/08/28 21:50:38.606, 1, 120.20, 100, 0, 65782, 27, 1980
2026/08/28 21:50:38.607, 2, 118.06, 100, 0, 62822, 27, 1980
2026/08/28 21:50:38.607, 3, 116.47, 100, 0, 61418, 28, 1980
2026/08/28 21:50:43.607, 0, 119.18, 100, 0, 66164, 29, 1980
2026/08/28 21:50:43.607, 1, 120.22, 100, 0, 65782, 27, 1980
2026/08/28 21:50:43.607, 2, 118.04, 100, 0, 62822, 27, 1980
2026/08/28 21:50:43.607, 3, 116.50, 100, 0, 61418, 28, 1980
2026/08/28 21:50:48.607, 0, 119.15, 100, 0, 66164, 29, 1980
2026/08/28 21:50:48.608, 1, 120.21, 100, 0, 65782, 27, 1980
2026/08/28 21:50:48.608, 2, 117.73, 100, 0, 62822, 27, 1980
2026/08/28 21:50:48.608, 3, 116.42, 100, 0, 61418, 28, 1980
2026/08/28 21:50:53.608, 0, 119.17, 100, 0, 66164, 29, 1980
2026/08/28 21:50:53.608, 1, 120.21, 100, 0, 65782, 27, 1980
2026/08/28 21:50:53.608, 2, 117.93, 100, 0, 62822, 27, 1980
2026/08/28 21:50:53.608, 3, 116.47, 100, 0, 61418, 28, 1980
2026/08/28 21:50:58.608, 0, 119.16, 100, 0, 66164, 29, 1980
2026/08/28 21:50:58.609, 1, 120.21, 100, 0, 65782, 27, 1980
2026/08/28 21:50:58.609, 2, 117.82, 100, 0, 62822, 27, 1980
2026/08/28 21:50:58.609, 3, 116.44, 100, 0, 61418, 28, 1980
2026/08/28 21:51:03.609, 0, 119.15, 100, 0, 66164, 29, 1980
2026/08/28 21:51:03.609, 1, 120.20, 100, 0, 65782, 27, 1980
2026/08/28 21:51:03.609, 2, 117.81, 100, 0, 62822, 27, 1980
2026/08/28 21:51:03.609, 3, 116.44, 100, 0, 61418, 28, 1980
2026/08/28 21:51:08.610, 0, 119.16, 100, 0, 66164, 29, 1980
2026/08/28 21:51:08.610, 1, 120.19, 100, 0, 65782, 27, 1980
2026/08/28 21:51:08.610, 2, 117.84, 100, 0, 62822, 27, 1980
2026/08/28 21:51:08.610, 3, 116.46, 100, 0, 61418, 28, 1980
2026/08/28 21:51:13.610, 0, 119.14, 100, 0, 66164, 29, 1980
2026/08/28 21:51:13.610, 1, 120.18, 100, 0, 65782, 27, 1980
2026/08/28 21:51:13.610, 2, 117.92, 100, 0, 62822, 27, 1980
2026/08/28 21:51:13.610, 3, 116.47, 100, 0, 61418, 28, 1980
2026/08/28 21:51:18.611, 0, 119.09, 100, 0, 66164, 29, 1980
2026/08/28 21:51:18.611, 1, 120.21, 100, 0, 65782, 27, 1980
2026/08/28 21:51:18.611, 2, 117.74, 100, 0, 62822, 27, 1980
2026/08/28 21:51:18.611, 3, 116.44, 100, 0, 61418, 28, 1980
2026/08/28 21:51:23.611, 0, 119.12, 100, 0, 66164, 29, 1980
2026/08/28 21:51:23.611, 1, 120.25, 100, 0, 65782, 27, 1980
2026/08/28 21:51:23.611, 2, 118.03, 100, 0, 62822, 27, 1980
2026/08/28 21:51:23.611, 3, 116.35, 100, 0, 61418, 28, 1980
2026/08/28 21:51:28.612, 0, 119.13, 100, 0, 66164, 29, 1980
2026/08/28 21:51:28.612, 1, 120.19, 100, 0, 65782, 27, 1980
2026/08/28 21:51:28.612, 2, 117.84, 100, 0, 62822, 27, 1980
2026/08/28 21:51:28.612, 3, 116.47, 100, 0, 61418, 28, 1980
2026/08/28 21:51:33.612, 0, 119.18, 100, 0, 66164, 29, 1980
2026/08/28 21:51:33.612, 1, 120.20, 100, 0, 65782, 27, 1980
2026/08/28 21:51:33.612, 2, 118.09, 100, 0, 62822, 27, 1980
2026/08/28 21:51:33.612, 3, 116.46, 100, 0, 61418, 28, 1980
2026/08/28 21:51:38.613, 0, 119.08, 100, 0, 66164, 29, 1980
2026/08/28 21:51:38.613, 1, 120.17, 100, 0, 65782, 27, 1980
2026/08/28 21:51:38.613, 2, 117.82, 100, 0, 62822, 27, 1980
2026/08/28 21:51:38.613, 3, 116.46, 100, 0, 61418, 28, 1980
2026/08/28 21:51:43.613, 0, 119.13, 100, 0, 66164, 29, 1980
2026/08/28 21:51:43.613, 1, 120.21, 100, 0, 65782, 27, 1980
2026/08/28 21:51:43.613, 2, 118.01, 100, 0, 62822, 27, 1980
2026/08/28 21:51:43.613, 3, 116.43, 100, 0, 61418, 28, 1980
2026/08/28 21:51:48.614, 0, 119.12, 100, 0, 66164, 29, 1980
2026/08/28 21:51:48.614, 1, 120.14, 100, 0, 65782, 27, 1980
2026/08/28 21:51:48.614, 2, 117.84, 100, 0, 62822, 27, 1980
2026/08/28 21:51:48.614, 3, 116.46, 100, 0, 61418, 28, 1980
2026/08/28 21:51:53.614, 0, 119.13, 100, 0, 66164, 29, 1980
2026/08/28 21:51:53.614, 1, 120.15, 100, 0, 65782, 27, 1980
2026/08/28 21:51:53.614, 2, 117.89, 100, 0, 62822, 27, 1980
2026/08/28 21:51:53.615, 3, 116.44, 100, 0, 61418, 28, 1980
2026/08/28 21:51:58.615, 0, 119.06, 100, 0, 66164, 29, 1980
2026/08/28 21:51:58.615, 1, 120.18, 100, 0, 65782, 27, 1980
2026/08/28 21:51:58.615, 2, 118.05, 100, 0, 62822, 27, 1980
2026/08/28 21:51:58.615, 3, 116.44, 100, 0, 61418, 28, 1980
2026/08/28 21:52:03.615, 0, 119.15, 100, 0, 66164, 29, 1980
2026/08/28 21:52:03.615, 1, 120.19, 100, 0, 65782, 27, 1980
2026/08/28 21:52:03.615, 2, 117.92, 100, 0, 62822, 27, 1980
2026/08/28 21:52:03.616, 3, 116.44, 100, 0, 61418, 28, 1980
2026/08/28 21:52:08.616, 0, 119.15, 100, 0, 66164, 29, 1980
2026/08/28 21:52:08.616, 1, 120.18, 100, 0, 65782, 27, 1980
2026/08/28 21:52:08.616, 2, 118.03, 100, 0, 62822, 27, 1980
2026/08/28 21:52:08.616, 3, 116.47, 100, 0, 61418, 28, 1980
2026/08/28 21:52:13.616, 0, 119.09, 100, 0, 66164, 29, 1980
2026/08/28 21:52:13.616, 1, 120.18, 100, 0, 65782, 27, 1980
2026/08/28 21:52:13.617, 2, 117.96, 100, 0, 62822, 27, 1980
2026/08/28 21:52:13.617, 3, 116.45, 100, 0, 61418, 28, 1980
2026/08/28 21:52:18.617, 0, 119.07, 100, 0, 66164, 29, 1980
2026/08/28 21:52:18.617, 1, 120.18, 100, 0, 65782, 27, 1980
2026/08/28 21:52:18.617, 2, 117.71, 100, 0, 62822, 27, 1980
2026/08/28 21:52:18.617, 3, 116.46, 100, 0, 61418, 28, 1980
2026/08/28 21:52:23.617, 0, 119.08, 100, 0, 66164, 29, 1980
2026/08/28 21:52:23.618, 1, 120.17, 100, 0, 65782, 27, 1980
2026/08/28 21:52:23.618, 2, 117.72, 100, 0, 62822, 27, 1980
2026/08/28 21:52:23.618, 3, 116.44, 100, 0, 61418, 28, 1980
2026/08/28 21:52:28.618, 0, 119.04, 100, 0, 66164, 29, 1980
2026/08/28 21:52:28.618, 1, 120.21, 100, 0, 65782, 27, 1980
2026/08/28 21:52:28.618, 2, 117.81, 100, 0, 62822, 27, 1980
2026/08/28 21:52:28.618, 3, 116.43, 100, 0, 61418, 28, 1980
2026/08/28 21:52:33.618, 0, 119.13, 100, 0, 66164, 29, 1980
2026/08/28 21:52:33.619, 1, 120.15, 100, 0, 65782, 27, 1980
2026/08/28 21:52:33.619, 2, 117.83, 100, 0, 62822, 27, 1980
2026/08/28 21:52:33.619, 3, 116.44, 100, 0, 61418, 28, 1980
2026/08/28 21:52:38.619, 0, 119.07, 100, 0, 66164, 29, 1980
2026/08/28 21:52:38.619, 1, 120.18, 100, 0, 65782, 27, 1980
2026/08/28 21:52:38.619, 2, 117.91, 100, 0, 62822, 27, 1980
2026/08/28 21:52:38.619, 3, 116.46, 100, 0, 61418, 28, 1980
2026/08/28 21:52:43.619, 0, 119.05, 100, 0, 66164, 29, 1980
2026/08/28 21:52:43.620, 1, 120.10, 100, 0, 65782, 27, 1980
2026/08/28 21:52:43.620, 2, 118.00, 100, 0, 62822, 27, 1980
2026/08/28 21:52:43.620, 3, 116.40, 100, 0, 61418, 28, 1980
2026/08/28 21:52:48.620, 0, 119.07, 100, 0, 66164, 29, 1980
2026/08/28 21:52:48.620, 1, 120.16, 100, 0, 65782, 27, 1980
2026/08/28 21:52:48.620, 2, 117.99, 100, 0, 62822, 27, 1980
2026/08/28 21:52:48.620, 3, 116.44, 100, 0, 61418, 28, 1980
2026/08/28 21:52:53.621, 0, 119.10, 100, 0, 66164, 29, 1980
2026/08/28 21:52:53.621, 1, 120.13, 100, 0, 65782, 27, 1980
2026/08/28 21:52:53.621, 2, 117.93, 100, 0, 62822, 27, 1980
2026/08/28 21:52:53.621, 3, 116.39, 100, 0, 61418, 28, 1980
2026/08/28 21:52:58.621, 0, 119.07, 100, 0, 66164, 29, 1980
2026/08/28 21:52:58.621, 1, 120.14, 100, 0, 65782, 27, 1980
2026/08/28 21:52:58.621, 2, 118.02, 100, 0, 62822, 27, 1980
2026/08/28 21:52:58.621, 3, 116.42, 100, 0, 61418, 28, 1980
2026/08/28 21:53:03.622, 0, 119.17, 100, 0, 66164, 29, 1980
2026/08/28 21:53:03.622, 1, 120.11, 100, 0, 65782, 27, 1980
2026/08/28 21:53:03.622, 2, 117.98, 100, 0, 62822, 27, 1980
2026/08/28 21:53:03.622, 3, 116.39, 100, 0, 61418, 28, 1980
2026/08/28 21:53:08.622, 0, 119.04, 100, 0, 66164, 29, 1980
2026/08/28 21:53:08.622, 1, 120.11, 100, 0, 65782, 27, 1980
2026/08/28 21:53:08.622, 2, 118.01, 100, 0, 62822, 27, 1980
2026/08/28 21:53:08.622, 3, 116.31, 100, 0, 61418, 28, 1980
2026/08/28 21:53:13.623, 0, 119.13, 100, 0, 66164, 29, 1980
2026/08/28 21:53:13.623, 1, 120.18, 100, 0, 65782, 27, 1980
2026/08/28 21:53:13.623, 2, 117.79, 100, 0, 62822, 27, 1980
2026/08/28 21:53:13.623, 3, 116.48, 100, 0, 61418, 28, 1980
2026/08/28 21:53:18.623, 0, 119.03, 100, 0, 66164, 29, 1980
2026/08/28 21:53:18.623, 1, 120.08, 100, 0, 65782, 27, 1980
2026/08/28 21:53:18.623, 2, 118.02, 100, 0, 62822, 27, 1980
2026/08/28 21:53:18.623, 3, 116.42, 100, 0, 61418, 28, 1980
2026/08/28 21:53:23.624, 0, 119.08, 100, 0, 66164, 29, 1980
2026/08/28 21:53:23.624, 1, 120.15, 100, 0, 65782, 27, 1980
2026/08/28 21:53:23.624, 2, 118.07, 100, 0, 62822, 27, 1980
2026/08/28 21:53:23.624, 3, 116.43, 100, 0, 61418, 28, 1980
2026/08/28 21:53:28.624, 0, 119.08, 100, 0, 66164, 29, 1980
2026/08/28 21:53:28.624, 1, 120.09, 100, 0, 65782, 27, 1980
2026/08/28 21:53:28.624, 2, 118.01, 100, 0, 62822, 27, 1980
2026/08/28 21:53:28.624, 3, 116.46, 100, 0, 61418, 28, 1980
2026/08/28 21:53:33.625, 0, 119.07, 100, 0, 66164, 29, 1980
2026/08/28 21:53:33.625, 1, 120.10, 100, 0, 65782, 27, 1980
2026/08/28 21:53:33.625, 2, 117.68, 100, 0, 62822, 27, 1980
2026/08/28 21:53:33.625, 3, 116.43, 100, 0, 61418, 28, 1980
2026/08/28 21:53:38.625, 0, 119.09, 100, 0, 66164, 29, 1980
2026/08/28 21:53:38.626, 1, 120.17, 100, 0, 65782, 27, 1980
2026/08/28 21:53:38.628, 2, 118.03, 100, 0, 62822, 27, 1980
2026/08/28 21:53:38.628, 3, 116.44, 100, 0, 61418, 28, 1980
2026/08/28 21:53:43.630, 0, 119.02, 100, 0, 66164, 29, 1980
2026/08/28 21:53:43.630, 1, 120.10, 100, 0, 65782, 27, 1980
2026/08/28 21:53:43.630, 2, 117.90, 100, 0, 62822, 27, 1980
2026/08/28 21:53:43.630, 3, 116.44, 100, 0, 61418, 28, 1980
2026/08/28 21:53:48.630, 0, 119.06, 100, 0, 66164, 29, 1980
2026/08/28 21:53:48.631, 1, 120.15, 100, 0, 65782, 27, 1980
2026/08/28 21:53:48.631, 2, 117.97, 100, 0, 62822, 27, 1980
2026/08/28 21:53:48.631, 3, 116.46, 100, 0, 61418, 28, 1980
2026/08/28 21:53:53.631, 0, 119.06, 100, 0, 66164, 29, 1980
2026/08/28 21:53:53.631, 1, 120.06, 100, 0, 65782, 27, 1980
2026/08/28 21:53:53.631, 2, 117.97, 100, 0, 62822, 27, 1980
2026/08/28 21:53:53.631, 3, 116.42, 100, 0, 61418, 28, 1980
2026/08/28 21:53:58.631, 0, 119.06, 100, 0, 66164, 29, 1980
2026/08/28 21:53:58.632, 1, 120.12, 100, 0, 65782, 27, 1980
2026/08/28 21:53:58.632, 2, 117.69, 100, 0, 62822, 27, 1980
2026/08/28 21:53:58.632, 3, 116.40, 100, 0, 61418, 28, 1980
2026/08/28 21:54:03.632, 0, 119.07, 100, 0, 66164, 29, 1980
2026/08/28 21:54:03.632, 1, 120.10, 100, 0, 65782, 27, 1980
2026/08/28 21:54:03.632, 2, 117.89, 100, 0, 62822, 27, 1980
2026/08/28 21:54:03.632, 3, 116.41, 100, 0, 61418, 28, 1980
2026/08/28 21:54:08.633, 0, 119.11, 100, 0, 66164, 29, 1980
2026/08/28 21:54:08.633, 1, 120.12, 100, 0, 65782, 27, 1980
2026/08/28 21:54:08.633, 2, 117.98, 100, 0, 62822, 27, 1980
2026/08/28 21:54:08.633, 3, 116.41, 100, 0, 61418, 28, 1980
2026/08/28 21:54:13.633, 0, 119.04, 100, 0, 66164, 29, 1980
2026/08/28 21:54:13.635, 1, 120.11, 100, 0, 65782, 27, 1980
2026/08/28 21:54:13.636, 2, 117.72, 100, 0, 62822, 27, 1980
2026/08/28 21:54:13.636, 3, 116.40, 100, 0, 61418, 28, 1980
2026/08/28 21:54:18.637, 0, 119.09, 100, 0, 66164, 29, 1980
2026/08/28 21:54:18.637, 1, 120.11, 100, 0, 65782, 27, 1980
2026/08/28 21:54:18.637, 2, 117.81, 100, 0, 62822, 27, 1980
2026/08/28 21:54:18.638, 3, 116.41, 100, 0, 61418, 28, 1980
2026/08/28 21:54:23.638, 0, 119.07, 100, 0, 66164, 29, 1980
2026/08/28 21:54:23.638, 1, 120.10, 100, 0, 65782, 27, 1980
2026/08/28 21:54:23.638, 2, 117.94, 100, 0, 62822, 27, 1980
2026/08/28 21:54:23.638, 3, 116.42, 100, 0, 61418, 28, 1980
2026/08/28 21:54:28.638, 0, 119.04, 100, 0, 66164, 29, 1980
2026/08/28 21:54:28.638, 1, 120.10, 100, 0, 65782, 27, 1980
2026/08/28 21:54:28.639, 2, 117.93, 100, 0, 62822, 27, 1980
2026/08/28 21:54:28.639, 3, 116.39, 100, 0, 61418, 28, 1980
2026/08/28 21:54:33.639, 0, 119.08, 100, 0, 66164, 29, 1980
2026/08/28 21:54:33.639, 1, 120.10, 100, 0, 65782, 27, 1980
2026/08/28 21:54:33.639, 2, 117.94, 100, 0, 62822, 27, 1980
2026/08/28 21:54:33.639, 3, 116.39, 100, 0, 61418, 28, 1980
2026/08/28 21:54:38.639, 0, 119.08, 100, 0, 66164, 29, 1980
2026/08/28 21:54:38.640, 1, 120.08, 100, 0, 65782, 27, 1980
2026/08/28 21:54:38.640, 2, 117.93, 100, 0, 62822, 27, 1980
2026/08/28 21:54:38.640, 3, 116.37, 100, 0, 61418, 28, 1980
2026/08/28 21:54:43.640, 0, 119.06, 100, 0, 66164, 29, 1980
2026/08/28 21:54:43.640, 1, 120.09, 100, 0, 65782, 27, 1980
2026/08/28 21:54:43.640, 2, 117.92, 100, 0, 62822, 27, 1980
2026/08/28 21:54:43.640, 3, 116.35, 100, 0, 61418, 28, 1980
2026/08/28 21:54:48.640, 0, 118.99, 100, 0, 66164, 29, 1980
2026/08/28 21:54:48.640, 1, 120.08, 100, 0, 65782, 27, 1980
2026/08/28 21:54:48.641, 2, 117.96, 100, 0, 62822, 27, 1980
2026/08/28 21:54:48.641, 3, 116.36, 100, 0, 61418, 28, 1980
2026/08/28 21:54:53.641, 0, 119.12, 100, 0, 66164, 29, 1980
2026/08/28 21:54:53.641, 1, 120.07, 100, 0, 65782, 27, 1980
2026/08/28 21:54:53.641, 2, 117.89, 100, 0, 62822, 27, 1980
2026/08/28 21:54:53.641, 3, 116.36, 100, 0, 61418, 28, 1980
2026/08/28 21:54:58.641, 0, 119.07, 100, 0, 66164, 29, 1980
2026/08/28 21:54:58.644, 1, 120.07, 100, 0, 65782, 27, 1980
2026/08/28 21:54:58.647, 2, 117.93, 100, 0, 62822, 27, 1980
2026/08/28 21:54:58.648, 3, 116.35, 100, 0, 61418, 28, 1980
2026/08/28 21:55:03.648, 0, 118.99, 100, 0, 66164, 29, 1980
2026/08/28 21:55:03.648, 1, 120.06, 100, 0, 65782, 27, 1980
2026/08/28 21:55:03.648, 2, 117.92, 100, 0, 62822, 27, 1980
2026/08/28 21:55:03.648, 3, 116.36, 100, 0, 61418, 28, 1980
2026/08/28 21:55:08.648, 0, 119.02, 100, 0, 66164, 29, 1980
2026/08/28 21:55:08.648, 1, 120.01, 100, 0, 65782, 27, 1980
2026/08/28 21:55:08.649, 2, 117.93, 100, 0, 62822, 27, 1980
2026/08/28 21:55:08.649, 3, 116.36, 100, 0, 61418, 28, 1980
2026/08/28 21:55:13.649, 0, 119.00, 100, 0, 66164, 29, 1980
2026/08/28 21:55:13.649, 1, 120.08, 100, 0, 65782, 27, 1980
2026/08/28 21:55:13.649, 2, 117.75, 100, 0, 62822, 27, 1980
2026/08/28 21:55:13.649, 3, 116.32, 100, 0, 61418, 28, 1980
2026/08/28 21:55:18.649, 0, 119.02, 100, 0, 66164, 29, 1980
2026/08/28 21:55:18.650, 1, 120.04, 100, 0, 65782, 27, 1980
2026/08/28 21:55:18.650, 2, 117.88, 100, 0, 62822, 26, 1980
2026/08/28 21:55:18.650, 3, 116.33, 100, 0, 61418, 28, 1980
2026/08/28 21:55:23.650, 0, 119.03, 100, 0, 66164, 29, 1980
2026/08/28 21:55:23.650, 1, 120.08, 100, 0, 65782, 27, 1980
2026/08/28 21:55:23.650, 2, 117.62, 100, 0, 62822, 26, 1980
2026/08/28 21:55:23.650, 3, 116.35, 100, 0, 61418, 28, 1980
2026/08/28 21:55:28.650, 0, 119.04, 100, 0, 66164, 29, 1980
2026/08/28 21:55:28.651, 1, 120.08, 100, 0, 65782, 27, 1980
2026/08/28 21:55:28.651, 2, 117.77, 100, 0, 62822, 27, 1980
2026/08/28 21:55:28.651, 3, 116.31, 100, 0, 61418, 28, 1980
2026/08/28 21:55:33.651, 0, 118.98, 100, 0, 66164, 29, 1980
2026/08/28 21:55:33.651, 1, 120.09, 100, 0, 65782, 27, 1980
2026/08/28 21:55:33.651, 2, 117.61, 100, 0, 62822, 27, 1980
2026/08/28 21:55:33.651, 3, 116.30, 100, 0, 61418, 28, 1980
2026/08/28 21:55:38.652, 0, 119.03, 100, 0, 66164, 29, 1980
2026/08/28 21:55:38.652, 1, 120.10, 100, 0, 65782, 27, 1980
2026/08/28 21:55:38.652, 2, 117.71, 100, 0, 62822, 27, 1980
2026/08/28 21:55:38.652, 3, 116.34, 100, 0, 61418, 28, 1980
2026/08/28 21:55:43.652, 0, 119.06, 100, 0, 66164, 29, 1980
2026/08/28 21:55:43.652, 1, 120.14, 100, 0, 65782, 27, 1980
2026/08/28 21:55:43.652, 2, 117.92, 100, 0, 62822, 27, 1980
2026/08/28 21:55:43.652, 3, 116.32, 100, 0, 61418, 28, 1980
2026/08/28 21:55:48.653, 0, 118.95, 100, 0, 66164, 29, 1980
2026/08/28 21:55:48.653, 1, 120.14, 100, 0, 65782, 27, 1980
2026/08/28 21:55:48.653, 2, 117.93, 100, 0, 62822, 27, 1980
2026/08/28 21:55:48.653, 3, 116.31, 100, 0, 61418, 28, 1980
2026/08/28 21:55:53.653, 0, 119.04, 100, 0, 66164, 29, 1980
2026/08/28 21:55:53.653, 1, 120.11, 100, 0, 65782, 27, 1980
2026/08/28 21:55:53.653, 2, 117.96, 100, 0, 62822, 27, 1980
2026/08/28 21:55:53.653, 3, 116.34, 100, 0, 61418, 28, 1980
2026/08/28 21:55:58.654, 0, 119.01, 100, 0, 66164, 29, 1980
2026/08/28 21:55:58.654, 1, 120.09, 100, 0, 65782, 27, 1980
2026/08/28 21:55:58.654, 2, 117.96, 100, 0, 62822, 27, 1980
2026/08/28 21:55:58.654, 3, 116.34, 100, 0, 61418, 28, 1980
2026/08/28 21:56:03.654, 0, 119.06, 100, 0, 66164, 29, 1980
2026/08/28 21:56:03.654, 1, 120.09, 100, 0, 65782, 27, 1980
2026/08/28 21:56:03.654, 2, 117.93, 100, 0, 62822, 27, 1980
2026/08/28 21:56:03.654, 3, 116.31, 100, 0, 61418, 28, 1980
2026/08/28 21:56:08.655, 0, 119.07, 100, 0, 66164, 29, 1980
2026/08/28 21:56:08.655, 1, 120.11, 100, 0, 65782, 27, 1980
2026/08/28 21:56:08.655, 2, 117.95, 100, 0, 62822, 27, 1980
2026/08/28 21:56:08.655, 3, 116.33, 100, 0, 61418, 28, 1980
2026/08/28 21:56:13.655, 0, 119.00, 100, 0, 66164, 29, 1980
2026/08/28 21:56:13.655, 1, 120.10, 100, 0, 65782, 27, 1980
2026/08/28 21:56:13.655, 2, 117.93, 100, 0, 62822, 27, 1980
2026/08/28 21:56:13.655, 3, 116.32, 100, 0, 61418, 28, 1980
2026/08/28 21:56:18.656, 0, 119.00, 100, 0, 66164, 29, 1980
2026/08/28 21:56:18.656, 1, 120.08, 100, 0, 65782, 27, 1980
2026/08/28 21:56:18.656, 2, 117.95, 100, 0, 62822, 27, 1980
2026/08/28 21:56:18.656, 3, 116.32, 100, 0, 61418, 28, 1980
2026/08/28 21:56:23.656, 0, 118.99, 100, 0, 66164, 29, 1980
2026/08/28 21:56:23.656, 1, 120.09, 100, 0, 65782, 27, 1980
2026/08/28 21:56:23.656, 2, 117.95, 100, 0, 62822, 27, 1980
2026/08/28 21:56:23.656, 3, 116.32, 100, 0, 61418, 28, 1980
2026/08/28 21:56:28.657, 0, 118.96, 100, 0, 66164, 29, 1980
2026/08/28 21:56:28.657, 1, 120.04, 100, 0, 65782, 27, 1980
2026/08/28 21:56:28.657, 2, 117.91, 100, 0, 62822, 27, 1980
2026/08/28 21:56:28.657, 3, 116.32, 100, 0, 61418, 28, 1980
2026/08/28 21:56:33.657, 0, 119.02, 100, 0, 66164, 29, 1980
2026/08/28 21:56:33.657, 1, 120.10, 100, 0, 65782, 27, 1980
2026/08/28 21:56:33.657, 2, 117.91, 100, 0, 62822, 27, 1980
2026/08/28 21:56:33.657, 3, 116.33, 100, 0, 61418, 28, 1980
2026/08/28 21:56:38.658, 0, 119.04, 100, 0, 66164, 29, 1980
2026/08/28 21:56:38.658, 1, 120.07, 100, 0, 65782, 27, 1980
2026/08/28 21:56:38.658, 2, 117.95, 100, 0, 62822, 27, 1980
2026/08/28 21:56:38.658, 3, 116.32, 100, 0, 61418, 28, 1980
2026/08/28 21:56:43.658, 0, 119.07, 100, 0, 66164, 29, 1980
2026/08/28 21:56:43.658, 1, 120.05, 100, 0, 65782, 27, 1980
2026/08/28 21:56:43.658, 2, 117.93, 100, 0, 62822, 27, 1980
2026/08/28 21:56:43.658, 3, 116.32, 100, 0, 61418, 28, 1980
2026/08/28 21:56:48.659, 0, 119.06, 100, 0, 66164, 29, 1980
2026/08/28 21:56:48.659, 1, 120.08, 100, 0, 65782, 27, 1980
2026/08/28 21:56:48.659, 2, 117.91, 100, 0, 62822, 27, 1980
2026/08/28 21:56:48.659, 3, 116.32, 100, 0, 61418, 28, 1980
2026/08/28 21:56:53.659, 0, 119.01, 100, 0, 66164, 29, 1980
2026/08/28 21:56:53.659, 1, 120.04, 100, 0, 65782, 27, 1980
2026/08/28 21:56:53.659, 2, 117.92, 100, 0, 62822, 27, 1980
2026/08/28 21:56:53.659, 3, 116.31, 100, 0, 61418, 28, 1980
2026/08/28 21:56:58.660, 0, 119.01, 100, 0, 66164, 29, 1980
2026/08/28 21:56:58.660, 1, 120.07, 100, 0, 65782, 27, 1980
2026/08/28 21:56:58.660, 2, 117.91, 100, 0, 62822, 27, 1980
2026/08/28 21:56:58.660, 3, 116.31, 100, 0, 61418, 28, 1980
2026/08/28 21:57:03.660, 0, 119.04, 100, 0, 66164, 29, 1980
2026/08/28 21:57:03.660, 1, 120.05, 100, 0, 65782, 27, 1980
2026/08/28 21:57:03.660, 2, 117.88, 100, 0, 62822, 26, 1980
2026/08/28 21:57:03.660, 3, 116.29, 100, 0, 61418, 28, 1980
2026/08/28 21:57:08.661, 0, 119.05, 100, 0, 66164, 29, 1980
2026/08/28 21:57:08.661, 1, 120.05, 100, 0, 65782, 27, 1980
2026/08/28 21:57:08.661, 2, 117.88, 100, 0, 62822, 26, 1980
2026/08/28 21:57:08.661, 3, 116.28, 100, 0, 61418, 28, 1980
2026/08/28 21:57:13.661, 0, 119.00, 100, 0, 66164, 29, 1980
2026/08/28 21:57:13.661, 1, 120.05, 100, 0, 65782, 27, 1980
2026/08/28 21:57:13.661, 2, 117.88, 100, 0, 62822, 26, 1980
2026/08/28 21:57:13.661, 3, 116.29, 100, 0, 61418, 28, 1980
2026/08/28 21:57:18.662, 0, 119.03, 100, 0, 66164, 29, 1980
2026/08/28 21:57:18.662, 1, 120.07, 100, 0, 65782, 27, 1980
2026/08/28 21:57:18.662, 2, 117.89, 100, 0, 62822, 26, 1980
2026/08/28 21:57:18.662, 3, 116.27, 100, 0, 61418, 28, 1980
2026/08/28 21:57:23.662, 0, 118.99, 100, 0, 66164, 29, 1980
2026/08/28 21:57:23.662, 1, 120.06, 100, 0, 65782, 27, 1980
2026/08/28 21:57:23.662, 2, 117.89, 100, 0, 62822, 26, 1980
2026/08/28 21:57:23.662, 3, 116.26, 100, 0, 61418, 28, 1980
2026/08/28 21:57:28.663, 0, 118.96, 100, 0, 66164, 29, 1980
2026/08/28 21:57:28.663, 1, 120.05, 100, 0, 65782, 27, 1980
2026/08/28 21:57:28.663, 2, 117.93, 100, 0, 62822, 27, 1980
2026/08/28 21:57:28.663, 3, 116.29, 100, 0, 61418, 28, 1980
2026/08/28 21:57:33.663, 0, 118.99, 100, 0, 66164, 29, 1980
2026/08/28 21:57:33.663, 1, 120.08, 100, 0, 65782, 27, 1980
2026/08/28 21:57:33.663, 2, 117.95, 100, 0, 62822, 27, 1980
2026/08/28 21:57:33.664, 3, 116.27, 100, 0, 61418, 28, 1980
2026/08/28 21:57:38.664, 0, 118.99, 100, 0, 66164, 29, 1980
2026/08/28 21:57:38.664, 1, 120.10, 100, 0, 65782, 27, 1980
2026/08/28 21:57:38.664, 2, 117.90, 100, 0, 62822, 27, 1980
2026/08/28 21:57:38.664, 3, 116.28, 100, 0, 61418, 28, 1980
2026/08/28 21:57:43.664, 0, 119.01, 100, 0, 66164, 29, 1980
2026/08/28 21:57:43.664, 1, 120.07, 100, 0, 65782, 27, 1980
2026/08/28 21:57:43.664, 2, 117.90, 100, 0, 62822, 27, 1980
2026/08/28 21:57:43.665, 3, 116.30, 100, 0, 61418, 28, 1980
2026/08/28 21:57:48.665, 0, 119.00, 100, 0, 66164, 29, 1980
2026/08/28 21:57:48.665, 1, 120.09, 100, 0, 65782, 27, 1980
2026/08/28 21:57:48.665, 2, 117.92, 100, 0, 62822, 27, 1980
2026/08/28 21:57:48.665, 3, 116.30, 100, 0, 61418, 28, 1980
2026/08/28 21:57:53.665, 0, 119.01, 100, 0, 66164, 29, 1980
2026/08/28 21:57:53.666, 1, 120.10, 100, 0, 65782, 27, 1980
2026/08/28 21:57:53.666, 2, 117.92, 100, 0, 62822, 27, 1980
2026/08/28 21:57:53.666, 3, 116.30, 100, 0, 61418, 28, 1980
2026/08/28 21:57:58.666, 0, 119.01, 100, 0, 66164, 29, 1980
2026/08/28 21:57:58.666, 1, 120.09, 100, 0, 65782, 27, 1980
2026/08/28 21:57:58.666, 2, 117.92, 100, 0, 62822, 27, 1980
2026/08/28 21:57:58.666, 3, 116.28, 100, 0, 61418, 28, 1980
2026/08/28 21:58:03.667, 0, 119.02, 100, 0, 66164, 29, 1980
2026/08/28 21:58:03.667, 1, 120.08, 100, 0, 65782, 27, 1980
2026/08/28 21:58:03.667, 2, 117.95, 100, 0, 62822, 27, 1980
2026/08/28 21:58:03.667, 3, 116.31, 100, 0, 61418, 28, 1980
2026/08/28 21:58:08.667, 0, 119.05, 100, 0, 66164, 29, 1980
2026/08/28 21:58:08.667, 1, 120.09, 100, 0, 65782, 27, 1980
2026/08/28 21:58:08.667, 2, 117.92, 100, 0, 62822, 27, 1980
2026/08/28 21:58:08.667, 3, 116.28, 100, 0, 61418, 28, 1980
2026/08/28 21:58:13.668, 0, 119.03, 100, 0, 66164, 29, 1980
2026/08/28 21:58:13.668, 1, 120.08, 100, 0, 65782, 27, 1980
2026/08/28 21:58:13.668, 2, 117.90, 100, 0, 62822, 27, 1980
2026/08/28 21:58:13.668, 3, 116.26, 100, 0, 61418, 28, 1980
2026/08/28 21:58:18.668, 0, 118.97, 100, 0, 66164, 29, 1980
2026/08/28 21:58:18.668, 1, 120.08, 100, 0, 65782, 27, 1980
2026/08/28 21:58:18.668, 2, 117.92, 100, 0, 62822, 27, 1980
2026/08/28 21:58:18.668, 3, 116.29, 100, 0, 61418, 28, 1980
2026/08/28 21:58:23.669, 0, 119.03, 100, 0, 66164, 29, 1980
2026/08/28 21:58:23.669, 1, 120.11, 100, 0, 65782, 27, 1980
2026/08/28 21:58:23.669, 2, 117.92, 100, 0, 62822, 27, 1980
2026/08/28 21:58:23.669, 3, 116.31, 100, 0, 61418, 28, 1980
2026/08/28 21:58:28.669, 0, 119.04, 100, 0, 66164, 29, 1980
2026/08/28 21:58:28.669, 1, 120.08, 100, 0, 65782, 27, 1980
2026/08/28 21:58:28.669, 2, 117.94, 100, 0, 62822, 27, 1980
2026/08/28 21:58:28.669, 3, 116.29, 100, 0, 61418, 28, 1980
2026/08/28 21:58:33.670, 0, 119.00, 100, 0, 66164, 29, 1980
2026/08/28 21:58:33.670, 1, 120.10, 100, 0, 65782, 27, 1980
2026/08/28 21:58:33.670, 2, 117.86, 100, 0, 62822, 27, 1980
2026/08/28 21:58:33.670, 3, 116.31, 100, 0, 61418, 28, 1980
2026/08/28 21:58:38.670, 0, 119.05, 100, 0, 66164, 29, 1980
2026/08/28 21:58:38.670, 1, 120.15, 100, 0, 65782, 27, 1980
2026/08/28 21:58:38.670, 2, 117.97, 100, 0, 62822, 27, 1980
2026/08/28 21:58:38.670, 3, 116.27, 100, 0, 61418, 28, 1980
2026/08/28 21:58:43.671, 0, 118.94, 100, 0, 66164, 29, 1980
2026/08/28 21:58:43.671, 1, 120.13, 100, 0, 65782, 27, 1980
2026/08/28 21:58:43.671, 2, 117.96, 100, 0, 62822, 27, 1980
2026/08/28 21:58:43.671, 3, 116.31, 100, 0, 61418, 28, 1980
2026/08/28 21:58:48.671, 0, 119.04, 100, 0, 66164, 29, 1980
2026/08/28 21:58:48.671, 1, 120.11, 100, 0, 65782, 27, 1980
2026/08/28 21:58:48.671, 2, 117.95, 100, 0, 62822, 27, 1980
2026/08/28 21:58:48.671, 3, 116.29, 100, 0, 61418, 28, 1980
2026/08/28 21:58:53.672, 0, 119.05, 100, 0, 66164, 29, 1980
2026/08/28 21:58:53.672, 1, 120.12, 100, 0, 65782, 27, 1980
2026/08/28 21:58:53.672, 2, 117.74, 100, 0, 62822, 27, 1980
2026/08/28 21:58:53.672, 3, 116.30, 100, 0, 61418, 28, 1980
2026/08/28 21:58:58.672, 0, 119.04, 100, 0, 66164, 29, 1980
2026/08/28 21:58:58.672, 1, 120.10, 100, 0, 65782, 27, 1980
2026/08/28 21:58:58.672, 2, 117.93, 100, 0, 62822, 27, 1980
2026/08/28 21:58:58.672, 3, 116.29, 100, 0, 61418, 28, 1980
2026/08/28 21:59:03.673, 0, 119.05, 100, 0, 66164, 29, 1980
2026/08/28 21:59:03.673, 1, 120.12, 100, 0, 65782, 27, 1980
2026/08/28 21:59:03.673, 2, 117.83, 100, 0, 62822, 27, 1980
2026/08/28 21:59:03.673, 3, 116.30, 100, 0, 61418, 28, 1980
2026/08/28 21:59:08.673, 0, 118.99, 100, 0, 66164, 29, 1980
2026/08/28 21:59:08.673, 1, 120.11, 100, 0, 65782, 27, 1980
2026/08/28 21:59:08.673, 2, 117.85, 100, 0, 62822, 27, 1980
2026/08/28 21:59:08.673, 3, 116.31, 100, 0, 61418, 28, 1980
2026/08/28 21:59:13.674, 0, 119.03, 100, 0, 66164, 29, 1980
2026/08/28 21:59:13.674, 1, 120.10, 100, 0, 65782, 27, 1980
2026/08/28 21:59:13.674, 2, 117.76, 100, 0, 62822, 27, 1980
2026/08/28 21:59:13.674, 3, 116.29, 100, 0, 61418, 28, 1980
2026/08/28 21:59:18.675, 0, 119.03, 100, 0, 66164, 29, 1980
2026/08/28 21:59:18.675, 1, 120.13, 100, 0, 65782, 27, 1980
2026/08/28 21:59:18.675, 2, 117.86, 100, 0, 62822, 27, 1980
2026/08/28 21:59:18.675, 3, 116.30, 100, 0, 61418, 28, 1980
2026/08/28 21:59:23.675, 0, 119.04, 100, 0, 66164, 29, 1980
2026/08/28 21:59:23.675, 1, 120.14, 100, 0, 65782, 27, 1980
2026/08/28 21:59:23.675, 2, 117.97, 100, 0, 62822, 27, 1980
2026/08/28 21:59:23.675, 3, 116.32, 100, 0, 61418, 28, 1980
2026/08/28 21:59:28.676, 0, 119.08, 100, 0, 66164, 29, 1980
2026/08/28 21:59:28.676, 1, 120.16, 100, 0, 65782, 27, 1980
2026/08/28 21:59:28.676, 2, 117.78, 100, 0, 62822, 27, 1980
2026/08/28 21:59:28.676, 3, 116.35, 100, 0, 61418, 28, 1980
2026/08/28 21:59:33.676, 0, 119.05, 100, 0, 66164, 29, 1980
2026/08/28 21:59:33.676, 1, 120.16, 100, 0, 65782, 27, 1980
2026/08/28 21:59:33.676, 2, 118.05, 100, 0, 62822, 27, 1980
2026/08/28 21:59:33.676, 3, 116.36, 100, 0, 61418, 28, 1980
2026/08/28 21:59:38.677, 0, 119.06, 100, 0, 66164, 29, 1980
2026/08/28 21:59:38.677, 1, 120.17, 100, 0, 65782, 27, 1980
2026/08/28 21:59:38.677, 2, 117.99, 100, 0, 62822, 27, 1980
2026/08/28 21:59:38.677, 3, 116.33, 100, 0, 61418, 28, 1980
2026/08/28 21:59:43.677, 0, 119.04, 100, 0, 66164, 29, 1980
2026/08/28 21:59:43.677, 1, 120.16, 100, 0, 65782, 27, 1980
2026/08/28 21:59:43.677, 2, 118.01, 100, 0, 62822, 27, 1980
2026/08/28 21:59:43.677, 3, 116.34, 100, 0, 61418, 28, 1980
2026/08/28 21:59:48.678, 0, 119.06, 100, 0, 66164, 29, 1980
2026/08/28 21:59:48.678, 1, 120.15, 100, 0, 65782, 27, 1980
2026/08/28 21:59:48.678, 2, 118.04, 100, 0, 62822, 27, 1980
2026/08/28 21:59:48.678, 3, 116.37, 100, 0, 61418, 28, 1980
2026/08/28 21:59:53.678, 0, 119.04, 100, 0, 66164, 29, 1980
2026/08/28 21:59:53.678, 1, 120.19, 100, 0, 65782, 27, 1980
2026/08/28 21:59:53.678, 2, 118.04, 100, 0, 62822, 27, 1980
2026/08/28 21:59:53.678, 3, 116.40, 100, 0, 61418, 28, 1980
2026/08/28 21:59:58.679, 0, 119.07, 100, 0, 66164, 29, 1980
2026/08/28 21:59:58.679, 1, 120.16, 100, 0, 65782, 27, 1980
2026/08/28 21:59:58.679, 2, 118.03, 100, 0, 62822, 27, 1980
2026/08/28 21:59:58.679, 3, 116.38, 100, 0, 61418, 28, 1980
2026/08/28 22:00:03.679, 0, 119.12, 100, 0, 66164, 29, 1980
2026/08/28 22:00:03.679, 1, 120.21, 100, 0, 65782, 27, 1980
2026/08/28 22:00:03.679, 2, 118.05, 100, 0, 62822, 27, 1980
2026/08/28 22:00:03.680, 3, 116.41, 100, 0, 61418, 28, 1980
2026/08/28 22:00:08.680, 0, 119.08, 100, 0, 66164, 29, 1980
2026/08/28 22:00:08.680, 1, 120.18, 100, 0, 65782, 27, 1980
2026/08/28 22:00:08.680, 2, 118.07, 100, 0, 62822, 27, 1980
2026/08/28 22:00:08.680, 3, 116.42, 100, 0, 61418, 28, 1980
2026/08/28 22:00:13.680, 0, 119.07, 100, 0, 66164, 29, 1980
2026/08/28 22:00:13.680, 1, 120.20, 100, 0, 65782, 27, 1980
2026/08/28 22:00:13.681, 2, 117.90, 100, 0, 62822, 27, 1980
2026/08/28 22:00:13.681, 3, 116.43, 100, 0, 61418, 28, 1980
2026/08/28 22:00:18.681, 0, 119.06, 100, 0, 66164, 29, 1980
2026/08/28 22:00:18.681, 1, 120.20, 100, 0, 65782, 27, 1980
2026/08/28 22:00:18.681, 2, 117.88, 100, 0, 62822, 27, 1980
2026/08/28 22:00:18.681, 3, 116.48, 100, 0, 61418, 28, 1980
2026/08/28 22:00:23.681, 0, 119.14, 100, 0, 66164, 29, 1980
2026/08/28 22:00:23.681, 1, 120.22, 100, 0, 65782, 27, 1980
2026/08/28 22:00:23.682, 2, 117.95, 100, 0, 62822, 27, 1980
2026/08/28 22:00:23.682, 3, 116.42, 100, 0, 61418, 28, 1980
2026/08/28 22:00:28.682, 0, 119.12, 100, 0, 66164, 29, 1980
2026/08/28 22:00:28.682, 1, 120.25, 100, 0, 65782, 27, 1980
2026/08/28 22:00:28.682, 2, 118.07, 100, 0, 62822, 27, 1980
2026/08/28 22:00:28.682, 3, 116.43, 100, 0, 61418, 28, 1980
2026/08/28 22:00:33.682, 0, 119.11, 100, 0, 66164, 29, 1980
2026/08/28 22:00:33.683, 1, 120.22, 100, 0, 65782, 27, 1980
2026/08/28 22:00:33.683, 2, 117.92, 100, 0, 62822, 27, 1980
2026/08/28 22:00:33.683, 3, 116.48, 100, 0, 61418, 28, 1980
2026/08/28 22:00:38.683, 0, 119.13, 100, 0, 66164, 29, 1980
2026/08/28 22:00:38.683, 1, 120.25, 100, 0, 65782, 27, 1980
2026/08/28 22:00:38.683, 2, 118.16, 100, 0, 62822, 27, 1980
2026/08/28 22:00:38.683, 3, 116.48, 100, 0, 61418, 28, 1980
2026/08/28 22:00:43.683, 0, 119.08, 100, 0, 66164, 29, 1980
2026/08/28 22:00:43.684, 1, 120.28, 100, 0, 65782, 27, 1980
2026/08/28 22:00:43.684, 2, 118.08, 100, 0, 62822, 27, 1980
2026/08/28 22:00:43.684, 3, 116.48, 100, 0, 61418, 28, 1980
2026/08/28 22:00:48.684, 0, 119.13, 100, 0, 66164, 29, 1980
2026/08/28 22:00:48.684, 1, 120.29, 100, 0, 65782, 27, 1980
2026/08/28 22:00:48.684, 2, 118.21, 100, 0, 62822, 27, 1980
2026/08/28 22:00:48.684, 3, 116.48, 100, 0, 61418, 28, 1980
2026/08/28 22:00:53.684, 0, 119.19, 100, 0, 66164, 29, 1980
2026/08/28 22:00:53.685, 1, 120.29, 100, 0, 65782, 27, 1980
2026/08/28 22:00:53.685, 2, 118.18, 100, 0, 62822, 27, 1980
2026/08/28 22:00:53.685, 3, 116.50, 100, 0, 61418, 28, 1980
2026/08/28 22:00:58.685, 0, 119.18, 100, 0, 66164, 29, 1980
2026/08/28 22:00:58.685, 1, 120.32, 100, 0, 65782, 27, 1980
2026/08/28 22:00:58.685, 2, 118.20, 100, 0, 62822, 27, 1980
2026/08/28 22:00:58.685, 3, 116.50, 100, 0, 61418, 28, 1980
2026/08/28 22:01:03.685, 0, 119.17, 100, 0, 66164, 29, 1980
2026/08/28 22:01:03.686, 1, 120.31, 100, 0, 65782, 27, 1980
2026/08/28 22:01:03.686, 2, 117.97, 100, 0, 62822, 27, 1980
2026/08/28 22:01:03.686, 3, 116.54, 100, 0, 61418, 28, 1980
2026/08/28 22:01:08.686, 0, 119.17, 100, 0, 66164, 29, 1980
2026/08/28 22:01:08.686, 1, 120.27, 100, 0, 65782, 27, 1980
2026/08/28 22:01:08.686, 2, 118.06, 100, 0, 62822, 27, 1980
2026/08/28 22:01:08.686, 3, 116.52, 100, 0, 61418, 28, 1980
2026/08/28 22:01:13.687, 0, 119.20, 100, 0, 66164, 29, 1980
2026/08/28 22:01:13.687, 1, 120.30, 100, 0, 65782, 27, 1980
2026/08/28 22:01:13.687, 2, 118.15, 100, 0, 62822, 27, 1980
2026/08/28 22:01:13.687, 3, 116.51, 100, 0, 61418, 28, 1980
2026/08/28 22:01:18.687, 0, 119.19, 100, 0, 66164, 29, 1980
2026/08/28 22:01:18.687, 1, 120.27, 100, 0, 65782, 27, 1980
2026/08/28 22:01:18.687, 2, 118.14, 100, 0, 62822, 27, 1980
2026/08/28 22:01:18.687, 3, 116.54, 100, 0, 61418, 28, 1980
2026/08/28 22:01:23.688, 0, 119.10, 100, 0, 66164, 29, 1980
2026/08/28 22:01:23.688, 1, 120.27, 100, 0, 65782, 27, 1980
2026/08/28 22:01:23.688, 2, 118.17, 100, 0, 62822, 27, 1980
2026/08/28 22:01:23.688, 3, 116.50, 100, 0, 61418, 28, 1980
2026/08/28 22:01:28.688, 0, 119.17, 100, 0, 66164, 29, 1980
2026/08/28 22:01:28.688, 1, 120.28, 100, 0, 65782, 27, 1980
2026/08/28 22:01:28.688, 2, 118.12, 100, 0, 62822, 27, 1980
2026/08/28 22:01:28.688, 3, 116.49, 100, 0, 61418, 28, 1980
2026/08/28 22:01:33.689, 0, 119.24, 100, 0, 66164, 29, 1980
2026/08/28 22:01:33.689, 1, 120.25, 100, 0, 65782, 27, 1980
2026/08/28 22:01:33.689, 2, 118.03, 100, 0, 62822, 27, 1980
2026/08/28 22:01:33.689, 3, 116.51, 100, 0, 61418, 28, 1980
2026/08/28 22:01:38.689, 0, 119.10, 100, 0, 66164, 29, 1980
2026/08/28 22:01:38.689, 1, 120.26, 100, 0, 65782, 27, 1980
2026/08/28 22:01:38.689, 2, 118.13, 100, 0, 62822, 27, 1980
2026/08/28 22:01:38.689, 3, 116.49, 100, 0, 61418, 28, 1980
2026/08/28 22:01:43.690, 0, 119.15, 100, 0, 66164, 29, 1980
2026/08/28 22:01:43.690, 1, 120.23, 100, 0, 65782, 27, 1980
2026/08/28 22:01:43.690, 2, 118.13, 100, 0, 62822, 27, 1980
2026/08/28 22:01:43.690, 3, 116.47, 100, 0, 61418, 28, 1980
2026/08/28 22:01:48.690, 0, 119.21, 100, 0, 66164, 29, 1980
2026/08/28 22:01:48.690, 1, 120.24, 100, 0, 65782, 27, 1980
2026/08/28 22:01:48.690, 2, 117.90, 100, 0, 62822, 27, 1980
2026/08/28 22:01:48.690, 3, 116.49, 100, 0, 61418, 28, 1980
2026/08/28 22:01:53.691, 0, 119.13, 100, 0, 66164, 29, 1980
2026/08/28 22:01:53.691, 1, 120.25, 100, 0, 65782, 27, 1980
2026/08/28 22:01:53.691, 2, 118.01, 100, 0, 62822, 27, 1980
2026/08/28 22:01:53.691, 3, 116.48, 100, 0, 61418, 28, 1980
2026/08/28 22:01:58.691, 0, 119.20, 100, 0, 66164, 29, 1980
2026/08/28 22:01:58.691, 1, 120.25, 100, 0, 65782, 27, 1980
2026/08/28 22:01:58.691, 2, 118.03, 100, 0, 62822, 27, 1980
2026/08/28 22:01:58.691, 3, 116.48, 100, 0, 61418, 28, 1980
2026/08/28 22:02:03.692, 0, 119.19, 100, 0, 66164, 29, 1980
2026/08/28 22:02:03.692, 1, 120.28, 100, 0, 65782, 27, 1980
2026/08/28 22:02:03.692, 2, 117.99, 100, 0, 62822, 27, 1980
2026/08/28 22:02:03.692, 3, 116.51, 100, 0, 61418, 28, 1980
2026/08/28 22:02:08.692, 0, 119.21, 100, 0, 66164, 29, 1980
2026/08/28 22:02:08.692, 1, 120.28, 100, 0, 65782, 27, 1980
2026/08/28 22:02:08.692, 2, 117.99, 100, 0, 62822, 27, 1980
2026/08/28 22:02:08.692, 3, 116.49, 100, 0, 61418, 28, 1980
2026/08/28 22:02:13.693, 0, 119.19, 100, 0, 66164, 29, 1980
2026/08/28 22:02:13.693, 1, 120.27, 100, 0, 65782, 27, 1980
2026/08/28 22:02:13.693, 2, 118.02, 100, 0, 62822, 27, 1980
2026/08/28 22:02:13.693, 3, 116.49, 100, 0, 61418, 28, 1980
2026/08/28 22:02:18.693, 0, 119.15, 100, 0, 66164, 29, 1980
2026/08/28 22:02:18.693, 1, 120.25, 100, 0, 65782, 27, 1980
2026/08/28 22:02:18.693, 2, 118.10, 100, 0, 62822, 27, 1980
2026/08/28 22:02:18.693, 3, 116.50, 100, 0, 61418, 28, 1980
2026/08/28 22:02:23.694, 0, 119.14, 100, 0, 66164, 29, 1980
2026/08/28 22:02:23.694, 1, 120.26, 100, 0, 65782, 27, 1980
2026/08/28 22:02:23.694, 2, 118.00, 100, 0, 62822, 27, 1980
2026/08/28 22:02:23.694, 3, 116.48, 100, 0, 61418, 28, 1980
2026/08/28 22:02:28.694, 0, 119.18, 100, 0, 66164, 29, 1980
2026/08/28 22:02:28.694, 1, 120.24, 100, 0, 65782, 27, 1980
2026/08/28 22:02:28.694, 2, 117.96, 100, 0, 62822, 27, 1980
2026/08/28 22:02:28.694, 3, 116.49, 100, 0, 61418, 28, 1980
2026/08/28 22:02:33.695, 0, 119.14, 100, 0, 66164, 29, 1980
2026/08/28 22:02:33.695, 1, 120.26, 100, 0, 65782, 27, 1980
2026/08/28 22:02:33.695, 2, 118.08, 100, 0, 62822, 27, 1980
2026/08/28 22:02:33.695, 3, 116.45, 100, 0, 61418, 28, 1980
2026/08/28 22:02:38.695, 0, 119.18, 100, 0, 66164, 29, 1980
2026/08/28 22:02:38.695, 1, 120.28, 100, 0, 65782, 27, 1980
2026/08/28 22:02:38.695, 2, 118.09, 100, 0, 62822, 27, 1980
2026/08/28 22:02:38.695, 3, 116.45, 100, 0, 61418, 28, 1980
2026/08/28 22:02:43.696, 0, 119.21, 100, 0, 66164, 29, 1980
2026/08/28 22:02:43.696, 1, 120.26, 100, 0, 65782, 27, 1980
2026/08/28 22:02:43.696, 2, 118.08, 100, 0, 62822, 27, 1980
2026/08/28 22:02:43.696, 3, 116.47, 100, 0, 61418, 28, 1980
2026/08/28 22:02:48.696, 0, 119.14, 100, 0, 66164, 29, 1980
2026/08/28 22:02:48.696, 1, 120.29, 100, 0, 65782, 27, 1980
2026/08/28 22:02:48.696, 2, 118.01, 100, 0, 62822, 27, 1980
2026/08/28 22:02:48.696, 3, 116.38, 100, 0, 61418, 28, 1980
2026/08/28 22:02:53.697, 0, 119.16, 100, 0, 66164, 29, 1980
2026/08/28 22:02:53.697, 1, 120.28, 100, 0, 65782, 27, 1980
2026/08/28 22:02:53.697, 2, 117.90, 100, 0, 62822, 27, 1980
2026/08/28 22:02:53.697, 3, 116.38, 100, 0, 61418, 28, 1980
2026/08/28 22:02:58.697, 0, 119.12, 100, 0, 66164, 29, 1980
2026/08/28 22:02:58.697, 1, 120.28, 100, 0, 65782, 27, 1980
2026/08/28 22:02:58.697, 2, 118.01, 100, 0, 62822, 27, 1980
2026/08/28 22:02:58.697, 3, 116.41, 100, 0, 61418, 28, 1980
2026/08/28 22:03:03.698, 0, 119.15, 100, 0, 66164, 29, 1980
2026/08/28 22:03:03.698, 1, 120.29, 100, 0, 65782, 27, 1980
2026/08/28 22:03:03.698, 2, 117.90, 100, 0, 62822, 27, 1980
2026/08/28 22:03:03.698, 3, 116.38, 100, 0, 61418, 28, 1980
2026/08/28 22:03:08.698, 0, 119.12, 100, 0, 66164, 29, 1980
2026/08/28 22:03:08.698, 1, 120.26, 100, 0, 65782, 27, 1980
2026/08/28 22:03:08.698, 2, 117.73, 100, 0, 62822, 27, 1980
2026/08/28 22:03:08.698, 3, 116.38, 100, 0, 61418, 28, 1980
2026/08/28 22:03:13.699, 0, 119.14, 100, 0, 66164, 29, 1980
2026/08/28 22:03:13.699, 1, 120.25, 100, 0, 65782, 27, 1980
2026/08/28 22:03:13.699, 2, 118.02, 100, 0, 62822, 27, 1980
2026/08/28 22:03:13.699, 3, 116.36, 100, 0, 61418, 28, 1980
2026/08/28 22:03:18.699, 0, 119.12, 100, 0, 66164, 29, 1980
2026/08/28 22:03:18.699, 1, 120.22, 100, 0, 65782, 27, 1980
2026/08/28 22:03:18.699, 2, 117.81, 100, 0, 62822, 27, 1980
2026/08/28 22:03:18.699, 3, 116.37, 100, 0, 61418, 28, 1980
2026/08/28 22:03:23.700, 0, 119.10, 100, 0, 66164, 29, 1980
2026/08/28 22:03:23.700, 1, 120.24, 100, 0, 65782, 27, 1980
2026/08/28 22:03:23.700, 2, 117.98, 100, 0, 62822, 27, 1980
2026/08/28 22:03:23.700, 3, 116.36, 100, 0, 61418, 28, 1980
2026/08/28 22:03:28.700, 0, 119.14, 100, 0, 66164, 29, 1980
2026/08/28 22:03:28.700, 1, 120.26, 100, 0, 65782, 27, 1980
2026/08/28 22:03:28.700, 2, 118.00, 100, 0, 62822, 27, 1980
2026/08/28 22:03:28.700, 3, 116.37, 100, 0, 61418, 28, 1980
2026/08/28 22:03:33.701, 0, 119.14, 100, 0, 66164, 29, 1980
2026/08/28 22:03:33.701, 1, 120.25, 100, 0, 65782, 27, 1980
2026/08/28 22:03:33.701, 2, 117.99, 100, 0, 62822, 27, 1980
2026/08/28 22:03:33.701, 3, 116.32, 100, 0, 61418, 28, 1980
2026/08/28 22:03:38.701, 0, 119.06, 100, 0, 66164, 29, 1980
2026/08/28 22:03:38.701, 1, 120.22, 100, 0, 65782, 27, 1980
2026/08/28 22:03:38.701, 2, 117.97, 100, 0, 62822, 27, 1980
2026/08/28 22:03:38.701, 3, 116.34, 100, 0, 61418, 28, 1980
2026/08/28 22:03:43.702, 0, 119.12, 100, 0, 66164, 29, 1980
2026/08/28 22:03:43.702, 1, 120.25, 100, 0, 65782, 27, 1980
2026/08/28 22:03:43.702, 2, 117.75, 100, 0, 62822, 27, 1980
2026/08/28 22:03:43.702, 3, 116.34, 100, 0, 61418, 28, 1980
2026/08/28 22:03:48.702, 0, 119.10, 100, 0, 66164, 29, 1980
2026/08/28 22:03:48.702, 1, 120.25, 100, 0, 65782, 27, 1980
2026/08/28 22:03:48.702, 2, 117.66, 100, 0, 62822, 27, 1980
2026/08/28 22:03:48.702, 3, 116.37, 100, 0, 61418, 28, 1980
2026/08/28 22:03:53.703, 0, 119.11, 100, 0, 66164, 29, 1980
2026/08/28 22:03:53.703, 1, 120.20, 100, 0, 65782, 27, 1980
2026/08/28 22:03:53.703, 2, 117.95, 100, 0, 62822, 27, 1980
2026/08/28 22:03:53.703, 3, 116.32, 100, 0, 61418, 28, 1980
2026/08/28 22:03:58.703, 0, 119.13, 100, 0, 66164, 29, 1980
2026/08/28 22:03:58.703, 1, 120.19, 100, 0, 65782, 27, 1980
2026/08/28 22:03:58.703, 2, 117.89, 100, 0, 62822, 27, 1980
2026/08/28 22:03:58.703, 3, 116.35, 100, 0, 61418, 28, 1980
2026/08/28 22:04:03.704, 0, 119.14, 100, 0, 66164, 29, 1980
2026/08/28 22:04:03.704, 1, 120.28, 100, 0, 65782, 27, 1980
2026/08/28 22:04:03.704, 2, 117.86, 100, 0, 62822, 27, 1980
2026/08/28 22:04:03.704, 3, 116.44, 100, 0, 61418, 28, 1980
2026/08/28 22:04:08.704, 0, 119.11, 100, 0, 66164, 29, 1980
2026/08/28 22:04:08.704, 1, 120.23, 100, 0, 65782, 27, 1980
2026/08/28 22:04:08.705, 2, 117.97, 100, 0, 62822, 27, 1980
2026/08/28 22:04:08.705, 3, 116.42, 100, 0, 61418, 28, 1980
2026/08/28 22:04:13.705, 0, 119.16, 100, 0, 66164, 29, 1980
2026/08/28 22:04:13.705, 1, 120.28, 100, 0, 65782, 27, 1980
2026/08/28 22:04:13.705, 2, 118.01, 100, 0, 62822, 27, 1980
2026/08/28 22:04:13.705, 3, 116.39, 100, 0, 61418, 28, 1980
2026/08/28 22:04:18.705, 0, 119.14, 100, 0, 66164, 29, 1980
2026/08/28 22:04:18.706, 1, 120.24, 100, 0, 65782, 27, 1980
2026/08/28 22:04:18.706, 2, 118.01, 100, 0, 62822, 27, 1980
2026/08/28 22:04:18.706, 3, 116.36, 100, 0, 61418, 28, 1980
2026/08/28 22:04:23.706, 0, 119.17, 100, 0, 66164, 29, 1980
2026/08/28 22:04:23.706, 1, 120.24, 100, 0, 65782, 27, 1980
2026/08/28 22:04:23.706, 2, 118.01, 100, 0, 62822, 27, 1980
2026/08/28 22:04:23.706, 3, 116.34, 100, 0, 61418, 28, 1980
2026/08/28 22:04:28.706, 0, 119.17, 100, 0, 66164, 29, 1980
2026/08/28 22:04:28.707, 1, 120.27, 100, 0, 65782, 27, 1980
2026/08/28 22:04:28.707, 2, 118.03, 100, 0, 62822, 27, 1980
2026/08/28 22:04:28.707, 3, 116.34, 100, 0, 61418, 28, 1980
2026/08/28 22:04:33.707, 0, 119.12, 100, 0, 66164, 29, 1980
2026/08/28 22:04:33.707, 1, 120.27, 100, 0, 65782, 27, 1980
2026/08/28 22:04:33.707, 2, 118.05, 100, 0, 62822, 27, 1980
2026/08/28 22:04:33.707, 3, 116.37, 100, 0, 61418, 28, 1980
2026/08/28 22:04:38.707, 0, 119.17, 100, 0, 66164, 29, 1980
2026/08/28 22:04:38.708, 1, 120.29, 100, 0, 65782, 27, 1980
2026/08/28 22:04:38.708, 2, 117.85, 100, 0, 62822, 27, 1980
2026/08/28 22:04:38.708, 3, 116.39, 100, 0, 61418, 28, 1980
2026/08/28 22:04:43.708, 0, 119.17, 100, 0, 66164, 29, 1980
2026/08/28 22:04:43.708, 1, 120.24, 100, 0, 65782, 27, 1980
2026/08/28 22:04:43.708, 2, 118.05, 100, 0, 62822, 27, 1980
2026/08/28 22:04:43.708, 3, 116.40, 100, 0, 61418, 28, 1980
2026/08/28 22:04:48.709, 0, 119.12, 100, 0, 66164, 29, 1980
2026/08/28 22:04:48.709, 1, 120.27, 100, 0, 65782, 27, 1980
2026/08/28 22:04:48.709, 2, 118.03, 100, 0, 62822, 27, 1980
2026/08/28 22:04:48.709, 3, 116.39, 100, 0, 61418, 28, 1980
2026/08/28 22:04:53.709, 0, 119.17, 100, 0, 66164, 29, 1980
2026/08/28 22:04:53.709, 1, 120.23, 100, 0, 65782, 27, 1980
2026/08/28 22:04:53.709, 2, 118.05, 100, 0, 62822, 27, 1980
2026/08/28 22:04:53.709, 3, 116.38, 100, 0, 61418, 28, 1980
2026/08/28 22:04:58.710, 0, 119.11, 100, 0, 66164, 29, 1980
2026/08/28 22:04:58.710, 1, 120.24, 100, 0, 65782, 27, 1980
2026/08/28 22:04:58.710, 2, 117.97, 100, 0, 62822, 27, 1980
2026/08/28 22:04:58.710, 3, 116.39, 100, 0, 61418, 28, 1980
2026/08/28 22:05:03.710, 0, 119.15, 100, 0, 66164, 29, 1980
2026/08/28 22:05:03.710, 1, 120.19, 100, 0, 65782, 27, 1980
2026/08/28 22:05:03.710, 2, 117.96, 100, 0, 62822, 27, 1980
2026/08/28 22:05:03.710, 3, 116.36, 100, 0, 61418, 28, 1980
2026/08/28 22:05:08.711, 0, 119.13, 100, 0, 66164, 29, 1980
2026/08/28 22:05:08.711, 1, 120.21, 100, 0, 65782, 27, 1980
2026/08/28 22:05:08.711, 2, 118.03, 100, 0, 62822, 27, 1980
2026/08/28 22:05:08.711, 3, 116.37, 100, 0, 61418, 28, 1980
2026/08/28 22:05:13.711, 0, 119.12, 100, 0, 66164, 29, 1980
2026/08/28 22:05:13.711, 1, 120.21, 100, 0, 65782, 27, 1980
2026/08/28 22:05:13.711, 2, 118.06, 100, 0, 62822, 27, 1980
2026/08/28 22:05:13.711, 3, 116.37, 100, 0, 61418, 28, 1980
2026/08/28 22:05:18.712, 0, 119.12, 100, 0, 66164, 29, 1980
2026/08/28 22:05:18.712, 1, 120.20, 100, 0, 65782, 27, 1980
2026/08/28 22:05:18.712, 2, 118.07, 100, 0, 62822, 27, 1980
2026/08/28 22:05:18.712, 3, 116.33, 100, 0, 61418, 28, 1980
2026/08/28 22:05:23.712, 0, 119.10, 100, 0, 66164, 29, 1980
2026/08/28 22:05:23.712, 1, 120.18, 100, 0, 65782, 27, 1980
2026/08/28 22:05:23.712, 2, 117.93, 100, 0, 62822, 27, 1980
2026/08/28 22:05:23.712, 3, 116.40, 100, 0, 61418, 28, 1980
2026/08/28 22:05:28.713, 0, 119.12, 100, 0, 66164, 29, 1980
2026/08/28 22:05:28.713, 1, 120.22, 100, 0, 65782, 27, 1980
2026/08/28 22:05:28.713, 2, 118.03, 100, 0, 62822, 27, 1980
2026/08/28 22:05:28.713, 3, 116.47, 100, 0, 61418, 28, 1980
2026/08/28 22:05:33.713, 0, 119.13, 100, 0, 66164, 29, 1980
2026/08/28 22:05:33.713, 1, 120.18, 100, 0, 65782, 27, 1980
2026/08/28 22:05:33.713, 2, 118.05, 100, 0, 62822, 27, 1980
2026/08/28 22:05:33.713, 3, 116.39, 100, 0, 61418, 28, 1980
2026/08/28 22:05:38.714, 0, 119.03, 100, 0, 66164, 29, 1980
2026/08/28 22:05:38.714, 1, 120.25, 100, 0, 65782, 27, 1980
2026/08/28 22:05:38.714, 2, 118.02, 100, 0, 62822, 27, 1980
2026/08/28 22:05:38.714, 3, 116.40, 100, 0, 61418, 28, 1980
2026/08/28 22:05:43.714, 0, 119.17, 100, 0, 66164, 29, 1980
2026/08/28 22:05:43.714, 1, 120.19, 100, 0, 65782, 27, 1980
2026/08/28 22:05:43.714, 2, 117.85, 100, 0, 62822, 27, 1980
2026/08/28 22:05:43.714, 3, 116.32, 100, 0, 61418, 28, 1980
2026/08/28 22:05:48.715, 0, 119.10, 100, 0, 66164, 29, 1980
2026/08/28 22:05:48.715, 1, 120.21, 100, 0, 65782, 27, 1980
2026/08/28 22:05:48.715, 2, 118.03, 100, 0, 62822, 27, 1980
2026/08/28 22:05:48.715, 3, 116.32, 100, 0, 61418, 28, 1980
2026/08/28 22:05:53.715, 0, 119.14, 100, 0, 66164, 29, 1980
2026/08/28 22:05:53.715, 1, 120.17, 100, 0, 65782, 27, 1980
2026/08/28 22:05:53.715, 2, 117.90, 100, 0, 62822, 27, 1980
2026/08/28 22:05:53.715, 3, 116.33, 100, 0, 61418, 28, 1980
2026/08/28 22:05:58.716, 0, 119.12, 100, 0, 66164, 29, 1980
2026/08/28 22:05:58.716, 1, 120.17, 100, 0, 65782, 27, 1980
2026/08/28 22:05:58.716, 2, 117.85, 100, 0, 62822, 27, 1980
2026/08/28 22:05:58.716, 3, 116.39, 100, 0, 61418, 28, 1980
2026/08/28 22:06:03.716, 0, 119.10, 100, 0, 66164, 29, 1980
2026/08/28 22:06:03.716, 1, 120.22, 100, 0, 65782, 27, 1980
2026/08/28 22:06:03.716, 2, 117.90, 100, 0, 62822, 27, 1980
2026/08/28 22:06:03.717, 3, 116.35, 100, 0, 61418, 28, 1980
2026/08/28 22:06:08.717, 0, 119.10, 100, 0, 66164, 29, 1980
2026/08/28 22:06:08.717, 1, 120.24, 100, 0, 65782, 27, 1980
2026/08/28 22:06:08.717, 2, 118.07, 100, 0, 62822, 27, 1980
2026/08/28 22:06:08.717, 3, 116.39, 100, 0, 61418, 28, 1980
2026/08/28 22:06:13.717, 0, 119.12, 100, 0, 66164, 29, 1980
2026/08/28 22:06:13.718, 1, 120.24, 100, 0, 65782, 27, 1980
2026/08/28 22:06:13.718, 2, 118.06, 100, 0, 62822, 27, 1980
2026/08/28 22:06:13.718, 3, 116.40, 100, 0, 61418, 28, 1980
2026/08/28 22:06:18.718, 0, 119.10, 100, 0, 66164, 29, 1980
2026/08/28 22:06:18.718, 1, 120.24, 100, 0, 65782, 27, 1980
2026/08/28 22:06:18.718, 2, 118.06, 100, 0, 62822, 27, 1980
2026/08/28 22:06:18.718, 3, 116.39, 100, 0, 61418, 28, 1980
2026/08/28 22:06:23.718, 0, 119.12, 100, 0, 66164, 29, 1980
2026/08/28 22:06:23.719, 1, 120.22, 100, 0, 65782, 27, 1980
2026/08/28 22:06:23.719, 2, 118.00, 100, 0, 62822, 27, 1980
2026/08/28 22:06:23.719, 3, 116.42, 100, 0, 61418, 28, 1980
2026/08/28 22:06:28.719, 0, 119.09, 100, 0, 66164, 29, 1980
2026/08/28 22:06:28.719, 1, 120.26, 100, 0, 65782, 27, 1980
2026/08/28 22:06:28.719, 2, 118.01, 100, 0, 62822, 27, 1980
2026/08/28 22:06:28.719, 3, 116.44, 100, 0, 61418, 28, 1980
2026/08/28 22:06:33.720, 0, 119.10, 100, 0, 66164, 29, 1980
2026/08/28 22:06:33.720, 1, 120.26, 100, 0, 65782, 27, 1980
2026/08/28 22:06:33.720, 2, 118.06, 100, 0, 62822, 27, 1980
2026/08/28 22:06:33.720, 3, 116.34, 100, 0, 61418, 28, 1980
2026/08/28 22:06:38.720, 0, 119.10, 100, 0, 66164, 29, 1980
2026/08/28 22:06:38.720, 1, 120.26, 100, 0, 65782, 27, 1980
2026/08/28 22:06:38.720, 2, 118.03, 100, 0, 62822, 27, 1980
2026/08/28 22:06:38.720, 3, 116.40, 100, 0, 61418, 28, 1980
2026/08/28 22:06:43.721, 0, 119.13, 100, 0, 66164, 29, 1980
2026/08/28 22:06:43.721, 1, 120.26, 100, 0, 65782, 27, 1980
2026/08/28 22:06:43.721, 2, 117.88, 100, 0, 62822, 27, 1980
2026/08/28 22:06:43.721, 3, 116.45, 100, 0, 61418, 28, 1980
2026/08/28 22:06:48.721, 0, 119.14, 100, 0, 66164, 29, 1980
2026/08/28 22:06:48.721, 1, 120.20, 100, 0, 65782, 27, 1980
2026/08/28 22:06:48.721, 2, 118.06, 100, 0, 62822, 27, 1980
2026/08/28 22:06:48.721, 3, 116.43, 100, 0, 61418, 28, 1980
2026/08/28 22:06:53.722, 0, 119.08, 100, 0, 66164, 29, 1980
2026/08/28 22:06:53.722, 1, 120.24, 100, 0, 65782, 27, 1980
2026/08/28 22:06:53.722, 2, 117.82, 100, 0, 62822, 27, 1980
2026/08/28 22:06:53.722, 3, 116.46, 100, 0, 61418, 28, 1980
2026/08/28 22:06:58.722, 0, 119.17, 100, 0, 66164, 29, 1980
2026/08/28 22:06:58.722, 1, 120.19, 100, 0, 65782, 27, 1980
2026/08/28 22:06:58.722, 2, 117.89, 100, 0, 62822, 27, 1980
2026/08/28 22:06:58.722, 3, 116.42, 100, 0, 61418, 28, 1980
2026/08/28 22:07:03.723, 0, 119.15, 100, 0, 66164, 29, 1980
2026/08/28 22:07:03.723, 1, 120.21, 100, 0, 65782, 27, 1980
2026/08/28 22:07:03.723, 2, 118.00, 100, 0, 62822, 27, 1980
2026/08/28 22:07:03.723, 3, 116.42, 100, 0, 61418, 28, 1980
2026/08/28 22:07:08.723, 0, 119.17, 100, 0, 66164, 29, 1980
2026/08/28 22:07:08.723, 1, 120.24, 100, 0, 65782, 27, 1980
2026/08/28 22:07:08.723, 2, 118.01, 100, 0, 62822, 27, 1980
2026/08/28 22:07:08.724, 3, 116.48, 100, 0, 61418, 28, 1980
2026/08/28 22:07:13.724, 0, 119.06, 100, 0, 66164, 29, 1980
2026/08/28 22:07:13.724, 1, 120.22, 100, 0, 65782, 27, 1980
2026/08/28 22:07:13.724, 2, 118.00, 100, 0, 62822, 27, 1980
2026/08/28 22:07:13.724, 3, 116.44, 100, 0, 61418, 28, 1980
2026/08/28 22:07:18.725, 0, 119.15, 100, 0, 66164, 29, 1980
2026/08/28 22:07:18.725, 1, 120.23, 100, 0, 65782, 27, 1980
2026/08/28 22:07:18.725, 2, 117.99, 100, 0, 62822, 27, 1980
2026/08/28 22:07:18.725, 3, 116.41, 100, 0, 61418, 28, 1980
2026/08/28 22:07:23.725, 0, 119.12, 100, 0, 66164, 29, 1980
2026/08/28 22:07:23.725, 1, 120.20, 100, 0, 65782, 27, 1980
2026/08/28 22:07:23.725, 2, 117.98, 100, 0, 62822, 27, 1980
2026/08/28 22:07:23.725, 3, 116.35, 100, 0, 61418, 28, 1980
2026/08/28 22:07:28.726, 0, 119.13, 100, 0, 66164, 29, 1980
2026/08/28 22:07:28.726, 1, 120.29, 100, 0, 65782, 27, 1980
2026/08/28 22:07:28.726, 2, 118.05, 100, 0, 62822, 27, 1980
2026/08/28 22:07:28.726, 3, 116.45, 100, 0, 61418, 28, 1980
2026/08/28 22:07:33.726, 0, 119.18, 100, 0, 66164, 29, 1980
2026/08/28 22:07:33.726, 1, 120.26, 100, 0, 65782, 27, 1980
2026/08/28 22:07:33.726, 2, 118.06, 100, 0, 62822, 27, 1980
2026/08/28 22:07:33.726, 3, 116.42, 100, 0, 61418, 28, 1980
2026/08/28 22:07:38.727, 0, 119.13, 100, 0, 66164, 29, 1980
2026/08/28 22:07:38.727, 1, 120.29, 100, 0, 65782, 27, 1980
2026/08/28 22:07:38.727, 2, 118.01, 100, 0, 62822, 27, 1980
2026/08/28 22:07:38.727, 3, 116.44, 100, 0, 61418, 28, 1980
2026/08/28 22:07:43.727, 0, 119.13, 100, 0, 66164, 29, 1980
2026/08/28 22:07:43.727, 1, 120.28, 100, 0, 65782, 27, 1980
2026/08/28 22:07:43.727, 2, 117.91, 100, 0, 62822, 27, 1980
2026/08/28 22:07:43.727, 3, 116.44, 100, 0, 61418, 28, 1980
2026/08/28 22:07:48.728, 0, 119.14, 100, 0, 66164, 29, 1980
2026/08/28 22:07:48.728, 1, 120.28, 100, 0, 65782, 27, 1980
2026/08/28 22:07:48.728, 2, 117.99, 100, 0, 62822, 27, 1980
2026/08/28 22:07:48.728, 3, 116.48, 100, 0, 61418, 28, 1980
2026/08/28 22:07:53.728, 0, 119.09, 100, 0, 66164, 29, 1980
2026/08/28 22:07:53.728, 1, 120.32, 100, 0, 65782, 27, 1980
2026/08/28 22:07:53.728, 2, 118.05, 100, 0, 62822, 27, 1980
2026/08/28 22:07:53.728, 3, 116.44, 100, 0, 61418, 28, 1980
2026/08/28 22:07:58.729, 0, 119.14, 100, 0, 66164, 29, 1980
2026/08/28 22:07:58.729, 1, 120.28, 100, 0, 65782, 27, 1980
2026/08/28 22:07:58.729, 2, 118.04, 100, 0, 62822, 27, 1980
2026/08/28 22:07:58.729, 3, 116.46, 100, 0, 61418, 28, 1980
2026/08/28 22:08:03.729, 0, 119.13, 100, 0, 66164, 29, 1980
2026/08/28 22:08:03.730, 1, 120.27, 100, 0, 65782, 27, 1980
2026/08/28 22:08:03.731, 2, 118.11, 100, 0, 62822, 27, 1980
2026/08/28 22:08:03.733, 3, 116.46, 100, 0, 61418, 28, 1980
2026/08/28 22:08:08.733, 0, 119.09, 100, 0, 66164, 29, 1980
2026/08/28 22:08:08.733, 1, 120.27, 100, 0, 65782, 27, 1980
2026/08/28 22:08:08.733, 2, 118.11, 100, 0, 62822, 27, 1980
2026/08/28 22:08:08.734, 3, 116.48, 100, 0, 61418, 28, 1980
2026/08/28 22:08:13.734, 0, 119.16, 100, 0, 66164, 29, 1980
2026/08/28 22:08:13.734, 1, 120.27, 100, 0, 65782, 27, 1980
2026/08/28 22:08:13.734, 2, 117.94, 100, 0, 62822, 27, 1980
2026/08/28 22:08:13.734, 3, 116.50, 100, 0, 61418, 28, 1980
2026/08/28 22:08:18.734, 0, 119.17, 100, 0, 66164, 29, 1980
2026/08/28 22:08:18.735, 1, 120.24, 100, 0, 65782, 27, 1980
2026/08/28 22:08:18.735, 2, 118.09, 100, 0, 62822, 27, 1980
2026/08/28 22:08:18.735, 3, 116.48, 100, 0, 61418, 28, 1980
2026/08/28 22:08:23.735, 0, 119.17, 100, 0, 66164, 29, 1980
2026/08/28 22:08:23.735, 1, 120.29, 100, 0, 65782, 27, 1980
2026/08/28 22:08:23.735, 2, 118.10, 100, 0, 62822, 27, 1980
2026/08/28 22:08:23.735, 3, 116.55, 100, 0, 61418, 28, 1980
2026/08/28 22:08:28.735, 0, 119.21, 100, 0, 66164, 29, 1980
2026/08/28 22:08:28.736, 1, 120.21, 100, 0, 65782, 27, 1980
2026/08/28 22:08:28.736, 2, 117.90, 100, 0, 62822, 27, 1980
2026/08/28 22:08:28.736, 3, 116.55, 100, 0, 61418, 28, 1980
2026/08/28 22:08:33.736, 0, 119.20, 100, 0, 66164, 29, 1980
2026/08/28 22:08:33.736, 1, 120.23, 100, 0, 65782, 27, 1980
2026/08/28 22:08:33.736, 2, 118.08, 100, 0, 62822, 27, 1980
2026/08/28 22:08:33.736, 3, 116.49, 100, 0, 61418, 28, 1980
2026/08/28 22:08:38.737, 0, 119.25, 100, 0, 66164, 29, 1980
2026/08/28 22:08:38.737, 1, 120.29, 100, 0, 65782, 27, 1980
2026/08/28 22:08:38.737, 2, 118.10, 100, 0, 62822, 27, 1980
2026/08/28 22:08:38.737, 3, 116.50, 100, 0, 61418, 28, 1980
2026/08/28 22:08:43.737, 0, 119.13, 100, 0, 66164, 29, 1980
2026/08/28 22:08:43.737, 1, 120.27, 100, 0, 65782, 27, 1980
2026/08/28 22:08:43.737, 2, 118.10, 100, 0, 62822, 27, 1980
2026/08/28 22:08:43.737, 3, 116.54, 100, 0, 61418, 28, 1980
2026/08/28 22:08:48.738, 0, 119.18, 100, 0, 66164, 29, 1980
2026/08/28 22:08:48.738, 1, 120.28, 100, 0, 65782, 27, 1980
2026/08/28 22:08:48.738, 2, 118.08, 100, 0, 62822, 27, 1980
2026/08/28 22:08:48.738, 3, 116.54, 100, 0, 61418, 28, 1980
2026/08/28 22:08:53.738, 0, 119.18, 100, 0, 66164, 29, 1980
2026/08/28 22:08:53.738, 1, 120.32, 100, 0, 65782, 27, 1980
2026/08/28 22:08:53.739, 2, 118.10, 100, 0, 62822, 27, 1980
2026/08/28 22:08:53.739, 3, 116.55, 100, 0, 61418, 28, 1980
2026/08/28 22:08:58.739, 0, 119.16, 100, 0, 66164, 29, 1980
2026/08/28 22:08:58.739, 1, 120.35, 100, 0, 65782, 27, 1980
2026/08/28 22:08:58.739, 2, 118.07, 100, 0, 62822, 27, 1980
2026/08/28 22:08:58.739, 3, 116.54, 100, 0, 61418, 28, 1980
2026/08/28 22:09:03.739, 0, 119.17, 100, 0, 66164, 29, 1980
2026/08/28 22:09:03.740, 1, 120.33, 100, 0, 65782, 27, 1980
2026/08/28 22:09:03.740, 2, 117.87, 100, 0, 62822, 27, 1980
2026/08/28 22:09:03.740, 3, 116.58, 100, 0, 61418, 28, 1980
2026/08/28 22:09:08.740, 0, 119.18, 100, 0, 66164, 29, 1980
2026/08/28 22:09:08.740, 1, 120.29, 100, 0, 65782, 27, 1980
2026/08/28 22:09:08.740, 2, 117.95, 100, 0, 62822, 27, 1980
2026/08/28 22:09:08.740, 3, 116.55, 100, 0, 61418, 28, 1980
2026/08/28 22:09:13.741, 0, 119.21, 100, 0, 66164, 29, 1980
2026/08/28 22:09:13.741, 1, 120.31, 100, 0, 65782, 27, 1980
2026/08/28 22:09:13.741, 2, 118.10, 100, 0, 62822, 27, 1980
2026/08/28 22:09:13.741, 3, 116.54, 100, 0, 61418, 28, 1980
2026/08/28 22:09:18.741, 0, 119.20, 100, 0, 66164, 29, 1980
2026/08/28 22:09:18.741, 1, 120.30, 100, 0, 65782, 27, 1980
2026/08/28 22:09:18.741, 2, 118.03, 100, 0, 62822, 27, 1980
2026/08/28 22:09:18.741, 3, 116.60, 100, 0, 61418, 28, 1980
2026/08/28 22:09:23.742, 0, 119.17, 100, 0, 66164, 29, 1980
2026/08/28 22:09:23.742, 1, 120.30, 100, 0, 65782, 27, 1980
2026/08/28 22:09:23.742, 2, 118.08, 100, 0, 62822, 27, 1980
2026/08/28 22:09:23.742, 3, 116.56, 100, 0, 61418, 28, 1980
2026/08/28 22:09:28.742, 0, 119.19, 100, 0, 66164, 29, 1980
2026/08/28 22:09:28.742, 1, 120.28, 100, 0, 65782, 27, 1980
2026/08/28 22:09:28.742, 2, 118.02, 100, 0, 62822, 27, 1980
2026/08/28 22:09:28.742, 3, 116.56, 100, 0, 61418, 28, 1980
2026/08/28 22:09:33.743, 0, 119.17, 100, 0, 66164, 29, 1980
2026/08/28 22:09:33.743, 1, 120.26, 100, 0, 65782, 27, 1980
2026/08/28 22:09:33.743, 2, 118.11, 100, 0, 62822, 27, 1980
2026/08/28 22:09:33.743, 3, 116.57, 100, 0, 61418, 28, 1980
2026/08/28 22:09:38.743, 0, 119.15, 100, 0, 66164, 29, 1980
2026/08/28 22:09:38.743, 1, 120.28, 100, 0, 65782, 27, 1980
2026/08/28 22:09:38.743, 2, 118.11, 100, 0, 62822, 27, 1980
2026/08/28 22:09:38.743, 3, 116.60, 100, 0, 61418, 28, 1980
2026/08/28 22:09:43.744, 0, 119.20, 100, 0, 66164, 29, 1980
2026/08/28 22:09:43.744, 1, 120.26, 100, 0, 65782, 27, 1980
2026/08/28 22:09:43.744, 2, 118.16, 100, 0, 62822, 27, 1980
2026/08/28 22:09:43.744, 3, 116.56, 100, 0, 61418, 28, 1980
2026/08/28 22:09:48.744, 0, 119.21, 100, 0, 66164, 29, 1980
2026/08/28 22:09:48.745, 1, 120.27, 100, 0, 65782, 27, 1980
2026/08/28 22:09:48.745, 2, 118.15, 100, 0, 62822, 27, 1980
2026/08/28 22:09:48.745, 3, 116.57, 100, 0, 61418, 28, 1980
2026/08/28 22:09:53.745, 0, 119.20, 100, 0, 66164, 29, 1980
2026/08/28 22:09:53.746, 1, 120.29, 100, 0, 65782, 27, 1980
2026/08/28 22:09:53.746, 2, 118.10, 100, 0, 62822, 27, 1980
2026/08/28 22:09:53.746, 3, 116.61, 100, 0, 61418, 28, 1980
2026/08/28 22:09:58.746, 0, 119.15, 100, 0, 66164, 29, 1980
2026/08/28 22:09:58.746, 1, 120.32, 100, 0, 65782, 27, 1980
2026/08/28 22:09:58.746, 2, 118.07, 100, 0, 62822, 27, 1980
2026/08/28 22:09:58.746, 3, 116.60, 100, 0, 61418, 28, 1980
2026/08/28 22:10:03.746, 0, 119.21, 100, 0, 66164, 29, 1980
2026/08/28 22:10:03.747, 1, 120.28, 100, 0, 65782, 27, 1980
2026/08/28 22:10:03.747, 2, 118.10, 100, 0, 62822, 27, 1980
2026/08/28 22:10:03.747, 3, 116.58, 100, 0, 61418, 28, 1980
2026/08/28 22:10:08.747, 0, 119.16, 100, 0, 66164, 29, 1980
2026/08/28 22:10:08.747, 1, 120.31, 100, 0, 65782, 27, 1980
2026/08/28 22:10:08.747, 2, 118.06, 100, 0, 62822, 27, 1980
2026/08/28 22:10:08.747, 3, 116.62, 100, 0, 61418, 28, 1980
2026/08/28 22:10:13.747, 0, 119.24, 100, 0, 66164, 29, 1980
2026/08/28 22:10:13.748, 1, 120.33, 100, 0, 65782, 27, 1980
2026/08/28 22:10:13.748, 2, 118.16, 100, 0, 62822, 27, 1980
2026/08/28 22:10:13.748, 3, 116.60, 100, 0, 61418, 28, 1980
2026/08/28 22:10:18.748, 0, 119.18, 100, 0, 66164, 29, 1980
2026/08/28 22:10:18.748, 1, 120.27, 100, 0, 65782, 27, 1980
2026/08/28 22:10:18.748, 2, 118.01, 100, 0, 62822, 27, 1980
2026/08/28 22:10:18.748, 3, 116.60, 100, 0, 61418, 28, 1980
2026/08/28 22:10:23.748, 0, 119.17, 100, 0, 66164, 29, 1980
2026/08/28 22:10:23.749, 1, 120.33, 100, 0, 65782, 27, 1980
2026/08/28 22:10:23.749, 2, 118.10, 100, 0, 62822, 27, 1980
2026/08/28 22:10:23.749, 3, 116.61, 100, 0, 61418, 28, 1980
2026/08/28 22:10:28.749, 0, 119.19, 100, 0, 66164, 29, 1980
2026/08/28 22:10:28.749, 1, 120.26, 100, 0, 65782, 27, 1980
2026/08/28 22:10:28.749, 2, 117.95, 100, 0, 62822, 27, 1980
2026/08/28 22:10:28.749, 3, 116.61, 100, 0, 61418, 28, 1980
2026/08/28 22:10:33.749, 0, 119.18, 100, 0, 66164, 29, 1980
2026/08/28 22:10:33.750, 1, 120.27, 100, 0, 65782, 27, 1980
2026/08/28 22:10:33.750, 2, 118.14, 100, 0, 62822, 27, 1980
2026/08/28 22:10:33.750, 3, 116.62, 100, 0, 61418, 28, 1980
2026/08/28 22:10:38.750, 0, 119.09, 100, 0, 66164, 29, 1980
2026/08/28 22:10:38.750, 1, 120.31, 100, 0, 65782, 27, 1980
2026/08/28 22:10:38.753, 2, 118.15, 100, 0, 62822, 27, 1980
2026/08/28 22:10:38.756, 3, 116.63, 100, 0, 61418, 28, 1980
2026/08/28 22:10:43.756, 0, 119.24, 100, 0, 66164, 29, 1980
2026/08/28 22:10:43.756, 1, 120.28, 100, 0, 65782, 27, 1980
2026/08/28 22:10:43.756, 2, 118.12, 100, 0, 62822, 27, 1980
2026/08/28 22:10:43.756, 3, 116.59, 100, 0, 61418, 28, 1980
2026/08/28 22:10:48.757, 0, 119.17, 100, 0, 66164, 29, 1980
2026/08/28 22:10:48.757, 1, 120.25, 100, 0, 65782, 27, 1980
2026/08/28 22:10:48.757, 2, 118.14, 100, 0, 62822, 27, 1980
2026/08/28 22:10:48.757, 3, 116.57, 100, 0, 61418, 28, 1980
2026/08/28 22:10:53.757, 0, 119.18, 100, 0, 66164, 29, 1980
2026/08/28 22:10:53.757, 1, 120.28, 100, 0, 65782, 27, 1980
2026/08/28 22:10:53.757, 2, 118.10, 100, 0, 62822, 27, 1980
2026/08/28 22:10:53.757, 3, 116.59, 100, 0, 61418, 28, 1980
2026/08/28 22:10:58.758, 0, 119.18, 100, 0, 66164, 29, 1980
2026/08/28 22:10:58.758, 1, 120.30, 100, 0, 65782, 27, 1980
2026/08/28 22:10:58.758, 2, 118.08, 100, 0, 62822, 27, 1980
2026/08/28 22:10:58.758, 3, 116.54, 100, 0, 61418, 28, 1980
2026/08/28 22:11:03.759, 0, 119.19, 100, 0, 66164, 29, 1980
2026/08/28 22:11:03.759, 1, 120.20, 100, 0, 65782, 27, 1980
2026/08/28 22:11:03.759, 2, 118.08, 100, 0, 62822, 27, 1980
2026/08/28 22:11:03.759, 3, 116.57, 100, 0, 61418, 28, 1980
2026/08/28 22:11:08.759, 0, 119.18, 100, 0, 66164, 29, 1980
2026/08/28 22:11:08.759, 1, 120.21, 100, 0, 65782, 27, 1980
2026/08/28 22:11:08.759, 2, 118.11, 100, 0, 62822, 27, 1980
2026/08/28 22:11:08.760, 3, 116.60, 100, 0, 61418, 28, 1980
2026/08/28 22:11:13.760, 0, 119.20, 100, 0, 66164, 29, 1980
2026/08/28 22:11:13.760, 1, 120.30, 100, 0, 65782, 27, 1980
2026/08/28 22:11:13.760, 2, 118.07, 100, 0, 62822, 27, 1980
2026/08/28 22:11:13.760, 3, 116.61, 100, 0, 61418, 29, 1980
2026/08/28 22:11:18.760, 0, 119.16, 100, 0, 66164, 29, 1980
2026/08/28 22:11:18.761, 1, 120.24, 100, 0, 65782, 27, 1980
2026/08/28 22:11:18.761, 2, 118.09, 100, 0, 62822, 27, 1980
2026/08/28 22:11:18.761, 3, 116.62, 100, 0, 61418, 28, 1980
2026/08/28 22:11:23.761, 0, 119.19, 100, 0, 66164, 29, 1980
2026/08/28 22:11:23.761, 1, 120.28, 100, 0, 65782, 27, 1980
2026/08/28 22:11:23.761, 2, 118.09, 100, 0, 62822, 27, 1980
2026/08/28 22:11:23.761, 3, 116.53, 100, 0, 61418, 28, 1980
2026/08/28 22:11:28.761, 0, 119.18, 100, 0, 66164, 29, 1980
2026/08/28 22:11:28.762, 1, 120.24, 100, 0, 65782, 27, 1980
2026/08/28 22:11:28.762, 2, 118.09, 100, 0, 62822, 27, 1980
2026/08/28 22:11:28.762, 3, 116.56, 100, 0, 61418, 28, 1980
2026/08/28 22:11:33.762, 0, 119.17, 100, 0, 66164, 29, 1980
2026/08/28 22:11:33.762, 1, 120.22, 100, 0, 65782, 27, 1980
2026/08/28 22:11:33.763, 2, 118.06, 100, 0, 62822, 27, 1980
2026/08/28 22:11:33.763, 3, 116.59, 100, 0, 61418, 28, 1980
2026/08/28 22:11:38.763, 0, 119.20, 100, 0, 66164, 29, 1980
2026/08/28 22:11:38.763, 1, 120.29, 100, 0, 65782, 27, 1980
2026/08/28 22:11:38.764, 2, 117.90, 100, 0, 62822, 27, 1980
2026/08/28 22:11:38.764, 3, 116.55, 100, 0, 61418, 28, 1980
2026/08/28 22:11:43.764, 0, 119.07, 100, 0, 66164, 29, 1980
2026/08/28 22:11:43.764, 1, 120.18, 100, 0, 65782, 27, 1980
2026/08/28 22:11:43.764, 2, 117.86, 100, 0, 62822, 27, 1980
2026/08/28 22:11:43.764, 3, 116.58, 100, 0, 61418, 28, 1980
2026/08/28 22:11:48.764, 0, 119.12, 100, 0, 66164, 29, 1980
2026/08/28 22:11:48.765, 1, 120.17, 100, 0, 65782, 27, 1980
2026/08/28 22:11:48.765, 2, 118.05, 100, 0, 62822, 27, 1980
2026/08/28 22:11:48.765, 3, 116.57, 100, 0, 61418, 28, 1980
2026/08/28 22:11:53.765, 0, 119.15, 100, 0, 66164, 29, 1980
2026/08/28 22:11:53.765, 1, 120.19, 100, 0, 65782, 27, 1980
2026/08/28 22:11:53.765, 2, 118.07, 100, 0, 62822, 27, 1980
2026/08/28 22:11:53.765, 3, 116.55, 100, 0, 61418, 28, 1980
2026/08/28 22:11:58.765, 0, 119.18, 100, 0, 66164, 29, 1980
2026/08/28 22:11:58.766, 1, 120.22, 100, 0, 65782, 27, 1980
2026/08/28 22:11:58.766, 2, 118.08, 100, 0, 62822, 27, 1980
2026/08/28 22:11:58.766, 3, 116.56, 100, 0, 61418, 28, 1980
2026/08/28 22:12:03.766, 0, 119.18, 100, 0, 66164, 29, 1980
2026/08/28 22:12:03.767, 1, 120.24, 100, 0, 65782, 27, 1980
2026/08/28 22:12:03.768, 2, 118.05, 100, 0, 62822, 27, 1980
2026/08/28 22:12:03.769, 3, 116.53, 100, 0, 61418, 28, 1980
2026/08/28 22:12:08.771, 0, 119.08, 100, 0, 66164, 29, 1980
2026/08/28 22:12:08.771, 1, 120.21, 100, 0, 65782, 27, 1980
2026/08/28 22:12:08.771, 2, 118.10, 100, 0, 62822, 27, 1980
2026/08/28 22:12:08.771, 3, 116.55, 100, 0, 61418, 28, 1980
2026/08/28 22:12:13.772, 0, 119.03, 100, 0, 66164, 29, 1980
2026/08/28 22:12:13.772, 1, 120.25, 100, 0, 65782, 27, 1980
2026/08/28 22:12:13.772, 2, 118.08, 100, 0, 62822, 27, 1980
2026/08/28 22:12:13.772, 3, 116.59, 100, 0, 61418, 28, 1980
2026/08/28 22:12:18.772, 0, 119.16, 100, 0, 66164, 29, 1980
2026/08/28 22:12:18.773, 1, 120.17, 100, 0, 65782, 27, 1980
2026/08/28 22:12:18.774, 2, 118.07, 100, 0, 62822, 27, 1980
2026/08/28 22:12:18.775, 3, 116.58, 100, 0, 61418, 28, 1980
2026/08/28 22:12:23.775, 0, 119.12, 100, 0, 66164, 29, 1980
2026/08/28 22:12:23.775, 1, 120.22, 100, 0, 65782, 27, 1980
2026/08/28 22:12:23.775, 2, 118.08, 100, 0, 62822, 27, 1980
2026/08/28 22:12:23.775, 3, 116.57, 100, 0, 61418, 28, 1980
2026/08/28 22:12:28.776, 0, 119.11, 100, 0, 66164, 29, 1980
2026/08/28 22:12:28.776, 1, 120.20, 100, 0, 65782, 27, 1980
2026/08/28 22:12:28.776, 2, 117.96, 100, 0, 62822, 27, 1980
2026/08/28 22:12:28.776, 3, 116.56, 100, 0, 61418, 28, 1980
2026/08/28 22:12:33.776, 0, 119.15, 100, 0, 66164, 29, 1980
2026/08/28 22:12:33.776, 1, 120.18, 100, 0, 65782, 27, 1980
2026/08/28 22:12:33.776, 2, 118.07, 100, 0, 62822, 27, 1980
2026/08/28 22:12:33.776, 3, 116.54, 100, 0, 61418, 28, 1980
2026/08/28 22:12:38.777, 0, 119.17, 100, 0, 66164, 29, 1980
2026/08/28 22:12:38.777, 1, 120.18, 100, 0, 65782, 27, 1980
2026/08/28 22:12:38.777, 2, 118.01, 100, 0, 62822, 27, 1980
2026/08/28 22:12:38.777, 3, 116.51, 100, 0, 61418, 28, 1980
2026/08/28 22:12:43.777, 0, 119.12, 100, 0, 66164, 29, 1980
2026/08/28 22:12:43.777, 1, 120.18, 100, 0, 65782, 27, 1980
2026/08/28 22:12:43.777, 2, 118.04, 100, 0, 62822, 27, 1980
2026/08/28 22:12:43.777, 3, 116.52, 100, 0, 61418, 28, 1980
2026/08/28 22:12:48.778, 0, 119.14, 100, 0, 66164, 29, 1980
2026/08/28 22:12:48.778, 1, 120.19, 100, 0, 65782, 27, 1980
2026/08/28 22:12:48.778, 2, 118.04, 100, 0, 62822, 27, 1980
2026/08/28 22:12:48.778, 3, 116.50, 100, 0, 61418, 28, 1980
2026/08/28 22:12:53.778, 0, 119.14, 100, 0, 66164, 29, 1980
2026/08/28 22:12:53.778, 1, 120.21, 100, 0, 65782, 27, 1980
2026/08/28 22:12:53.778, 2, 118.06, 100, 0, 62822, 27, 1980
2026/08/28 22:12:53.778, 3, 116.50, 100, 0, 61418, 28, 1980
2026/08/28 22:12:58.779, 0, 119.14, 100, 0, 66164, 29, 1980
2026/08/28 22:12:58.779, 1, 120.20, 100, 0, 65782, 27, 1980
2026/08/28 22:12:58.779, 2, 118.01, 100, 0, 62822, 27, 1980
2026/08/28 22:12:58.779, 3, 116.57, 100, 0, 61418, 28, 1980
2026/08/28 22:13:03.779, 0, 119.09, 100, 0, 66164, 29, 1980
2026/08/28 22:13:03.779, 1, 120.18, 100, 0, 65782, 27, 1980
2026/08/28 22:13:03.779, 2, 118.03, 100, 0, 62822, 27, 1980
2026/08/28 22:13:03.780, 3, 116.54, 100, 0, 61418, 28, 1980
2026/08/28 22:13:08.780, 0, 119.07, 100, 0, 66164, 29, 1980
2026/08/28 22:13:08.780, 1, 120.20, 100, 0, 65782, 27, 1980
2026/08/28 22:13:08.780, 2, 118.03, 100, 0, 62822, 27, 1980
2026/08/28 22:13:08.780, 3, 116.53, 100, 0, 61418, 28, 1980
2026/08/28 22:13:13.780, 0, 119.09, 100, 0, 66164, 29, 1980
2026/08/28 22:13:13.781, 1, 120.21, 100, 0, 65782, 27, 1980
2026/08/28 22:13:13.781, 2, 117.69, 100, 0, 62822, 27, 1980
2026/08/28 22:13:13.781, 3, 116.49, 100, 0, 61418, 28, 1980
2026/08/28 22:13:18.781, 0, 119.12, 100, 0, 66164, 29, 1980
2026/08/28 22:13:18.781, 1, 120.16, 100, 0, 65782, 27, 1980
2026/08/28 22:13:18.781, 2, 118.00, 100, 0, 62822, 27, 1980
2026/08/28 22:13:18.781, 3, 116.46, 100, 0, 61418, 28, 1980
2026/08/28 22:13:23.782, 0, 119.15, 100, 0, 66164, 29, 1980
2026/08/28 22:13:23.782, 1, 120.18, 100, 0, 65782, 27, 1980
2026/08/28 22:13:23.783, 2, 118.03, 100, 0, 62822, 27, 1980
2026/08/28 22:13:23.783, 3, 116.59, 100, 0, 61418, 28, 1980
2026/08/28 22:13:28.784, 0, 119.11, 100, 0, 66164, 29, 1980
2026/08/28 22:13:28.784, 1, 120.15, 100, 0, 65782, 27, 1980
2026/08/28 22:13:28.784, 2, 117.90, 100, 0, 62822, 27, 1980
2026/08/28 22:13:28.784, 3, 116.47, 100, 0, 61418, 28, 1980
2026/08/28 22:13:33.784, 0, 119.12, 100, 0, 66164, 29, 1980
2026/08/28 22:13:33.784, 1, 120.17, 100, 0, 65782, 27, 1980
2026/08/28 22:13:33.784, 2, 117.77, 100, 0, 62822, 27, 1980
2026/08/28 22:13:33.784, 3, 116.53, 100, 0, 61418, 28, 1980
2026/08/28 22:13:38.785, 0, 119.13, 100, 0, 66164, 29, 1980
2026/08/28 22:13:38.785, 1, 120.16, 100, 0, 65782, 27, 1980
2026/08/28 22:13:38.785, 2, 117.79, 100, 0, 62822, 27, 1980
2026/08/28 22:13:38.785, 3, 116.52, 100, 0, 61418, 28, 1980
2026/08/28 22:13:43.785, 0, 119.12, 100, 0, 66164, 29, 1980
2026/08/28 22:13:43.785, 1, 120.18, 100, 0, 65782, 27, 1980
2026/08/28 22:13:43.785, 2, 117.88, 100, 0, 62822, 27, 1980
2026/08/28 22:13:43.785, 3, 116.47, 100, 0, 61418, 28, 1980
2026/08/28 22:13:48.786, 0, 119.14, 100, 0, 66164, 29, 1980
2026/08/28 22:13:48.786, 1, 120.21, 100, 0, 65782, 27, 1980
2026/08/28 22:13:48.786, 2, 117.82, 100, 0, 62822, 27, 1980
2026/08/28 22:13:48.786, 3, 116.50, 100, 0, 61418, 28, 1980
2026/08/28 22:13:53.786, 0, 119.13, 100, 0, 66164, 29, 1980
2026/08/28 22:13:53.786, 1, 120.24, 100, 0, 65782, 27, 1980
2026/08/28 22:13:53.786, 2, 118.01, 100, 0, 62822, 27, 1980
2026/08/28 22:13:53.786, 3, 116.48, 100, 0, 61418, 28, 1980
2026/08/28 22:13:58.787, 0, 119.08, 100, 0, 66164, 29, 1980
2026/08/28 22:13:58.787, 1, 120.19, 100, 0, 65782, 27, 1980
2026/08/28 22:13:58.787, 2, 117.91, 100, 0, 62822, 27, 1980
2026/08/28 22:13:58.787, 3, 116.55, 100, 0, 61418, 28, 1980
2026/08/28 22:14:03.787, 0, 119.13, 100, 0, 66164, 29, 1980
2026/08/28 22:14:03.787, 1, 120.20, 100, 0, 65782, 27, 1980
2026/08/28 22:14:03.787, 2, 118.01, 100, 0, 62822, 27, 1980
2026/08/28 22:14:03.787, 3, 116.49, 100, 0, 61418, 28, 1980
2026/08/28 22:14:08.788, 0, 119.14, 100, 0, 66164, 29, 1980
2026/08/28 22:14:08.788, 1, 120.20, 100, 0, 65782, 27, 1980
2026/08/28 22:14:08.788, 2, 117.86, 100, 0, 62822, 27, 1980
2026/08/28 22:14:08.788, 3, 116.50, 100, 0, 61418, 28, 1980
2026/08/28 22:14:13.788, 0, 119.07, 100, 0, 66164, 29, 1980
2026/08/28 22:14:13.790, 1, 120.23, 100, 0, 65782, 27, 1980
2026/08/28 22:14:13.791, 2, 117.83, 100, 0, 62822, 27, 1980
2026/08/28 22:14:13.793, 3, 116.49, 100, 0, 61418, 28, 1980
2026/08/28 22:14:18.795, 0, 119.10, 100, 0, 66164, 29, 1980
2026/08/28 22:14:18.795, 1, 120.17, 100, 0, 65782, 27, 1980
2026/08/28 22:14:18.795, 2, 117.97, 100, 0, 62822, 27, 1980
2026/08/28 22:14:18.795, 3, 116.49, 100, 0, 61418, 28, 1980
2026/08/28 22:14:23.796, 0, 119.12, 100, 0, 66164, 29, 1980
2026/08/28 22:14:23.796, 1, 120.24, 100, 0, 65782, 27, 1980
2026/08/28 22:14:23.796, 2, 117.92, 100, 0, 62822, 27, 1980
2026/08/28 22:14:23.796, 3, 116.51, 100, 0, 61418, 28, 1980
2026/08/28 22:14:28.796, 0, 119.14, 100, 0, 66164, 29, 1980
2026/08/28 22:14:28.796, 1, 120.25, 100, 0, 65782, 27, 1980
2026/08/28 22:14:28.796, 2, 117.83, 100, 0, 62822, 27, 1980
2026/08/28 22:14:28.796, 3, 116.49, 100, 0, 61418, 28, 1980
2026/08/28 22:14:33.797, 0, 119.16, 100, 0, 66164, 29, 1980
2026/08/28 22:14:33.797, 1, 120.28, 100, 0, 65782, 27, 1980
2026/08/28 22:14:33.797, 2, 118.06, 100, 0, 62822, 27, 1980
2026/08/28 22:14:33.797, 3, 116.54, 100, 0, 61418, 28, 1980
2026/08/28 22:14:38.797, 0, 119.12, 100, 0, 66164, 29, 1980
2026/08/28 22:14:38.797, 1, 120.24, 100, 0, 65782, 27, 1980
2026/08/28 22:14:38.797, 2, 118.00, 100, 0, 62822, 27, 1980
2026/08/28 22:14:38.797, 3, 116.49, 100, 0, 61418, 28, 1980
2026/08/28 22:14:43.798, 0, 119.12, 100, 0, 66164, 29, 1980
2026/08/28 22:14:43.798, 1, 120.26, 100, 0, 65782, 27, 1980
2026/08/28 22:14:43.798, 2, 117.77, 100, 0, 62822, 27, 1980
2026/08/28 22:14:43.798, 3, 116.51, 100, 0, 61418, 28, 1980
2026/08/28 22:14:48.798, 0, 119.16, 100, 0, 66164, 29, 1980
2026/08/28 22:14:48.798, 1, 120.21, 100, 0, 65782, 27, 1980
2026/08/28 22:14:48.798, 2, 117.87, 100, 0, 62822, 27, 1980
2026/08/28 22:14:48.798, 3, 116.45, 100, 0, 61418, 28, 1980
2026/08/28 22:14:53.799, 0, 119.13, 100, 0, 66164, 29, 1980
2026/08/28 22:14:53.799, 1, 120.29, 100, 0, 65782, 27, 1980
2026/08/28 22:14:53.799, 2, 117.84, 100, 0, 62822, 27, 1980
2026/08/28 22:14:53.799, 3, 116.55, 100, 0, 61418, 28, 1980
2026/08/28 22:14:58.799, 0, 119.17, 100, 0, 66164, 29, 1980
2026/08/28 22:14:58.799, 1, 120.26, 100, 0, 65782, 27, 1980
2026/08/28 22:14:58.799, 2, 118.01, 100, 0, 62822, 27, 1980
2026/08/28 22:14:58.799, 3, 116.49, 100, 0, 61418, 28, 1980
2026/08/28 22:15:03.800, 0, 119.20, 100, 0, 66164, 29, 1980
2026/08/28 22:15:03.800, 1, 120.28, 100, 0, 65782, 27, 1980
2026/08/28 22:15:03.800, 2, 118.04, 100, 0, 62822, 27, 1980
2026/08/28 22:15:03.800, 3, 116.55, 100, 0, 61418, 28, 1980
2026/08/28 22:15:08.800, 0, 119.25, 100, 0, 66164, 29, 1980
2026/08/28 22:15:08.800, 1, 120.32, 100, 0, 65782, 27, 1980
2026/08/28 22:15:08.800, 2, 117.79, 100, 0, 62822, 27, 1980
2026/08/28 22:15:08.800, 3, 116.52, 100, 0, 61418, 28, 1980
2026/08/28 22:15:13.801, 0, 119.19, 100, 0, 66164, 29, 1980
2026/08/28 22:15:13.801, 1, 120.28, 100, 0, 65782, 27, 1980
2026/08/28 22:15:13.801, 2, 117.94, 100, 0, 62822, 27, 1980
2026/08/28 22:15:13.801, 3, 116.54, 100, 0, 61418, 28, 1980
2026/08/28 22:15:18.801, 0, 119.21, 100, 0, 66164, 29, 1980
2026/08/28 22:15:18.801, 1, 120.28, 100, 0, 65782, 27, 1980
2026/08/28 22:15:18.801, 2, 118.02, 100, 0, 62822, 27, 1980
2026/08/28 22:15:18.801, 3, 116.54, 100, 0, 61418, 28, 1980
2026/08/28 22:15:23.802, 0, 119.14, 100, 0, 66164, 29, 1980
2026/08/28 22:15:23.802, 1, 120.25, 100, 0, 65782, 27, 1980
2026/08/28 22:15:23.802, 2, 117.89, 100, 0, 62822, 27, 1980
2026/08/28 22:15:23.802, 3, 116.50, 100, 0, 61418, 28, 1980
2026/08/28 22:15:28.802, 0, 119.15, 100, 0, 66164, 29, 1980
2026/08/28 22:15:28.802, 1, 120.27, 100, 0, 65782, 27, 1980
2026/08/28 22:15:28.802, 2, 118.08, 100, 0, 62822, 27, 1980
2026/08/28 22:15:28.802, 3, 116.49, 100, 0, 61418, 28, 1980
2026/08/28 22:15:33.803, 0, 119.16, 100, 0, 66164, 29, 1980
2026/08/28 22:15:33.803, 1, 120.27, 100, 0, 65782, 27, 1980
2026/08/28 22:15:33.803, 2, 117.91, 100, 0, 62822, 27, 1980
2026/08/28 22:15:33.803, 3, 116.45, 100, 0, 61418, 28, 1980
2026/08/28 22:15:38.803, 0, 119.13, 100, 0, 66164, 29, 1980
2026/08/28 22:15:38.803, 1, 120.24, 100, 0, 65782, 27, 1980
2026/08/28 22:15:38.803, 2, 118.05, 100, 0, 62822, 27, 1980
2026/08/28 22:15:38.803, 3, 116.52, 100, 0, 61418, 28, 1980
2026/08/28 22:15:43.804, 0, 119.12, 100, 0, 66164, 29, 1980
2026/08/28 22:15:43.804, 1, 120.22, 100, 0, 65782, 27, 1980
2026/08/28 22:15:43.804, 2, 117.84, 100, 0, 62822, 27, 1980
2026/08/28 22:15:43.804, 3, 116.54, 100, 0, 61418, 28, 1980
2026/08/28 22:15:48.804, 0, 119.15, 100, 0, 66164, 29, 1980
2026/08/28 22:15:48.804, 1, 120.25, 100, 0, 65782, 27, 1980
2026/08/28 22:15:48.804, 2, 117.99, 100, 0, 62822, 27, 1980
2026/08/28 22:15:48.805, 3, 116.51, 100, 0, 61418, 28, 1980
2026/08/28 22:15:53.805, 0, 119.21, 100, 0, 66164, 29, 1980
2026/08/28 22:15:53.805, 1, 120.22, 100, 0, 65782, 27, 1980
2026/08/28 22:15:53.805, 2, 118.03, 100, 0, 62822, 27, 1980
2026/08/28 22:15:53.805, 3, 116.50, 100, 0, 61418, 28, 1980
2026/08/28 22:15:58.805, 0, 119.17, 100, 0, 66164, 29, 1980
2026/08/28 22:15:58.805, 1, 120.23, 100, 0, 65782, 27, 1980
2026/08/28 22:15:58.805, 2, 117.86, 100, 0, 62822, 27, 1980
2026/08/28 22:15:58.806, 3, 116.55, 100, 0, 61418, 28, 1980
2026/08/28 22:16:03.806, 0, 119.21, 100, 0, 66164, 29, 1980
2026/08/28 22:16:03.806, 1, 120.22, 100, 0, 65782, 27, 1980
2026/08/28 22:16:03.806, 2, 117.76, 100, 0, 62822, 27, 1980
2026/08/28 22:16:03.806, 3, 116.52, 100, 0, 61418, 28, 1980
2026/08/28 22:16:08.806, 0, 119.17, 100, 0, 66164, 29, 1980
2026/08/28 22:16:08.806, 1, 120.24, 100, 0, 65782, 27, 1980
2026/08/28 22:16:08.806, 2, 117.71, 100, 0, 62822, 27, 1980
2026/08/28 22:16:08.807, 3, 116.53, 100, 0, 61418, 28, 1980
2026/08/28 22:16:13.807, 0, 119.16, 100, 0, 66164, 29, 1980
2026/08/28 22:16:13.807, 1, 120.26, 100, 0, 65782, 27, 1980
2026/08/28 22:16:13.807, 2, 117.78, 100, 0, 62822, 27, 1980
2026/08/28 22:16:13.807, 3, 116.57, 100, 0, 61418, 28, 1980
2026/08/28 22:16:18.807, 0, 119.13, 100, 0, 66164, 29, 1980
2026/08/28 22:16:18.807, 1, 120.23, 100, 0, 65782, 27, 1980
2026/08/28 22:16:18.808, 2, 117.77, 100, 0, 62822, 27, 1980
2026/08/28 22:16:18.808, 3, 116.58, 100, 0, 61418, 28, 1980
2026/08/28 22:16:23.808, 0, 119.17, 100, 0, 66164, 29, 1980
2026/08/28 22:16:23.808, 1, 120.25, 100, 0, 65782, 27, 1980
2026/08/28 22:16:23.808, 2, 117.57, 100, 0, 62822, 27, 1980
2026/08/28 22:16:23.808, 3, 116.53, 100, 0, 61418, 28, 1980
2026/08/28 22:16:28.808, 0, 119.13, 100, 0, 66164, 29, 1980
2026/08/28 22:16:28.809, 1, 120.26, 100, 0, 65782, 27, 1980
2026/08/28 22:16:28.809, 2, 117.77, 100, 0, 62822, 27, 1980
2026/08/28 22:16:28.809, 3, 116.54, 100, 0, 61418, 28, 1980
2026/08/28 22:16:33.809, 0, 119.17, 100, 0, 66164, 29, 1980
2026/08/28 22:16:33.809, 1, 120.28, 100, 0, 65782, 27, 1980
2026/08/28 22:16:33.809, 2, 118.06, 100, 0, 62822, 27, 1980
2026/08/28 22:16:33.809, 3, 116.52, 100, 0, 61418, 28, 1980
2026/08/28 22:16:38.809, 0, 119.17, 100, 0, 66164, 29, 1980
2026/08/28 22:16:38.810, 1, 120.25, 100, 0, 65782, 27, 1980
2026/08/28 22:16:38.810, 2, 117.74, 100, 0, 62822, 27, 1980
2026/08/28 22:16:38.810, 3, 116.51, 100, 0, 61418, 28, 1980
2026/08/28 22:16:43.810, 0, 119.14, 100, 0, 66164, 29, 1980
2026/08/28 22:16:43.812, 1, 120.28, 100, 0, 65782, 27, 1980
2026/08/28 22:16:43.812, 2, 117.83, 100, 0, 62822, 27, 1980
2026/08/28 22:16:43.812, 3, 116.51, 100, 0, 61418, 28, 1980
2026/08/28 22:16:48.812, 0, 119.20, 100, 0, 66164, 29, 1980
2026/08/28 22:16:48.812, 1, 120.22, 100, 0, 65782, 27, 1980
2026/08/28 22:16:48.812, 2, 117.82, 100, 0, 62822, 27, 1980
2026/08/28 22:16:48.812, 3, 116.55, 100, 0, 61418, 28, 1980
2026/08/28 22:16:53.813, 0, 119.20, 100, 0, 66164, 29, 1980
2026/08/28 22:16:53.813, 1, 120.24, 100, 0, 65782, 27, 1980
2026/08/28 22:16:53.813, 2, 117.72, 100, 0, 62822, 27, 1980
2026/08/28 22:16:53.813, 3, 116.56, 100, 0, 61418, 28, 1980
2026/08/28 22:16:58.813, 0, 119.15, 100, 0, 66164, 29, 1980
2026/08/28 22:16:58.813, 1, 120.21, 100, 0, 65782, 27, 1980
2026/08/28 22:16:58.813, 2, 117.92, 100, 0, 62822, 27, 1980
2026/08/28 22:16:58.813, 3, 116.52, 100, 0, 61418, 28, 1980
2026/08/28 22:17:03.814, 0, 119.14, 100, 0, 66164, 29, 1980
2026/08/28 22:17:03.814, 1, 120.21, 100, 0, 65782, 27, 1980
2026/08/28 22:17:03.814, 2, 117.77, 100, 0, 62822, 27, 1980
2026/08/28 22:17:03.814, 3, 116.51, 100, 0, 61418, 28, 1980
2026/08/28 22:17:08.814, 0, 119.10, 100, 0, 66164, 29, 1980
2026/08/28 22:17:08.814, 1, 120.14, 100, 0, 65782, 27, 1980
2026/08/28 22:17:08.814, 2, 117.70, 100, 0, 62822, 27, 1980
2026/08/28 22:17:08.815, 3, 116.51, 100, 0, 61418, 28, 1980
2026/08/28 22:17:13.815, 0, 119.11, 100, 0, 66164, 29, 1980
2026/08/28 22:17:13.815, 1, 120.23, 100, 0, 65782, 27, 1980
2026/08/28 22:17:13.815, 2, 117.82, 100, 0, 62822, 27, 1980
2026/08/28 22:17:13.815, 3, 116.53, 100, 0, 61418, 28, 1980
2026/08/28 22:17:18.815, 0, 119.11, 100, 0, 66164, 29, 1980
2026/08/28 22:17:18.815, 1, 120.17, 100, 0, 65782, 27, 1980
2026/08/28 22:17:18.816, 2, 117.88, 100, 0, 62822, 27, 1980
2026/08/28 22:17:18.816, 3, 116.50, 100, 0, 61418, 28, 1980
2026/08/28 22:17:23.816, 0, 119.13, 100, 0, 66164, 29, 1980
2026/08/28 22:17:23.816, 1, 120.18, 100, 0, 65782, 27, 1980
2026/08/28 22:17:23.816, 2, 117.93, 100, 0, 62822, 27, 1980
2026/08/28 22:17:23.816, 3, 116.48, 100, 0, 61418, 28, 1980
2026/08/28 22:17:28.816, 0, 119.13, 100, 0, 66164, 29, 1980
2026/08/28 22:17:28.817, 1, 120.17, 100, 0, 65782, 27, 1980
2026/08/28 22:17:28.817, 2, 117.91, 100, 0, 62822, 27, 1980
2026/08/28 22:17:28.817, 3, 116.50, 100, 0, 61418, 28, 1980
2026/08/28 22:17:33.817, 0, 119.13, 100, 0, 66164, 29, 1980
2026/08/28 22:17:33.817, 1, 120.19, 100, 0, 65782, 27, 1980
2026/08/28 22:17:33.817, 2, 117.82, 100, 0, 62822, 27, 1980
2026/08/28 22:17:33.817, 3, 116.46, 100, 0, 61418, 28, 1980
2026/08/28 22:17:38.817, 0, 119.11, 100, 0, 66164, 29, 1980
2026/08/28 22:17:38.818, 1, 120.23, 100, 0, 65782, 27, 1980
2026/08/28 22:17:38.818, 2, 117.99, 100, 0, 62822, 27, 1980
2026/08/28 22:17:38.818, 3, 116.50, 100, 0, 61418, 28, 1980
2026/08/28 22:17:43.818, 0, 119.12, 100, 0, 66164, 29, 1980
2026/08/28 22:17:43.818, 1, 120.21, 100, 0, 65782, 27, 1980
2026/08/28 22:17:43.818, 2, 117.91, 100, 0, 62822, 27, 1980
2026/08/28 22:17:43.818, 3, 116.49, 100, 0, 61418, 28, 1980
2026/08/28 22:17:48.818, 0, 119.11, 100, 0, 66164, 29, 1980
2026/08/28 22:17:48.819, 1, 120.17, 100, 0, 65782, 27, 1980
2026/08/28 22:17:48.819, 2, 117.80, 100, 0, 62822, 27, 1980
2026/08/28 22:17:48.819, 3, 116.53, 100, 0, 61418, 28, 1980
2026/08/28 22:17:53.819, 0, 119.18, 100, 0, 66164, 29, 1980
2026/08/28 22:17:53.819, 1, 120.21, 100, 0, 65782, 27, 1980
2026/08/28 22:17:53.819, 2, 117.72, 100, 0, 62822, 27, 1980
2026/08/28 22:17:53.819, 3, 116.49, 100, 0, 61418, 28, 1980
2026/08/28 22:17:58.819, 0, 119.11, 100, 0, 66164, 29, 1980
2026/08/28 22:17:58.820, 1, 120.22, 100, 0, 65782, 27, 1980
2026/08/28 22:17:58.820, 2, 117.72, 100, 0, 62822, 27, 1980
2026/08/28 22:17:58.820, 3, 116.48, 100, 0, 61418, 28, 1980
2026/08/28 22:18:03.820, 0, 119.21, 100, 0, 66164, 29, 1980
2026/08/28 22:18:03.820, 1, 120.25, 100, 0, 65782, 27, 1980
2026/08/28 22:18:03.820, 2, 117.56, 100, 0, 62822, 27, 1980
2026/08/28 22:18:03.820, 3, 116.51, 100, 0, 61418, 28, 1980
2026/08/28 22:18:08.821, 0, 119.14, 100, 0, 66164, 29, 1980
2026/08/28 22:18:08.821, 1, 120.20, 100, 0, 65782, 27, 1980
2026/08/28 22:18:08.821, 2, 117.61, 100, 0, 62822, 27, 1980
2026/08/28 22:18:08.821, 3, 116.46, 100, 0, 61418, 28, 1980
2026/08/28 22:18:13.821, 0, 119.22, 100, 0, 66164, 29, 1980
2026/08/28 22:18:13.821, 1, 120.22, 100, 0, 65782, 27, 1980
2026/08/28 22:18:13.821, 2, 117.71, 100, 0, 62822, 27, 1980
2026/08/28 22:18:13.821, 3, 116.50, 100, 0, 61418, 28, 1980
2026/08/28 22:18:18.822, 0, 119.21, 100, 0, 66164, 29, 1980
2026/08/28 22:18:18.822, 1, 120.28, 100, 0, 65782, 27, 1980
2026/08/28 22:18:18.822, 2, 117.93, 100, 0, 62822, 27, 1980
2026/08/28 22:18:18.822, 3, 116.56, 100, 0, 61418, 28, 1980
2026/08/28 22:18:23.822, 0, 119.25, 100, 0, 66164, 29, 1980
2026/08/28 22:18:23.822, 1, 120.25, 100, 0, 65782, 27, 1980
2026/08/28 22:18:23.822, 2, 118.01, 100, 0, 62822, 27, 1980
2026/08/28 22:18:23.822, 3, 116.51, 100, 0, 61418, 28, 1980
2026/08/28 22:18:28.823, 0, 119.21, 100, 0, 66164, 29, 1980
2026/08/28 22:18:28.823, 1, 120.29, 100, 0, 65782, 27, 1980
2026/08/28 22:18:28.823, 2, 117.69, 100, 0, 62822, 27, 1980
2026/08/28 22:18:28.823, 3, 116.52, 100, 0, 61418, 28, 1980
2026/08/28 22:18:33.823, 0, 119.22, 100, 0, 66164, 29, 1980
2026/08/28 22:18:33.823, 1, 120.26, 100, 0, 65782, 27, 1980
2026/08/28 22:18:33.823, 2, 117.77, 100, 0, 62822, 27, 1980
2026/08/28 22:18:33.823, 3, 116.45, 100, 0, 61418, 28, 1980
2026/08/28 22:18:38.824, 0, 119.14, 100, 0, 66164, 29, 1980
2026/08/28 22:18:38.824, 1, 120.23, 100, 0, 65782, 27, 1980
2026/08/28 22:18:38.824, 2, 117.94, 100, 0, 62822, 27, 1980
2026/08/28 22:18:38.824, 3, 116.47, 100, 0, 61418, 28, 1980
2026/08/28 22:18:43.824, 0, 119.19, 100, 0, 66164, 29, 1980
2026/08/28 22:18:43.824, 1, 120.22, 100, 0, 65782, 27, 1980
2026/08/28 22:18:43.824, 2, 117.76, 100, 0, 62822, 27, 1980
2026/08/28 22:18:43.824, 3, 116.49, 100, 0, 61418, 28, 1980
2026/08/28 22:18:48.825, 0, 119.15, 100, 0, 66164, 29, 1980
2026/08/28 22:18:48.825, 1, 120.22, 100, 0, 65782, 27, 1980
2026/08/28 22:18:48.825, 2, 117.77, 100, 0, 62822, 27, 1980
2026/08/28 22:18:48.825, 3, 116.41, 100, 0, 61418, 28, 1980
2026/08/28 22:18:53.825, 0, 119.16, 100, 0, 66164, 29, 1980
2026/08/28 22:18:53.825, 1, 120.18, 100, 0, 65782, 27, 1980
2026/08/28 22:18:53.825, 2, 117.62, 100, 0, 62822, 27, 1980
2026/08/28 22:18:53.825, 3, 116.49, 100, 0, 61418, 28, 1980
2026/08/28 22:18:58.826, 0, 119.07, 100, 0, 66164, 29, 1980
2026/08/28 22:18:58.826, 1, 120.21, 100, 0, 65782, 27, 1980
2026/08/28 22:18:58.826, 2, 117.97, 100, 0, 62822, 27, 1980
2026/08/28 22:18:58.826, 3, 116.44, 100, 0, 61418, 28, 1980
2026/08/28 22:19:03.826, 0, 119.15, 100, 0, 66164, 29, 1980
2026/08/28 22:19:03.826, 1, 120.17, 100, 0, 65782, 27, 1980
2026/08/28 22:19:03.826, 2, 117.94, 100, 0, 62822, 27, 1980
2026/08/28 22:19:03.826, 3, 116.40, 100, 0, 61418, 28, 1980
2026/08/28 22:19:08.827, 0, 119.11, 100, 0, 66164, 29, 1980
2026/08/28 22:19:08.827, 1, 120.11, 100, 0, 65782, 27, 1980
2026/08/28 22:19:08.827, 2, 117.83, 100, 0, 62822, 27, 1980
2026/08/28 22:19:08.827, 3, 116.41, 100, 0, 61418, 28, 1980
2026/08/28 22:19:13.827, 0, 119.10, 100, 0, 66164, 29, 1980
2026/08/28 22:19:13.828, 1, 120.13, 100, 0, 65782, 27, 1980
2026/08/28 22:19:13.829, 2, 117.40, 100, 0, 62822, 27, 1980
2026/08/28 22:19:13.831, 3, 116.45, 100, 0, 61418, 28, 1980
2026/08/28 22:19:18.831, 0, 119.10, 100, 0, 66164, 29, 1980
2026/08/28 22:19:18.832, 1, 120.14, 100, 0, 65782, 27, 1980
2026/08/28 22:19:18.832, 2, 117.67, 100, 0, 62822, 27, 1980
2026/08/28 22:19:18.832, 3, 116.42, 100, 0, 61418, 28, 1980
2026/08/28 22:19:23.832, 0, 119.09, 100, 0, 66164, 29, 1980
2026/08/28 22:19:23.832, 1, 120.13, 100, 0, 65782, 27, 1980
2026/08/28 22:19:23.832, 2, 117.76, 100, 0, 62822, 27, 1980
2026/08/28 22:19:23.832, 3, 116.41, 100, 0, 61418, 28, 1980
2026/08/28 22:19:28.833, 0, 119.09, 100, 0, 66164, 29, 1980
2026/08/28 22:19:28.833, 1, 120.16, 100, 0, 65782, 27, 1980
2026/08/28 22:19:28.833, 2, 117.73, 100, 0, 62822, 27, 1980
2026/08/28 22:19:28.833, 3, 116.35, 100, 0, 61418, 28, 1980
2026/08/28 22:19:33.833, 0, 119.05, 100, 0, 66164, 29, 1980
2026/08/28 22:19:33.833, 1, 120.14, 100, 0, 65782, 27, 1980
2026/08/28 22:19:33.833, 2, 117.45, 100, 0, 62822, 27, 1980
2026/08/28 22:19:33.833, 3, 116.39, 100, 0, 61418, 28, 1980
2026/08/28 22:19:38.833, 0, 119.13, 100, 0, 66164, 29, 1980
2026/08/28 22:19:38.834, 1, 120.11, 100, 0, 65782, 27, 1980
2026/08/28 22:19:38.834, 2, 117.81, 100, 0, 62822, 27, 1980
2026/08/28 22:19:38.834, 3, 116.37, 100, 0, 61418, 28, 1980
2026/08/28 22:19:43.834, 0, 119.04, 100, 0, 66164, 29, 1980
2026/08/28 22:19:43.834, 1, 120.14, 100, 0, 65782, 27, 1980
2026/08/28 22:19:43.834, 2, 117.81, 100, 0, 62822, 27, 1980
2026/08/28 22:19:43.834, 3, 116.39, 100, 0, 61418, 28, 1980
2026/08/28 22:19:48.835, 0, 119.05, 100, 0, 66164, 29, 1980
2026/08/28 22:19:48.835, 1, 120.10, 100, 0, 65782, 27, 1980
2026/08/28 22:19:48.835, 2, 117.75, 100, 0, 62822, 27, 1980
2026/08/28 22:19:48.835, 3, 116.32, 100, 0, 61418, 28, 1980
2026/08/28 22:19:53.835, 0, 119.06, 100, 0, 66164, 29, 1980
2026/08/28 22:19:53.835, 1, 120.11, 100, 0, 65782, 27, 1980
2026/08/28 22:19:53.835, 2, 117.83, 100, 0, 62822, 27, 1980
2026/08/28 22:19:53.835, 3, 116.37, 100, 0, 61418, 28, 1980
2026/08/28 22:19:58.836, 0, 119.05, 100, 0, 66164, 29, 1980
2026/08/28 22:19:58.836, 1, 120.03, 100, 0, 65782, 27, 1980
2026/08/28 22:19:58.836, 2, 117.92, 100, 0, 62822, 27, 1980
2026/08/28 22:19:58.836, 3, 116.43, 100, 0, 61418, 28, 1980
2026/08/28 22:20:03.836, 0, 119.02, 100, 0, 66164, 29, 1980
2026/08/28 22:20:03.837, 1, 120.07, 100, 0, 65782, 27, 1980
2026/08/28 22:20:03.838, 2, 117.58, 100, 0, 62822, 27, 1980
2026/08/28 22:20:03.839, 3, 116.34, 100, 0, 61418, 28, 1980
2026/08/28 22:20:08.841, 0, 119.01, 100, 0, 66164, 29, 1980
2026/08/28 22:20:08.841, 1, 120.08, 100, 0, 65782, 27, 1980
2026/08/28 22:20:08.841, 2, 117.82, 100, 0, 62822, 27, 1980
2026/08/28 22:20:08.841, 3, 116.36, 100, 0, 61418, 28, 1980
2026/08/28 22:20:13.841, 0, 119.03, 100, 0, 66164, 29, 1980
2026/08/28 22:20:13.842, 1, 120.03, 100, 0, 65782, 27, 1980
2026/08/28 22:20:13.842, 2, 117.85, 100, 0, 62822, 27, 1980
2026/08/28 22:20:13.842, 3, 116.38, 100, 0, 61418, 28, 1980
2026/08/28 22:20:18.842, 0, 119.00, 100, 0, 66164, 29, 1980
2026/08/28 22:20:18.842, 1, 120.05, 100, 0, 65782, 27, 1980
2026/08/28 22:20:18.842, 2, 117.65, 100, 0, 62822, 27, 1980
2026/08/28 22:20:18.842, 3, 116.37, 100, 0, 61418, 28, 1980
2026/08/28 22:20:23.842, 0, 119.02, 100, 0, 66164, 29, 1980
2026/08/28 22:20:23.843, 1, 120.07, 100, 0, 65782, 27, 1980
2026/08/28 22:20:23.843, 2, 117.65, 100, 0, 62822, 27, 1980
2026/08/28 22:20:23.843, 3, 116.38, 100, 0, 61418, 28, 1980
2026/08/28 22:20:28.843, 0, 119.01, 100, 0, 66164, 29, 1980
2026/08/28 22:20:28.843, 1, 120.13, 100, 0, 65782, 27, 1980
2026/08/28 22:20:28.843, 2, 117.93, 100, 0, 62822, 27, 1980
2026/08/28 22:20:28.843, 3, 116.34, 100, 0, 61418, 28, 1980
2026/08/28 22:20:33.844, 0, 119.02, 100, 0, 66164, 29, 1980
2026/08/28 22:20:33.844, 1, 120.13, 100, 0, 65782, 27, 1980
2026/08/28 22:20:33.844, 2, 117.88, 100, 0, 62822, 27, 1980
2026/08/28 22:20:33.844, 3, 116.39, 100, 0, 61418, 28, 1980
2026/08/28 22:20:38.844, 0, 119.05, 100, 0, 66164, 29, 1980
2026/08/28 22:20:38.844, 1, 120.12, 100, 0, 65782, 27, 1980
2026/08/28 22:20:38.844, 2, 117.66, 100, 0, 62822, 27, 1980
2026/08/28 22:20:38.844, 3, 116.41, 100, 0, 61418, 28, 1980
2026/08/28 22:20:43.845, 0, 119.01, 100, 0, 66164, 29, 1980
2026/08/28 22:20:43.845, 1, 120.15, 100, 0, 65782, 27, 1980
2026/08/28 22:20:43.845, 2, 117.85, 100, 0, 62822, 27, 1980
2026/08/28 22:20:43.845, 3, 116.41, 100, 0, 61418, 28, 1980
2026/08/28 22:20:48.845, 0, 119.00, 100, 0, 66164, 29, 1980
2026/08/28 22:20:48.845, 1, 120.12, 100, 0, 65782, 27, 1980
2026/08/28 22:20:48.845, 2, 117.91, 100, 0, 62822, 27, 1980
2026/08/28 22:20:48.845, 3, 116.37, 100, 0, 61418, 28, 1980
2026/08/28 22:20:53.846, 0, 119.03, 100, 0, 66164, 29, 1980
2026/08/28 22:20:53.846, 1, 120.14, 100, 0, 65782, 27, 1980
2026/08/28 22:20:53.846, 2, 117.83, 100, 0, 62822, 27, 1980
2026/08/28 22:20:53.846, 3, 116.39, 100, 0, 61418, 28, 1980
2026/08/28 22:20:58.846, 0, 119.04, 100, 0, 66164, 29, 1980
2026/08/28 22:20:58.846, 1, 120.16, 100, 0, 65782, 27, 1980
2026/08/28 22:20:58.846, 2, 117.58, 100, 0, 62822, 27, 1980
2026/08/28 22:20:58.846, 3, 116.36, 100, 0, 61418, 28, 1980
2026/08/28 22:21:03.847, 0, 119.05, 100, 0, 66164, 29, 1980
2026/08/28 22:21:03.847, 1, 120.16, 100, 0, 65782, 27, 1980
2026/08/28 22:21:03.847, 2, 117.70, 100, 0, 62822, 27, 1980
2026/08/28 22:21:03.847, 3, 116.43, 100, 0, 61418, 28, 1980
2026/08/28 22:21:08.847, 0, 119.10, 100, 0, 66164, 29, 1980
2026/08/28 22:21:08.847, 1, 120.12, 100, 0, 65782, 27, 1980
2026/08/28 22:21:08.847, 2, 117.53, 100, 0, 62822, 27, 1980
2026/08/28 22:21:08.847, 3, 116.41, 100, 0, 61418, 28, 1980
2026/08/28 22:21:13.848, 0, 119.02, 100, 0, 66164, 29, 1980
2026/08/28 22:21:13.848, 1, 120.18, 100, 0, 65782, 27, 1980
2026/08/28 22:21:13.848, 2, 117.72, 100, 0, 62822, 27, 1980
2026/08/28 22:21:13.848, 3, 116.46, 100, 0, 61418, 28, 1980
2026/08/28 22:21:18.848, 0, 119.08, 100, 0, 66164, 29, 1980
2026/08/28 22:21:18.848, 1, 120.17, 100, 0, 65782, 27, 1980
2026/08/28 22:21:18.848, 2, 117.54, 100, 0, 62822, 27, 1980
2026/08/28 22:21:18.848, 3, 116.44, 100, 0, 61418, 28, 1980
2026/08/28 22:21:23.849, 0, 119.07, 100, 0, 66164, 29, 1980
2026/08/28 22:21:23.849, 1, 120.18, 100, 0, 65782, 27, 1980
2026/08/28 22:21:23.849, 2, 117.55, 100, 0, 62822, 27, 1980
2026/08/28 22:21:23.849, 3, 116.41, 100, 0, 61418, 28, 1980
2026/08/28 22:21:28.849, 0, 119.13, 100, 0, 66164, 29, 1980
2026/08/28 22:21:28.849, 1, 120.13, 100, 0, 65782, 27, 1980
2026/08/28 22:21:28.849, 2, 117.77, 100, 0, 62822, 27, 1980
2026/08/28 22:21:28.849, 3, 116.45, 100, 0, 61418, 28, 1980
2026/08/28 22:21:33.850, 0, 119.05, 100, 0, 66164, 29, 1980
2026/08/28 22:21:33.850, 1, 120.16, 100, 0, 65782, 27, 1980
2026/08/28 22:21:33.850, 2, 117.71, 100, 0, 62822, 27, 1980
2026/08/28 22:21:33.850, 3, 116.45, 100, 0, 61418, 28, 1980
2026/08/28 22:21:38.850, 0, 119.09, 100, 0, 66164, 29, 1980
2026/08/28 22:21:38.850, 1, 120.14, 100, 0, 65782, 27, 1980
2026/08/28 22:21:38.850, 2, 117.81, 100, 0, 62822, 27, 1980
2026/08/28 22:21:38.850, 3, 116.47, 100, 0, 61418, 28, 1980
2026/08/28 22:21:43.851, 0, 119.09, 100, 0, 66164, 29, 1980
2026/08/28 22:21:43.851, 1, 120.16, 100, 0, 65782, 27, 1980
2026/08/28 22:21:43.851, 2, 117.84, 100, 0, 62822, 27, 1980
2026/08/28 22:21:43.851, 3, 116.51, 100, 0, 61418, 28, 1980
2026/08/28 22:21:48.851, 0, 119.08, 100, 0, 66164, 29, 1980
2026/08/28 22:21:48.851, 1, 120.16, 100, 0, 65782, 27, 1980
2026/08/28 22:21:48.851, 2, 117.89, 100, 0, 62822, 27, 1980
2026/08/28 22:21:48.851, 3, 116.49, 100, 0, 61418, 28, 1980
2026/08/28 22:21:53.852, 0, 119.03, 100, 0, 66164, 29, 1980
2026/08/28 22:21:53.852, 1, 120.17, 100, 0, 65782, 27, 1980
2026/08/28 22:21:53.852, 2, 117.94, 100, 0, 62822, 27, 1980
2026/08/28 22:21:53.852, 3, 116.50, 100, 0, 61418, 28, 1980
2026/08/28 22:21:58.852, 0, 119.06, 100, 0, 66164, 29, 1980
2026/08/28 22:21:58.852, 1, 120.18, 100, 0, 65782, 27, 1980
2026/08/28 22:21:58.852, 2, 117.79, 100, 0, 62822, 27, 1980
2026/08/28 22:21:58.852, 3, 116.50, 100, 0, 61418, 28, 1980
2026/08/28 22:22:03.853, 0, 119.07, 100, 0, 66164, 29, 1980
2026/08/28 22:22:03.853, 1, 120.19, 100, 0, 65782, 27, 1980
2026/08/28 22:22:03.853, 2, 117.82, 100, 0, 62822, 27, 1980
2026/08/28 22:22:03.853, 3, 116.48, 100, 0, 61418, 28, 1980
2026/08/28 22:22:08.853, 0, 119.05, 100, 0, 66164, 29, 1980
2026/08/28 22:22:08.853, 1, 120.15, 100, 0, 65782, 27, 1980
2026/08/28 22:22:08.853, 2, 117.85, 100, 0, 62822, 27, 1980
2026/08/28 22:22:08.853, 3, 116.46, 100, 0, 61418, 28, 1980
2026/08/28 22:22:13.854, 0, 119.14, 100, 0, 66164, 29, 1980
2026/08/28 22:22:13.854, 1, 120.14, 100, 0, 65782, 27, 1980
2026/08/28 22:22:13.854, 2, 117.67, 100, 0, 62822, 27, 1980
2026/08/28 22:22:13.854, 3, 116.47, 100, 0, 61418, 28, 1980
2026/08/28 22:22:18.854, 0, 119.06, 100, 0, 66164, 29, 1980
2026/08/28 22:22:18.854, 1, 120.14, 100, 0, 65782, 27, 1980
2026/08/28 22:22:18.854, 2, 117.74, 100, 0, 62822, 27, 1980
2026/08/28 22:22:18.855, 3, 116.44, 100, 0, 61418, 28, 1980
2026/08/28 22:22:23.855, 0, 119.05, 100, 0, 66164, 29, 1980
2026/08/28 22:22:23.855, 1, 120.15, 100, 0, 65782, 27, 1980
2026/08/28 22:22:23.858, 2, 117.73, 100, 0, 62822, 27, 1980
2026/08/28 22:22:23.858, 3, 116.47, 100, 0, 61418, 28, 1980
2026/08/28 22:22:28.858, 0, 119.06, 100, 0, 66164, 29, 1980
2026/08/28 22:22:28.858, 1, 120.14, 100, 0, 65782, 27, 1980
2026/08/28 22:22:28.858, 2, 117.99, 100, 0, 62822, 27, 1980
2026/08/28 22:22:28.858, 3, 116.48, 100, 0, 61418, 28, 1980
2026/08/28 22:22:33.859, 0, 119.07, 100, 0, 66164, 29, 1980
2026/08/28 22:22:33.859, 1, 120.10, 100, 0, 65782, 27, 1980
2026/08/28 22:22:33.859, 2, 117.95, 100, 0, 62822, 27, 1980
2026/08/28 22:22:33.859, 3, 116.43, 100, 0, 61418, 28, 1980
2026/08/28 22:22:38.859, 0, 119.10, 100, 0, 66164, 29, 1980
2026/08/28 22:22:38.859, 1, 120.15, 100, 0, 65782, 27, 1980
2026/08/28 22:22:38.859, 2, 117.81, 100, 0, 62822, 27, 1980
2026/08/28 22:22:38.859, 3, 116.47, 100, 0, 61418, 28, 1980
2026/08/28 22:22:43.860, 0, 119.03, 100, 0, 66164, 29, 1980
2026/08/28 22:22:43.860, 1, 120.06, 100, 0, 65782, 27, 1980
2026/08/28 22:22:43.860, 2, 117.86, 100, 0, 62822, 27, 1980
2026/08/28 22:22:43.860, 3, 116.47, 100, 0, 61418, 28, 1980
2026/08/28 22:22:48.860, 0, 119.07, 100, 0, 66164, 29, 1980
2026/08/28 22:22:48.860, 1, 120.09, 100, 0, 65782, 27, 1980
2026/08/28 22:22:48.860, 2, 117.68, 100, 0, 62822, 27, 1980
2026/08/28 22:22:48.860, 3, 116.44, 100, 0, 61418, 28, 1980
2026/08/28 22:22:53.861, 0, 119.08, 100, 0, 66164, 29, 1980
2026/08/28 22:22:53.861, 1, 120.09, 100, 0, 65782, 27, 1980
2026/08/28 22:22:53.861, 2, 117.87, 100, 0, 62822, 27, 1980
2026/08/28 22:22:53.861, 3, 116.42, 100, 0, 61418, 28, 1980
2026/08/28 22:22:58.861, 0, 119.06, 100, 0, 66164, 29, 1980
2026/08/28 22:22:58.861, 1, 120.08, 100, 0, 65782, 27, 1980
2026/08/28 22:22:58.861, 2, 117.80, 100, 0, 62822, 27, 1980
2026/08/28 22:22:58.861, 3, 116.42, 100, 0, 61418, 28, 1980
2026/08/28 22:23:03.862, 0, 119.02, 100, 0, 66164, 29, 1980
2026/08/28 22:23:03.862, 1, 120.11, 100, 0, 65782, 27, 1980
2026/08/28 22:23:03.862, 2, 117.84, 100, 0, 62822, 27, 1980
2026/08/28 22:23:03.862, 3, 116.43, 100, 0, 61418, 28, 1980
2026/08/28 22:23:08.862, 0, 119.06, 100, 0, 66164, 29, 1980
2026/08/28 22:23:08.862, 1, 120.12, 100, 0, 65782, 27, 1980
2026/08/28 22:23:08.862, 2, 117.96, 100, 0, 62822, 27, 1980
2026/08/28 22:23:08.862, 3, 116.44, 100, 0, 61418, 28, 1980
2026/08/28 22:23:13.863, 0, 119.10, 100, 0, 66164, 29, 1980
2026/08/28 22:23:13.863, 1, 120.06, 100, 0, 65782, 27, 1980
2026/08/28 22:23:13.863, 2, 117.92, 100, 0, 62822, 27, 1980
2026/08/28 22:23:13.863, 3, 116.40, 100, 0, 61418, 28, 1980
2026/08/28 22:23:18.863, 0, 119.07, 100, 0, 66164, 29, 1980
2026/08/28 22:23:18.863, 1, 120.08, 100, 0, 65782, 27, 1980
2026/08/28 22:23:18.863, 2, 117.84, 100, 0, 62822, 27, 1980
2026/08/28 22:23:18.863, 3, 116.39, 100, 0, 61418, 28, 1980
2026/08/28 22:23:23.864, 0, 119.10, 100, 0, 66164, 29, 1980
2026/08/28 22:23:23.864, 1, 120.12, 100, 0, 65782, 27, 1980
2026/08/28 22:23:23.864, 2, 117.60, 100, 0, 62822, 27, 1980
2026/08/28 22:23:23.864, 3, 116.41, 100, 0, 61418, 28, 1980
2026/08/28 22:23:28.864, 0, 119.07, 100, 0, 66164, 29, 1980
2026/08/28 22:23:28.864, 1, 120.09, 100, 0, 65782, 27, 1980
2026/08/28 22:23:28.864, 2, 117.83, 100, 0, 62822, 27, 1980
2026/08/28 22:23:28.864, 3, 116.39, 100, 0, 61418, 28, 1980
2026/08/28 22:23:33.865, 0, 119.14, 100, 0, 66164, 29, 1980
2026/08/28 22:23:33.865, 1, 120.09, 100, 0, 65782, 27, 1980
2026/08/28 22:23:33.865, 2, 117.70, 100, 0, 62822, 27, 1980
2026/08/28 22:23:33.865, 3, 116.40, 100, 0, 61418, 28, 1980
2026/08/28 22:23:38.865, 0, 119.01, 100, 0, 66164, 29, 1980
2026/08/28 22:23:38.865, 1, 120.11, 100, 0, 65782, 27, 1980
2026/08/28 22:23:38.865, 2, 117.88, 100, 0, 62822, 27, 1980
2026/08/28 22:23:38.865, 3, 116.42, 100, 0, 61418, 28, 1980
2026/08/28 22:23:43.866, 0, 119.03, 100, 0, 66164, 29, 1980
2026/08/28 22:23:43.866, 1, 120.15, 100, 0, 65782, 27, 1980
2026/08/28 22:23:43.866, 2, 117.76, 100, 0, 62822, 27, 1980
2026/08/28 22:23:43.866, 3, 116.43, 100, 0, 61418, 28, 1980
2026/08/28 22:23:48.866, 0, 119.08, 100, 0, 66164, 29, 1980
2026/08/28 22:23:48.866, 1, 120.15, 100, 0, 65782, 27, 1980
2026/08/28 22:23:48.866, 2, 117.95, 100, 0, 62822, 27, 1980
2026/08/28 22:23:48.867, 3, 116.44, 100, 0, 61418, 28, 1980
2026/08/28 22:23:53.867, 0, 119.04, 100, 0, 66164, 29, 1980
2026/08/28 22:23:53.867, 1, 120.11, 100, 0, 65782, 27, 1980
2026/08/28 22:23:53.867, 2, 117.74, 100, 0, 62822, 27, 1980
2026/08/28 22:23:53.867, 3, 116.41, 100, 0, 61418, 28, 1980
2026/08/28 22:23:58.867, 0, 119.01, 100, 0, 66164, 29, 1980
2026/08/28 22:23:58.867, 1, 120.13, 100, 0, 65782, 27, 1980
2026/08/28 22:23:58.867, 2, 117.96, 100, 0, 62822, 27, 1980
2026/08/28 22:23:58.867, 3, 116.40, 100, 0, 61418, 28, 1980
2026/08/28 22:24:03.868, 0, 119.07, 100, 0, 66164, 29, 1980
2026/08/28 22:24:03.868, 1, 120.12, 100, 0, 65782, 27, 1980
2026/08/28 22:24:03.868, 2, 117.97, 100, 0, 62822, 27, 1980
2026/08/28 22:24:03.868, 3, 116.40, 100, 0, 61418, 28, 1980
2026/08/28 22:24:08.868, 0, 119.08, 100, 0, 66164, 29, 1980
2026/08/28 22:24:08.868, 1, 120.14, 100, 0, 65782, 27, 1980
2026/08/28 22:24:08.868, 2, 117.75, 100, 0, 62822, 27, 1980
2026/08/28 22:24:08.868, 3, 116.41, 100, 0, 61418, 28, 1980
2026/08/28 22:24:13.869, 0, 119.02, 100, 0, 66164, 29, 1980
2026/08/28 22:24:13.869, 1, 120.16, 100, 0, 65782, 27, 1980
2026/08/28 22:24:13.869, 2, 117.88, 100, 0, 62822, 27, 1980
2026/08/28 22:24:13.869, 3, 116.43, 100, 0, 61418, 28, 1980
2026/08/28 22:24:18.869, 0, 119.04, 100, 0, 66164, 29, 1980
2026/08/28 22:24:18.869, 1, 120.13, 100, 0, 65782, 27, 1980
2026/08/28 22:24:18.869, 2, 117.78, 100, 0, 62822, 27, 1980
2026/08/28 22:24:18.870, 3, 116.42, 100, 0, 61418, 28, 1980
2026/08/28 22:24:23.870, 0, 119.03, 100, 0, 66164, 29, 1980
2026/08/28 22:24:23.870, 1, 120.17, 100, 0, 65782, 27, 1980
2026/08/28 22:24:23.870, 2, 118.00, 100, 0, 62822, 27, 1980
2026/08/28 22:24:23.870, 3, 116.42, 100, 0, 61418, 28, 1980
2026/08/28 22:24:28.870, 0, 119.07, 100, 0, 66164, 29, 1980
2026/08/28 22:24:28.870, 1, 120.20, 100, 0, 65782, 27, 1980
2026/08/28 22:24:28.871, 2, 117.97, 100, 0, 62822, 27, 1980
2026/08/28 22:24:28.871, 3, 116.43, 100, 0, 61418, 28, 1980
2026/08/28 22:24:33.871, 0, 119.07, 100, 0, 66164, 29, 1980
2026/08/28 22:24:33.871, 1, 120.18, 100, 0, 65782, 27, 1980
2026/08/28 22:24:33.871, 2, 117.66, 100, 0, 62822, 27, 1980
2026/08/28 22:24:33.871, 3, 116.44, 100, 0, 61418, 28, 1980
2026/08/28 22:24:38.871, 0, 119.04, 100, 0, 66164, 29, 1980
2026/08/28 22:24:38.873, 1, 120.14, 100, 0, 65782, 27, 1980
2026/08/28 22:24:38.874, 2, 117.79, 100, 0, 62822, 27, 1980
2026/08/28 22:24:38.874, 3, 116.43, 100, 0, 61418, 28, 1980
2026/08/28 22:24:43.874, 0, 119.01, 100, 0, 66164, 29, 1980
2026/08/28 22:24:43.875, 1, 120.11, 100, 0, 65782, 27, 1980
2026/08/28 22:24:43.875, 2, 117.70, 100, 0, 62822, 27, 1980
2026/08/28 22:24:43.875, 3, 116.44, 100, 0, 61418, 28, 1980
2026/08/28 22:24:48.875, 0, 119.06, 100, 0, 66164, 29, 1980
2026/08/28 22:24:48.875, 1, 120.14, 100, 0, 65782, 27, 1980
2026/08/28 22:24:48.875, 2, 117.98, 100, 0, 62822, 27, 1980
2026/08/28 22:24:48.875, 3, 116.43, 100, 0, 61418, 28, 1980
2026/08/28 22:24:53.875, 0, 119.05, 100, 0, 66164, 29, 1980
2026/08/28 22:24:53.876, 1, 120.14, 100, 0, 65782, 27, 1980
2026/08/28 22:24:53.876, 2, 117.45, 100, 0, 62822, 27, 1980
2026/08/28 22:24:53.876, 3, 116.44, 100, 0, 61418, 28, 1980
2026/08/28 22:24:58.876, 0, 119.04, 100, 0, 66164, 29, 1980
2026/08/28 22:24:58.876, 1, 120.15, 100, 0, 65782, 27, 1980
2026/08/28 22:24:58.876, 2, 117.71, 100, 0, 62822, 27, 1980
2026/08/28 22:24:58.876, 3, 116.47, 100, 0, 61418, 28, 1980
2026/08/28 22:25:03.876, 0, 119.06, 100, 0, 66164, 29, 1980
2026/08/28 22:25:03.877, 1, 120.15, 100, 0, 65782, 27, 1980
2026/08/28 22:25:03.877, 2, 117.71, 100, 0, 62822, 27, 1980
2026/08/28 22:25:03.877, 3, 116.49, 100, 0, 61418, 28, 1980
2026/08/28 22:25:08.877, 0, 119.06, 100, 0, 66164, 29, 1980
2026/08/28 22:25:08.877, 1, 120.13, 100, 0, 65782, 27, 1980
2026/08/28 22:25:08.877, 2, 117.81, 100, 0, 62822, 27, 1980
2026/08/28 22:25:08.877, 3, 116.48, 100, 0, 61418, 28, 1980
2026/08/28 22:25:13.877, 0, 119.04, 100, 0, 66164, 29, 1980
2026/08/28 22:25:13.878, 1, 120.09, 100, 0, 65782, 27, 1980
2026/08/28 22:25:13.878, 2, 117.69, 100, 0, 62822, 27, 1980
2026/08/28 22:25:13.878, 3, 116.47, 100, 0, 61418, 28, 1980
2026/08/28 22:25:18.878, 0, 119.08, 100, 0, 66164, 29, 1980
2026/08/28 22:25:18.878, 1, 120.15, 100, 0, 65782, 27, 1980
2026/08/28 22:25:18.878, 2, 117.81, 100, 0, 62822, 27, 1980
2026/08/28 22:25:18.878, 3, 116.45, 100, 0, 61418, 28, 1980
2026/08/28 22:25:23.879, 0, 119.14, 100, 0, 66164, 29, 1980
2026/08/28 22:25:23.879, 1, 120.11, 100, 0, 65782, 27, 1980
2026/08/28 22:25:23.879, 2, 117.68, 100, 0, 62822, 27, 1980
2026/08/28 22:25:23.879, 3, 116.45, 100, 0, 61418, 28, 1980
2026/08/28 22:25:28.879, 0, 119.05, 100, 0, 66164, 29, 1980
2026/08/28 22:25:28.880, 1, 120.11, 100, 0, 65782, 27, 1980
2026/08/28 22:25:28.881, 2, 117.92, 100, 0, 62822, 27, 1980
2026/08/28 22:25:28.882, 3, 116.45, 100, 0, 61418, 28, 1980
2026/08/28 22:25:33.884, 0, 119.12, 100, 0, 66164, 29, 1980
2026/08/28 22:25:33.884, 1, 120.17, 100, 0, 65782, 27, 1980
2026/08/28 22:25:33.884, 2, 117.62, 100, 0, 62822, 27, 1980
2026/08/28 22:25:33.884, 3, 116.47, 100, 0, 61418, 28, 1980
2026/08/28 22:25:38.885, 0, 119.05, 100, 0, 66164, 29, 1980
2026/08/28 22:25:38.885, 1, 120.14, 100, 0, 65782, 27, 1980
2026/08/28 22:25:38.885, 2, 117.55, 100, 0, 62822, 27, 1980
2026/08/28 22:25:38.885, 3, 116.47, 100, 0, 61418, 28, 1980
2026/08/28 22:25:43.885, 0, 119.08, 100, 0, 66164, 29, 1980
2026/08/28 22:25:43.885, 1, 120.13, 100, 0, 65782, 27, 1980
2026/08/28 22:25:43.885, 2, 118.03, 100, 0, 62822, 27, 1980
2026/08/28 22:25:43.885, 3, 116.43, 100, 0, 61418, 28, 1980
2026/08/28 22:25:48.886, 0, 119.07, 100, 0, 66164, 29, 1980
2026/08/28 22:25:48.886, 1, 120.14, 100, 0, 65782, 27, 1980
2026/08/28 22:25:48.886, 2, 117.68, 100, 0, 62822, 27, 1980
2026/08/28 22:25:48.886, 3, 116.41, 100, 0, 61418, 28, 1980
2026/08/28 22:25:53.886, 0, 119.09, 100, 0, 66164, 29, 1980
2026/08/28 22:25:53.886, 1, 120.20, 100, 0, 65782, 27, 1980
2026/08/28 22:25:53.886, 2, 117.79, 100, 0, 62822, 27, 1980
2026/08/28 22:25:53.886, 3, 116.45, 100, 0, 61418, 28, 1980
2026/08/28 22:25:58.887, 0, 119.03, 100, 0, 66164, 29, 1980
2026/08/28 22:25:58.887, 1, 120.21, 100, 0, 65782, 27, 1980
2026/08/28 22:25:58.887, 2, 118.01, 100, 0, 62822, 27, 1980
2026/08/28 22:25:58.887, 3, 116.48, 100, 0, 61418, 28, 1980
2026/08/28 22:26:03.887, 0, 119.09, 100, 0, 66164, 29, 1980
2026/08/28 22:26:03.887, 1, 120.21, 100, 0, 65782, 27, 1980
2026/08/28 22:26:03.887, 2, 117.90, 100, 0, 62822, 27, 1980
2026/08/28 22:26:03.887, 3, 116.49, 100, 0, 61418, 28, 1980
2026/08/28 22:26:08.888, 0, 119.11, 100, 0, 66164, 29, 1980
2026/08/28 22:26:08.888, 1, 120.18, 100, 0, 65782, 27, 1980
2026/08/28 22:26:08.888, 2, 117.82, 100, 0, 62822, 27, 1980
2026/08/28 22:26:08.888, 3, 116.49, 100, 0, 61418, 28, 1980
2026/08/28 22:26:13.888, 0, 119.12, 100, 0, 66164, 29, 1980
2026/08/28 22:26:13.888, 1, 120.18, 100, 0, 65782, 27, 1980
2026/08/28 22:26:13.888, 2, 117.89, 100, 0, 62822, 27, 1980
2026/08/28 22:26:13.888, 3, 116.46, 100, 0, 61418, 28, 1980
2026/08/28 22:26:18.889, 0, 119.12, 100, 0, 66164, 29, 1980
2026/08/28 22:26:18.889, 1, 120.17, 100, 0, 65782, 27, 1980
2026/08/28 22:26:18.889, 2, 117.79, 100, 0, 62822, 27, 1980
2026/08/28 22:26:18.889, 3, 116.42, 100, 0, 61418, 28, 1980
2026/08/28 22:26:23.889, 0, 119.07, 100, 0, 66164, 29, 1980
2026/08/28 22:26:23.889, 1, 120.19, 100, 0, 65782, 27, 1980
2026/08/28 22:26:23.889, 2, 117.58, 100, 0, 62822, 27, 1980
2026/08/28 22:26:23.890, 3, 116.47, 100, 0, 61418, 28, 1980
2026/08/28 22:26:28.890, 0, 119.10, 100, 0, 66164, 29, 1980
2026/08/28 22:26:28.890, 1, 120.17, 100, 0, 65782, 27, 1980
2026/08/28 22:26:28.890, 2, 117.73, 100, 0, 62822, 27, 1980
2026/08/28 22:26:28.890, 3, 116.46, 100, 0, 61418, 28, 1980
2026/08/28 22:26:33.890, 0, 119.07, 100, 0, 66164, 29, 1980
2026/08/28 22:26:33.891, 1, 120.19, 100, 0, 65782, 27, 1980
2026/08/28 22:26:33.891, 2, 117.99, 100, 0, 62822, 27, 1980
2026/08/28 22:26:33.891, 3, 116.40, 100, 0, 61418, 28, 1980
2026/08/28 22:26:38.891, 0, 119.12, 100, 0, 66164, 29, 1980
2026/08/28 22:26:38.891, 1, 120.19, 100, 0, 65782, 27, 1980
2026/08/28 22:26:38.891, 2, 117.80, 100, 0, 62822, 27, 1980
2026/08/28 22:26:38.891, 3, 116.49, 100, 0, 61418, 28, 1980
2026/08/28 22:26:43.891, 0, 119.10, 100, 0, 66164, 29, 1980
2026/08/28 22:26:43.892, 1, 120.18, 100, 0, 65782, 27, 1980
2026/08/28 22:26:43.892, 2, 117.88, 100, 0, 62822, 27, 1980
2026/08/28 22:26:43.892, 3, 116.48, 100, 0, 61418, 28, 1980
2026/08/28 22:26:48.892, 0, 119.09, 100, 0, 66164, 29, 1980
2026/08/28 22:26:48.892, 1, 120.21, 100, 0, 65782, 27, 1980
2026/08/28 22:26:48.892, 2, 118.01, 100, 0, 62822, 27, 1980
2026/08/28 22:26:48.892, 3, 116.49, 100, 0, 61418, 28, 1980
2026/08/28 22:26:53.893, 0, 119.14, 100, 0, 66164, 29, 1980
2026/08/28 22:26:53.893, 1, 120.20, 100, 0, 65782, 27, 1980
2026/08/28 22:26:53.893, 2, 117.57, 100, 0, 62822, 27, 1980
2026/08/28 22:26:53.893, 3, 116.44, 100, 0, 61418, 28, 1980
2026/08/28 22:26:58.893, 0, 119.14, 100, 0, 66164, 29, 1980
2026/08/28 22:26:58.893, 1, 120.19, 100, 0, 65782, 27, 1980
2026/08/28 22:26:58.893, 2, 117.78, 100, 0, 62822, 27, 1980
2026/08/28 22:26:58.893, 3, 116.45, 100, 0, 61418, 28, 1980
2026/08/28 22:27:03.894, 0, 119.08, 100, 0, 66164, 29, 1980
2026/08/28 22:27:03.894, 1, 120.18, 100, 0, 65782, 27, 1980
2026/08/28 22:27:03.894, 2, 117.96, 100, 0, 62822, 27, 1980
2026/08/28 22:27:03.894, 3, 116.48, 100, 0, 61418, 28, 1980
2026/08/28 22:27:08.894, 0, 119.10, 100, 0, 66164, 29, 1980
2026/08/28 22:27:08.894, 1, 120.17, 100, 0, 65782, 27, 1980
2026/08/28 22:27:08.894, 2, 117.66, 100, 0, 62822, 27, 1980
2026/08/28 22:27:08.894, 3, 116.42, 100, 0, 61418, 28, 1980
2026/08/28 22:27:13.895, 0, 119.06, 100, 0, 66164, 29, 1980
2026/08/28 22:27:13.895, 1, 120.19, 100, 0, 65782, 27, 1980
2026/08/28 22:27:13.895, 2, 117.67, 100, 0, 62822, 27, 1980
2026/08/28 22:27:13.895, 3, 116.43, 100, 0, 61418, 28, 1980
2026/08/28 22:27:18.895, 0, 119.10, 100, 0, 66164, 29, 1980
2026/08/28 22:27:18.895, 1, 120.20, 100, 0, 65782, 27, 1980
2026/08/28 22:27:18.895, 2, 117.73, 100, 0, 62822, 27, 1980
2026/08/28 22:27:18.896, 3, 116.47, 100, 0, 61418, 28, 1980
2026/08/28 22:27:23.896, 0, 119.15, 100, 0, 66164, 29, 1980
2026/08/28 22:27:23.896, 1, 120.17, 100, 0, 65782, 27, 1980
2026/08/28 22:27:23.896, 2, 117.90, 100, 0, 62822, 27, 1980
2026/08/28 22:27:23.896, 3, 116.48, 100, 0, 61418, 28, 1980
2026/08/28 22:27:28.896, 0, 119.15, 100, 0, 66164, 29, 1980
2026/08/28 22:27:28.896, 1, 120.20, 100, 0, 65782, 27, 1980
2026/08/28 22:27:28.897, 2, 118.05, 100, 0, 62822, 27, 1980
2026/08/28 22:27:28.897, 3, 116.42, 100, 0, 61418, 28, 1980
2026/08/28 22:27:33.897, 0, 119.09, 100, 0, 66164, 29, 1980
2026/08/28 22:27:33.897, 1, 120.22, 100, 0, 65782, 27, 1980
2026/08/28 22:27:33.897, 2, 117.79, 100, 0, 62822, 27, 1980
2026/08/28 22:27:33.897, 3, 116.45, 100, 0, 61418, 28, 1980
2026/08/28 22:27:38.897, 0, 119.07, 100, 0, 66164, 29, 1980
2026/08/28 22:27:38.898, 1, 120.19, 100, 0, 65782, 27, 1980
2026/08/28 22:27:38.898, 2, 118.03, 100, 0, 62822, 27, 1980
2026/08/28 22:27:38.898, 3, 116.44, 100, 0, 61418, 28, 1980
2026/08/28 22:27:43.898, 0, 119.14, 100, 0, 66164, 29, 1980
2026/08/28 22:27:43.898, 1, 120.19, 100, 0, 65782, 27, 1980
2026/08/28 22:27:43.898, 2, 118.03, 100, 0, 62822, 27, 1980
2026/08/28 22:27:43.898, 3, 116.46, 100, 0, 61418, 28, 1980
2026/08/28 22:27:48.898, 0, 119.09, 100, 0, 66164, 29, 1980
2026/08/28 22:27:48.899, 1, 120.18, 100, 0, 65782, 27, 1980
2026/08/28 22:27:48.899, 2, 117.94, 100, 0, 62822, 27, 1980
2026/08/28 22:27:48.899, 3, 116.46, 100, 0, 61418, 28, 1980
2026/08/28 22:27:53.899, 0, 119.10, 100, 0, 66164, 29, 1980
2026/08/28 22:27:53.899, 1, 120.17, 100, 0, 65782, 27, 1980
2026/08/28 22:27:53.899, 2, 117.89, 100, 0, 62822, 27, 1980
2026/08/28 22:27:53.899, 3, 116.45, 100, 0, 61418, 28, 1980
2026/08/28 22:27:58.899, 0, 119.11, 100, 0, 66164, 29, 1980
2026/08/28 22:27:58.900, 1, 120.18, 100, 0, 65782, 27, 1980
2026/08/28 22:27:58.900, 2, 117.76, 100, 0, 62822, 27, 1980
2026/08/28 22:27:58.900, 3, 116.45, 100, 0, 61418, 28, 1980
2026/08/28 22:28:03.900, 0, 119.17, 100, 0, 66164, 29, 1980
2026/08/28 22:28:03.900, 1, 120.14, 100, 0, 65782, 27, 1980
2026/08/28 22:28:03.900, 2, 117.79, 100, 0, 62822, 27, 1980
2026/08/28 22:28:03.900, 3, 116.46, 100, 0, 61418, 28, 1980
2026/08/28 22:28:08.901, 0, 119.05, 100, 0, 66164, 29, 1980
2026/08/28 22:28:08.901, 1, 120.16, 100, 0, 65782, 27, 1980
2026/08/28 22:28:08.903, 2, 117.65, 100, 0, 62822, 27, 1980
2026/08/28 22:28:08.904, 3, 116.45, 100, 0, 61418, 28, 1980
2026/08/28 22:28:13.907, 0, 119.10, 100, 0, 66164, 29, 1980
2026/08/28 22:28:13.907, 1, 120.18, 100, 0, 65782, 27, 1980
2026/08/28 22:28:13.907, 2, 117.77, 100, 0, 62822, 27, 1980
2026/08/28 22:28:13.907, 3, 116.45, 100, 0, 61418, 28, 1980
2026/08/28 22:28:18.907, 0, 119.11, 100, 0, 66164, 29, 1980
2026/08/28 22:28:18.907, 1, 120.18, 100, 0, 65782, 27, 1980
2026/08/28 22:28:18.907, 2, 117.73, 100, 0, 62822, 27, 1980
2026/08/28 22:28:18.907, 3, 116.43, 100, 0, 61418, 28, 1980
2026/08/28 22:28:23.908, 0, 119.10, 100, 0, 66164, 29, 1980
2026/08/28 22:28:23.908, 1, 120.17, 100, 0, 65782, 27, 1980
2026/08/28 22:28:23.908, 2, 117.72, 100, 0, 62822, 27, 1980
2026/08/28 22:28:23.908, 3, 116.41, 100, 0, 61418, 28, 1980
2026/08/28 22:28:28.908, 0, 119.10, 100, 0, 66164, 29, 1980
2026/08/28 22:28:28.908, 1, 120.22, 100, 0, 65782, 27, 1980
2026/08/28 22:28:28.909, 2, 117.71, 100, 0, 62822, 27, 1980
2026/08/28 22:28:28.909, 3, 116.40, 100, 0, 61418, 28, 1980
2026/08/28 22:28:33.909, 0, 119.14, 100, 0, 66164, 29, 1980
2026/08/28 22:28:33.909, 1, 120.22, 100, 0, 65782, 27, 1980
2026/08/28 22:28:33.909, 2, 118.02, 100, 0, 62822, 27, 1980
2026/08/28 22:28:33.909, 3, 116.41, 100, 0, 61418, 28, 1980
2026/08/28 22:28:38.909, 0, 119.08, 100, 0, 66164, 29, 1980
2026/08/28 22:28:38.909, 1, 120.23, 100, 0, 65782, 27, 1980
2026/08/28 22:28:38.909, 2, 118.01, 100, 0, 62822, 27, 1980
2026/08/28 22:28:38.910, 3, 116.39, 100, 0, 61418, 28, 1980
2026/08/28 22:28:43.910, 0, 119.12, 100, 0, 66164, 29, 1980
2026/08/28 22:28:43.910, 1, 120.20, 100, 0, 65782, 27, 1980
2026/08/28 22:28:43.910, 2, 117.43, 100, 0, 62822, 27, 1980
2026/08/28 22:28:43.910, 3, 116.37, 100, 0, 61418, 28, 1980
2026/08/28 22:28:48.910, 0, 119.10, 100, 0, 66164, 29, 1980
2026/08/28 22:28:48.910, 1, 120.23, 100, 0, 65782, 27, 1980
2026/08/28 22:28:48.910, 2, 117.58, 100, 0, 62822, 27, 1980
2026/08/28 22:28:48.910, 3, 116.43, 100, 0, 61418, 28, 1980
2026/08/28 22:28:53.911, 0, 119.10, 100, 0, 66164, 29, 1980
2026/08/28 22:28:53.911, 1, 120.21, 100, 0, 65782, 27, 1980
2026/08/28 22:28:53.911, 2, 117.84, 100, 0, 62822, 27, 1980
2026/08/28 22:28:53.911, 3, 116.39, 100, 0, 61418, 28, 1980
2026/08/28 22:28:58.911, 0, 119.09, 100, 0, 66164, 29, 1980
2026/08/28 22:28:58.911, 1, 120.19, 100, 0, 65782, 27, 1980
2026/08/28 22:28:58.911, 2, 117.44, 100, 0, 62822, 27, 1980
2026/08/28 22:28:58.912, 3, 116.41, 100, 0, 61418, 28, 1980
2026/08/28 22:29:03.912, 0, 119.14, 100, 0, 66164, 29, 1980
2026/08/28 22:29:03.912, 1, 120.21, 100, 0, 65782, 27, 1980
2026/08/28 22:29:03.912, 2, 117.64, 100, 0, 62822, 27, 1980
2026/08/28 22:29:03.912, 3, 116.41, 100, 0, 61418, 28, 1980
2026/08/28 22:29:08.912, 0, 119.09, 100, 0, 66164, 29, 1980
2026/08/28 22:29:08.913, 1, 120.18, 100, 0, 65782, 27, 1980
2026/08/28 22:29:08.913, 2, 117.41, 100, 0, 62822, 27, 1980
2026/08/28 22:29:08.913, 3, 116.44, 100, 0, 61418, 28, 1980
2026/08/28 22:29:13.913, 0, 119.09, 100, 0, 66164, 29, 1980
2026/08/28 22:29:13.913, 1, 120.12, 100, 0, 65782, 27, 1980
2026/08/28 22:29:13.913, 2, 117.73, 100, 0, 62822, 27, 1980
2026/08/28 22:29:13.913, 3, 116.42, 100, 0, 61418, 28, 1980
2026/08/28 22:29:18.913, 0, 119.09, 100, 0, 66164, 29, 1980
2026/08/28 22:29:18.914, 1, 120.19, 100, 0, 65782, 27, 1980
2026/08/28 22:29:18.914, 2, 117.36, 100, 0, 62822, 27, 1980
2026/08/28 22:29:18.914, 3, 116.41, 100, 0, 61418, 28, 1980
2026/08/28 22:29:23.914, 0, 119.07, 100, 0, 66164, 29, 1980
2026/08/28 22:29:23.914, 1, 120.18, 100, 0, 65782, 27, 1980
2026/08/28 22:29:23.914, 2, 117.58, 100, 0, 62822, 27, 1980
2026/08/28 22:29:23.914, 3, 116.42, 100, 0, 61418, 28, 1980
2026/08/28 22:29:28.914, 0, 119.09, 100, 0, 66164, 29, 1980
2026/08/28 22:29:28.915, 1, 120.21, 100, 0, 65782, 27, 1980
2026/08/28 22:29:28.915, 2, 117.56, 100, 0, 62822, 27, 1980
2026/08/28 22:29:28.915, 3, 116.36, 100, 0, 61418, 28, 1980
2026/08/28 22:29:33.915, 0, 119.13, 100, 0, 66164, 29, 1980
2026/08/28 22:29:33.915, 1, 120.21, 100, 0, 65782, 27, 1980
2026/08/28 22:29:33.915, 2, 117.49, 100, 0, 62822, 27, 1980
2026/08/28 22:29:33.915, 3, 116.37, 100, 0, 61418, 28, 1980
2026/08/28 22:29:38.916, 0, 119.08, 100, 0, 66164, 29, 1980
2026/08/28 22:29:38.916, 1, 120.20, 100, 0, 65782, 27, 1980
2026/08/28 22:29:38.916, 2, 117.75, 100, 0, 62822, 27, 1980
2026/08/28 22:29:38.916, 3, 116.39, 100, 0, 61418, 28, 1980
2026/08/28 22:29:43.916, 0, 119.07, 100, 0, 66164, 29, 1980
2026/08/28 22:29:43.916, 1, 120.17, 100, 0, 65782, 27, 1980
2026/08/28 22:29:43.916, 2, 117.73, 100, 0, 62822, 27, 1980
2026/08/28 22:29:43.916, 3, 116.46, 100, 0, 61418, 28, 1980
2026/08/28 22:29:48.917, 0, 119.11, 100, 0, 66164, 29, 1980
2026/08/28 22:29:48.917, 1, 120.18, 100, 0, 65782, 27, 1980
2026/08/28 22:29:48.917, 2, 118.01, 100, 0, 62822, 27, 1980
2026/08/28 22:29:48.917, 3, 116.39, 100, 0, 61418, 28, 1980
2026/08/28 22:29:53.918, 0, 119.11, 100, 0, 66164, 29, 1980
2026/08/28 22:29:53.918, 1, 120.20, 100, 0, 65782, 27, 1980
2026/08/28 22:29:53.918, 2, 117.80, 100, 0, 62822, 27, 1980
2026/08/28 22:29:53.918, 3, 116.34, 100, 0, 61418, 28, 1980
2026/08/28 22:29:58.918, 0, 119.11, 100, 0, 66164, 29, 1980
2026/08/28 22:29:58.920, 1, 120.19, 100, 0, 65782, 27, 1980
2026/08/28 22:29:58.920, 2, 117.80, 100, 0, 62822, 27, 1980
2026/08/28 22:29:58.922, 3, 116.38, 100, 0, 61418, 28, 1980
2026/08/28 22:30:03.923, 0, 119.07, 100, 0, 66164, 29, 1980
2026/08/28 22:30:03.924, 1, 120.21, 100, 0, 65782, 27, 1980
2026/08/28 22:30:03.924, 2, 118.01, 100, 0, 62822, 27, 1980
2026/08/28 22:30:03.924, 3, 116.41, 100, 0, 61418, 28, 1980
2026/08/28 22:30:08.924, 0, 119.10, 100, 0, 66164, 29, 1980
2026/08/28 22:30:08.924, 1, 120.22, 100, 0, 65782, 27, 1980
2026/08/28 22:30:08.924, 2, 117.66, 100, 0, 62822, 27, 1980
2026/08/28 22:30:08.924, 3, 116.41, 100, 0, 61418, 28, 1980
2026/08/28 22:30:13.924, 0, 119.10, 100, 0, 66164, 29, 1980
2026/08/28 22:30:13.925, 1, 120.21, 100, 0, 65782, 27, 1980
2026/08/28 22:30:13.925, 2, 117.40, 100, 0, 62822, 27, 1980
2026/08/28 22:30:13.925, 3, 116.40, 100, 0, 61418, 28, 1980
2026/08/28 22:30:18.925, 0, 119.07, 100, 0, 66164, 29, 1980
2026/08/28 22:30:18.925, 1, 120.23, 100, 0, 65782, 27, 1980
2026/08/28 22:30:18.925, 2, 117.61, 100, 0, 62822, 27, 1980
2026/08/28 22:30:18.925, 3, 116.42, 100, 0, 61418, 28, 1980
2026/08/28 22:30:23.926, 0, 119.14, 100, 0, 66164, 29, 1980
2026/08/28 22:30:23.926, 1, 120.27, 100, 0, 65782, 27, 1980
2026/08/28 22:30:23.926, 2, 117.68, 100, 0, 62822, 27, 1980
2026/08/28 22:30:23.926, 3, 116.46, 100, 0, 61418, 28, 1980
2026/08/28 22:30:28.926, 0, 119.12, 100, 0, 66164, 29, 1980
2026/08/28 22:30:28.927, 1, 120.24, 100, 0, 65782, 27, 1980
2026/08/28 22:30:28.928, 2, 117.70, 100, 0, 62822, 27, 1980
2026/08/28 22:30:28.929, 3, 116.41, 100, 0, 61418, 28, 1980
2026/08/28 22:30:33.929, 0, 119.09, 100, 0, 66164, 29, 1980
2026/08/28 22:30:33.929, 1, 120.23, 100, 0, 65782, 27, 1980
2026/08/28 22:30:33.929, 2, 117.77, 100, 0, 62822, 27, 1980
2026/08/28 22:30:33.929, 3, 116.33, 100, 0, 61418, 28, 1980
2026/08/28 22:30:38.930, 0, 119.12, 100, 0, 66164, 29, 1980
2026/08/28 22:30:38.930, 1, 120.20, 100, 0, 65782, 27, 1980
2026/08/28 22:30:38.930, 2, 117.57, 100, 0, 62822, 27, 1980
2026/08/28 22:30:38.930, 3, 116.39, 100, 0, 61418, 28, 1980
2026/08/28 22:30:43.930, 0, 119.08, 100, 0, 66164, 29, 1980
2026/08/28 22:30:43.930, 1, 120.21, 100, 0, 65782, 27, 1980
2026/08/28 22:30:43.930, 2, 117.42, 100, 0, 62822, 27, 1980
2026/08/28 22:30:43.930, 3, 116.44, 100, 0, 61418, 28, 1980
2026/08/28 22:30:48.931, 0, 119.03, 100, 0, 66164, 29, 1980
2026/08/28 22:30:48.931, 1, 120.14, 100, 0, 65782, 27, 1980
2026/08/28 22:30:48.931, 2, 117.78, 100, 0, 62822, 27, 1980
2026/08/28 22:30:48.931, 3, 116.45, 100, 0, 61418, 28, 1980
2026/08/28 22:30:53.931, 0, 119.02, 100, 0, 66164, 29, 1980
2026/08/28 22:30:53.931, 1, 120.10, 100, 0, 65782, 27, 1980
2026/08/28 22:30:53.931, 2, 117.55, 100, 0, 62822, 27, 1980
2026/08/28 22:30:53.931, 3, 116.42, 100, 0, 61418, 28, 1980
2026/08/28 22:30:58.932, 0, 119.04, 100, 0, 66164, 29, 1980
2026/08/28 22:30:58.932, 1, 120.15, 100, 0, 65782, 27, 1980
2026/08/28 22:30:58.932, 2, 117.79, 100, 0, 62822, 27, 1980
2026/08/28 22:30:58.932, 3, 116.34, 100, 0, 61418, 28, 1980
2026/08/28 22:31:03.932, 0, 119.08, 100, 0, 66164, 29, 1980
2026/08/28 22:31:03.932, 1, 120.12, 100, 0, 65782, 27, 1980
2026/08/28 22:31:03.932, 2, 117.86, 100, 0, 62822, 27, 1980
2026/08/28 22:31:03.932, 3, 116.40, 100, 0, 61418, 28, 1980
2026/08/28 22:31:08.933, 0, 119.11, 100, 0, 66164, 29, 1980
2026/08/28 22:31:08.933, 1, 120.14, 100, 0, 65782, 27, 1980
2026/08/28 22:31:08.933, 2, 117.77, 100, 0, 62822, 27, 1980
2026/08/28 22:31:08.933, 3, 116.35, 100, 0, 61418, 28, 1980
2026/08/28 22:31:13.933, 0, 119.03, 100, 0, 66164, 29, 1980
2026/08/28 22:31:13.933, 1, 120.13, 100, 0, 65782, 27, 1980
2026/08/28 22:31:13.933, 2, 117.77, 100, 0, 62822, 27, 1980
2026/08/28 22:31:13.933, 3, 116.30, 100, 0, 61418, 28, 1980
2026/08/28 22:31:18.934, 0, 119.13, 100, 0, 66164, 29, 1980
2026/08/28 22:31:18.934, 1, 120.07, 100, 0, 65782, 27, 1980
2026/08/28 22:31:18.934, 2, 117.85, 100, 0, 62822, 27, 1980
2026/08/28 22:31:18.934, 3, 116.33, 100, 0, 61418, 28, 1980
2026/08/28 22:31:23.934, 0, 119.06, 100, 0, 66164, 29, 1980
2026/08/28 22:31:23.934, 1, 120.14, 100, 0, 65782, 27, 1980
2026/08/28 22:31:23.934, 2, 117.48, 100, 0, 62822, 27, 1980
2026/08/28 22:31:23.934, 3, 116.37, 100, 0, 61418, 28, 1980
2026/08/28 22:31:28.935, 0, 119.01, 100, 0, 66164, 29, 1980
2026/08/28 22:31:28.935, 1, 120.06, 100, 0, 65782, 27, 1980
2026/08/28 22:31:28.935, 2, 117.68, 100, 0, 62822, 27, 1980
2026/08/28 22:31:28.935, 3, 116.42, 100, 0, 61418, 28, 1980
2026/08/28 22:31:33.935, 0, 118.98, 100, 0, 66164, 29, 1980
2026/08/28 22:31:33.935, 1, 120.11, 100, 0, 65782, 27, 1980
2026/08/28 22:31:33.935, 2, 117.71, 100, 0, 62822, 27, 1980
2026/08/28 22:31:33.935, 3, 116.34, 100, 0, 61418, 28, 1980
2026/08/28 22:31:38.936, 0, 119.03, 100, 0, 66164, 29, 1980
2026/08/28 22:31:38.936, 1, 120.12, 100, 0, 65782, 27, 1980
2026/08/28 22:31:38.936, 2, 117.74, 100, 0, 62822, 27, 1980
2026/08/28 22:31:38.936, 3, 116.36, 100, 0, 61418, 28, 1980
2026/08/28 22:31:43.936, 0, 118.99, 100, 0, 66164, 29, 1980
2026/08/28 22:31:43.938, 1, 120.11, 100, 0, 65782, 27, 1980
2026/08/28 22:31:43.938, 2, 117.98, 100, 0, 62822, 27, 1980
2026/08/28 22:31:43.938, 3, 116.31, 100, 0, 61418, 28, 1980
2026/08/28 22:31:48.938, 0, 118.97, 100, 0, 66164, 29, 1980
2026/08/28 22:31:48.940, 1, 120.10, 100, 0, 65782, 27, 1980
2026/08/28 22:31:48.941, 2, 117.96, 100, 0, 62822, 27, 1980
2026/08/28 22:31:48.941, 3, 116.34, 100, 0, 61418, 28, 1980
2026/08/28 22:31:53.943, 0, 119.04, 100, 0, 66164, 29, 1980
2026/08/28 22:31:53.944, 1, 120.07, 100, 0, 65782, 27, 1980
2026/08/28 22:31:53.944, 2, 117.78, 100, 0, 62822, 27, 1980
2026/08/28 22:31:53.944, 3, 116.38, 100, 0, 61418, 28, 1980
2026/08/28 22:31:58.944, 0, 119.00, 100, 0, 66164, 29, 1980
2026/08/28 22:31:58.944, 1, 120.06, 100, 0, 65782, 27, 1980
2026/08/28 22:31:58.944, 2, 117.84, 100, 0, 62822, 27, 1980
2026/08/28 22:31:58.944, 3, 116.40, 100, 0, 61418, 28, 1980
2026/08/28 22:32:03.945, 0, 118.97, 100, 0, 66164, 29, 1980
2026/08/28 22:32:03.945, 1, 120.08, 100, 0, 65782, 27, 1980
2026/08/28 22:32:03.945, 2, 117.68, 100, 0, 62822, 27, 1980
2026/08/28 22:32:03.945, 3, 116.31, 100, 0, 61418, 28, 1980
2026/08/28 22:32:08.945, 0, 119.02, 100, 0, 66164, 29, 1980
2026/08/28 22:32:08.945, 1, 120.09, 100, 0, 65782, 27, 1980
2026/08/28 22:32:08.945, 2, 117.77, 100, 0, 62822, 27, 1980
2026/08/28 22:32:08.945, 3, 116.39, 100, 0, 61418, 28, 1980
2026/08/28 22:32:13.946, 0, 119.04, 100, 0, 66164, 29, 1980
2026/08/28 22:32:13.946, 1, 120.06, 100, 0, 65782, 27, 1980
2026/08/28 22:32:13.946, 2, 117.75, 100, 0, 62822, 27, 1980
2026/08/28 22:32:13.946, 3, 116.39, 100, 0, 61418, 28, 1980
2026/08/28 22:32:18.946, 0, 119.04, 100, 0, 66164, 29, 1980
2026/08/28 22:32:18.946, 1, 120.07, 100, 0, 65782, 27, 1980
2026/08/28 22:32:18.946, 2, 117.97, 100, 0, 62822, 27, 1980
2026/08/28 22:32:18.946, 3, 116.33, 100, 0, 61418, 28, 1980
2026/08/28 22:32:23.947, 0, 118.97, 100, 0, 66164, 29, 1980
2026/08/28 22:32:23.947, 1, 120.10, 100, 0, 65782, 27, 1980
2026/08/28 22:32:23.947, 2, 117.97, 100, 0, 62822, 27, 1980
2026/08/28 22:32:23.947, 3, 116.38, 100, 0, 61418, 28, 1980
2026/08/28 22:32:28.947, 0, 119.06, 100, 0, 66164, 29, 1980
2026/08/28 22:32:28.947, 1, 120.09, 100, 0, 65782, 27, 1980
2026/08/28 22:32:28.947, 2, 117.90, 100, 0, 62822, 27, 1980
2026/08/28 22:32:28.947, 3, 116.40, 100, 0, 61418, 28, 1980
2026/08/28 22:32:33.948, 0, 118.98, 100, 0, 66164, 29, 1980
2026/08/28 22:32:33.948, 1, 120.13, 100, 0, 65782, 27, 1980
2026/08/28 22:32:33.948, 2, 117.88, 100, 0, 62822, 27, 1980
2026/08/28 22:32:33.948, 3, 116.36, 100, 0, 61418, 28, 1980
2026/08/28 22:32:38.948, 0, 119.03, 100, 0, 66164, 29, 1980
2026/08/28 22:32:38.948, 1, 120.10, 100, 0, 65782, 27, 1980
2026/08/28 22:32:38.950, 2, 117.99, 100, 0, 62822, 27, 1980
2026/08/28 22:32:38.952, 3, 116.30, 100, 0, 61418, 28, 1980
2026/08/28 22:32:43.953, 0, 119.01, 100, 0, 66164, 29, 1980
2026/08/28 22:32:43.955, 1, 120.11, 100, 0, 65782, 27, 1980
2026/08/28 22:32:43.956, 2, 117.97, 100, 0, 62822, 27, 1980
2026/08/28 22:32:43.958, 3, 116.43, 100, 0, 61418, 28, 1980
2026/08/28 22:32:48.959, 0, 119.00, 100, 0, 66164, 29, 1980
2026/08/28 22:32:48.959, 1, 120.04, 100, 0, 65782, 27, 1980
2026/08/28 22:32:48.959, 2, 117.99, 100, 0, 62822, 27, 1980
2026/08/28 22:32:48.959, 3, 116.34, 100, 0, 61418, 28, 1980
2026/08/28 22:32:53.960, 0, 118.99, 100, 0, 66164, 29, 1980
2026/08/28 22:32:53.960, 1, 120.09, 100, 0, 65782, 27, 1980
2026/08/28 22:32:53.960, 2, 117.90, 100, 0, 62822, 27, 1980
2026/08/28 22:32:53.960, 3, 116.39, 100, 0, 61418, 28, 1980
2026/08/28 22:32:58.960, 0, 119.05, 100, 0, 66164, 29, 1980
2026/08/28 22:32:58.960, 1, 120.05, 100, 0, 65782, 27, 1980
2026/08/28 22:32:58.961, 2, 117.96, 100, 0, 62822, 27, 1980
2026/08/28 22:32:58.961, 3, 116.40, 100, 0, 61418, 28, 1980
2026/08/28 22:33:03.961, 0, 119.02, 100, 0, 66164, 29, 1980
2026/08/28 22:33:03.961, 1, 120.11, 100, 0, 65782, 27, 1980
2026/08/28 22:33:03.961, 2, 117.83, 100, 0, 62822, 27, 1980
2026/08/28 22:33:03.961, 3, 116.38, 100, 0, 61418, 28, 1980
2026/08/28 22:33:08.961, 0, 118.98, 100, 0, 66164, 29, 1980
2026/08/28 22:33:08.962, 1, 120.09, 100, 0, 65782, 27, 1980
2026/08/28 22:33:08.962, 2, 117.91, 100, 0, 62822, 27, 1980
2026/08/28 22:33:08.962, 3, 116.47, 100, 0, 61418, 28, 1980
2026/08/28 22:33:13.962, 0, 119.02, 100, 0, 66164, 29, 1980
2026/08/28 22:33:13.962, 1, 120.09, 100, 0, 65782, 27, 1980
2026/08/28 22:33:13.962, 2, 117.93, 100, 0, 62822, 27, 1980
2026/08/28 22:33:13.962, 3, 116.40, 100, 0, 61418, 28, 1980
2026/08/28 22:33:18.962, 0, 118.99, 100, 0, 66164, 29, 1980
2026/08/28 22:33:18.963, 1, 120.14, 100, 0, 65782, 27, 1980
2026/08/28 22:33:18.963, 2, 117.63, 100, 0, 62822, 27, 1980
2026/08/28 22:33:18.963, 3, 116.34, 100, 0, 61418, 28, 1980
2026/08/28 22:33:23.963, 0, 119.00, 100, 0, 66164, 29, 1980
2026/08/28 22:33:23.963, 1, 120.07, 100, 0, 65782, 27, 1980
2026/08/28 22:33:23.963, 2, 117.85, 100, 0, 62822, 27, 1980
2026/08/28 22:33:23.963, 3, 116.39, 100, 0, 61418, 28, 1980
2026/08/28 22:33:28.964, 0, 119.00, 100, 0, 66164, 29, 1980
2026/08/28 22:33:28.964, 1, 120.10, 100, 0, 65782, 27, 1980
2026/08/28 22:33:28.964, 2, 117.86, 100, 0, 62822, 27, 1980
2026/08/28 22:33:28.964, 3, 116.37, 100, 0, 61418, 28, 1980
2026/08/28 22:33:33.964, 0, 119.02, 100, 0, 66164, 29, 1980
2026/08/28 22:33:33.964, 1, 120.11, 100, 0, 65782, 27, 1980
2026/08/28 22:33:33.964, 2, 117.80, 100, 0, 62822, 27, 1980
2026/08/28 22:33:33.964, 3, 116.40, 100, 0, 61418, 28, 1980
2026/08/28 22:33:38.965, 0, 118.99, 100, 0, 66164, 29, 1980
2026/08/28 22:33:38.965, 1, 120.13, 100, 0, 65782, 27, 1980
2026/08/28 22:33:38.965, 2, 117.55, 100, 0, 62822, 27, 1980
2026/08/28 22:33:38.965, 3, 116.44, 100, 0, 61418, 28, 1980
2026/08/28 22:33:43.965, 0, 119.06, 100, 0, 66164, 29, 1980
2026/08/28 22:33:43.965, 1, 120.08, 100, 0, 65782, 27, 1980
2026/08/28 22:33:43.965, 2, 117.71, 100, 0, 62822, 27, 1980
2026/08/28 22:33:43.965, 3, 116.37, 100, 0, 61418, 28, 1980
2026/08/28 22:33:48.966, 0, 118.94, 100, 0, 66164, 29, 1980
2026/08/28 22:33:48.966, 1, 120.12, 100, 0, 65782, 27, 1980
2026/08/28 22:33:48.966, 2, 117.86, 100, 0, 62822, 27, 1980
2026/08/28 22:33:48.966, 3, 116.40, 100, 0, 61418, 28, 1980
2026/08/28 22:33:53.966, 0, 118.97, 100, 0, 66164, 29, 1980
2026/08/28 22:33:53.966, 1, 120.14, 100, 0, 65782, 27, 1980
2026/08/28 22:33:53.966, 2, 117.79, 100, 0, 62822, 27, 1980
2026/08/28 22:33:53.966, 3, 116.40, 100, 0, 61418, 28, 1980
2026/08/28 22:33:58.967, 0, 119.00, 100, 0, 66164, 29, 1980
2026/08/28 22:33:58.967, 1, 120.06, 100, 0, 65782, 27, 1980
2026/08/28 22:33:58.967, 2, 117.91, 100, 0, 62822, 27, 1980
2026/08/28 22:33:58.967, 3, 116.41, 100, 0, 61418, 28, 1980
2026/08/28 22:34:03.967, 0, 119.01, 100, 0, 66164, 29, 1980
2026/08/28 22:34:03.967, 1, 120.11, 100, 0, 65782, 27, 1980
2026/08/28 22:34:03.967, 2, 117.74, 100, 0, 62822, 27, 1980
2026/08/28 22:34:03.967, 3, 116.42, 100, 0, 61418, 28, 1980
2026/08/28 22:34:08.968, 0, 119.02, 100, 0, 66164, 29, 1980
2026/08/28 22:34:08.968, 1, 120.11, 100, 0, 65782, 27, 1980
2026/08/28 22:34:08.968, 2, 117.74, 100, 0, 62822, 27, 1980
2026/08/28 22:34:08.968, 3, 116.43, 100, 0, 61418, 28, 1980
2026/08/28 22:34:13.968, 0, 118.93, 100, 0, 66164, 29, 1980
2026/08/28 22:34:13.968, 1, 120.08, 100, 0, 65782, 27, 1980
2026/08/28 22:34:13.968, 2, 117.98, 100, 0, 62822, 27, 1980
2026/08/28 22:34:13.968, 3, 116.33, 100, 0, 61418, 28, 1980
2026/08/28 22:34:18.969, 0, 118.98, 100, 0, 66164, 29, 1980
2026/08/28 22:34:18.969, 1, 120.09, 100, 0, 65782, 27, 1980
2026/08/28 22:34:18.969, 2, 117.78, 100, 0, 62822, 27, 1980
2026/08/28 22:34:18.969, 3, 116.43, 100, 0, 61418, 28, 1980
2026/08/28 22:34:23.969, 0, 119.01, 100, 0, 66164, 29, 1980
2026/08/28 22:34:23.969, 1, 120.09, 100, 0, 65782, 27, 1980
2026/08/28 22:34:23.969, 2, 117.63, 100, 0, 62822, 27, 1980
2026/08/28 22:34:23.970, 3, 116.41, 100, 0, 61418, 28, 1980
2026/08/28 22:34:28.970, 0, 119.00, 100, 0, 66164, 29, 1980
2026/08/28 22:34:28.970, 1, 120.07, 100, 0, 65782, 27, 1980
2026/08/28 22:34:28.970, 2, 117.77, 100, 0, 62822, 27, 1980
2026/08/28 22:34:28.970, 3, 116.35, 100, 0, 61418, 28, 1980
2026/08/28 22:34:33.970, 0, 119.02, 100, 0, 66164, 28, 1980
2026/08/28 22:34:33.971, 1, 120.06, 100, 0, 65782, 27, 1980
2026/08/28 22:34:33.971, 2, 117.47, 100, 0, 62822, 27, 1980
2026/08/28 22:34:33.971, 3, 116.36, 100, 0, 61418, 28, 1980
2026/08/28 22:34:38.971, 0, 119.01, 100, 0, 66164, 28, 1980
2026/08/28 22:34:38.971, 1, 120.06, 100, 0, 65782, 27, 1980
2026/08/28 22:34:38.971, 2, 117.76, 100, 0, 62822, 27, 1980
2026/08/28 22:34:38.971, 3, 116.41, 100, 0, 61418, 28, 1980
2026/08/28 22:34:43.971, 0, 118.98, 100, 0, 66164, 28, 1980
2026/08/28 22:34:43.972, 1, 120.03, 100, 0, 65782, 27, 1980
2026/08/28 22:34:43.972, 2, 117.90, 100, 0, 62822, 27, 1980
2026/08/28 22:34:43.972, 3, 116.44, 100, 0, 61418, 28, 1980
2026/08/28 22:34:48.972, 0, 118.95, 100, 0, 66164, 28, 1980
2026/08/28 22:34:48.972, 1, 120.07, 100, 0, 65782, 27, 1980
2026/08/28 22:34:48.972, 2, 117.82, 100, 0, 62822, 27, 1980
2026/08/28 22:34:48.972, 3, 116.37, 100, 0, 61418, 28, 1980
2026/08/28 22:34:53.973, 0, 118.93, 100, 0, 66164, 28, 1980
2026/08/28 22:34:53.973, 1, 120.03, 100, 0, 65782, 27, 1980
2026/08/28 22:34:53.973, 2, 117.87, 100, 0, 62822, 27, 1980
2026/08/28 22:34:53.973, 3, 116.40, 100, 0, 61418, 28, 1980
2026/08/28 22:34:58.973, 0, 118.95, 100, 0, 66164, 28, 1980
2026/08/28 22:34:58.973, 1, 120.04, 100, 0, 65782, 27, 1980
2026/08/28 22:34:58.973, 2, 117.56, 100, 0, 62822, 27, 1980
2026/08/28 22:34:58.973, 3, 116.39, 100, 0, 61418, 28, 1980
2026/08/28 22:35:03.974, 0, 118.95, 100, 0, 66164, 28, 1980
2026/08/28 22:35:03.974, 1, 119.97, 100, 0, 65782, 27, 1980
2026/08/28 22:35:03.974, 2, 117.91, 100, 0, 62822, 27, 1980
2026/08/28 22:35:03.974, 3, 116.36, 100, 0, 61418, 28, 1980
2026/08/28 22:35:08.974, 0, 118.97, 100, 0, 66164, 28, 1980
2026/08/28 22:35:08.974, 1, 120.02, 100, 0, 65782, 27, 1980
2026/08/28 22:35:08.974, 2, 117.65, 100, 0, 62822, 27, 1980
2026/08/28 22:35:08.974, 3, 116.41, 100, 0, 61418, 28, 1980
2026/08/28 22:35:13.975, 0, 118.89, 100, 0, 66164, 28, 1980
2026/08/28 22:35:13.975, 1, 120.06, 100, 0, 65782, 27, 1980
2026/08/28 22:35:13.975, 2, 117.68, 100, 0, 62822, 27, 1980
2026/08/28 22:35:13.975, 3, 116.36, 100, 0, 61418, 28, 1980
2026/08/28 22:35:18.975, 0, 118.97, 100, 0, 66164, 28, 1980
2026/08/28 22:35:18.975, 1, 120.01, 100, 0, 65782, 27, 1980
2026/08/28 22:35:18.975, 2, 117.61, 100, 0, 62822, 27, 1980
2026/08/28 22:35:18.975, 3, 116.39, 100, 0, 61418, 28, 1980
2026/08/28 22:35:23.976, 0, 119.01, 100, 0, 66164, 28, 1980
2026/08/28 22:35:23.976, 1, 120.08, 100, 0, 65782, 27, 1980
2026/08/28 22:35:23.976, 2, 117.62, 100, 0, 62822, 27, 1980
2026/08/28 22:35:23.976, 3, 116.33, 100, 0, 61418, 28, 1980
2026/08/28 22:35:28.976, 0, 118.95, 100, 0, 66164, 28, 1980
2026/08/28 22:35:28.976, 1, 120.04, 100, 0, 65782, 27, 1980
2026/08/28 22:35:28.976, 2, 117.70, 100, 0, 62822, 27, 1980
2026/08/28 22:35:28.976, 3, 116.34, 100, 0, 61418, 28, 1980
2026/08/28 22:35:33.977, 0, 118.96, 100, 0, 66164, 28, 1980
2026/08/28 22:35:33.977, 1, 120.06, 100, 0, 65782, 26, 1980
2026/08/28 22:35:33.977, 2, 117.69, 100, 0, 62822, 26, 1980
2026/08/28 22:35:33.977, 3, 116.37, 100, 0, 61418, 28, 1980
2026/08/28 22:35:38.977, 0, 118.91, 100, 0, 66164, 28, 1980
2026/08/28 22:35:38.978, 1, 120.04, 100, 0, 65782, 26, 1980
2026/08/28 22:35:38.978, 2, 117.38, 100, 0, 62822, 26, 1980
2026/08/28 22:35:38.978, 3, 116.35, 100, 0, 61418, 28, 1980
2026/08/28 22:35:43.978, 0, 118.92, 100, 0, 66164, 28, 1980
2026/08/28 22:35:43.978, 1, 119.99, 100, 0, 65782, 27, 1980
2026/08/28 22:35:43.978, 2, 117.79, 100, 0, 62822, 26, 1980
2026/08/28 22:35:43.978, 3, 116.32, 100, 0, 61418, 28, 1980
2026/08/28 22:35:48.978, 0, 118.92, 100, 0, 66164, 28, 1980
2026/08/28 22:35:48.979, 1, 119.97, 100, 0, 65782, 27, 1980
2026/08/28 22:35:48.979, 2, 117.84, 100, 0, 62822, 26, 1980
2026/08/28 22:35:48.979, 3, 116.35, 100, 0, 61418, 28, 1980
2026/08/28 22:35:53.979, 0, 118.95, 100, 0, 66164, 28, 1980
2026/08/28 22:35:53.979, 1, 120.02, 100, 0, 65782, 27, 1980
2026/08/28 22:35:53.979, 2, 117.56, 100, 0, 62822, 26, 1980
2026/08/28 22:35:53.979, 3, 116.36, 100, 0, 61418, 28, 1980
2026/08/28 22:35:58.980, 0, 118.85, 100, 0, 66164, 28, 1980
2026/08/28 22:35:58.981, 1, 120.00, 100, 0, 65782, 27, 1980
2026/08/28 22:35:58.981, 2, 117.69, 100, 0, 62822, 26, 1980
2026/08/28 22:35:58.981, 3, 116.28, 100, 0, 61418, 28, 1980
2026/08/28 22:36:03.981, 0, 118.92, 100, 0, 66164, 28, 1980
2026/08/28 22:36:03.981, 1, 119.97, 100, 0, 65782, 26, 1980
2026/08/28 22:36:03.981, 2, 117.61, 100, 0, 62822, 26, 1980
2026/08/28 22:36:03.981, 3, 116.34, 100, 0, 61418, 28, 1980
2026/08/28 22:36:08.982, 0, 118.90, 100, 0, 66164, 28, 1980
2026/08/28 22:36:08.982, 1, 120.04, 100, 0, 65782, 26, 1980
2026/08/28 22:36:08.982, 2, 117.82, 100, 0, 62822, 26, 1980
2026/08/28 22:36:08.982, 3, 116.33, 100, 0, 61418, 28, 1980
2026/08/28 22:36:13.982, 0, 118.94, 100, 0, 66164, 28, 1980
2026/08/28 22:36:13.982, 1, 120.04, 100, 0, 65782, 26, 1980
2026/08/28 22:36:13.982, 2, 117.90, 100, 0, 62822, 26, 1980
2026/08/28 22:36:13.982, 3, 116.32, 100, 0, 61418, 28, 1980
2026/08/28 22:36:18.983, 0, 118.89, 100, 0, 66164, 28, 1980
2026/08/28 22:36:18.983, 1, 120.02, 100, 0, 65782, 26, 1980
2026/08/28 22:36:18.983, 2, 117.38, 100, 0, 62822, 26, 1980
2026/08/28 22:36:18.983, 3, 116.32, 100, 0, 61418, 28, 1980
2026/08/28 22:36:23.983, 0, 118.89, 100, 0, 66164, 28, 1980
2026/08/28 22:36:23.983, 1, 120.03, 100, 0, 65782, 27, 1980
2026/08/28 22:36:23.983, 2, 117.56, 100, 0, 62822, 26, 1980
2026/08/28 22:36:23.984, 3, 116.34, 100, 0, 61418, 28, 1980
2026/08/28 22:36:28.984, 0, 118.91, 100, 0, 66164, 28, 1980
2026/08/28 22:36:28.984, 1, 120.03, 100, 0, 65782, 26, 1980
2026/08/28 22:36:28.984, 2, 117.54, 100, 0, 62822, 26, 1980
2026/08/28 22:36:28.984, 3, 116.38, 100, 0, 61418, 28, 1980
2026/08/28 22:36:33.984, 0, 118.93, 100, 0, 66164, 28, 1980
2026/08/28 22:36:33.985, 1, 120.00, 100, 0, 65782, 27, 1980
2026/08/28 22:36:33.985, 2, 117.70, 100, 0, 62822, 26, 1980
2026/08/28 22:36:33.985, 3, 116.37, 100, 0, 61418, 28, 1980
2026/08/28 22:36:38.985, 0, 118.90, 100, 0, 66164, 28, 1980
2026/08/28 22:36:38.985, 1, 119.97, 100, 0, 65782, 27, 1980
2026/08/28 22:36:38.985, 2, 117.60, 100, 0, 62822, 26, 1980
2026/08/28 22:36:38.985, 3, 116.34, 100, 0, 61418, 28, 1980
2026/08/28 22:36:43.985, 0, 118.94, 100, 0, 66164, 28, 1980
2026/08/28 22:36:43.986, 1, 120.06, 100, 0, 65782, 27, 1980
2026/08/28 22:36:43.988, 2, 117.55, 100, 0, 62822, 26, 1980
2026/08/28 22:36:43.988, 3, 116.38, 100, 0, 61418, 28, 1980
2026/08/28 22:36:48.988, 0, 118.92, 100, 0, 66164, 28, 1980
2026/08/28 22:36:48.988, 1, 120.01, 100, 0, 65782, 26, 1980
2026/08/28 22:36:48.988, 2, 117.69, 100, 0, 62822, 27, 1980
2026/08/28 22:36:48.988, 3, 116.38, 100, 0, 61418, 28, 1980
2026/08/28 22:36:53.989, 0, 118.98, 100, 0, 66164, 28, 1980
2026/08/28 22:36:53.989, 1, 120.02, 100, 0, 65782, 27, 1980
2026/08/28 22:36:53.989, 2, 117.71, 100, 0, 62822, 27, 1980
2026/08/28 22:36:53.989, 3, 116.34, 100, 0, 61418, 28, 1980
2026/08/28 22:36:58.989, 0, 118.93, 100, 0, 66164, 28, 1980
2026/08/28 22:36:58.989, 1, 120.02, 100, 0, 65782, 27, 1980
2026/08/28 22:36:58.989, 2, 117.33, 100, 0, 62822, 26, 1980
2026/08/28 22:36:58.990, 3, 116.30, 100, 0, 61418, 28, 1980
2026/08/28 22:37:03.990, 0, 118.89, 100, 0, 66164, 28, 1980
2026/08/28 22:37:03.990, 1, 120.03, 100, 0, 65782, 27, 1980
2026/08/28 22:37:03.990, 2, 117.57, 100, 0, 62822, 26, 1980
2026/08/28 22:37:03.990, 3, 116.36, 100, 0, 61418, 28, 1980
2026/08/28 22:37:08.990, 0, 118.90, 100, 0, 66164, 28, 1980
2026/08/28 22:37:08.991, 1, 120.00, 100, 0, 65782, 27, 1980
2026/08/28 22:37:08.991, 2, 117.58, 100, 0, 62822, 26, 1980
2026/08/28 22:37:08.991, 3, 116.40, 100, 0, 61418, 28, 1980
2026/08/28 22:37:13.991, 0, 118.96, 100, 0, 66164, 28, 1980
2026/08/28 22:37:13.991, 1, 120.05, 100, 0, 65782, 27, 1980
2026/08/28 22:37:13.991, 2, 117.70, 100, 0, 62822, 26, 1980
2026/08/28 22:37:13.991, 3, 116.36, 100, 0, 61418, 28, 1980
2026/08/28 22:37:18.991, 0, 118.89, 100, 0, 66164, 28, 1980
2026/08/28 22:37:18.991, 1, 120.03, 100, 0, 65782, 27, 1980
2026/08/28 22:37:18.992, 2, 117.80, 100, 0, 62822, 26, 1980
2026/08/28 22:37:18.992, 3, 116.32, 100, 0, 61418, 28, 1980
2026/08/28 22:37:23.992, 0, 118.93, 100, 0, 66164, 28, 1980
2026/08/28 22:37:23.992, 1, 120.04, 100, 0, 65782, 27, 1980
2026/08/28 22:37:23.992, 2, 117.75, 100, 0, 62822, 26, 1980
2026/08/28 22:37:23.992, 3, 116.42, 100, 0, 61418, 28, 1980
2026/08/28 22:37:28.992, 0, 118.92, 100, 0, 66164, 28, 1980
2026/08/28 22:37:28.992, 1, 120.03, 100, 0, 65782, 27, 1980
2026/08/28 22:37:28.992, 2, 117.92, 100, 0, 62822, 27, 1980
2026/08/28 22:37:28.992, 3, 116.37, 100, 0, 61418, 28, 1980
2026/08/28 22:37:33.993, 0, 118.93, 100, 0, 66164, 28, 1980
2026/08/28 22:37:33.994, 1, 120.01, 100, 0, 65782, 27, 1980
2026/08/28 22:37:33.995, 2, 117.93, 100, 0, 62822, 27, 1980
2026/08/28 22:37:33.996, 3, 116.33, 100, 0, 61418, 28, 1980
2026/08/28 22:37:38.998, 0, 118.99, 100, 0, 66164, 28, 1980
2026/08/28 22:37:38.998, 1, 119.99, 100, 0, 65782, 27, 1980
2026/08/28 22:37:38.998, 2, 117.61, 100, 0, 62822, 26, 1980
2026/08/28 22:37:38.998, 3, 116.34, 100, 0, 61418, 28, 1980
2026/08/28 22:37:43.998, 0, 118.96, 100, 0, 66164, 28, 1980
2026/08/28 22:37:43.998, 1, 120.06, 100, 0, 65782, 27, 1980
2026/08/28 22:37:43.998, 2, 117.91, 100, 0, 62822, 27, 1980
2026/08/28 22:37:43.998, 3, 116.37, 100, 0, 61418, 28, 1980
2026/08/28 22:37:48.999, 0, 118.89, 100, 0, 66164, 28, 1980
2026/08/28 22:37:48.999, 1, 120.01, 100, 0, 65782, 27, 1980
2026/08/28 22:37:48.999, 2, 117.62, 100, 0, 62822, 27, 1980
2026/08/28 22:37:48.999, 3, 116.37, 100, 0, 61418, 28, 1980
2026/08/28 22:37:53.999, 0, 118.97, 100, 0, 66164, 28, 1980
2026/08/28 22:37:53.999, 1, 120.03, 100, 0, 65782, 27, 1980
2026/08/28 22:37:53.999, 2, 117.51, 100, 0, 62822, 27, 1980
2026/08/28 22:37:53.999, 3, 116.40, 100, 0, 61418, 28, 1980
2026/08/28 22:37:59.000, 0, 118.92, 100, 0, 66164, 28, 1980
2026/08/28 22:37:59.000, 1, 120.03, 100, 0, 65782, 27, 1980
2026/08/28 22:37:59.000, 2, 117.72, 100, 0, 62822, 27, 1980
2026/08/28 22:37:59.000, 3, 116.36, 100, 0, 61418, 28, 1980
2026/08/28 22:38:04.000, 0, 118.91, 100, 0, 66164, 28, 1980
2026/08/28 22:38:04.001, 1, 120.09, 100, 0, 65782, 27, 1980
2026/08/28 22:38:04.002, 2, 117.53, 100, 0, 62822, 27, 1980
2026/08/28 22:38:04.004, 3, 116.40, 100, 0, 61418, 28, 1980
2026/08/28 22:38:09.005, 0, 118.93, 100, 0, 66164, 28, 1980
2026/08/28 22:38:09.005, 1, 120.10, 100, 0, 65782, 27, 1980
2026/08/28 22:38:09.006, 2, 117.73, 100, 0, 62822, 27, 1980
2026/08/28 22:38:09.006, 3, 116.36, 100, 0, 61418, 28, 1980
2026/08/28 22:38:14.006, 0, 118.91, 100, 0, 66164, 28, 1980
2026/08/28 22:38:14.006, 1, 120.08, 100, 0, 65782, 27, 1980
2026/08/28 22:38:14.006, 2, 117.78, 100, 0, 62822, 27, 1980
2026/08/28 22:38:14.006, 3, 116.29, 100, 0, 61418, 28, 1980
2026/08/28 22:38:19.006, 0, 118.94, 100, 0, 66164, 28, 1980
2026/08/28 22:38:19.007, 1, 120.13, 100, 0, 65782, 27, 1980
2026/08/28 22:38:19.007, 2, 117.80, 100, 0, 62822, 27, 1980
2026/08/28 22:38:19.007, 3, 116.37, 100, 0, 61418, 28, 1980
2026/08/28 22:38:24.007, 0, 118.95, 100, 0, 66164, 28, 1980
2026/08/28 22:38:24.007, 1, 120.07, 100, 0, 65782, 27, 1980
2026/08/28 22:38:24.007, 2, 117.51, 100, 0, 62822, 27, 1980
2026/08/28 22:38:24.007, 3, 116.39, 100, 0, 61418, 28, 1980
2026/08/28 22:38:29.007, 0, 119.03, 100, 0, 66164, 28, 1980
2026/08/28 22:38:29.008, 1, 120.10, 100, 0, 65782, 27, 1980
2026/08/28 22:38:29.008, 2, 117.83, 100, 0, 62822, 27, 1980
2026/08/28 22:38:29.008, 3, 116.41, 100, 0, 61418, 28, 1980
2026/08/28 22:38:34.008, 0, 118.97, 100, 0, 66164, 28, 1980
2026/08/28 22:38:34.008, 1, 120.09, 100, 0, 65782, 27, 1980
2026/08/28 22:38:34.008, 2, 117.64, 100, 0, 62822, 27, 1980
2026/08/28 22:38:34.008, 3, 116.44, 100, 0, 61418, 28, 1980
2026/08/28 22:38:39.008, 0, 118.99, 100, 0, 66164, 28, 1980
2026/08/28 22:38:39.009, 1, 120.08, 100, 0, 65782, 27, 1980
2026/08/28 22:38:39.009, 2, 117.53, 100, 0, 62822, 27, 1980
2026/08/28 22:38:39.009, 3, 116.40, 100, 0, 61418, 28, 1980
2026/08/28 22:38:44.009, 0, 119.02, 100, 0, 66164, 28, 1980
2026/08/28 22:38:44.009, 1, 120.08, 100, 0, 65782, 27, 1980
2026/08/28 22:38:44.009, 2, 117.75, 100, 0, 62822, 27, 1980
2026/08/28 22:38:44.009, 3, 116.47, 100, 0, 61418, 28, 1980
2026/08/28 22:38:49.009, 0, 118.97, 100, 0, 66164, 28, 1980
2026/08/28 22:38:49.010, 1, 120.10, 100, 0, 65782, 27, 1980
2026/08/28 22:38:49.010, 2, 117.80, 100, 0, 62822, 27, 1980
2026/08/28 22:38:49.010, 3, 116.44, 100, 0, 61418, 28, 1980
2026/08/28 22:38:54.010, 0, 118.99, 100, 0, 66164, 28, 1980
2026/08/28 22:38:54.010, 1, 120.04, 100, 0, 65782, 27, 1980
2026/08/28 22:38:54.010, 2, 117.59, 100, 0, 62822, 27, 1980
2026/08/28 22:38:54.010, 3, 116.43, 100, 0, 61418, 28, 1980
2026/08/28 22:38:59.011, 0, 118.95, 100, 0, 66164, 28, 1980
2026/08/28 22:38:59.011, 1, 120.10, 100, 0, 65782, 27, 1980
2026/08/28 22:38:59.011, 2, 117.71, 100, 0, 62822, 27, 1980
2026/08/28 22:38:59.011, 3, 116.46, 100, 0, 61418, 28, 1980
2026/08/28 22:39:04.011, 0, 119.02, 100, 0, 66164, 28, 1980
2026/08/28 22:39:04.011, 1, 120.06, 100, 0, 65782, 27, 1980
2026/08/28 22:39:04.011, 2, 117.53, 100, 0, 62822, 27, 1980
2026/08/28 22:39:04.011, 3, 116.41, 100, 0, 61418, 28, 1980
2026/08/28 22:39:09.012, 0, 119.00, 100, 0, 66164, 28, 1980
2026/08/28 22:39:09.012, 1, 120.08, 100, 0, 65782, 27, 1980
2026/08/28 22:39:09.012, 2, 117.76, 100, 0, 62822, 27, 1980
2026/08/28 22:39:09.012, 3, 116.47, 100, 0, 61418, 28, 1980
2026/08/28 22:39:14.012, 0, 118.91, 100, 0, 66164, 28, 1980
2026/08/28 22:39:14.012, 1, 120.04, 100, 0, 65782, 27, 1980
2026/08/28 22:39:14.012, 2, 117.65, 100, 0, 62822, 27, 1980
2026/08/28 22:39:14.012, 3, 116.41, 100, 0, 61418, 28, 1980
2026/08/28 22:39:19.013, 0, 119.01, 100, 0, 66164, 28, 1980
2026/08/28 22:39:19.013, 1, 120.02, 100, 0, 65782, 27, 1980
2026/08/28 22:39:19.013, 2, 117.41, 100, 0, 62822, 27, 1980
2026/08/28 22:39:19.013, 3, 116.43, 100, 0, 61418, 28, 1980
2026/08/28 22:39:24.013, 0, 118.94, 100, 0, 66164, 28, 1980
2026/08/28 22:39:24.013, 1, 120.07, 100, 0, 65782, 27, 1980
2026/08/28 22:39:24.013, 2, 117.41, 100, 0, 62822, 27, 1980
2026/08/28 22:39:24.013, 3, 116.44, 100, 0, 61418, 28, 1980
2026/08/28 22:39:29.014, 0, 118.95, 100, 0, 66164, 28, 1980
2026/08/28 22:39:29.014, 1, 120.07, 100, 0, 65782, 27, 1980
2026/08/28 22:39:29.014, 2, 117.40, 100, 0, 62822, 27, 1980
2026/08/28 22:39:29.014, 3, 116.45, 100, 0, 61418, 28, 1980
2026/08/28 22:39:34.014, 0, 118.94, 100, 0, 66164, 28, 1980
2026/08/28 22:39:34.014, 1, 120.05, 100, 0, 65782, 27, 1980
2026/08/28 22:39:34.014, 2, 117.78, 100, 0, 62822, 27, 1980
2026/08/28 22:39:34.014, 3, 116.45, 100, 0, 61418, 28, 1980
2026/08/28 22:39:39.015, 0, 118.93, 100, 0, 66164, 29, 1980
2026/08/28 22:39:39.015, 1, 120.06, 100, 0, 65782, 27, 1980
2026/08/28 22:39:39.015, 2, 117.45, 100, 0, 62822, 27, 1980
2026/08/28 22:39:39.015, 3, 116.42, 100, 0, 61418, 28, 1980
2026/08/28 22:39:44.015, 0, 119.05, 100, 0, 66164, 29, 1980
2026/08/28 22:39:44.016, 1, 120.11, 100, 0, 65782, 27, 1980
2026/08/28 22:39:44.016, 2, 117.56, 100, 0, 62822, 27, 1980
2026/08/28 22:39:44.016, 3, 116.42, 100, 0, 61418, 28, 1980
2026/08/28 22:39:49.016, 0, 119.00, 100, 0, 66164, 29, 1980
2026/08/28 22:39:49.016, 1, 120.13, 100, 0, 65782, 27, 1980
2026/08/28 22:39:49.016, 2, 117.44, 100, 0, 62822, 27, 1980
2026/08/28 22:39:49.016, 3, 116.42, 100, 0, 61418, 28, 1980
2026/08/28 22:39:54.016, 0, 119.03, 100, 0, 66164, 29, 1980
2026/08/28 22:39:54.016, 1, 120.10, 100, 0, 65782, 27, 1980
2026/08/28 22:39:54.017, 2, 117.68, 100, 0, 62822, 27, 1980
2026/08/28 22:39:54.017, 3, 116.44, 100, 0, 61418, 28, 1980
2026/08/28 22:39:59.017, 0, 119.04, 100, 0, 66164, 29, 1980
2026/08/28 22:39:59.017, 1, 120.13, 100, 0, 65782, 27, 1980
2026/08/28 22:39:59.017, 2, 117.47, 100, 0, 62822, 27, 1980
2026/08/28 22:39:59.017, 3, 116.46, 100, 0, 61418, 28, 1980
2026/08/28 22:40:04.017, 0, 118.99, 100, 0, 66164, 29, 1980
2026/08/28 22:40:04.017, 1, 120.13, 100, 0, 65782, 27, 1980
2026/08/28 22:40:04.018, 2, 117.68, 100, 0, 62822, 27, 1980
2026/08/28 22:40:04.018, 3, 116.44, 100, 0, 61418, 28, 1980
2026/08/28 22:40:09.018, 0, 119.09, 100, 0, 66164, 29, 1980
2026/08/28 22:40:09.018, 1, 120.16, 100, 0, 65782, 27, 1980
2026/08/28 22:40:09.018, 2, 117.76, 100, 0, 62822, 27, 1980
2026/08/28 22:40:09.018, 3, 116.47, 100, 0, 61418, 28, 1980
2026/08/28 22:40:14.018, 0, 119.03, 100, 0, 66164, 29, 1980
2026/08/28 22:40:14.018, 1, 120.13, 100, 0, 65782, 27, 1980
2026/08/28 22:40:14.019, 2, 117.68, 100, 0, 62822, 27, 1980
2026/08/28 22:40:14.019, 3, 116.42, 100, 0, 61418, 28, 1980
2026/08/28 22:40:19.019, 0, 118.98, 100, 0, 66164, 29, 1980
2026/08/28 22:40:19.019, 1, 120.17, 100, 0, 65782, 27, 1980
2026/08/28 22:40:19.019, 2, 117.79, 100, 0, 62822, 27, 1980
2026/08/28 22:40:19.019, 3, 116.46, 100, 0, 61418, 28, 1980
2026/08/28 22:40:24.019, 0, 119.03, 100, 0, 66164, 29, 1980
2026/08/28 22:40:24.020, 1, 120.17, 100, 0, 65782, 27, 1980
2026/08/28 22:40:24.020, 2, 117.79, 100, 0, 62822, 27, 1980
2026/08/28 22:40:24.020, 3, 116.44, 100, 0, 61418, 28, 1980
2026/08/28 22:40:29.020, 0, 119.04, 100, 0, 66164, 29, 1980
2026/08/28 22:40:29.020, 1, 120.11, 100, 0, 65782, 27, 1980
2026/08/28 22:40:29.020, 2, 117.67, 100, 0, 62822, 27, 1980
2026/08/28 22:40:29.020, 3, 116.45, 100, 0, 61418, 28, 1980
2026/08/28 22:40:34.020, 0, 119.04, 100, 0, 66164, 29, 1980
2026/08/28 22:40:34.021, 1, 120.13, 100, 0, 65782, 27, 1980
2026/08/28 22:40:34.021, 2, 117.86, 100, 0, 62822, 27, 1980
2026/08/28 22:40:34.021, 3, 116.44, 100, 0, 61418, 28, 1980
2026/08/28 22:40:39.021, 0, 119.03, 100, 0, 66164, 29, 1980
2026/08/28 22:40:39.021, 1, 120.18, 100, 0, 65782, 27, 1980
2026/08/28 22:40:39.021, 2, 117.71, 100, 0, 62822, 27, 1980
2026/08/28 22:40:39.021, 3, 116.44, 100, 0, 61418, 28, 1980
2026/08/28 22:40:44.021, 0, 118.99, 100, 0, 66164, 29, 1980
2026/08/28 22:40:44.021, 1, 120.12, 100, 0, 65782, 27, 1980
2026/08/28 22:40:44.022, 2, 117.97, 100, 0, 62822, 27, 1980
2026/08/28 22:40:44.022, 3, 116.43, 100, 0, 61418, 28, 1980
2026/08/28 22:40:49.022, 0, 118.99, 100, 0, 66164, 29, 1980
2026/08/28 22:40:49.023, 1, 120.18, 100, 0, 65782, 27, 1980
2026/08/28 22:40:49.025, 2, 117.85, 100, 0, 62822, 27, 1980
2026/08/28 22:40:49.026, 3, 116.44, 100, 0, 61418, 28, 1980
2026/08/28 22:40:54.028, 0, 119.08, 100, 0, 66164, 29, 1980
2026/08/28 22:40:54.028, 1, 120.15, 100, 0, 65782, 27, 1980
2026/08/28 22:40:54.028, 2, 117.76, 100, 0, 62822, 27, 1980
2026/08/28 22:40:54.028, 3, 116.47, 100, 0, 61418, 28, 1980
2026/08/28 22:40:59.028, 0, 119.02, 100, 0, 66164, 29, 1980
2026/08/28 22:40:59.028, 1, 120.11, 100, 0, 65782, 27, 1980
2026/08/28 22:40:59.028, 2, 117.72, 100, 0, 62822, 27, 1980
2026/08/28 22:40:59.028, 3, 116.48, 100, 0, 61418, 28, 1980
2026/08/28 22:41:04.029, 0, 119.02, 100, 0, 66164, 29, 1980
2026/08/28 22:41:04.029, 1, 120.14, 100, 0, 65782, 27, 1980
2026/08/28 22:41:04.029, 2, 117.80, 100, 0, 62822, 27, 1980
2026/08/28 22:41:04.029, 3, 116.39, 100, 0, 61418, 28, 1980
2026/08/28 22:41:09.029, 0, 119.08, 100, 0, 66164, 29, 1980
2026/08/28 22:41:09.029, 1, 120.08, 100, 0, 65782, 27, 1980
2026/08/28 22:41:09.029, 2, 117.55, 100, 0, 62822, 27, 1980
2026/08/28 22:41:09.029, 3, 116.46, 100, 0, 61418, 28, 1980
2026/08/28 22:41:14.030, 0, 119.04, 100, 0, 66164, 29, 1980
2026/08/28 22:41:14.030, 1, 120.15, 100, 0, 65782, 27, 1980
2026/08/28 22:41:14.030, 2, 117.71, 100, 0, 62822, 27, 1980
2026/08/28 22:41:14.030, 3, 116.42, 100, 0, 61418, 28, 1980
2026/08/28 22:41:19.030, 0, 119.00, 100, 0, 66164, 29, 1980
2026/08/28 22:41:19.030, 1, 120.14, 100, 0, 65782, 27, 1980
2026/08/28 22:41:19.030, 2, 117.90, 100, 0, 62822, 27, 1980
2026/08/28 22:41:19.031, 3, 116.44, 100, 0, 61418, 28, 1980
2026/08/28 22:41:24.031, 0, 119.04, 100, 0, 66164, 29, 1980
2026/08/28 22:41:24.031, 1, 120.11, 100, 0, 65782, 27, 1980
2026/08/28 22:41:24.031, 2, 117.90, 100, 0, 62822, 27, 1980
2026/08/28 22:41:24.031, 3, 116.39, 100, 0, 61418, 28, 1980
2026/08/28 22:41:29.031, 0, 119.06, 100, 0, 66164, 29, 1980
2026/08/28 22:41:29.031, 1, 120.11, 100, 0, 65782, 27, 1980
2026/08/28 22:41:29.032, 2, 117.86, 100, 0, 62822, 27, 1980
2026/08/28 22:41:29.032, 3, 116.44, 100, 0, 61418, 28, 1980
2026/08/28 22:41:34.032, 0, 119.02, 100, 0, 66164, 29, 1980
2026/08/28 22:41:34.032, 1, 120.12, 100, 0, 65782, 27, 1980
2026/08/28 22:41:34.032, 2, 117.95, 100, 0, 62822, 27, 1980
2026/08/28 22:41:34.032, 3, 116.40, 100, 0, 61418, 28, 1980
2026/08/28 22:41:39.032, 0, 119.07, 100, 0, 66164, 29, 1980
2026/08/28 22:41:39.033, 1, 120.15, 100, 0, 65782, 27, 1980
2026/08/28 22:41:39.033, 2, 117.94, 100, 0, 62822, 27, 1980
2026/08/28 22:41:39.033, 3, 116.42, 100, 0, 61418, 28, 1980
2026/08/28 22:41:44.033, 0, 119.00, 100, 0, 66164, 29, 1980
2026/08/28 22:41:44.033, 1, 120.15, 100, 0, 65782, 27, 1980
2026/08/28 22:41:44.033, 2, 117.91, 100, 0, 62822, 27, 1980
2026/08/28 22:41:44.033, 3, 116.40, 100, 0, 61418, 28, 1980
2026/08/28 22:41:49.033, 0, 119.03, 100, 0, 66164, 29, 1980
2026/08/28 22:41:49.034, 1, 120.10, 100, 0, 65782, 27, 1980
2026/08/28 22:41:49.034, 2, 117.92, 100, 0, 62822, 27, 1980
2026/08/28 22:41:49.034, 3, 116.44, 100, 0, 61418, 28, 1980
2026/08/28 22:41:54.034, 0, 119.03, 100, 0, 66164, 29, 1980
2026/08/28 22:41:54.034, 1, 120.12, 100, 0, 65782, 27, 1980
2026/08/28 22:41:54.034, 2, 117.70, 100, 0, 62822, 27, 1980
2026/08/28 22:41:54.034, 3, 116.43, 100, 0, 61418, 28, 1980
2026/08/28 22:41:59.034, 0, 119.03, 100, 0, 66164, 29, 1980
2026/08/28 22:41:59.035, 1, 120.11, 100, 0, 65782, 27, 1980
2026/08/28 22:41:59.035, 2, 117.94, 100, 0, 62822, 27, 1980
2026/08/28 22:41:59.035, 3, 116.41, 100, 0, 61418, 28, 1980
2026/08/28 22:42:04.035, 0, 119.07, 100, 0, 66164, 29, 1980
2026/08/28 22:42:04.035, 1, 120.15, 100, 0, 65782, 27, 1980
2026/08/28 22:42:04.035, 2, 117.93, 100, 0, 62822, 27, 1980
2026/08/28 22:42:04.035, 3, 116.39, 100, 0, 61418, 28, 1980
2026/08/28 22:42:09.036, 0, 119.08, 100, 0, 66164, 29, 1980
2026/08/28 22:42:09.036, 1, 120.11, 100, 0, 65782, 27, 1980
2026/08/28 22:42:09.036, 2, 117.94, 100, 0, 62822, 27, 1980
2026/08/28 22:42:09.036, 3, 116.43, 100, 0, 61418, 28, 1980
2026/08/28 22:42:14.036, 0, 119.05, 100, 0, 66164, 29, 1980
2026/08/28 22:42:14.036, 1, 120.11, 100, 0, 65782, 27, 1980
2026/08/28 22:42:14.036, 2, 117.95, 100, 0, 62822, 27, 1980
2026/08/28 22:42:14.036, 3, 116.38, 100, 0, 61418, 28, 1980
2026/08/28 22:42:19.037, 0, 119.03, 100, 0, 66164, 29, 1980
2026/08/28 22:42:19.037, 1, 120.12, 100, 0, 65782, 27, 1980
2026/08/28 22:42:19.037, 2, 117.81, 100, 0, 62822, 27, 1980
2026/08/28 22:42:19.037, 3, 116.41, 100, 0, 61418, 28, 1980
2026/08/28 22:42:24.037, 0, 119.06, 100, 0, 66164, 29, 1980
2026/08/28 22:42:24.037, 1, 120.12, 100, 0, 65782, 27, 1980
2026/08/28 22:42:24.037, 2, 117.95, 100, 0, 62822, 27, 1980
2026/08/28 22:42:24.037, 3, 116.41, 100, 0, 61418, 28, 1980
2026/08/28 22:42:29.038, 0, 119.04, 100, 0, 66164, 29, 1980
2026/08/28 22:42:29.038, 1, 120.16, 100, 0, 65782, 27, 1980
2026/08/28 22:42:29.038, 2, 117.96, 100, 0, 62822, 27, 1980
2026/08/28 22:42:29.038, 3, 116.45, 100, 0, 61418, 28, 1980
2026/08/28 22:42:34.038, 0, 119.05, 100, 0, 66164, 29, 1980
2026/08/28 22:42:34.038, 1, 120.14, 100, 0, 65782, 27, 1980
2026/08/28 22:42:34.038, 2, 117.95, 100, 0, 62822, 27, 1980
2026/08/28 22:42:34.038, 3, 116.43, 100, 0, 61418, 28, 1980
2026/08/28 22:42:39.039, 0, 118.99, 100, 0, 66164, 29, 1980
2026/08/28 22:42:39.039, 1, 120.07, 100, 0, 65782, 27, 1980
2026/08/28 22:42:39.039, 2, 117.89, 100, 0, 62822, 27, 1980
2026/08/28 22:42:39.039, 3, 116.34, 100, 0, 61418, 28, 1980
2026/08/28 22:42:44.039, 0, 119.02, 100, 0, 66164, 29, 1980
2026/08/28 22:42:44.039, 1, 120.08, 100, 0, 65782, 27, 1980
2026/08/28 22:42:44.039, 2, 117.89, 100, 0, 62822, 27, 1980
2026/08/28 22:42:44.039, 3, 116.41, 100, 0, 61418, 28, 1980
2026/08/28 22:42:49.040, 0, 119.01, 100, 0, 66164, 29, 1980
2026/08/28 22:42:49.040, 1, 120.06, 100, 0, 65782, 27, 1980
2026/08/28 22:42:49.040, 2, 117.87, 100, 0, 62822, 27, 1980
2026/08/28 22:42:49.040, 3, 116.40, 100, 0, 61418, 28, 1980
2026/08/28 22:42:54.040, 0, 119.03, 100, 0, 66164, 29, 1980
2026/08/28 22:42:54.040, 1, 120.08, 100, 0, 65782, 27, 1980
2026/08/28 22:42:54.040, 2, 117.84, 100, 0, 62822, 27, 1980
2026/08/28 22:42:54.040, 3, 116.40, 100, 0, 61418, 28, 1980
2026/08/28 22:42:59.041, 0, 119.05, 100, 0, 66164, 29, 1980
2026/08/28 22:42:59.041, 1, 120.08, 100, 0, 65782, 27, 1980
2026/08/28 22:42:59.041, 2, 117.89, 100, 0, 62822, 27, 1980
2026/08/28 22:42:59.041, 3, 116.35, 100, 0, 61418, 28, 1980
2026/08/28 22:43:04.041, 0, 119.03, 100, 0, 66164, 29, 1980
2026/08/28 22:43:04.041, 1, 120.07, 100, 0, 65782, 27, 1980
2026/08/28 22:43:04.041, 2, 117.69, 100, 0, 62822, 27, 1980
2026/08/28 22:43:04.041, 3, 116.41, 100, 0, 61418, 28, 1980
2026/08/28 22:43:09.042, 0, 119.04, 100, 0, 66164, 29, 1980
2026/08/28 22:43:09.042, 1, 120.04, 100, 0, 65782, 27, 1980
2026/08/28 22:43:09.042, 2, 117.78, 100, 0, 62822, 27, 1980
2026/08/28 22:43:09.042, 3, 116.38, 100, 0, 61418, 28, 1980
2026/08/28 22:43:14.042, 0, 119.05, 100, 0, 66164, 29, 1980
2026/08/28 22:43:14.042, 1, 120.01, 100, 0, 65782, 27, 1980
2026/08/28 22:43:14.043, 2, 117.90, 100, 0, 62822, 26, 1980
2026/08/28 22:43:14.043, 3, 116.34, 100, 0, 61418, 28, 1980
2026/08/28 22:43:19.043, 0, 118.99, 100, 0, 66164, 29, 1980
2026/08/28 22:43:19.043, 1, 120.09, 100, 0, 65782, 27, 1980
2026/08/28 22:43:19.043, 2, 117.76, 100, 0, 62822, 26, 1980
2026/08/28 22:43:19.043, 3, 116.36, 100, 0, 61418, 28, 1980
2026/08/28 22:43:24.043, 0, 118.96, 100, 0, 66164, 29, 1980
2026/08/28 22:43:24.044, 1, 120.07, 100, 0, 65782, 27, 1980
2026/08/28 22:43:24.044, 2, 117.92, 100, 0, 62822, 26, 1980
2026/08/28 22:43:24.044, 3, 116.37, 100, 0, 61418, 28, 1980
2026/08/28 22:43:29.044, 0, 119.02, 100, 0, 66164, 29, 1980
2026/08/28 22:43:29.044, 1, 120.06, 100, 0, 65782, 27, 1980
2026/08/28 22:43:29.044, 2, 117.69, 100, 0, 62822, 26, 1980
2026/08/28 22:43:29.044, 3, 116.32, 100, 0, 61418, 28, 1980
2026/08/28 22:43:34.044, 0, 118.99, 100, 0, 66164, 29, 1980
2026/08/28 22:43:34.045, 1, 120.04, 100, 0, 65782, 27, 1980
2026/08/28 22:43:34.045, 2, 117.71, 100, 0, 62822, 26, 1980
2026/08/28 22:43:34.045, 3, 116.36, 100, 0, 61418, 28, 1980
2026/08/28 22:43:39.045, 0, 119.03, 100, 0, 66164, 29, 1980
2026/08/28 22:43:39.045, 1, 120.04, 100, 0, 65782, 27, 1980
2026/08/28 22:43:39.045, 2, 117.62, 100, 0, 62822, 26, 1980
2026/08/28 22:43:39.045, 3, 116.36, 100, 0, 61418, 28, 1980
2026/08/28 22:43:44.045, 0, 118.99, 100, 0, 66164, 29, 1980
2026/08/28 22:43:44.046, 1, 120.07, 100, 0, 65782, 27, 1980
2026/08/28 22:43:44.046, 2, 117.75, 100, 0, 62822, 26, 1980
2026/08/28 22:43:44.046, 3, 116.33, 100, 0, 61418, 28, 1980
2026/08/28 22:43:49.046, 0, 118.97, 100, 0, 66164, 29, 1980
2026/08/28 22:43:49.046, 1, 120.04, 100, 0, 65782, 27, 1980
2026/08/28 22:43:49.046, 2, 117.70, 100, 0, 62822, 26, 1980
2026/08/28 22:43:49.046, 3, 116.33, 100, 0, 61418, 28, 1980
2026/08/28 22:43:54.046, 0, 118.97, 100, 0, 66164, 29, 1980
2026/08/28 22:43:54.047, 1, 119.96, 100, 0, 65782, 27, 1980
2026/08/28 22:43:54.047, 2, 117.71, 100, 0, 62822, 26, 1980
2026/08/28 22:43:54.047, 3, 116.34, 100, 0, 61418, 28, 1980
2026/08/28 22:43:59.047, 0, 118.96, 100, 0, 66164, 29, 1980
2026/08/28 22:43:59.047, 1, 120.01, 100, 0, 65782, 27, 1980
2026/08/28 22:43:59.047, 2, 117.64, 100, 0, 62822, 26, 1980
2026/08/28 22:43:59.047, 3, 116.30, 100, 0, 61418, 28, 1980
2026/08/28 22:44:04.048, 0, 118.95, 100, 0, 66164, 29, 1980
2026/08/28 22:44:04.048, 1, 119.98, 100, 0, 65782, 27, 1980
2026/08/28 22:44:04.048, 2, 117.87, 100, 0, 62822, 26, 1980
2026/08/28 22:44:04.048, 3, 116.31, 100, 0, 61418, 28, 1980
2026/08/28 22:44:09.048, 0, 118.99, 100, 0, 66164, 29, 1980
2026/08/28 22:44:09.048, 1, 119.97, 100, 0, 65782, 27, 1980
2026/08/28 22:44:09.048, 2, 117.84, 100, 0, 62822, 26, 1980
2026/08/28 22:44:09.048, 3, 116.29, 100, 0, 61418, 28, 1980
2026/08/28 22:44:14.049, 0, 118.99, 100, 0, 66164, 28, 1980
2026/08/28 22:44:14.049, 1, 119.98, 100, 0, 65782, 27, 1980
2026/08/28 22:44:14.049, 2, 117.86, 100, 0, 62822, 26, 1980
2026/08/28 22:44:14.049, 3, 116.24, 100, 0, 61418, 28, 1980
2026/08/28 22:44:19.049, 0, 118.99, 100, 0, 66164, 28, 1980
2026/08/28 22:44:19.049, 1, 120.01, 100, 0, 65782, 27, 1980
2026/08/28 22:44:19.049, 2, 117.83, 100, 0, 62822, 26, 1980
2026/08/28 22:44:19.049, 3, 116.28, 100, 0, 61418, 28, 1980
2026/08/28 22:44:24.050, 0, 118.97, 100, 0, 66164, 28, 1980
2026/08/28 22:44:24.050, 1, 120.02, 100, 0, 65782, 27, 1980
2026/08/28 22:44:24.050, 2, 117.69, 100, 0, 62822, 26, 1980
2026/08/28 22:44:24.050, 3, 116.28, 100, 0, 61418, 28, 1980
2026/08/28 22:44:29.050, 0, 118.92, 100, 0, 66164, 28, 1980
2026/08/28 22:44:29.050, 1, 120.03, 100, 0, 65782, 27, 1980
2026/08/28 22:44:29.050, 2, 117.75, 100, 0, 62822, 26, 1980
2026/08/28 22:44:29.050, 3, 116.31, 100, 0, 61418, 28, 1980
2026/08/28 22:44:34.051, 0, 118.97, 100, 0, 66164, 28, 1980
2026/08/28 22:44:34.051, 1, 120.05, 100, 0, 65782, 27, 1980
2026/08/28 22:44:34.051, 2, 117.67, 100, 0, 62822, 26, 1980
2026/08/28 22:44:34.051, 3, 116.26, 100, 0, 61418, 28, 1980
2026/08/28 22:44:39.051, 0, 118.94, 100, 0, 66164, 29, 1980
2026/08/28 22:44:39.051, 1, 120.04, 100, 0, 65782, 27, 1980
2026/08/28 22:44:39.051, 2, 117.53, 100, 0, 62822, 26, 1980
2026/08/28 22:44:39.051, 3, 116.28, 100, 0, 61418, 28, 1980
2026/08/28 22:44:44.052, 0, 118.97, 100, 0, 66164, 29, 1980
2026/08/28 22:44:44.052, 1, 120.09, 100, 0, 65782, 27, 1980
2026/08/28 22:44:44.052, 2, 117.63, 100, 0, 62822, 26, 1980
2026/08/28 22:44:44.052, 3, 116.34, 100, 0, 61418, 28, 1980
2026/08/28 22:44:49.052, 0, 119.04, 100, 0, 66164, 29, 1980
2026/08/28 22:44:49.052, 1, 120.12, 100, 0, 65782, 27, 1980
2026/08/28 22:44:49.052, 2, 117.76, 100, 0, 62822, 26, 1980
2026/08/28 22:44:49.052, 3, 116.33, 100, 0, 61418, 28, 1980
2026/08/28 22:44:54.053, 0, 118.98, 100, 0, 66164, 29, 1980
2026/08/28 22:44:54.053, 1, 120.07, 100, 0, 65782, 27, 1980
2026/08/28 22:44:54.053, 2, 117.54, 100, 0, 62822, 26, 1980
2026/08/28 22:44:54.053, 3, 116.30, 100, 0, 61418, 28, 1980
2026/08/28 22:44:59.053, 0, 118.94, 100, 0, 66164, 29, 1980
2026/08/28 22:44:59.053, 1, 120.13, 100, 0, 65782, 27, 1980
2026/08/28 22:44:59.053, 2, 117.64, 100, 0, 62822, 26, 1980
2026/08/28 22:44:59.053, 3, 116.33, 100, 0, 61418, 28, 1980
2026/08/28 22:45:04.054, 0, 119.03, 100, 0, 66164, 29, 1980
2026/08/28 22:45:04.054, 1, 120.11, 100, 0, 65782, 27, 1980
2026/08/28 22:45:04.054, 2, 117.43, 100, 0, 62822, 26, 1980
2026/08/28 22:45:04.054, 3, 116.34, 100, 0, 61418, 28, 1980
2026/08/28 22:45:09.054, 0, 119.11, 100, 0, 66164, 29, 1980
2026/08/28 22:45:09.055, 1, 120.12, 100, 0, 65782, 27, 1980
2026/08/28 22:45:09.055, 2, 117.72, 100, 0, 62822, 26, 1980
2026/08/28 22:45:09.055, 3, 116.33, 100, 0, 61418, 28, 1980
2026/08/28 22:45:14.055, 0, 119.03, 100, 0, 66164, 29, 1980
2026/08/28 22:45:14.055, 1, 120.10, 100, 0, 65782, 27, 1980
2026/08/28 22:45:14.055, 2, 117.69, 100, 0, 62822, 26, 1980
2026/08/28 22:45:14.055, 3, 116.33, 100, 0, 61418, 28, 1980
2026/08/28 22:45:19.055, 0, 118.98, 100, 0, 66164, 29, 1980
2026/08/28 22:45:19.056, 1, 120.11, 100, 0, 65782, 27, 1980
2026/08/28 22:45:19.056, 2, 117.71, 100, 0, 62822, 26, 1980
2026/08/28 22:45:19.056, 3, 116.32, 100, 0, 61418, 28, 1980
2026/08/28 22:45:24.056, 0, 118.96, 100, 0, 66164, 29, 1980
2026/08/28 22:45:24.056, 1, 120.06, 100, 0, 65782, 27, 1980
2026/08/28 22:45:24.056, 2, 117.87, 100, 0, 62822, 27, 1980
2026/08/28 22:45:24.056, 3, 116.30, 100, 0, 61418, 28, 1980
2026/08/28 22:45:29.057, 0, 118.96, 100, 0, 66164, 29, 1980
2026/08/28 22:45:29.057, 1, 120.08, 100, 0, 65782, 27, 1980
2026/08/28 22:45:29.057, 2, 117.86, 100, 0, 62822, 27, 1980
2026/08/28 22:45:29.057, 3, 116.31, 100, 0, 61418, 28, 1980
2026/08/28 22:45:34.057, 0, 119.05, 100, 0, 66164, 29, 1980
2026/08/28 22:45:34.057, 1, 120.15, 100, 0, 65782, 27, 1980
2026/08/28 22:45:34.057, 2, 117.85, 100, 0, 62822, 27, 1980
2026/08/28 22:45:34.057, 3, 116.33, 100, 0, 61418, 28, 1980
2026/08/28 22:45:39.058, 0, 119.02, 100, 0, 66164, 29, 1980
2026/08/28 22:45:39.058, 1, 120.13, 100, 0, 65782, 27, 1980
2026/08/28 22:45:39.059, 2, 117.79, 100, 0, 62822, 27, 1980
2026/08/28 22:45:39.060, 3, 116.36, 100, 0, 61418, 28, 1980
