timestamp, index, power.draw [W], utilization.gpu [%], utilization.memory [%], memory.used [MiB], temperature.gpu, clocks.current.sm [MHz]
2026/08/28 16:39:32.958, 0, 70.48, 0, 0, 0, 27, 345
2026/08/28 16:39:32.959, 1, 69.97, 0, 0, 0, 26, 345
2026/08/28 16:39:32.959, 2, 70.83, 0, 0, 0, 24, 345
2026/08/28 16:39:32.960, 3, 69.83, 0, 0, 0, 27, 345
2026/08/28 16:39:32.960, 4, 71.63, 0, 0, 0, 27, 345
2026/08/28 16:39:32.961, 5, 69.95, 0, 0, 0, 25, 345
2026/08/28 16:39:32.961, 6, 70.93, 0, 0, 0, 27, 345
2026/08/28 16:39:32.962, 7, 70.16, 0, 0, 0, 24, 345
2026/08/28 16:39:37.963, 0, 70.45, 0, 0, 0, 27, 345
2026/08/28 16:39:37.963, 1, 69.95, 0, 0, 0, 26, 345
2026/08/28 16:39:37.963, 2, 70.86, 0, 0, 0, 24, 345
2026/08/28 16:39:37.963, 3, 69.81, 0, 0, 0, 27, 345
2026/08/28 16:39:37.963, 4, 71.63, 0, 0, 0, 27, 345
2026/08/28 16:39:37.963, 5, 69.89, 0, 0, 0, 25, 345
2026/08/28 16:39:37.963, 6, 70.89, 0, 0, 0, 27, 345
2026/08/28 16:39:37.963, 7, 70.09, 0, 0, 0, 24, 345
2026/08/28 16:39:42.964, 0, 70.41, 0, 0, 4, 27, 345
2026/08/28 16:39:42.964, 1, 69.95, 0, 0, 4, 26, 345
2026/08/28 16:39:42.964, 2, 70.87, 0, 0, 4, 24, 345
2026/08/28 16:39:42.964, 3, 69.86, 0, 0, 4, 27, 345
2026/08/28 16:39:42.964, 4, 71.60, 0, 0, 4, 27, 345
2026/08/28 16:39:42.964, 5, 69.99, 0, 0, 4, 25, 345
2026/08/28 16:39:42.964, 6, 70.89, 0, 0, 4, 27, 345
2026/08/28 16:39:42.964, 7, 70.17, 0, 0, 4, 24, 345
2026/08/28 16:39:47.964, 0, 70.46, 0, 0, 4, 27, 345
2026/08/28 16:39:47.964, 1, 69.98, 0, 0, 4, 26, 345
2026/08/28 16:39:47.964, 2, 70.82, 0, 0, 4, 24, 345
2026/08/28 16:39:47.964, 3, 69.79, 0, 0, 4, 27, 345
2026/08/28 16:39:47.964, 4, 71.62, 0, 0, 4, 27, 345
2026/08/28 16:39:47.964, 5, 70.00, 0, 0, 4, 25, 345
2026/08/28 16:39:47.964, 6, 70.93, 0, 0, 4, 27, 345
2026/08/28 16:39:47.964, 7, 70.15, 0, 0, 4, 24, 345
2026/08/28 16:39:52.965, 0, 70.43, 0, 0, 4, 27, 345
2026/08/28 16:39:52.965, 1, 69.97, 0, 0, 4, 26, 345
2026/08/28 16:39:52.965, 2, 70.82, 0, 0, 4, 24, 345
2026/08/28 16:39:52.965, 3, 70.15, 0, 0, 4, 27, 345
2026/08/28 16:39:52.965, 4, 71.63, 0, 0, 4, 27, 345
2026/08/28 16:39:52.965, 5, 70.00, 0, 0, 4, 25, 345
2026/08/28 16:39:52.965, 6, 70.90, 0, 0, 4, 27, 345
2026/08/28 16:39:52.965, 7, 70.19, 0, 0, 4, 24, 345
2026/08/28 16:39:57.965, 0, 70.41, 0, 0, 4, 27, 345
2026/08/28 16:39:57.965, 1, 69.94, 0, 0, 4, 26, 345
2026/08/28 16:39:57.965, 2, 70.79, 0, 0, 4, 24, 345
2026/08/28 16:39:57.965, 3, 70.34, 0, 0, 4, 27, 345
2026/08/28 16:39:57.965, 4, 71.60, 0, 0, 4, 27, 345
2026/08/28 16:39:57.965, 5, 69.98, 0, 0, 4, 25, 345
2026/08/28 16:39:57.966, 6, 70.91, 0, 0, 4, 27, 345
2026/08/28 16:39:57.966, 7, 70.17, 0, 0, 4, 24, 345
2026/08/28 16:40:02.966, 0, 115.54, 0, 0, 529, 28, 1980
2026/08/28 16:40:02.966, 1, 119.01, 0, 0, 529, 28, 1980
2026/08/28 16:40:02.966, 2, 116.04, 0, 0, 529, 26, 1980
2026/08/28 16:40:02.966, 3, 114.51, 0, 0, 529, 29, 1980
2026/08/28 16:40:02.966, 4, 117.41, 0, 0, 529, 28, 1980
2026/08/28 16:40:02.966, 5, 115.99, 0, 0, 529, 26, 1980
2026/08/28 16:40:02.966, 6, 119.17, 0, 0, 529, 29, 1980
2026/08/28 16:40:02.966, 7, 114.33, 0, 0, 529, 26, 1980
2026/08/28 16:40:07.967, 0, 115.69, 0, 0, 1755, 29, 1980
2026/08/28 16:40:07.967, 1, 119.24, 0, 0, 1755, 28, 1980
2026/08/28 16:40:07.967, 2, 116.16, 0, 0, 1755, 26, 1980
2026/08/28 16:40:07.967, 3, 114.64, 0, 0, 1755, 29, 1980
2026/08/28 16:40:07.967, 4, 117.56, 0, 0, 1755, 28, 1980
2026/08/28 16:40:07.967, 5, 116.00, 0, 0, 1755, 26, 1980
2026/08/28 16:40:07.967, 6, 119.28, 0, 0, 1755, 29, 1980
2026/08/28 16:40:07.967, 7, 114.86, 0, 0, 1755, 26, 1980
2026/08/28 16:40:12.967, 0, 115.91, 0, 0, 4013, 29, 1980
2026/08/28 16:40:12.967, 1, 119.40, 0, 0, 4013, 28, 1980
2026/08/28 16:40:12.967, 2, 116.40, 0, 0, 4013, 26, 1980
2026/08/28 16:40:12.967, 3, 115.32, 0, 0, 4013, 29, 1980
2026/08/28 16:40:12.967, 4, 117.74, 0, 0, 4013, 29, 1980
2026/08/28 16:40:12.967, 5, 116.10, 0, 0, 4013, 27, 1980
2026/08/28 16:40:12.967, 6, 118.74, 0, 0, 4013, 29, 1980
2026/08/28 16:40:12.968, 7, 115.06, 0, 0, 4013, 26, 1980
2026/08/28 16:40:17.968, 0, 116.04, 0, 0, 4013, 29, 1980
2026/08/28 16:40:17.969, 1, 119.55, 0, 0, 4013, 28, 1980
2026/08/28 16:40:17.974, 2, 116.59, 0, 0, 4013, 27, 1980
2026/08/28 16:40:17.982, 3, 115.47, 0, 0, 4013, 29, 1980
2026/08/28 16:40:17.991, 4, 117.90, 0, 0, 4013, 29, 1980
2026/08/28 16:40:17.993, 5, 116.28, 0, 0, 4013, 27, 1980
2026/08/28 16:40:17.993, 6, 118.86, 0, 0, 4013, 29, 1980
2026/08/28 16:40:17.995, 7, 115.18, 0, 0, 4013, 27, 1980
2026/08/28 16:40:22.997, 0, 116.07, 0, 0, 4013, 29, 1980
2026/08/28 16:40:22.997, 1, 119.57, 0, 0, 4013, 29, 1980
2026/08/28 16:40:22.997, 2, 116.59, 0, 0, 4013, 27, 1980
2026/08/28 16:40:22.997, 3, 115.49, 0, 0, 4013, 29, 1980
2026/08/28 16:40:22.997, 4, 117.96, 0, 0, 4013, 29, 1980
2026/08/28 16:40:22.997, 5, 116.25, 0, 0, 4013, 27, 1980
2026/08/28 16:40:22.997, 6, 118.88, 0, 0, 4013, 29, 1980
2026/08/28 16:40:22.997, 7, 115.24, 0, 0, 4013, 27, 1980
2026/08/28 16:40:27.997, 0, 116.18, 0, 0, 4013, 29, 1980
2026/08/28 16:40:27.997, 1, 119.58, 0, 0, 4013, 29, 1980
2026/08/28 16:40:27.997, 2, 116.61, 0, 0, 4013, 27, 1980
2026/08/28 16:40:27.998, 3, 115.56, 0, 0, 4013, 30, 1980
2026/08/28 16:40:27.998, 4, 118.00, 0, 0, 4013, 29, 1980
2026/08/28 16:40:27.998, 5, 116.57, 0, 0, 4013, 27, 1980
2026/08/28 16:40:27.998, 6, 118.94, 0, 0, 4013, 30, 1980
2026/08/28 16:40:27.998, 7, 115.24, 0, 0, 4013, 27, 1980
2026/08/28 16:40:32.998, 0, 116.18, 0, 0, 4013, 30, 1980
2026/08/28 16:40:32.998, 1, 119.63, 0, 0, 4013, 29, 1980
2026/08/28 16:40:32.998, 2, 116.57, 0, 0, 4013, 27, 1980
2026/08/28 16:40:32.998, 3, 115.60, 0, 0, 4013, 30, 1980
2026/08/28 16:40:32.998, 4, 118.11, 0, 0, 4013, 29, 1980
2026/08/28 16:40:32.998, 5, 116.34, 0, 0, 4013, 27, 1980
2026/08/28 16:40:32.998, 6, 119.03, 0, 0, 4013, 30, 1980
2026/08/28 16:40:32.998, 7, 115.30, 0, 0, 4013, 27, 1980
2026/08/28 16:40:37.999, 0, 116.23, 0, 0, 4013, 30, 1980
2026/08/28 16:40:37.999, 1, 119.65, 0, 0, 4013, 29, 1980
2026/08/28 16:40:37.999, 2, 116.64, 0, 0, 4013, 27, 1980
2026/08/28 16:40:37.999, 3, 115.65, 0, 0, 4013, 30, 1980
2026/08/28 16:40:37.999, 4, 118.14, 0, 0, 4013, 29, 1980
2026/08/28 16:40:37.999, 5, 116.34, 0, 0, 4013, 27, 1980
2026/08/28 16:40:37.999, 6, 119.07, 0, 0, 4013, 30, 1980
2026/08/28 16:40:37.999, 7, 115.31, 0, 0, 4013, 27, 1980
2026/08/28 16:40:42.999, 0, 116.29, 0, 0, 4013, 30, 1980
2026/08/28 16:40:43.001, 1, 119.69, 0, 0, 4013, 29, 1980
2026/08/28 16:40:43.003, 2, 116.65, 0, 0, 4013, 27, 1980
2026/08/28 16:40:43.003, 3, 115.72, 0, 0, 4013, 30, 1980
2026/08/28 16:40:43.008, 4, 118.20, 0, 0, 4013, 29, 1980
2026/08/28 16:40:43.011, 5, 116.36, 0, 0, 4013, 27, 1980
2026/08/28 16:40:43.011, 6, 119.04, 0, 0, 4013, 30, 1980
2026/08/28 16:40:43.014, 7, 115.30, 0, 0, 4013, 27, 1980
2026/08/28 16:40:48.015, 0, 116.35, 0, 0, 4013, 30, 1980
2026/08/28 16:40:48.015, 1, 119.63, 0, 0, 4013, 29, 1980
2026/08/28 16:40:48.015, 2, 116.64, 0, 0, 4013, 27, 1980
2026/08/28 16:40:48.015, 3, 115.72, 0, 0, 4013, 30, 1980
2026/08/28 16:40:48.015, 4, 118.26, 0, 0, 4013, 29, 1980
2026/08/28 16:40:48.015, 5, 116.33, 0, 0, 4013, 27, 1980
2026/08/28 16:40:48.015, 6, 119.17, 0, 0, 4013, 30, 1980
2026/08/28 16:40:48.015, 7, 115.34, 0, 0, 4013, 27, 1980
2026/08/28 16:40:53.016, 0, 116.39, 0, 0, 4013, 30, 1980
2026/08/28 16:40:53.016, 1, 119.62, 0, 0, 4013, 29, 1980
2026/08/28 16:40:53.016, 2, 116.69, 0, 0, 4013, 27, 1980
2026/08/28 16:40:53.016, 3, 115.78, 0, 0, 4013, 30, 1980
2026/08/28 16:40:53.016, 4, 118.29, 0, 0, 4013, 30, 1980
2026/08/28 16:40:53.016, 5, 116.38, 0, 0, 4013, 27, 1980
2026/08/28 16:40:53.016, 6, 119.19, 0, 0, 4013, 30, 1980
2026/08/28 16:40:53.016, 7, 115.29, 0, 0, 4013, 27, 1980
2026/08/28 16:40:58.016, 0, 116.48, 0, 0, 4013, 30, 1980
2026/08/28 16:40:58.017, 1, 119.72, 0, 0, 4013, 29, 1980
2026/08/28 16:40:58.017, 2, 116.73, 0, 0, 4013, 27, 1980
2026/08/28 16:40:58.017, 3, 115.80, 0, 0, 4013, 30, 1980
2026/08/28 16:40:58.019, 4, 118.37, 0, 0, 4013, 30, 1980
2026/08/28 16:40:58.019, 5, 116.42, 0, 0, 4013, 27, 1980
2026/08/28 16:40:58.020, 6, 119.19, 0, 0, 4013, 30, 1980
2026/08/28 16:40:58.020, 7, 115.33, 0, 0, 4013, 27, 1980
2026/08/28 16:41:03.021, 0, 116.42, 0, 0, 4013, 30, 1980
2026/08/28 16:41:03.021, 1, 119.66, 0, 0, 4013, 29, 1980
2026/08/28 16:41:03.021, 2, 116.61, 0, 0, 4013, 27, 1980
2026/08/28 16:41:03.021, 3, 115.81, 0, 0, 4013, 30, 1980
2026/08/28 16:41:03.021, 4, 118.40, 0, 0, 4013, 30, 1980
2026/08/28 16:41:03.021, 5, 116.36, 0, 0, 4013, 27, 1980
2026/08/28 16:41:03.021, 6, 119.13, 0, 0, 4013, 30, 1980
2026/08/28 16:41:03.021, 7, 115.34, 0, 0, 4013, 27, 1980
2026/08/28 16:41:08.021, 0, 116.41, 0, 0, 4013, 30, 1980
2026/08/28 16:41:08.021, 1, 119.70, 0, 0, 4013, 29, 1980
2026/08/28 16:41:08.021, 2, 116.65, 0, 0, 4013, 27, 1980
2026/08/28 16:41:08.022, 3, 115.81, 0, 0, 4013, 30, 1980
2026/08/28 16:41:08.022, 4, 118.40, 0, 0, 4013, 30, 1980
2026/08/28 16:41:08.022, 5, 116.36, 0, 0, 4013, 27, 1980
2026/08/28 16:41:08.022, 6, 119.18, 0, 0, 4013, 30, 1980
2026/08/28 16:41:08.022, 7, 115.35, 0, 0, 4013, 27, 1980
2026/08/28 16:41:13.022, 0, 116.49, 0, 0, 4013, 30, 1980
2026/08/28 16:41:13.022, 1, 119.15, 0, 0, 4013, 29, 1980
2026/08/28 16:41:13.022, 2, 116.64, 0, 0, 4013, 27, 1980
2026/08/28 16:41:13.022, 3, 115.84, 0, 0, 4013, 30, 1980
2026/08/28 16:41:13.022, 4, 118.44, 0, 0, 4013, 30, 1980
2026/08/28 16:41:13.022, 5, 116.56, 0, 0, 4013, 27, 1980
2026/08/28 16:41:13.022, 6, 119.21, 0, 0, 4013, 30, 1980
2026/08/28 16:41:13.022, 7, 115.32, 0, 0, 4013, 27, 1980
2026/08/28 16:41:18.023, 0, 116.49, 0, 0, 4013, 30, 1980
2026/08/28 16:41:18.023, 1, 119.14, 0, 0, 4013, 29, 1980
2026/08/28 16:41:18.023, 2, 116.70, 0, 0, 4013, 27, 1980
2026/08/28 16:41:18.023, 3, 115.89, 0, 0, 4013, 30, 1980
2026/08/28 16:41:18.023, 4, 118.46, 0, 0, 4013, 30, 1980
2026/08/28 16:41:18.023, 5, 116.70, 0, 0, 4013, 27, 1980
2026/08/28 16:41:18.023, 6, 119.24, 0, 0, 4013, 30, 1980
2026/08/28 16:41:18.023, 7, 115.31, 0, 0, 4013, 27, 1980
2026/08/28 16:41:23.023, 0, 116.57, 0, 0, 4013, 30, 1980
2026/08/28 16:41:23.025, 1, 119.23, 0, 0, 4013, 29, 1980
2026/08/28 16:41:23.028, 2, 116.67, 0, 0, 4013, 27, 1980
2026/08/28 16:41:23.030, 3, 115.93, 0, 0, 4013, 30, 1980
2026/08/28 16:41:23.033, 4, 118.44, 0, 0, 4013, 30, 1980
2026/08/28 16:41:23.035, 5, 116.68, 0, 0, 4013, 27, 1980
2026/08/28 16:41:23.037, 6, 119.26, 0, 0, 4013, 30, 1980
2026/08/28 16:41:23.040, 7, 115.31, 0, 0, 4013, 27, 1980
2026/08/28 16:41:28.044, 0, 116.50, 0, 0, 4013, 30, 1980
2026/08/28 16:41:28.044, 1, 119.16, 0, 0, 4013, 29, 1980
2026/08/28 16:41:28.044, 2, 116.65, 0, 0, 4013, 27, 1980
2026/08/28 16:41:28.044, 3, 115.86, 0, 0, 4013, 30, 1980
2026/08/28 16:41:28.044, 4, 118.47, 0, 0, 4013, 30, 1980
2026/08/28 16:41:28.044, 5, 116.51, 0, 0, 4013, 27, 1980
2026/08/28 16:41:28.044, 6, 119.25, 0, 0, 4013, 30, 1980
2026/08/28 16:41:28.044, 7, 115.32, 0, 0, 4013, 27, 1980
2026/08/28 16:41:33.044, 0, 116.50, 0, 0, 4013, 30, 1980
2026/08/28 16:41:33.045, 1, 119.21, 0, 0, 4013, 29, 1980
2026/08/28 16:41:33.045, 2, 116.62, 0, 0, 4013, 27, 1980
2026/08/28 16:41:33.045, 3, 115.90, 0, 0, 4013, 30, 1980
2026/08/28 16:41:33.045, 4, 118.47, 0, 0, 4013, 30, 1980
2026/08/28 16:41:33.045, 5, 116.51, 0, 0, 4013, 27, 1980
2026/08/28 16:41:33.045, 6, 119.29, 0, 0, 4013, 30, 1980
2026/08/28 16:41:33.045, 7, 115.33, 0, 0, 4013, 27, 1980
2026/08/28 16:41:38.045, 0, 116.63, 0, 0, 4013, 30, 1980
2026/08/28 16:41:38.045, 1, 119.25, 0, 0, 4013, 29, 1980
2026/08/28 16:41:38.045, 2, 116.75, 0, 0, 4013, 27, 1980
2026/08/28 16:41:38.045, 3, 115.94, 0, 0, 4013, 30, 1980
2026/08/28 16:41:38.045, 4, 118.49, 0, 0, 4013, 30, 1980
2026/08/28 16:41:38.045, 5, 116.54, 0, 0, 4013, 27, 1980
2026/08/28 16:41:38.045, 6, 119.34, 0, 0, 4013, 30, 1980
2026/08/28 16:41:38.045, 7, 115.37, 0, 0, 4013, 27, 1980
2026/08/28 16:41:43.046, 0, 116.54, 0, 0, 4013, 30, 1980
2026/08/28 16:41:43.046, 1, 119.23, 0, 0, 4013, 29, 1980
2026/08/28 16:41:43.046, 2, 116.71, 0, 0, 4013, 27, 1980
2026/08/28 16:41:43.046, 3, 115.92, 0, 0, 4013, 30, 1980
2026/08/28 16:41:43.046, 4, 118.55, 0, 0, 4013, 30, 1980
2026/08/28 16:41:43.046, 5, 116.69, 0, 0, 4013, 27, 1980
2026/08/28 16:41:43.046, 6, 119.31, 0, 0, 4013, 30, 1980
2026/08/28 16:41:43.046, 7, 115.33, 0, 0, 4013, 27, 1980
2026/08/28 16:41:48.046, 0, 116.56, 0, 0, 4013, 30, 1980
2026/08/28 16:41:48.055, 1, 119.25, 0, 0, 4013, 29, 1980
2026/08/28 16:41:48.063, 2, 116.71, 0, 0, 4013, 27, 1980
2026/08/28 16:41:48.071, 3, 115.92, 0, 0, 4013, 30, 1980
2026/08/28 16:41:48.080, 4, 118.55, 0, 0, 4013, 30, 1980
2026/08/28 16:41:48.090, 5, 116.65, 0, 0, 4013, 27, 1980
2026/08/28 16:41:48.099, 6, 119.25, 0, 0, 4013, 30, 1980
2026/08/28 16:41:48.108, 7, 115.38, 0, 0, 4013, 27, 1980
2026/08/28 16:41:53.117, 0, 116.62, 0, 0, 4013, 30, 1980
2026/08/28 16:41:53.123, 1, 119.22, 0, 0, 4013, 29, 1980
2026/08/28 16:41:53.130, 2, 116.75, 0, 0, 4013, 27, 1980
2026/08/28 16:41:53.136, 3, 115.94, 0, 0, 4013, 30, 1980
2026/08/28 16:41:53.142, 4, 118.62, 0, 0, 4013, 30, 1980
2026/08/28 16:41:53.149, 5, 116.55, 0, 0, 4013, 27, 1980
2026/08/28 16:41:53.155, 6, 119.32, 0, 0, 4013, 30, 1980
2026/08/28 16:41:53.161, 7, 115.38, 0, 0, 4013, 27, 1980
2026/08/28 16:41:58.168, 0, 163.64, 59, 18, 19557, 32, 1980
2026/08/28 16:41:58.176, 1, 164.00, 57, 18, 19557, 32, 1980
2026/08/28 16:41:58.186, 2, 174.80, 43, 17, 19557, 29, 1980
2026/08/28 16:41:58.197, 3, 170.29, 29, 20, 19557, 33, 1980
2026/08/28 16:41:58.207, 4, 175.82, 42, 19, 19557, 32, 1980
2026/08/28 16:41:58.215, 5, 170.22, 51, 27, 19557, 30, 1980
2026/08/28 16:41:58.222, 6, 174.91, 30, 20, 19557, 33, 1980
2026/08/28 16:41:58.228, 7, 171.42, 57, 29, 19557, 30, 1980
2026/08/28 16:42:03.235, 0, 280.19, 49, 31, 35819, 36, 1980
2026/08/28 16:42:03.243, 1, 291.86, 59, 26, 37253, 35, 1980
2026/08/28 16:42:03.249, 2, 279.09, 45, 16, 29069, 31, 1980
2026/08/28 16:42:03.256, 3, 275.76, 70, 36, 29067, 36, 1980
2026/08/28 16:42:03.263, 4, 279.53, 45, 14, 34175, 34, 1980
2026/08/28 16:42:03.269, 5, 273.28, 46, 15, 29065, 34, 1980
2026/08/28 16:42:03.276, 6, 290.27, 70, 36, 29067, 36, 1980
2026/08/28 16:42:03.282, 7, 280.25, 44, 14, 29067, 34, 1980
2026/08/28 16:42:08.293, 0, 300.70, 54, 35, 45223, 38, 1980
2026/08/28 16:42:08.299, 1, 279.23, 81, 17, 37257, 35, 1980
2026/08/28 16:42:08.305, 2, 264.97, 55, 15, 39177, 32, 1980
2026/08/28 16:42:08.312, 3, 266.75, 68, 27, 39175, 36, 1980
2026/08/28 16:42:08.318, 4, 271.24, 55, 13, 34175, 35, 1980
2026/08/28 16:42:08.325, 5, 262.89, 61, 5, 34247, 33, 1980
2026/08/28 16:42:08.331, 6, 274.29, 55, 22, 29069, 37, 1980
2026/08/28 16:42:08.337, 7, 260.32, 56, 5, 29069, 34, 1980
2026/08/28 16:42:13.345, 0, 298.90, 53, 32, 45223, 39, 1980
2026/08/28 16:42:13.352, 1, 300.17, 65, 31, 37257, 36, 1980
2026/08/28 16:42:13.359, 2, 298.56, 45, 30, 39179, 34, 1980
2026/08/28 16:42:13.365, 3, 284.69, 71, 33, 39177, 37, 1980
2026/08/28 16:42:13.371, 4, 286.78, 47, 30, 34179, 37, 1980
2026/08/28 16:42:13.378, 5, 280.43, 47, 12, 34249, 34, 1980
2026/08/28 16:42:13.384, 6, 290.56, 72, 32, 34235, 37, 1980
2026/08/28 16:42:13.390, 7, 279.53, 48, 14, 29071, 34, 1980
2026/08/28 16:42:18.397, 0, 289.91, 70, 35, 52447, 39, 1980
2026/08/28 16:42:18.402, 1, 296.46, 56, 25, 39459, 37, 1980
2026/08/28 16:42:18.407, 2, 285.78, 58, 33, 39179, 34, 1980
2026/08/28 16:42:18.412, 3, 280.70, 54, 18, 39177, 38, 1980
2026/08/28 16:42:18.417, 4, 288.60, 54, 32, 34179, 38, 1980
2026/08/28 16:42:18.422, 5, 283.32, 42, 23, 34249, 35, 1980
2026/08/28 16:42:18.427, 6, 292.36, 56, 19, 34235, 39, 1980
2026/08/28 16:42:18.434, 7, 279.99, 50, 30, 34055, 35, 1980
2026/08/28 16:42:23.441, 0, 299.42, 62, 27, 52447, 40, 1980
2026/08/28 16:42:23.447, 1, 288.50, 39, 21, 41715, 37, 1980
2026/08/28 16:42:23.454, 2, 283.63, 78, 37, 39179, 34, 1980
2026/08/28 16:42:23.460, 3, 287.98, 49, 14, 39177, 38, 1980
2026/08/28 16:42:23.467, 4, 290.87, 81, 38, 34179, 38, 1980
2026/08/28 16:42:23.473, 5, 280.55, 76, 22, 34249, 34, 1980
2026/08/28 16:42:23.480, 6, 300.13, 51, 14, 34235, 38, 1980
2026/08/28 16:42:23.486, 7, 281.88, 80, 19, 34055, 34, 1980
2026/08/28 16:42:28.493, 0, 289.02, 44, 15, 52447, 40, 1980
2026/08/28 16:42:28.500, 1, 299.70, 71, 39, 41715, 38, 1980
2026/08/28 16:42:28.507, 2, 285.40, 76, 39, 44779, 35, 1980
2026/08/28 16:42:28.514, 3, 286.30, 59, 32, 39177, 39, 1980
2026/08/28 16:42:28.520, 4, 291.12, 63, 38, 34179, 39, 1980
2026/08/28 16:42:28.527, 5, 281.32, 57, 23, 34249, 35, 1980
2026/08/28 16:42:28.534, 6, 300.78, 58, 31, 34235, 39, 1980
2026/08/28 16:42:28.542, 7, 289.19, 51, 14, 34055, 35, 1980
2026/08/28 16:42:33.550, 0, 302.18, 58, 14, 52447, 42, 1980
2026/08/28 16:42:33.555, 1, 278.79, 43, 10, 41717, 38, 1980
2026/08/28 16:42:33.559, 2, 273.07, 63, 35, 44779, 35, 1980
2026/08/28 16:42:33.564, 3, 273.08, 48, 20, 44315, 40, 1980
2026/08/28 16:42:33.569, 4, 274.55, 61, 34, 34179, 39, 1980
2026/08/28 16:42:33.573, 5, 271.59, 66, 29, 34249, 37, 1980
2026/08/28 16:42:33.578, 6, 283.57, 58, 23, 34235, 41, 1980
2026/08/28 16:42:33.584, 7, 273.53, 69, 30, 39179, 36, 1980
2026/08/28 16:42:38.591, 0, 311.22, 72, 32, 52447, 42, 1980
2026/08/28 16:42:38.596, 1, 313.68, 70, 30, 44003, 39, 1980
2026/08/28 16:42:38.601, 2, 287.97, 63, 29, 44779, 36, 1980
2026/08/28 16:42:38.605, 3, 288.59, 59, 28, 44315, 41, 1980
2026/08/28 16:42:38.610, 4, 292.04, 50, 20, 34179, 40, 1980
2026/08/28 16:42:38.615, 5, 280.57, 62, 35, 34249, 36, 1980
2026/08/28 16:42:38.619, 6, 280.71, 49, 22, 34237, 40, 1980
2026/08/28 16:42:38.624, 7, 273.21, 69, 36, 39179, 36, 1980
2026/08/28 16:42:43.628, 0, 293.52, 43, 21, 52447, 42, 1980
2026/08/28 16:42:43.635, 1, 297.36, 46, 22, 44003, 39, 1980
2026/08/28 16:42:43.641, 2, 279.33, 44, 19, 44779, 36, 1980
2026/08/28 16:42:43.647, 3, 286.78, 54, 21, 44315, 41, 1980
2026/08/28 16:42:43.653, 4, 295.16, 47, 19, 39373, 41, 1980
2026/08/28 16:42:43.659, 5, 286.15, 45, 23, 34249, 36, 1980
2026/08/28 16:42:43.665, 6, 295.65, 57, 20, 39445, 40, 1980
2026/08/28 16:42:43.671, 7, 280.98, 52, 25, 44359, 36, 1980
2026/08/28 16:42:48.677, 0, 308.99, 52, 30, 52447, 44, 1980
2026/08/28 16:42:48.677, 1, 322.42, 58, 22, 44003, 40, 1980
2026/08/28 16:42:48.677, 2, 305.64, 54, 18, 44779, 37, 1980
2026/08/28 16:42:48.677, 3, 311.32, 60, 26, 44315, 41, 1980
2026/08/28 16:42:48.677, 4, 312.72, 54, 17, 39373, 42, 1980
2026/08/28 16:42:48.677, 5, 307.79, 83, 34, 34249, 37, 1980
2026/08/28 16:42:48.677, 6, 309.14, 65, 28, 39445, 41, 1980
2026/08/28 16:42:48.677, 7, 299.89, 48, 22, 44359, 36, 1980
2026/08/28 16:42:53.678, 0, 322.93, 67, 33, 52447, 43, 1980
2026/08/28 16:42:53.678, 1, 319.24, 70, 41, 44003, 40, 1980
2026/08/28 16:42:53.678, 2, 307.29, 67, 41, 44779, 37, 1980
2026/08/28 16:42:53.678, 3, 313.80, 66, 28, 44315, 43, 1980
2026/08/28 16:42:53.678, 4, 315.83, 65, 41, 39373, 43, 1980
2026/08/28 16:42:53.678, 5, 307.16, 71, 32, 34249, 38, 1980
2026/08/28 16:42:53.678, 6, 324.45, 66, 27, 39445, 43, 1980
2026/08/28 16:42:53.678, 7, 314.61, 65, 33, 44359, 38, 1980
2026/08/28 16:42:58.678, 0, 294.26, 44, 29, 52447, 44, 1980
2026/08/28 16:42:58.678, 1, 303.47, 49, 29, 44003, 40, 1980
2026/08/28 16:42:58.678, 2, 281.86, 48, 25, 44779, 37, 1980
2026/08/28 16:42:58.679, 3, 288.82, 49, 12, 44315, 43, 1980
2026/08/28 16:42:58.679, 4, 292.87, 49, 23, 39373, 43, 1980
2026/08/28 16:42:58.679, 5, 280.42, 57, 23, 34249, 37, 1980
2026/08/28 16:42:58.679, 6, 301.61, 51, 13, 39445, 43, 1980
2026/08/28 16:42:58.679, 7, 293.94, 52, 13, 44359, 37, 1980
2026/08/28 16:43:03.679, 0, 314.33, 67, 40, 52447, 46, 1980
2026/08/28 16:43:03.679, 1, 313.42, 69, 23, 44003, 41, 1980
2026/08/28 16:43:03.679, 2, 297.73, 63, 24, 44779, 38, 1980
2026/08/28 16:43:03.679, 3, 301.75, 80, 42, 44315, 43, 1980
2026/08/28 16:43:03.679, 4, 306.44, 69, 24, 39373, 44, 1980
2026/08/28 16:43:03.679, 5, 283.93, 82, 39, 34249, 37, 1980
2026/08/28 16:43:03.679, 6, 305.02, 82, 41, 39445, 43, 1980
2026/08/28 16:43:03.679, 7, 295.36, 80, 42, 44359, 37, 1980
2026/08/28 16:43:08.680, 0, 323.33, 81, 39, 59755, 45, 1980
2026/08/28 16:43:08.680, 1, 296.08, 80, 40, 44003, 40, 1980
2026/08/28 16:43:08.680, 2, 286.55, 81, 39, 44779, 37, 1980
2026/08/28 16:43:08.680, 3, 292.33, 70, 22, 44315, 44, 1980
2026/08/28 16:43:08.680, 4, 295.62, 77, 38, 39373, 43, 1980
2026/08/28 16:43:08.680, 5, 274.72, 68, 26, 34249, 38, 1980
2026/08/28 16:43:08.680, 6, 291.36, 68, 32, 39445, 44, 1980
2026/08/28 16:43:08.680, 7, 270.64, 67, 32, 44359, 38, 1980
2026/08/28 16:43:13.680, 0, 331.94, 67, 47, 59755, 47, 1980
2026/08/28 16:43:13.681, 1, 317.72, 62, 33, 44003, 40, 1980
2026/08/28 16:43:13.681, 2, 310.70, 59, 34, 44781, 38, 1980
2026/08/28 16:43:13.681, 3, 314.61, 87, 24, 44317, 44, 1980
2026/08/28 16:43:13.681, 4, 310.06, 57, 33, 39375, 44, 1980
2026/08/28 16:43:13.681, 5, 307.82, 59, 21, 34251, 37, 1980
2026/08/28 16:43:13.681, 6, 323.27, 86, 24, 39447, 44, 1980
2026/08/28 16:43:13.681, 7, 309.69, 59, 23, 44361, 37, 1980
2026/08/28 16:43:18.681, 0, 328.33, 73, 36, 59867, 45, 1980
2026/08/28 16:43:18.681, 1, 324.49, 41, 17, 44117, 41, 1980
2026/08/28 16:43:18.681, 2, 306.20, 72, 35, 44799, 37, 1980
2026/08/28 16:43:18.681, 3, 306.44, 66, 28, 44335, 44, 1980
2026/08/28 16:43:18.681, 4, 315.58, 70, 35, 39379, 44, 1980
2026/08/28 16:43:18.681, 5, 308.53, 38, 18, 34251, 37, 1980
2026/08/28 16:43:18.681, 6, 317.47, 64, 27, 39463, 44, 1980
2026/08/28 16:43:18.681, 7, 308.28, 53, 24, 44375, 37, 1980
2026/08/28 16:43:23.682, 0, 309.73, 81, 40, 59867, 45, 1980
2026/08/28 16:43:23.682, 1, 312.72, 61, 28, 44117, 41, 1980
2026/08/28 16:43:23.682, 2, 310.20, 75, 37, 50539, 38, 1980
2026/08/28 16:43:23.682, 3, 311.15, 56, 18, 49711, 44, 1980
2026/08/28 16:43:23.682, 4, 314.01, 71, 37, 39379, 44, 1980
2026/08/28 16:43:23.682, 5, 302.48, 68, 25, 34251, 37, 1980
2026/08/28 16:43:23.682, 6, 306.38, 60, 18, 39463, 45, 1980
2026/08/28 16:43:23.682, 7, 297.38, 69, 30, 44375, 38, 1980
2026/08/28 16:43:28.683, 0, 322.97, 58, 17, 59867, 47, 1980
2026/08/28 16:43:28.683, 1, 295.40, 85, 41, 44117, 40, 1980
2026/08/28 16:43:28.683, 2, 284.35, 72, 8, 50539, 37, 1980
2026/08/28 16:43:28.683, 3, 287.96, 65, 32, 49711, 45, 1980
2026/08/28 16:43:28.683, 4, 297.03, 71, 8, 39379, 44, 1980
2026/08/28 16:43:28.683, 5, 282.04, 74, 23, 34251, 39, 1980
2026/08/28 16:43:28.683, 6, 296.31, 69, 32, 44685, 46, 1980
2026/08/28 16:43:28.683, 7, 290.26, 76, 22, 44375, 39, 1980
2026/08/28 16:43:33.683, 0, 324.19, 58, 25, 59867, 46, 1980
2026/08/28 16:43:33.683, 1, 315.02, 75, 29, 44117, 41, 1980
2026/08/28 16:43:33.683, 2, 304.07, 78, 43, 50539, 37, 1980
2026/08/28 16:43:33.684, 3, 306.79, 51, 30, 49711, 45, 1980
2026/08/28 16:43:33.684, 4, 317.63, 78, 43, 39379, 44, 1980
2026/08/28 16:43:33.684, 5, 301.29, 72, 36, 34251, 39, 1980
2026/08/28 16:43:33.684, 6, 316.49, 58, 30, 44685, 45, 1980
2026/08/28 16:43:33.684, 7, 305.81, 78, 38, 44375, 39, 1980
2026/08/28 16:43:38.684, 0, 331.42, 63, 30, 59867, 46, 1980
2026/08/28 16:43:38.684, 1, 313.93, 55, 18, 50375, 41, 1980
2026/08/28 16:43:38.684, 2, 298.45, 55, 14, 50539, 38, 1980
2026/08/28 16:43:38.684, 3, 298.08, 67, 28, 49711, 45, 1980
2026/08/28 16:43:38.684, 4, 311.98, 54, 29, 39379, 45, 1980
2026/08/28 16:43:38.684, 5, 297.73, 61, 16, 34251, 38, 1980
2026/08/28 16:43:38.684, 6, 310.34, 67, 28, 44685, 45, 1980
2026/08/28 16:43:38.684, 7, 294.48, 59, 15, 44375, 39, 1980
2026/08/28 16:43:43.685, 0, 319.13, 73, 36, 59867, 46, 1980
2026/08/28 16:43:43.685, 1, 310.27, 55, 32, 50375, 41, 1980
2026/08/28 16:43:43.685, 2, 278.88, 52, 23, 50539, 37, 1980
2026/08/28 16:43:43.685, 3, 282.00, 49, 11, 49711, 45, 1980
2026/08/28 16:43:43.685, 4, 282.87, 53, 17, 39379, 44, 1980
2026/08/28 16:43:43.685, 5, 266.30, 57, 25, 34251, 37, 1980
2026/08/28 16:43:43.685, 6, 281.70, 52, 8, 44685, 44, 1980
2026/08/28 16:43:43.685, 7, 269.28, 49, 25, 44375, 37, 1980
2026/08/28 16:43:48.685, 0, 305.36, 68, 30, 59867, 47, 1980
2026/08/28 16:43:48.686, 1, 308.78, 79, 28, 50375, 41, 1980
2026/08/28 16:43:48.686, 2, 298.88, 82, 28, 56321, 38, 1980
2026/08/28 16:43:48.686, 3, 305.93, 69, 29, 49711, 45, 1980
2026/08/28 16:43:48.686, 4, 309.49, 82, 28, 39379, 45, 1980
2026/08/28 16:43:48.686, 5, 301.10, 84, 37, 34251, 38, 1980
2026/08/28 16:43:48.686, 6, 316.37, 55, 30, 44685, 45, 1980
2026/08/28 16:43:48.686, 7, 298.81, 85, 42, 44375, 38, 1980
2026/08/28 16:43:53.686, 0, 319.79, 56, 31, 59867, 46, 1980
2026/08/28 16:43:53.686, 1, 318.85, 78, 38, 50375, 41, 1980
2026/08/28 16:43:53.686, 2, 307.49, 61, 25, 56321, 38, 1980
2026/08/28 16:43:53.686, 3, 309.39, 64, 28, 49711, 45, 1980
2026/08/28 16:43:53.686, 4, 311.39, 71, 22, 39379, 45, 1980
2026/08/28 16:43:53.686, 5, 296.15, 61, 23, 34251, 38, 1980
2026/08/28 16:43:53.686, 6, 309.16, 64, 26, 44685, 45, 1980
2026/08/28 16:43:53.686, 7, 296.55, 56, 24, 44375, 39, 1980
2026/08/28 16:43:58.687, 0, 322.95, 66, 33, 59867, 47, 1980
2026/08/28 16:43:58.687, 1, 307.81, 69, 32, 50375, 41, 1980
2026/08/28 16:43:58.687, 2, 304.64, 87, 24, 56321, 37, 1980
2026/08/28 16:43:58.687, 3, 306.91, 74, 25, 49711, 45, 1980
2026/08/28 16:43:58.687, 4, 318.72, 87, 23, 39379, 44, 1980
2026/08/28 16:43:58.687, 5, 302.61, 70, 33, 34251, 38, 1980
2026/08/28 16:43:58.687, 6, 313.68, 77, 26, 44685, 44, 1980
2026/08/28 16:43:58.687, 7, 292.74, 64, 26, 44375, 38, 1980
2026/08/28 16:44:03.687, 0, 312.98, 69, 32, 59867, 47, 1980
2026/08/28 16:44:03.688, 1, 312.40, 72, 35, 50375, 41, 1980
2026/08/28 16:44:03.688, 2, 308.50, 67, 34, 56321, 38, 1980
2026/08/28 16:44:03.688, 3, 310.77, 59, 20, 49711, 46, 1980
2026/08/28 16:44:03.688, 4, 319.74, 68, 33, 44587, 47, 1980
2026/08/28 16:44:03.688, 5, 305.87, 67, 28, 34251, 39, 1980
2026/08/28 16:44:03.688, 6, 319.35, 67, 19, 44685, 46, 1980
2026/08/28 16:44:03.688, 7, 307.19, 68, 22, 44375, 39, 1980
2026/08/28 16:44:08.688, 0, 323.31, 58, 31, 59867, 47, 1980
2026/08/28 16:44:08.688, 1, 332.08, 57, 19, 50375, 41, 1980
2026/08/28 16:44:08.688, 2, 294.27, 62, 37, 56321, 37, 1980
2026/08/28 16:44:08.688, 3, 296.65, 63, 21, 49711, 44, 1980
2026/08/28 16:44:08.688, 4, 293.12, 68, 39, 44587, 46, 1980
2026/08/28 16:44:08.688, 5, 290.26, 66, 24, 34251, 38, 1980
2026/08/28 16:44:08.689, 6, 308.10, 72, 21, 44685, 44, 1980
2026/08/28 16:44:08.689, 7, 296.79, 72, 22, 44375, 37, 1980
2026/08/28 16:44:13.689, 0, 319.90, 65, 40, 59867, 48, 1980
2026/08/28 16:44:13.689, 1, 321.52, 69, 36, 50375, 41, 1980
2026/08/28 16:44:13.689, 2, 299.90, 68, 22, 56321, 37, 1980
2026/08/28 16:44:13.689, 3, 301.04, 69, 30, 49711, 45, 1980
2026/08/28 16:44:13.689, 4, 314.08, 67, 22, 44587, 45, 1980
2026/08/28 16:44:13.689, 5, 308.96, 84, 36, 34251, 38, 1980
2026/08/28 16:44:13.689, 6, 312.02, 47, 20, 44685, 45, 1980
2026/08/28 16:44:13.689, 7, 284.92, 45, 20, 44375, 38, 1980
2026/08/28 16:44:18.690, 0, 329.42, 77, 41, 59867, 47, 1980
2026/08/28 16:44:18.690, 1, 297.98, 77, 36, 50375, 41, 1980
2026/08/28 16:44:18.690, 2, 295.44, 69, 30, 56321, 38, 1980
2026/08/28 16:44:18.690, 3, 301.99, 64, 30, 49711, 46, 1980
2026/08/28 16:44:18.690, 4, 307.18, 68, 27, 50005, 46, 1980
2026/08/28 16:44:18.690, 5, 305.13, 70, 26, 34251, 39, 1980
2026/08/28 16:44:18.690, 6, 314.59, 57, 30, 44685, 47, 1980
2026/08/28 16:44:18.690, 7, 290.74, 68, 31, 44375, 39, 1980
2026/08/28 16:44:23.690, 0, 284.83, 61, 36, 59867, 48, 1980
2026/08/28 16:44:23.690, 1, 293.32, 63, 26, 50375, 42, 1980
2026/08/28 16:44:23.690, 2, 279.96, 65, 27, 56321, 39, 1980
2026/08/28 16:44:23.691, 3, 281.43, 73, 37, 49711, 45, 1980
2026/08/28 16:44:23.691, 4, 292.17, 77, 35, 50005, 46, 1980
2026/08/28 16:44:23.691, 5, 287.72, 70, 38, 34251, 39, 1980
2026/08/28 16:44:23.691, 6, 293.57, 79, 42, 44685, 46, 1980
2026/08/28 16:44:23.691, 7, 285.17, 68, 34, 44375, 39, 1980
2026/08/28 16:44:28.691, 0, 325.92, 68, 33, 59867, 48, 1980
2026/08/28 16:44:28.691, 1, 308.30, 56, 32, 50375, 42, 1980
2026/08/28 16:44:28.691, 2, 303.38, 76, 36, 56321, 39, 1980
2026/08/28 16:44:28.691, 3, 306.02, 59, 16, 49711, 47, 1980
2026/08/28 16:44:28.691, 4, 313.00, 76, 35, 50005, 46, 1980
2026/08/28 16:44:28.691, 5, 292.58, 80, 27, 34251, 38, 1980
2026/08/28 16:44:28.691, 6, 300.14, 71, 14, 44685, 46, 1980
2026/08/28 16:44:28.691, 7, 287.66, 78, 28, 44375, 38, 1980
2026/08/28 16:44:33.692, 0, 330.99, 51, 28, 59867, 48, 1980
2026/08/28 16:44:33.692, 1, 301.03, 58, 17, 50375, 42, 1980
2026/08/28 16:44:33.692, 2, 299.82, 61, 22, 56321, 38, 1980
2026/08/28 16:44:33.692, 3, 299.89, 73, 32, 49711, 46, 1980
2026/08/28 16:44:33.692, 4, 303.19, 62, 19, 50005, 46, 1980
2026/08/28 16:44:33.692, 5, 293.36, 60, 29, 34251, 39, 1980
2026/08/28 16:44:33.692, 6, 311.15, 74, 32, 44685, 46, 1980
2026/08/28 16:44:33.692, 7, 300.20, 58, 30, 44375, 38, 1980
2026/08/28 16:44:38.692, 0, 323.18, 54, 35, 59867, 49, 1980
2026/08/28 16:44:38.693, 1, 306.44, 65, 15, 50375, 41, 1980
2026/08/28 16:44:38.693, 2, 301.97, 46, 32, 56321, 38, 1980
2026/08/28 16:44:38.693, 3, 285.12, 69, 18, 49711, 45, 1980
2026/08/28 16:44:38.693, 4, 280.52, 38, 18, 50005, 45, 1980
2026/08/28 16:44:38.693, 5, 285.89, 69, 24, 34251, 38, 1980
2026/08/28 16:44:38.693, 6, 296.20, 71, 17, 44685, 45, 1980
2026/08/28 16:44:38.693, 7, 273.47, 54, 26, 44375, 38, 1980
2026/08/28 16:44:43.693, 0, 319.71, 64, 37, 59867, 48, 1980
2026/08/28 16:44:43.693, 1, 319.97, 62, 24, 50375, 41, 1980
2026/08/28 16:44:43.693, 2, 313.18, 64, 35, 56321, 38, 1980
2026/08/28 16:44:43.693, 3, 314.42, 84, 46, 49711, 47, 1980
2026/08/28 16:44:43.693, 4, 317.80, 66, 33, 50005, 45, 1980
2026/08/28 16:44:43.693, 5, 314.30, 66, 36, 34251, 40, 1980
2026/08/28 16:44:43.693, 6, 313.73, 85, 46, 44685, 46, 1980
2026/08/28 16:44:43.693, 7, 305.31, 53, 32, 44375, 39, 1980
2026/08/28 16:44:48.694, 0, 331.58, 66, 31, 59867, 48, 1980
2026/08/28 16:44:48.694, 1, 300.48, 65, 31, 50375, 42, 1980
2026/08/28 16:44:48.694, 2, 290.11, 71, 14, 56321, 38, 1980
2026/08/28 16:44:48.694, 3, 278.31, 77, 35, 49711, 45, 1980
2026/08/28 16:44:48.694, 4, 289.47, 72, 12, 50005, 45, 1980
2026/08/28 16:44:48.694, 5, 281.40, 52, 27, 34251, 38, 1980
2026/08/28 16:44:48.694, 6, 290.05, 77, 35, 44685, 45, 1980
2026/08/28 16:44:48.694, 7, 277.32, 48, 28, 44375, 38, 1980
2026/08/28 16:44:53.694, 0, 317.49, 71, 38, 59869, 49, 1980
2026/08/28 16:44:53.695, 1, 325.97, 49, 24, 56857, 41, 1980
2026/08/28 16:44:53.695, 2, 294.27, 70, 23, 56321, 39, 1980
2026/08/28 16:44:53.695, 3, 297.99, 78, 17, 49711, 46, 1980
2026/08/28 16:44:53.695, 4, 304.01, 68, 23, 50005, 47, 1980
2026/08/28 16:44:53.695, 5, 299.33, 72, 35, 34251, 39, 1980
2026/08/28 16:44:53.695, 6, 309.53, 77, 17, 44685, 46, 1980
2026/08/28 16:44:53.695, 7, 296.36, 75, 34, 44375, 38, 1980
2026/08/28 16:44:58.695, 0, 337.82, 61, 35, 59869, 49, 1980
2026/08/28 16:44:58.695, 1, 316.28, 68, 33, 56857, 43, 1980
2026/08/28 16:44:58.695, 2, 313.82, 65, 30, 56321, 39, 1980
2026/08/28 16:44:58.695, 3, 314.52, 68, 27, 49711, 46, 1980
2026/08/28 16:44:58.695, 4, 324.82, 61, 33, 50005, 47, 1980
2026/08/28 16:44:58.695, 5, 317.88, 86, 40, 34251, 39, 1980
2026/08/28 16:44:58.696, 6, 317.95, 66, 26, 44685, 46, 1980
2026/08/28 16:44:58.696, 7, 299.39, 82, 39, 44375, 38, 1980
2026/08/28 16:45:03.696, 0, 326.42, 69, 32, 59869, 49, 1980
2026/08/28 16:45:03.696, 1, 331.63, 75, 32, 56857, 42, 1980
2026/08/28 16:45:03.696, 2, 317.99, 70, 32, 56321, 38, 1980
2026/08/28 16:45:03.696, 3, 318.31, 69, 31, 49711, 47, 1980
2026/08/28 16:45:03.696, 4, 326.23, 68, 32, 50005, 46, 1980
2026/08/28 16:45:03.696, 5, 322.69, 70, 21, 34251, 40, 1980
2026/08/28 16:45:03.696, 6, 322.48, 69, 31, 49949, 47, 1980
2026/08/28 16:45:03.696, 7, 312.19, 68, 17, 44375, 39, 1980
2026/08/28 16:45:08.697, 0, 329.46, 73, 34, 59869, 48, 1980
2026/08/28 16:45:08.697, 1, 314.42, 75, 32, 56857, 42, 1980
2026/08/28 16:45:08.697, 2, 299.25, 70, 32, 56321, 39, 1980
2026/08/28 16:45:08.697, 3, 293.90, 65, 29, 49711, 46, 1980
2026/08/28 16:45:08.697, 4, 301.62, 66, 30, 50005, 47, 1980
2026/08/28 16:45:08.697, 5, 284.76, 66, 28, 34251, 38, 1980
2026/08/28 16:45:08.697, 6, 287.58, 72, 28, 49949, 45, 1980
2026/08/28 16:45:08.697, 7, 273.19, 60, 22, 49569, 39, 1980
2026/08/28 16:45:13.697, 0, 323.12, 58, 39, 59869, 49, 1980
2026/08/28 16:45:13.697, 1, 321.10, 50, 31, 56857, 42, 1980
2026/08/28 16:45:13.697, 2, 315.22, 59, 24, 56321, 38, 1980
2026/08/28 16:45:13.697, 3, 312.20, 62, 22, 49711, 46, 1980
2026/08/28 16:45:13.698, 4, 324.90, 61, 22, 50005, 45, 1980
2026/08/28 16:45:13.698, 5, 313.96, 75, 23, 34251, 38, 1980
2026/08/28 16:45:13.698, 6, 325.81, 63, 22, 49949, 46, 1980
2026/08/28 16:45:13.698, 7, 310.39, 80, 23, 52641, 38, 1980
2026/08/28 16:45:18.698, 0, 323.91, 59, 27, 59869, 49, 1980
2026/08/28 16:45:18.698, 1, 308.97, 63, 18, 56857, 42, 1980
2026/08/28 16:45:18.698, 2, 304.17, 59, 14, 56321, 38, 1980
2026/08/28 16:45:18.698, 3, 296.08, 68, 33, 49711, 46, 1980
2026/08/28 16:45:18.698, 4, 297.24, 61, 15, 50005, 46, 1980
2026/08/28 16:45:18.698, 5, 285.13, 74, 28, 34251, 39, 1980
2026/08/28 16:45:18.698, 6, 304.64, 68, 32, 49949, 46, 1980
2026/08/28 16:45:18.698, 7, 289.61, 78, 30, 54945, 38, 1980
2026/08/28 16:45:23.699, 0, 341.70, 70, 33, 59869, 49, 1980
2026/08/28 16:45:23.699, 1, 336.12, 76, 32, 56857, 42, 1980
2026/08/28 16:45:23.699, 2, 332.31, 78, 34, 56321, 39, 1980
2026/08/28 16:45:23.699, 3, 331.39, 69, 35, 49711, 47, 1980
2026/08/28 16:45:23.699, 4, 339.18, 80, 36, 50005, 47, 1980
2026/08/28 16:45:23.699, 5, 329.45, 72, 29, 34251, 40, 1980
2026/08/28 16:45:23.699, 6, 347.07, 62, 35, 49949, 47, 1980
2026/08/28 16:45:23.699, 7, 334.91, 70, 33, 54945, 39, 1980
2026/08/28 16:45:28.699, 0, 330.35, 46, 26, 59869, 49, 1980
2026/08/28 16:45:28.700, 1, 315.53, 60, 27, 56857, 42, 1980
2026/08/28 16:45:28.700, 2, 297.04, 60, 24, 56321, 39, 1980
2026/08/28 16:45:28.700, 3, 305.47, 76, 30, 49711, 47, 1980
2026/08/28 16:45:28.700, 4, 310.21, 52, 20, 50005, 47, 1980
2026/08/28 16:45:28.700, 5, 305.10, 77, 30, 34251, 38, 1980
2026/08/28 16:45:28.700, 6, 321.53, 75, 30, 49949, 47, 1980
2026/08/28 16:45:28.700, 7, 300.14, 64, 19, 54945, 38, 1980
2026/08/28 16:45:33.700, 0, 320.54, 70, 33, 59869, 48, 1980
2026/08/28 16:45:33.700, 1, 312.85, 69, 30, 56857, 41, 1980
2026/08/28 16:45:33.700, 2, 275.68, 67, 30, 56321, 38, 1980
2026/08/28 16:45:33.700, 3, 283.11, 62, 25, 49711, 47, 1980
2026/08/28 16:45:33.700, 4, 283.37, 67, 29, 50005, 47, 1980
2026/08/28 16:45:33.700, 5, 277.23, 67, 29, 34251, 39, 1980
2026/08/28 16:45:33.700, 6, 291.37, 61, 23, 49949, 47, 1980
2026/08/28 16:45:33.700, 7, 274.90, 72, 14, 54945, 39, 1980
2026/08/28 16:45:38.701, 0, 331.10, 60, 23, 59869, 49, 1980
2026/08/28 16:45:38.701, 1, 317.27, 67, 29, 56857, 41, 1980
2026/08/28 16:45:38.701, 2, 304.54, 69, 30, 56321, 38, 1980
2026/08/28 16:45:38.701, 3, 315.09, 64, 31, 49711, 48, 1980
2026/08/28 16:45:38.701, 4, 312.60, 73, 29, 50005, 47, 1980
2026/08/28 16:45:38.701, 5, 305.86, 70, 29, 34251, 39, 1980
2026/08/28 16:45:38.701, 6, 320.30, 61, 32, 49949, 46, 1980
2026/08/28 16:45:38.701, 7, 308.69, 62, 31, 54945, 39, 1980
2026/08/28 16:45:43.701, 0, 343.92, 60, 33, 59869, 50, 1980
2026/08/28 16:45:43.702, 1, 323.64, 71, 20, 56857, 42, 1980
2026/08/28 16:45:43.702, 2, 311.73, 72, 15, 56321, 39, 1980
2026/08/28 16:45:43.702, 3, 321.32, 82, 37, 55605, 47, 1980
2026/08/28 16:45:43.702, 4, 322.30, 72, 12, 56123, 48, 1980
2026/08/28 16:45:43.702, 5, 312.67, 70, 34, 40425, 39, 1980
2026/08/28 16:45:43.702, 6, 329.01, 84, 38, 55521, 47, 1980
2026/08/28 16:45:43.702, 7, 311.67, 76, 16, 60685, 39, 1980
2026/08/28 16:45:48.702, 0, 317.56, 67, 30, 59869, 49, 1980
2026/08/28 16:45:48.702, 1, 322.58, 69, 29, 56857, 41, 1980
2026/08/28 16:45:48.702, 2, 316.20, 69, 29, 62229, 38, 1980
2026/08/28 16:45:48.702, 3, 312.46, 61, 16, 55605, 48, 1980
2026/08/28 16:45:48.702, 4, 325.42, 63, 28, 56123, 47, 1980
2026/08/28 16:45:48.702, 5, 317.48, 65, 26, 40425, 39, 1980
2026/08/28 16:45:48.702, 6, 335.86, 62, 16, 55521, 48, 1980
2026/08/28 16:45:48.702, 7, 301.93, 53, 17, 60685, 40, 1980
2026/08/28 16:45:53.703, 0, 346.65, 78, 38, 59869, 49, 1980
2026/08/28 16:45:53.703, 1, 324.76, 61, 31, 56857, 42, 1980
2026/08/28 16:45:53.703, 2, 318.90, 71, 35, 62229, 39, 1980
2026/08/28 16:45:53.703, 3, 323.23, 64, 27, 55605, 47, 1980
2026/08/28 16:45:53.703, 4, 323.08, 66, 35, 56123, 47, 1980
2026/08/28 16:45:53.703, 5, 315.81, 72, 26, 40425, 39, 1980
2026/08/28 16:45:53.703, 6, 322.83, 64, 25, 55521, 46, 1980
2026/08/28 16:45:53.703, 7, 307.49, 70, 29, 60685, 38, 1980
2026/08/28 16:45:58.704, 0, 333.18, 53, 19, 59869, 49, 1980
2026/08/28 16:45:58.704, 1, 330.01, 76, 33, 56857, 41, 1980
2026/08/28 16:45:58.704, 2, 323.28, 67, 29, 62229, 39, 1980
2026/08/28 16:45:58.704, 3, 315.26, 58, 29, 55605, 48, 1980
2026/08/28 16:45:58.704, 4, 326.60, 70, 31, 56123, 47, 1980
2026/08/28 16:45:58.704, 5, 314.11, 70, 34, 40425, 40, 1980
2026/08/28 16:45:58.704, 6, 327.47, 62, 30, 55521, 48, 1980
2026/08/28 16:45:58.704, 7, 300.43, 64, 16, 60685, 39, 1980
2026/08/28 16:46:03.704, 0, 327.21, 57, 34, 59869, 49, 1980
2026/08/28 16:46:03.704, 1, 324.05, 64, 24, 56857, 43, 1980
2026/08/28 16:46:03.704, 2, 316.29, 57, 30, 62229, 39, 1980
2026/08/28 16:46:03.704, 3, 322.55, 74, 38, 55605, 47, 1980
2026/08/28 16:46:03.705, 4, 332.32, 57, 30, 56123, 48, 1980
2026/08/28 16:46:03.705, 5, 318.22, 59, 16, 40425, 39, 1980
2026/08/28 16:46:03.705, 6, 330.44, 75, 38, 55521, 47, 1980
2026/08/28 16:46:03.705, 7, 317.57, 55, 15, 60685, 39, 1980
2026/08/28 16:46:08.705, 0, 333.93, 58, 35, 59869, 49, 1980
2026/08/28 16:46:08.705, 1, 321.12, 59, 33, 56857, 43, 1980
2026/08/28 16:46:08.705, 2, 298.72, 75, 35, 62229, 39, 1980
2026/08/28 16:46:08.705, 3, 303.15, 57, 15, 55605, 48, 1980
2026/08/28 16:46:08.705, 4, 314.07, 70, 34, 56123, 47, 1980
2026/08/28 16:46:08.705, 5, 304.89, 71, 29, 40425, 39, 1980
2026/08/28 16:46:08.705, 6, 313.54, 59, 16, 55521, 48, 1980
2026/08/28 16:46:08.705, 7, 294.41, 69, 33, 60685, 39, 1980
2026/08/28 16:46:13.706, 0, 332.16, 65, 31, 59869, 50, 1980
2026/08/28 16:46:13.706, 1, 331.73, 78, 43, 56857, 42, 1980
2026/08/28 16:46:13.706, 2, 324.07, 80, 42, 62229, 40, 1980
2026/08/28 16:46:13.706, 3, 321.05, 70, 36, 55605, 48, 1980
2026/08/28 16:46:13.706, 4, 328.40, 82, 44, 56123, 49, 1980
2026/08/28 16:46:13.706, 5, 321.83, 74, 37, 40425, 40, 1980
2026/08/28 16:46:13.706, 6, 332.53, 72, 36, 55521, 48, 1980
2026/08/28 16:46:13.706, 7, 317.60, 74, 35, 60685, 39, 1980
2026/08/28 16:46:18.706, 0, 344.53, 61, 28, 59869, 50, 1980
2026/08/28 16:46:18.707, 1, 320.91, 72, 33, 56857, 42, 1980
2026/08/28 16:46:18.707, 2, 318.65, 73, 33, 62229, 39, 1980
2026/08/28 16:46:18.707, 3, 320.29, 64, 39, 55605, 48, 1980
2026/08/28 16:46:18.707, 4, 321.45, 74, 33, 56123, 47, 1980
2026/08/28 16:46:18.707, 5, 313.69, 73, 35, 40425, 40, 1980
2026/08/28 16:46:18.707, 6, 319.81, 62, 39, 55521, 47, 1980
2026/08/28 16:46:18.707, 7, 309.73, 77, 37, 60685, 40, 1980
2026/08/28 16:46:23.707, 0, 337.66, 64, 25, 59869, 50, 1980
2026/08/28 16:46:23.707, 1, 308.67, 68, 24, 56857, 42, 1980
2026/08/28 16:46:23.707, 2, 297.96, 68, 26, 62229, 39, 1980
2026/08/28 16:46:23.707, 3, 303.55, 76, 34, 55605, 47, 1980
2026/08/28 16:46:23.707, 4, 307.52, 70, 29, 56123, 48, 1980
2026/08/28 16:46:23.707, 5, 298.17, 82, 23, 40425, 39, 1980
2026/08/28 16:46:23.707, 6, 310.56, 77, 34, 55521, 47, 1980
2026/08/28 16:46:23.707, 7, 302.68, 76, 17, 60685, 39, 1980
2026/08/28 16:46:28.708, 0, 328.97, 66, 35, 59869, 49, 1980
2026/08/28 16:46:28.708, 1, 327.77, 68, 34, 56857, 42, 1980
2026/08/28 16:46:28.708, 2, 316.74, 66, 33, 62229, 40, 1980
2026/08/28 16:46:28.708, 3, 325.70, 83, 43, 55605, 49, 1980
2026/08/28 16:46:28.708, 4, 324.23, 69, 32, 56123, 49, 1980
2026/08/28 16:46:28.708, 5, 317.58, 63, 25, 40425, 40, 1980
2026/08/28 16:46:28.708, 6, 328.01, 66, 14, 55521, 48, 1980
2026/08/28 16:46:28.708, 7, 321.61, 60, 10, 60685, 39, 1980
2026/08/28 16:46:33.708, 0, 323.66, 71, 44, 59869, 50, 1980
2026/08/28 16:46:33.709, 1, 322.53, 58, 17, 56857, 42, 1980
2026/08/28 16:46:33.709, 2, 306.56, 64, 33, 62229, 38, 1980
2026/08/28 16:46:33.709, 3, 306.44, 72, 22, 55605, 47, 1980
2026/08/28 16:46:33.709, 4, 310.05, 63, 32, 56123, 47, 1980
2026/08/28 16:46:33.709, 5, 296.42, 57, 25, 40425, 40, 1980
2026/08/28 16:46:33.709, 6, 318.06, 71, 21, 55521, 47, 1980
2026/08/28 16:46:33.709, 7, 291.57, 73, 20, 60685, 39, 1980
2026/08/28 16:46:38.709, 0, 326.43, 63, 34, 59869, 49, 1980
2026/08/28 16:46:38.709, 1, 325.74, 65, 29, 56857, 42, 1980
2026/08/28 16:46:38.709, 2, 316.94, 70, 34, 62229, 40, 1980
2026/08/28 16:46:38.709, 3, 323.21, 70, 33, 55605, 48, 1980
2026/08/28 16:46:38.709, 4, 325.19, 68, 32, 56123, 49, 1980
2026/08/28 16:46:38.709, 5, 315.70, 72, 19, 40425, 40, 1980
2026/08/28 16:46:38.709, 6, 328.41, 69, 21, 55521, 48, 1980
2026/08/28 16:46:38.710, 7, 312.22, 71, 24, 60685, 40, 1980
2026/08/28 16:46:43.710, 0, 332.35, 52, 21, 59869, 50, 1980
2026/08/28 16:46:43.710, 1, 333.84, 57, 17, 56857, 42, 1980
2026/08/28 16:46:43.710, 2, 329.25, 55, 36, 62229, 40, 1980
2026/08/28 16:46:43.710, 3, 323.24, 67, 37, 55605, 47, 1980
2026/08/28 16:46:43.710, 4, 323.90, 47, 20, 56123, 47, 1980
2026/08/28 16:46:43.710, 5, 312.34, 65, 35, 40425, 39, 1980
2026/08/28 16:46:43.710, 6, 330.81, 52, 17, 55521, 48, 1980
2026/08/28 16:46:43.710, 7, 317.73, 51, 12, 60685, 39, 1980
2026/08/28 16:46:48.711, 0, 336.90, 58, 43, 59869, 50, 1980
2026/08/28 16:46:48.711, 1, 321.07, 55, 32, 56857, 42, 1980
2026/08/28 16:46:48.711, 2, 299.49, 62, 37, 62229, 38, 1980
2026/08/28 16:46:48.711, 3, 298.70, 62, 23, 55605, 47, 1980
2026/08/28 16:46:48.711, 4, 296.93, 52, 20, 56123, 47, 1980
2026/08/28 16:46:48.711, 5, 288.36, 57, 23, 40425, 39, 1980
2026/08/28 16:46:48.711, 6, 311.41, 66, 12, 55521, 46, 1980
2026/08/28 16:46:48.711, 7, 287.67, 63, 11, 60685, 38, 1980
2026/08/28 16:46:53.711, 0, 334.68, 67, 33, 59869, 49, 1980
2026/08/28 16:46:53.711, 1, 316.44, 78, 37, 56857, 42, 1980
2026/08/28 16:46:53.711, 2, 313.48, 60, 32, 62229, 39, 1980
2026/08/28 16:46:53.711, 3, 308.71, 70, 24, 55605, 48, 1980
2026/08/28 16:46:53.711, 4, 316.88, 60, 30, 56123, 48, 1980
2026/08/28 16:46:53.712, 5, 306.70, 66, 26, 40425, 40, 1980
2026/08/28 16:46:53.712, 6, 317.33, 72, 27, 55521, 48, 1980
2026/08/28 16:46:53.712, 7, 296.72, 61, 22, 60685, 39, 1980
2026/08/28 16:46:58.712, 0, 325.74, 66, 27, 59869, 49, 1980
2026/08/28 16:46:58.712, 1, 329.37, 70, 35, 56857, 42, 1980
2026/08/28 16:46:58.712, 2, 306.83, 60, 25, 62229, 39, 1980
2026/08/28 16:46:58.712, 3, 299.73, 62, 25, 55605, 48, 1980
2026/08/28 16:46:58.712, 4, 306.95, 59, 22, 56123, 48, 1980
2026/08/28 16:46:58.712, 5, 300.26, 71, 31, 40425, 39, 1980
2026/08/28 16:46:58.712, 6, 304.15, 66, 27, 55521, 48, 1980
2026/08/28 16:46:58.712, 7, 297.13, 67, 27, 60685, 39, 1980
2026/08/28 16:47:03.713, 0, 329.48, 53, 28, 59869, 50, 1980
2026/08/28 16:47:03.713, 1, 317.21, 86, 24, 56857, 42, 1980
2026/08/28 16:47:03.713, 2, 300.18, 50, 12, 62229, 38, 1980
2026/08/28 16:47:03.713, 3, 299.67, 66, 27, 55605, 48, 1980
2026/08/28 16:47:03.713, 4, 310.92, 65, 29, 56123, 47, 1980
2026/08/28 16:47:03.713, 5, 287.93, 77, 12, 40425, 39, 1980
2026/08/28 16:47:03.713, 6, 295.39, 72, 27, 55521, 47, 1980
2026/08/28 16:47:03.713, 7, 283.77, 73, 17, 60685, 39, 1980
2026/08/28 16:47:08.713, 0, 336.45, 62, 28, 59869, 50, 1980
2026/08/28 16:47:08.714, 1, 315.88, 66, 20, 56857, 43, 1980
2026/08/28 16:47:08.714, 2, 305.64, 70, 29, 62229, 40, 1980
2026/08/28 16:47:08.714, 3, 314.10, 71, 26, 55605, 48, 1980
2026/08/28 16:47:08.714, 4, 309.73, 81, 41, 56123, 49, 1980
2026/08/28 16:47:08.714, 5, 299.75, 73, 35, 40425, 39, 1980
2026/08/28 16:47:08.714, 6, 314.54, 68, 26, 55521, 48, 1980
2026/08/28 16:47:08.714, 7, 302.25, 73, 35, 60685, 39, 1980
2026/08/28 16:47:13.714, 0, 327.71, 76, 32, 59869, 50, 1980
2026/08/28 16:47:13.714, 1, 325.60, 59, 27, 56857, 43, 1980
2026/08/28 16:47:13.714, 2, 326.14, 67, 30, 62229, 40, 1980
2026/08/28 16:47:13.714, 3, 323.19, 72, 33, 55605, 47, 1980
2026/08/28 16:47:13.714, 4, 327.06, 68, 31, 56123, 48, 1980
2026/08/28 16:47:13.714, 5, 322.80, 75, 31, 40425, 39, 1980
2026/08/28 16:47:13.714, 6, 329.78, 68, 30, 55521, 47, 1980
2026/08/28 16:47:13.714, 7, 316.67, 70, 33, 60685, 39, 1980
2026/08/28 16:47:18.715, 0, 349.87, 64, 27, 59869, 50, 1980
2026/08/28 16:47:18.715, 1, 336.53, 80, 44, 56857, 43, 1980
2026/08/28 16:47:18.715, 2, 308.45, 74, 36, 62229, 38, 1980
2026/08/28 16:47:18.715, 3, 288.94, 72, 23, 55605, 48, 1980
2026/08/28 16:47:18.715, 4, 290.69, 70, 30, 56123, 47, 1980
2026/08/28 16:47:18.715, 5, 284.39, 71, 14, 40425, 40, 1980
2026/08/28 16:47:18.715, 6, 296.70, 72, 24, 55521, 48, 1980
2026/08/28 16:47:18.715, 7, 281.03, 68, 12, 60685, 40, 1980
2026/08/28 16:47:23.715, 0, 336.85, 66, 27, 59869, 50, 1980
2026/08/28 16:47:23.716, 1, 338.14, 83, 40, 56857, 43, 1980
2026/08/28 16:47:23.716, 2, 322.18, 73, 34, 62229, 39, 1980
2026/08/28 16:47:23.716, 3, 333.64, 69, 36, 55605, 49, 1980
2026/08/28 16:47:23.716, 4, 328.17, 77, 37, 56123, 48, 1980
2026/08/28 16:47:23.716, 5, 315.60, 70, 23, 40425, 41, 1980
2026/08/28 16:47:23.716, 6, 328.49, 67, 37, 55521, 49, 1980
2026/08/28 16:47:23.716, 7, 319.60, 67, 21, 60685, 40, 1980
2026/08/28 16:47:28.716, 0, 340.41, 76, 37, 59869, 50, 1980
2026/08/28 16:47:28.716, 1, 339.55, 70, 34, 56857, 43, 1980
2026/08/28 16:47:28.716, 2, 328.97, 66, 34, 62229, 40, 1980
2026/08/28 16:47:28.716, 3, 336.55, 67, 24, 55605, 48, 1980
2026/08/28 16:47:28.716, 4, 336.69, 80, 39, 56123, 48, 1980
2026/08/28 16:47:28.716, 5, 325.84, 80, 41, 40425, 39, 1980
2026/08/28 16:47:28.716, 6, 342.93, 69, 26, 55521, 47, 1980
2026/08/28 16:47:28.716, 7, 327.30, 75, 36, 60685, 39, 1980
2026/08/28 16:47:33.717, 0, 339.10, 72, 33, 59869, 50, 1980
2026/08/28 16:47:33.717, 1, 322.27, 72, 31, 56857, 42, 1980
2026/08/28 16:47:33.717, 2, 298.74, 66, 30, 62229, 40, 1980
2026/08/28 16:47:33.717, 3, 289.51, 73, 21, 55605, 49, 1980
2026/08/28 16:47:33.717, 4, 295.39, 65, 30, 56123, 47, 1980
2026/08/28 16:47:33.717, 5, 293.83, 72, 29, 40425, 40, 1980
2026/08/28 16:47:33.717, 6, 305.84, 73, 24, 55521, 48, 1980
2026/08/28 16:47:33.717, 7, 286.31, 69, 27, 60685, 40, 1980
2026/08/28 16:47:38.718, 0, 335.46, 58, 35, 59869, 51, 1980
2026/08/28 16:47:38.718, 1, 320.70, 63, 23, 56857, 43, 1980
2026/08/28 16:47:38.718, 2, 310.62, 59, 19, 62229, 40, 1980
2026/08/28 16:47:38.718, 3, 314.52, 62, 27, 55605, 48, 1980
2026/08/28 16:47:38.718, 4, 322.60, 55, 16, 56123, 49, 1980
2026/08/28 16:47:38.718, 5, 306.96, 80, 39, 40425, 39, 1980
2026/08/28 16:47:38.718, 6, 327.01, 63, 26, 55521, 48, 1980
2026/08/28 16:47:38.718, 7, 301.14, 84, 40, 60685, 39, 1980
2026/08/28 16:47:43.718, 0, 340.86, 71, 28, 59869, 50, 1980
2026/08/28 16:47:43.718, 1, 339.34, 76, 37, 56857, 43, 1980
2026/08/28 16:47:43.718, 2, 322.62, 75, 36, 62229, 39, 1980
2026/08/28 16:47:43.718, 3, 326.57, 82, 39, 55605, 48, 1980
2026/08/28 16:47:43.718, 4, 325.50, 78, 36, 56123, 48, 1980
2026/08/28 16:47:43.719, 5, 320.21, 72, 33, 40425, 40, 1980
2026/08/28 16:47:43.719, 6, 328.99, 86, 39, 55521, 48, 1980
2026/08/28 16:47:43.719, 7, 309.64, 64, 13, 60685, 39, 1980
2026/08/28 16:47:48.719, 0, 325.35, 72, 41, 59869, 50, 1980
2026/08/28 16:47:48.719, 1, 322.94, 79, 41, 63437, 42, 1980
2026/08/28 16:47:48.719, 2, 305.17, 81, 39, 62229, 39, 1980
2026/08/28 16:47:48.719, 3, 312.27, 63, 34, 55605, 48, 1980
2026/08/28 16:47:48.719, 4, 309.69, 82, 39, 56123, 48, 1980
2026/08/28 16:47:48.719, 5, 301.49, 70, 21, 40425, 39, 1980
2026/08/28 16:47:48.719, 6, 316.95, 67, 33, 55521, 48, 1980
2026/08/28 16:47:48.719, 7, 294.80, 78, 25, 60685, 40, 1980
2026/08/28 16:47:53.720, 0, 331.02, 65, 25, 59869, 50, 1980
2026/08/28 16:47:53.720, 1, 317.35, 55, 22, 63437, 42, 1980
2026/08/28 16:47:53.720, 2, 309.55, 66, 25, 62229, 38, 1980
2026/08/28 16:47:53.720, 3, 309.15, 80, 43, 55605, 48, 1980
2026/08/28 16:47:53.720, 4, 310.50, 66, 26, 56123, 47, 1980
2026/08/28 16:47:53.720, 5, 303.80, 72, 39, 40425, 40, 1980
2026/08/28 16:47:53.720, 6, 318.85, 83, 40, 55521, 48, 1980
2026/08/28 16:47:53.720, 7, 298.78, 60, 19, 60685, 38, 1980
2026/08/28 16:47:58.720, 0, 340.10, 71, 31, 59869, 51, 1980
2026/08/28 16:47:58.720, 1, 338.45, 79, 35, 63437, 42, 1980
2026/08/28 16:47:58.721, 2, 329.07, 76, 37, 62229, 39, 1980
2026/08/28 16:47:58.721, 3, 335.55, 69, 33, 55605, 48, 1980
2026/08/28 16:47:58.721, 4, 332.11, 80, 38, 56123, 48, 1980
2026/08/28 16:47:58.721, 5, 326.81, 68, 23, 40425, 40, 1980
2026/08/28 16:47:58.721, 6, 326.07, 68, 33, 55521, 48, 1980
2026/08/28 16:47:58.721, 7, 316.11, 67, 26, 60685, 40, 1980
2026/08/28 16:48:03.721, 0, 332.78, 70, 39, 59869, 50, 1980
2026/08/28 16:48:03.721, 1, 337.18, 67, 27, 63437, 43, 1980
2026/08/28 16:48:03.721, 2, 303.56, 60, 26, 62229, 40, 1980
2026/08/28 16:48:03.721, 3, 313.46, 76, 37, 55605, 47, 1980
2026/08/28 16:48:03.721, 4, 314.52, 57, 24, 56123, 47, 1980
2026/08/28 16:48:03.721, 5, 311.80, 62, 27, 40425, 39, 1980
2026/08/28 16:48:03.721, 6, 317.26, 88, 37, 55521, 47, 1980
2026/08/28 16:48:03.721, 7, 307.93, 71, 32, 60685, 39, 1980
2026/08/28 16:48:08.722, 0, 323.74, 64, 30, 59869, 50, 1980
2026/08/28 16:48:08.729, 1, 329.97, 72, 31, 63437, 41, 1980
2026/08/28 16:48:08.736, 2, 315.70, 75, 34, 62229, 38, 1980
2026/08/28 16:48:08.743, 3, 320.82, 61, 29, 55605, 48, 1980
2026/08/28 16:48:08.750, 4, 328.05, 77, 35, 56123, 48, 1980
2026/08/28 16:48:08.756, 5, 321.24, 67, 24, 40425, 40, 1980
2026/08/28 16:48:08.763, 6, 331.72, 62, 28, 55521, 49, 1980
2026/08/28 16:48:08.770, 7, 315.07, 65, 21, 60687, 40, 1980
2026/08/28 16:48:13.777, 0, 341.96, 63, 34, 59869, 50, 1980
2026/08/28 16:48:13.786, 1, 312.58, 65, 29, 63437, 41, 1980
2026/08/28 16:48:13.796, 2, 303.93, 67, 24, 62229, 39, 1980
2026/08/28 16:48:13.805, 3, 313.74, 80, 38, 55605, 48, 1980
2026/08/28 16:48:13.815, 4, 302.99, 70, 25, 56123, 47, 1980
2026/08/28 16:48:13.824, 5, 294.13, 61, 32, 40425, 40, 1980
2026/08/28 16:48:13.833, 6, 302.71, 65, 7, 55521, 47, 1980
2026/08/28 16:48:13.842, 7, 284.12, 51, 32, 60687, 39, 1980
2026/08/28 16:48:18.851, 0, 346.43, 72, 34, 59869, 51, 1980
2026/08/28 16:48:18.862, 1, 333.31, 74, 33, 63437, 42, 1980
2026/08/28 16:48:18.872, 2, 320.32, 85, 40, 62229, 39, 1980
2026/08/28 16:48:18.884, 3, 323.91, 68, 24, 55605, 49, 1980
2026/08/28 16:48:18.894, 4, 337.15, 84, 40, 56123, 48, 1980
2026/08/28 16:48:18.904, 5, 326.26, 70, 36, 40425, 41, 1980
2026/08/28 16:48:18.923, 6, 342.02, 67, 26, 55521, 49, 1980
2026/08/28 16:48:18.933, 7, 319.02, 69, 37, 60687, 40, 1980
2026/08/28 16:48:23.942, 0, 336.98, 59, 25, 59869, 51, 1980
2026/08/28 16:48:23.949, 1, 333.92, 80, 37, 63437, 42, 1980
2026/08/28 16:48:23.955, 2, 323.07, 65, 24, 62229, 39, 1980
2026/08/28 16:48:23.962, 3, 319.47, 59, 40, 55605, 48, 1980
2026/08/28 16:48:23.969, 4, 317.13, 70, 17, 56123, 48, 1980
2026/08/28 16:48:23.976, 5, 309.42, 74, 16, 40425, 40, 1980
2026/08/28 16:48:23.983, 6, 325.84, 68, 40, 55521, 48, 1980
2026/08/28 16:48:23.995, 7, 311.21, 74, 15, 60687, 39, 1980
2026/08/28 16:48:29.002, 0, 332.03, 71, 33, 59869, 50, 1980
2026/08/28 16:48:29.011, 1, 332.07, 80, 34, 63437, 42, 1980
2026/08/28 16:48:29.019, 2, 326.29, 82, 32, 62229, 39, 1980
2026/08/28 16:48:29.026, 3, 328.41, 70, 31, 55605, 49, 1980
2026/08/28 16:48:29.041, 4, 334.45, 67, 36, 56123, 49, 1980
2026/08/28 16:48:29.057, 5, 324.25, 67, 20, 40425, 41, 1980
2026/08/28 16:48:29.067, 6, 340.01, 74, 35, 55521, 49, 1980
2026/08/28 16:48:29.078, 7, 324.37, 65, 21, 60687, 40, 1980
2026/08/28 16:48:34.088, 0, 326.69, 59, 26, 59869, 49, 1980
2026/08/28 16:48:34.097, 1, 317.22, 66, 29, 63437, 43, 1980
2026/08/28 16:48:34.106, 2, 302.89, 62, 18, 62229, 40, 1980
2026/08/28 16:48:34.114, 3, 296.25, 75, 33, 55605, 48, 1980
2026/08/28 16:48:34.121, 4, 301.07, 64, 35, 56123, 48, 1980
2026/08/28 16:48:34.130, 5, 291.79, 57, 22, 40425, 39, 1980
2026/08/28 16:48:34.145, 6, 301.91, 74, 33, 55521, 48, 1980
2026/08/28 16:48:34.152, 7, 286.28, 67, 19, 60687, 39, 1980
2026/08/28 16:48:39.160, 0, 318.79, 77, 41, 59869, 50, 1980
2026/08/28 16:48:39.177, 1, 328.20, 79, 38, 63437, 43, 1980
2026/08/28 16:48:39.186, 2, 307.24, 75, 37, 62229, 39, 1980
2026/08/28 16:48:39.194, 3, 314.92, 70, 35, 55605, 48, 1980
2026/08/28 16:48:39.201, 4, 316.28, 82, 40, 56123, 48, 1980
2026/08/28 16:48:39.208, 5, 306.34, 65, 29, 40425, 39, 1980
2026/08/28 16:48:39.217, 6, 317.62, 70, 34, 55521, 47, 1980
2026/08/28 16:48:39.226, 7, 299.50, 60, 25, 60687, 39, 1980
2026/08/28 16:48:44.235, 0, 324.38, 66, 34, 59869, 50, 1980
2026/08/28 16:48:44.250, 1, 325.18, 70, 40, 63437, 43, 1980
2026/08/28 16:48:44.259, 2, 308.46, 66, 40, 62229, 40, 1980
2026/08/28 16:48:44.271, 3, 313.24, 62, 25, 55605, 48, 1980
2026/08/28 16:48:44.280, 4, 317.52, 75, 29, 56123, 48, 1980
2026/08/28 16:48:44.289, 5, 307.77, 83, 35, 40425, 39, 1980
2026/08/28 16:48:44.298, 6, 314.83, 68, 28, 55521, 48, 1980
2026/08/28 16:48:44.307, 7, 305.46, 80, 34, 60687, 39, 1980
2026/08/28 16:48:49.316, 0, 333.67, 60, 31, 59869, 50, 1980
2026/08/28 16:48:49.324, 1, 325.65, 67, 29, 63437, 42, 1980
2026/08/28 16:48:49.332, 2, 310.50, 66, 25, 62229, 39, 1980
2026/08/28 16:48:49.340, 3, 304.20, 68, 29, 55605, 48, 1980
2026/08/28 16:48:49.348, 4, 306.00, 66, 21, 56123, 48, 1980
2026/08/28 16:48:49.355, 5, 297.80, 71, 18, 40425, 39, 1980
2026/08/28 16:48:49.363, 6, 302.24, 71, 29, 55521, 48, 1980
2026/08/28 16:48:49.371, 7, 297.23, 58, 17, 60687, 39, 1980
2026/08/28 16:48:54.379, 0, 326.70, 52, 18, 59869, 50, 1980
2026/08/28 16:48:54.388, 1, 327.05, 68, 32, 63437, 42, 1980
2026/08/28 16:48:54.397, 2, 301.40, 73, 22, 62229, 38, 1980
2026/08/28 16:48:54.406, 3, 297.73, 60, 22, 55605, 48, 1980
2026/08/28 16:48:54.414, 4, 305.01, 76, 23, 56123, 47, 1980
2026/08/28 16:48:54.423, 5, 296.17, 64, 10, 40425, 39, 1980
2026/08/28 16:48:54.431, 6, 308.35, 66, 22, 55521, 47, 1980
2026/08/28 16:48:54.439, 7, 289.35, 64, 13, 60687, 39, 1980
2026/08/28 16:48:59.447, 0, 335.01, 63, 37, 59869, 51, 1980
2026/08/28 16:48:59.456, 1, 338.93, 70, 25, 63437, 43, 1980
2026/08/28 16:48:59.464, 2, 317.04, 68, 27, 62229, 40, 1980
2026/08/28 16:48:59.473, 3, 324.02, 84, 39, 55605, 48, 1980
2026/08/28 16:48:59.483, 4, 333.41, 82, 25, 56123, 48, 1980
2026/08/28 16:48:59.492, 5, 318.26, 80, 38, 40425, 39, 1980
2026/08/28 16:48:59.501, 6, 328.82, 66, 23, 55521, 48, 1980
2026/08/28 16:48:59.509, 7, 315.03, 66, 25, 60687, 39, 1980
2026/08/28 16:49:04.519, 0, 325.62, 61, 23, 59869, 50, 1980
2026/08/28 16:49:04.527, 1, 315.30, 69, 35, 63437, 43, 1980
2026/08/28 16:49:04.535, 2, 300.61, 68, 24, 62229, 39, 1980
2026/08/28 16:49:04.544, 3, 309.98, 68, 35, 55605, 48, 1980
2026/08/28 16:49:04.552, 4, 317.61, 63, 23, 56123, 48, 1980
2026/08/28 16:49:04.561, 5, 305.37, 85, 37, 40425, 39, 1980
2026/08/28 16:49:04.569, 6, 318.83, 88, 44, 55521, 48, 1980
2026/08/28 16:49:04.578, 7, 303.68, 85, 40, 60687, 39, 1980
2026/08/28 16:49:09.587, 0, 336.24, 63, 23, 59869, 50, 1980
2026/08/28 16:49:09.587, 1, 335.52, 71, 30, 63437, 43, 1980
2026/08/28 16:49:09.587, 2, 321.86, 69, 29, 62229, 40, 1980
2026/08/28 16:49:09.587, 3, 319.44, 62, 32, 55605, 48, 1980
2026/08/28 16:49:09.587, 4, 315.77, 68, 30, 56123, 49, 1980
2026/08/28 16:49:09.587, 5, 308.44, 67, 31, 40425, 39, 1980
2026/08/28 16:49:09.587, 6, 320.31, 68, 32, 55521, 48, 1980
2026/08/28 16:49:09.587, 7, 310.41, 70, 32, 60687, 39, 1980
2026/08/28 16:49:14.587, 0, 327.98, 82, 38, 59869, 49, 1980
2026/08/28 16:49:14.588, 1, 337.02, 61, 29, 63437, 43, 1980
2026/08/28 16:49:14.588, 2, 318.63, 73, 36, 62229, 39, 1980
2026/08/28 16:49:14.588, 3, 307.55, 64, 24, 55605, 49, 1980
2026/08/28 16:49:14.588, 4, 316.23, 69, 36, 56123, 48, 1980
2026/08/28 16:49:14.588, 5, 306.89, 72, 17, 40425, 40, 1980
2026/08/28 16:49:14.588, 6, 313.13, 63, 21, 55521, 48, 1980
2026/08/28 16:49:14.588, 7, 306.68, 71, 20, 60687, 39, 1980
2026/08/28 16:49:19.588, 0, 322.45, 60, 36, 59869, 50, 1980
2026/08/28 16:49:19.588, 1, 324.43, 60, 25, 63437, 43, 1980
2026/08/28 16:49:19.588, 2, 310.84, 66, 34, 62229, 40, 1980
2026/08/28 16:49:19.588, 3, 315.99, 77, 40, 55605, 48, 1980
2026/08/28 16:49:19.588, 4, 318.82, 69, 33, 56123, 49, 1980
2026/08/28 16:49:19.588, 5, 315.33, 70, 26, 40425, 39, 1980
2026/08/28 16:49:19.589, 6, 328.41, 74, 40, 55521, 48, 1980
2026/08/28 16:49:19.589, 7, 306.75, 71, 24, 60687, 39, 1980
2026/08/28 16:49:24.589, 0, 333.85, 63, 39, 59869, 49, 1980
2026/08/28 16:49:24.589, 1, 341.04, 67, 40, 63437, 43, 1980
2026/08/28 16:49:24.589, 2, 319.14, 76, 36, 62229, 39, 1980
2026/08/28 16:49:24.589, 3, 310.92, 67, 24, 55605, 49, 1980
2026/08/28 16:49:24.589, 4, 316.80, 72, 35, 56123, 48, 1980
2026/08/28 16:49:24.589, 5, 308.43, 67, 29, 40425, 40, 1980
2026/08/28 16:49:24.589, 6, 324.48, 69, 26, 55521, 49, 1980
2026/08/28 16:49:24.589, 7, 290.59, 70, 31, 60687, 39, 1980
2026/08/28 16:49:29.590, 0, 333.92, 67, 38, 59869, 51, 1980
2026/08/28 16:49:29.590, 1, 302.74, 64, 38, 63437, 42, 1980
2026/08/28 16:49:29.590, 2, 302.66, 86, 24, 62229, 39, 1980
2026/08/28 16:49:29.590, 3, 305.17, 71, 26, 55605, 47, 1980
2026/08/28 16:49:29.590, 4, 290.00, 67, 22, 56123, 48, 1980
2026/08/28 16:49:29.590, 5, 292.71, 79, 33, 40425, 39, 1980
2026/08/28 16:49:29.590, 6, 310.57, 75, 26, 55521, 47, 1980
2026/08/28 16:49:29.590, 7, 288.01, 74, 34, 60687, 38, 1980
2026/08/28 16:49:34.590, 0, 303.17, 65, 19, 59869, 50, 1980
2026/08/28 16:49:34.590, 1, 299.46, 68, 27, 63437, 42, 1980
2026/08/28 16:49:34.590, 2, 289.64, 61, 28, 62229, 38, 1980
2026/08/28 16:49:34.591, 3, 295.40, 64, 27, 55605, 48, 1980
2026/08/28 16:49:34.591, 4, 298.31, 85, 37, 56123, 47, 1980
2026/08/28 16:49:34.591, 5, 296.33, 69, 34, 40425, 39, 1980
2026/08/28 16:49:34.591, 6, 299.96, 64, 25, 55521, 47, 1980
2026/08/28 16:49:34.591, 7, 288.80, 60, 33, 60687, 39, 1980
2026/08/28 16:49:39.591, 0, 343.87, 61, 38, 59869, 50, 1980
2026/08/28 16:49:39.591, 1, 312.53, 61, 37, 63437, 43, 1980
2026/08/28 16:49:39.591, 2, 299.04, 73, 29, 62229, 39, 1980
2026/08/28 16:49:39.591, 3, 305.94, 70, 31, 55605, 47, 1980
2026/08/28 16:49:39.591, 4, 315.72, 67, 23, 56123, 49, 1980
2026/08/28 16:49:39.591, 5, 300.76, 79, 33, 40425, 39, 1980
2026/08/28 16:49:39.591, 6, 310.77, 75, 32, 55521, 47, 1980
2026/08/28 16:49:39.591, 7, 294.18, 78, 32, 60687, 39, 1980
2026/08/28 16:49:44.592, 0, 307.07, 67, 34, 59869, 51, 1980
2026/08/28 16:49:44.592, 1, 302.78, 65, 24, 63437, 42, 1980
2026/08/28 16:49:44.592, 2, 293.63, 83, 35, 62229, 39, 1980
2026/08/28 16:49:44.592, 3, 300.96, 68, 33, 55605, 49, 1980
2026/08/28 16:49:44.592, 4, 307.16, 72, 33, 56123, 47, 1980
2026/08/28 16:49:44.592, 5, 296.34, 70, 36, 40425, 40, 1980
2026/08/28 16:49:44.592, 6, 306.72, 67, 32, 55521, 48, 1980
2026/08/28 16:49:44.592, 7, 297.27, 71, 35, 60687, 40, 1980
2026/08/28 16:49:49.592, 0, 336.37, 60, 31, 67205, 50, 1980
2026/08/28 16:49:49.593, 1, 319.40, 67, 28, 63437, 43, 1980
2026/08/28 16:49:49.593, 2, 306.40, 75, 39, 62229, 39, 1980
2026/08/28 16:49:49.593, 3, 304.42, 68, 32, 55605, 48, 1980
2026/08/28 16:49:49.593, 4, 309.16, 68, 27, 56123, 49, 1980
2026/08/28 16:49:49.593, 5, 301.95, 75, 32, 40425, 39, 1980
2026/08/28 16:49:49.593, 6, 313.71, 72, 33, 55521, 48, 1980
2026/08/28 16:49:49.593, 7, 292.93, 73, 32, 60687, 38, 1980
2026/08/28 16:49:54.593, 0, 332.10, 64, 29, 67205, 50, 1980
2026/08/28 16:49:54.593, 1, 339.83, 60, 28, 63437, 43, 1980
2026/08/28 16:49:54.593, 2, 310.02, 61, 15, 62229, 39, 1980
2026/08/28 16:49:54.593, 3, 312.44, 79, 28, 55605, 47, 1980
2026/08/28 16:49:54.593, 4, 322.00, 69, 24, 56123, 48, 1980
2026/08/28 16:49:54.593, 5, 309.68, 61, 26, 40425, 39, 1980
2026/08/28 16:49:54.593, 6, 321.22, 71, 31, 55521, 48, 1980
2026/08/28 16:49:54.594, 7, 302.50, 63, 24, 60687, 38, 1980
2026/08/28 16:49:59.594, 0, 334.59, 67, 29, 67205, 50, 1980
2026/08/28 16:49:59.594, 1, 319.52, 57, 17, 63437, 42, 1980
2026/08/28 16:49:59.594, 2, 299.53, 57, 24, 68529, 38, 1980
2026/08/28 16:49:59.594, 3, 307.70, 59, 15, 61793, 48, 1980
2026/08/28 16:49:59.594, 4, 307.49, 48, 24, 62353, 47, 1980
2026/08/28 16:49:59.594, 5, 295.17, 60, 36, 46641, 39, 1980
2026/08/28 16:49:59.594, 6, 303.64, 62, 19, 61823, 47, 1980
2026/08/28 16:49:59.594, 7, 291.07, 62, 13, 66819, 39, 1980
2026/08/28 16:50:04.595, 0, 326.38, 48, 27, 67205, 50, 1980
2026/08/28 16:50:04.595, 1, 324.91, 55, 22, 63437, 42, 1980
2026/08/28 16:50:04.595, 2, 300.53, 56, 28, 68529, 39, 1980
2026/08/28 16:50:04.595, 3, 294.58, 69, 30, 61793, 47, 1980
2026/08/28 16:50:04.595, 4, 288.24, 66, 27, 62353, 48, 1980
2026/08/28 16:50:04.595, 5, 278.51, 65, 26, 46641, 39, 1980
2026/08/28 16:50:04.595, 6, 290.72, 79, 31, 61823, 47, 1980
2026/08/28 16:50:04.595, 7, 282.91, 72, 30, 66819, 38, 1980
2026/08/28 16:50:09.595, 0, 344.67, 77, 43, 67205, 50, 1980
2026/08/28 16:50:09.595, 1, 305.20, 81, 33, 63437, 42, 1980
2026/08/28 16:50:09.595, 2, 283.24, 61, 10, 68529, 38, 1980
2026/08/28 16:50:09.595, 3, 290.69, 55, 21, 61793, 48, 1980
2026/08/28 16:50:09.596, 4, 301.60, 55, 35, 62353, 48, 1980
2026/08/28 16:50:09.596, 5, 287.40, 68, 34, 46641, 40, 1980
2026/08/28 16:50:09.596, 6, 305.19, 57, 21, 61823, 48, 1980
2026/08/28 16:50:09.596, 7, 282.30, 59, 21, 66819, 39, 1980
2026/08/28 16:50:14.596, 0, 330.35, 59, 16, 67205, 51, 1980
2026/08/28 16:50:14.596, 1, 334.58, 53, 13, 63437, 43, 1980
2026/08/28 16:50:14.596, 2, 320.27, 63, 42, 68529, 39, 1980
2026/08/28 16:50:14.596, 3, 323.76, 63, 34, 61793, 48, 1980
2026/08/28 16:50:14.596, 4, 323.14, 81, 38, 62353, 48, 1980
2026/08/28 16:50:14.596, 5, 305.87, 79, 21, 46641, 38, 1980
2026/08/28 16:50:14.596, 6, 326.55, 63, 35, 61823, 47, 1980
2026/08/28 16:50:14.596, 7, 312.73, 66, 34, 66819, 40, 1980
2026/08/28 16:50:19.597, 0, 327.63, 56, 20, 67205, 50, 1980
2026/08/28 16:50:19.597, 1, 328.89, 50, 16, 63437, 42, 1980
2026/08/28 16:50:19.597, 2, 307.71, 68, 32, 68529, 40, 1980
2026/08/28 16:50:19.597, 3, 314.86, 69, 30, 61793, 48, 1980
2026/08/28 16:50:19.597, 4, 335.68, 88, 39, 62353, 47, 1980
2026/08/28 16:50:19.597, 5, 319.19, 74, 35, 46641, 40, 1980
2026/08/28 16:50:19.597, 6, 326.08, 67, 18, 61823, 48, 1980
2026/08/28 16:50:19.597, 7, 316.47, 77, 36, 66819, 40, 1980
2026/08/28 16:50:24.597, 0, 327.67, 84, 48, 67205, 51, 1980
2026/08/28 16:50:24.598, 1, 330.08, 75, 26, 63437, 43, 1980
2026/08/28 16:50:24.598, 2, 309.61, 77, 36, 68529, 38, 1980
2026/08/28 16:50:24.598, 3, 314.80, 72, 27, 61793, 48, 1980
2026/08/28 16:50:24.598, 4, 322.97, 71, 21, 62353, 49, 1980
2026/08/28 16:50:24.598, 5, 312.53, 83, 24, 46641, 40, 1980
2026/08/28 16:50:24.598, 6, 336.63, 63, 35, 61823, 48, 1980
2026/08/28 16:50:24.598, 7, 310.24, 81, 21, 66819, 39, 1980
2026/08/28 16:50:29.598, 0, 325.69, 82, 38, 67205, 49, 1980
2026/08/28 16:50:29.598, 1, 335.26, 70, 33, 63437, 43, 1980
2026/08/28 16:50:29.598, 2, 319.92, 63, 18, 68529, 39, 1980
2026/08/28 16:50:29.598, 3, 324.95, 79, 35, 61793, 49, 1980
2026/08/28 16:50:29.598, 4, 331.04, 69, 35, 62353, 48, 1980
2026/08/28 16:50:29.598, 5, 307.75, 58, 24, 46641, 40, 1980
2026/08/28 16:50:29.598, 6, 322.67, 77, 36, 61823, 48, 1980
2026/08/28 16:50:29.598, 7, 308.69, 62, 26, 66819, 40, 1980
2026/08/28 16:50:34.599, 0, 341.07, 73, 37, 67205, 50, 1980
2026/08/28 16:50:34.599, 1, 342.55, 77, 39, 63437, 43, 1980
2026/08/28 16:50:34.599, 2, 315.24, 82, 42, 68529, 39, 1980
2026/08/28 16:50:34.599, 3, 319.70, 75, 38, 61793, 49, 1980
2026/08/28 16:50:34.599, 4, 326.26, 64, 35, 62353, 48, 1980
2026/08/28 16:50:34.599, 5, 314.11, 64, 32, 46641, 40, 1980
2026/08/28 16:50:34.599, 6, 332.25, 84, 40, 61823, 49, 1980
2026/08/28 16:50:34.599, 7, 314.69, 64, 34, 66819, 40, 1980
2026/08/28 16:50:39.600, 0, 350.94, 63, 33, 67205, 50, 1980
2026/08/28 16:50:39.600, 1, 322.31, 65, 42, 63437, 43, 1980
2026/08/28 16:50:39.600, 2, 306.53, 64, 40, 68529, 40, 1980
2026/08/28 16:50:39.600, 3, 297.35, 58, 22, 61793, 48, 1980
2026/08/28 16:50:39.600, 4, 302.39, 65, 18, 62353, 49, 1980
2026/08/28 16:50:39.600, 5, 270.89, 80, 36, 46641, 39, 1980
2026/08/28 16:50:39.600, 6, 285.81, 70, 22, 61823, 47, 1980
2026/08/28 16:50:39.600, 7, 268.92, 78, 35, 66819, 39, 1980
2026/08/28 16:50:44.600, 0, 321.79, 69, 34, 67205, 50, 1980
2026/08/28 16:50:44.600, 1, 314.59, 69, 25, 63437, 43, 1980
2026/08/28 16:50:44.600, 2, 302.13, 67, 22, 68529, 38, 1980
2026/08/28 16:50:44.600, 3, 313.16, 70, 32, 61793, 47, 1980
2026/08/28 16:50:44.600, 4, 308.39, 64, 26, 62353, 48, 1980
2026/08/28 16:50:44.601, 5, 308.03, 74, 31, 46641, 39, 1980
2026/08/28 16:50:44.601, 6, 324.70, 74, 32, 61823, 47, 1980
2026/08/28 16:50:44.601, 7, 298.54, 74, 31, 66819, 38, 1980
2026/08/28 16:50:49.601, 0, 328.84, 71, 36, 67205, 50, 1980
2026/08/28 16:50:49.601, 1, 323.96, 72, 30, 63437, 43, 1980
2026/08/28 16:50:49.601, 2, 309.80, 70, 27, 68529, 40, 1980
2026/08/28 16:50:49.601, 3, 319.65, 74, 34, 61793, 48, 1980
2026/08/28 16:50:49.601, 4, 325.77, 66, 23, 62353, 48, 1980
2026/08/28 16:50:49.601, 5, 318.11, 73, 31, 46641, 39, 1980
2026/08/28 16:50:49.601, 6, 317.04, 74, 33, 61823, 48, 1980
2026/08/28 16:50:49.601, 7, 311.10, 80, 31, 66819, 39, 1980
2026/08/28 16:50:54.602, 0, 330.73, 68, 35, 67205, 51, 1980
2026/08/28 16:50:54.602, 1, 340.57, 65, 29, 63437, 43, 1980
2026/08/28 16:50:54.602, 2, 309.29, 64, 26, 68529, 40, 1980
2026/08/28 16:50:54.602, 3, 306.54, 79, 42, 61793, 48, 1980
2026/08/28 16:50:54.602, 4, 315.37, 69, 30, 62353, 49, 1980
2026/08/28 16:50:54.602, 5, 306.79, 70, 33, 46641, 39, 1980
2026/08/28 16:50:54.602, 6, 315.90, 76, 41, 61823, 48, 1980
2026/08/28 16:50:54.602, 7, 298.63, 70, 32, 66819, 39, 1980
2026/08/28 16:50:59.602, 0, 335.16, 62, 31, 67205, 50, 1980
2026/08/28 16:50:59.603, 1, 316.15, 68, 28, 63437, 43, 1980
2026/08/28 16:50:59.603, 2, 313.19, 65, 24, 68529, 40, 1980
2026/08/28 16:50:59.603, 3, 318.24, 69, 31, 61793, 48, 1980
2026/08/28 16:50:59.603, 4, 320.49, 67, 28, 62353, 49, 1980
2026/08/28 16:50:59.603, 5, 309.06, 75, 31, 46641, 39, 1980
2026/08/28 16:50:59.603, 6, 311.46, 69, 30, 61823, 48, 1980
2026/08/28 16:50:59.603, 7, 301.96, 73, 31, 66819, 39, 1980
2026/08/28 16:51:04.603, 0, 336.08, 74, 33, 67205, 51, 1980
2026/08/28 16:51:04.603, 1, 340.21, 72, 42, 63437, 44, 1980
2026/08/28 16:51:04.603, 2, 310.32, 67, 24, 68529, 38, 1980
2026/08/28 16:51:04.603, 3, 301.52, 68, 28, 61793, 47, 1980
2026/08/28 16:51:04.603, 4, 296.01, 59, 30, 62353, 48, 1980
2026/08/28 16:51:04.603, 5, 288.34, 82, 22, 46641, 39, 1980
2026/08/28 16:51:04.603, 6, 303.49, 69, 21, 61823, 47, 1980
2026/08/28 16:51:04.603, 7, 278.36, 44, 20, 66819, 40, 1980
2026/08/28 16:51:09.604, 0, 335.30, 79, 38, 67205, 50, 1980
2026/08/28 16:51:09.604, 1, 311.17, 50, 26, 63437, 43, 1980
2026/08/28 16:51:09.604, 2, 289.28, 49, 27, 68529, 39, 1980
2026/08/28 16:51:09.604, 3, 298.71, 54, 16, 61793, 47, 1980
2026/08/28 16:51:09.604, 4, 305.18, 71, 37, 62353, 48, 1980
2026/08/28 16:51:09.604, 5, 296.93, 81, 30, 46641, 39, 1980
2026/08/28 16:51:09.604, 6, 309.52, 53, 14, 61823, 47, 1980
2026/08/28 16:51:09.604, 7, 298.32, 53, 32, 66819, 39, 1980
2026/08/28 16:51:14.604, 0, 346.26, 74, 36, 67205, 50, 1980
2026/08/28 16:51:14.605, 1, 318.55, 69, 32, 63437, 43, 1980
2026/08/28 16:51:14.605, 2, 307.75, 66, 33, 68529, 39, 1980
2026/08/28 16:51:14.605, 3, 313.32, 66, 26, 61793, 48, 1980
2026/08/28 16:51:14.605, 4, 314.52, 81, 39, 62353, 48, 1980
2026/08/28 16:51:14.605, 5, 307.84, 70, 35, 46641, 40, 1980
2026/08/28 16:51:14.605, 6, 318.82, 70, 30, 61823, 47, 1980
2026/08/28 16:51:14.605, 7, 306.43, 67, 24, 66819, 39, 1980
2026/08/28 16:51:19.605, 0, 346.42, 64, 35, 67205, 51, 1980
2026/08/28 16:51:19.605, 1, 318.12, 73, 33, 63437, 43, 1980
2026/08/28 16:51:19.605, 2, 304.53, 67, 22, 68529, 40, 1980
2026/08/28 16:51:19.605, 3, 313.16, 74, 21, 61793, 48, 1980
2026/08/28 16:51:19.605, 4, 322.59, 68, 27, 62353, 49, 1980
2026/08/28 16:51:19.606, 5, 307.20, 69, 36, 46641, 40, 1980
2026/08/28 16:51:19.606, 6, 319.05, 73, 19, 61823, 48, 1980
2026/08/28 16:51:19.606, 7, 305.78, 80, 23, 66819, 39, 1980
2026/08/28 16:51:24.606, 0, 337.26, 79, 35, 67205, 50, 1980
2026/08/28 16:51:24.606, 1, 339.63, 59, 27, 63437, 42, 1980
2026/08/28 16:51:24.607, 2, 301.82, 84, 41, 68529, 39, 1980
2026/08/28 16:51:24.608, 3, 305.74, 57, 32, 61793, 49, 1980
2026/08/28 16:51:24.609, 4, 319.65, 84, 39, 62353, 48, 1980
2026/08/28 16:51:24.610, 5, 307.68, 59, 18, 46641, 39, 1980
2026/08/28 16:51:24.611, 6, 320.60, 64, 34, 61823, 48, 1980
2026/08/28 16:51:24.611, 7, 298.55, 58, 30, 66819, 39, 1980
2026/08/28 16:51:29.612, 0, 326.72, 66, 28, 67205, 50, 1980
2026/08/28 16:51:29.612, 1, 317.79, 79, 36, 63437, 42, 1980
2026/08/28 16:51:29.612, 2, 301.51, 75, 35, 68529, 39, 1980
2026/08/28 16:51:29.612, 3, 307.22, 67, 33, 61793, 48, 1980
2026/08/28 16:51:29.612, 4, 313.02, 77, 36, 62353, 48, 1980
2026/08/28 16:51:29.612, 5, 303.24, 71, 32, 46641, 40, 1980
2026/08/28 16:51:29.612, 6, 316.68, 67, 34, 61823, 48, 1980
2026/08/28 16:51:29.612, 7, 307.98, 65, 34, 66819, 40, 1980
2026/08/28 16:51:34.613, 0, 331.52, 64, 33, 67205, 50, 1980
2026/08/28 16:51:34.613, 1, 343.00, 59, 24, 63437, 42, 1980
2026/08/28 16:51:34.613, 2, 318.51, 62, 33, 68529, 40, 1980
2026/08/28 16:51:34.613, 3, 321.60, 77, 40, 61793, 48, 1980
2026/08/28 16:51:34.613, 4, 324.84, 63, 32, 62353, 48, 1980
2026/08/28 16:51:34.613, 5, 324.08, 53, 34, 46641, 41, 1980
2026/08/28 16:51:34.613, 6, 336.05, 77, 41, 61823, 49, 1980
2026/08/28 16:51:34.613, 7, 316.02, 67, 20, 66819, 39, 1980
2026/08/28 16:51:39.613, 0, 327.77, 48, 14, 67205, 51, 1980
2026/08/28 16:51:39.613, 1, 335.87, 72, 30, 63437, 42, 1980
2026/08/28 16:51:39.613, 2, 316.81, 58, 24, 68529, 39, 1980
2026/08/28 16:51:39.613, 3, 318.21, 57, 28, 61793, 49, 1980
2026/08/28 16:51:39.613, 4, 327.89, 66, 24, 62353, 48, 1980
2026/08/28 16:51:39.614, 5, 314.39, 56, 13, 46641, 39, 1980
2026/08/28 16:51:39.614, 6, 328.87, 56, 27, 61823, 47, 1980
2026/08/28 16:51:39.614, 7, 312.53, 55, 25, 66819, 39, 1980
2026/08/28 16:51:44.614, 0, 333.44, 79, 44, 67205, 50, 1980
2026/08/28 16:51:44.614, 1, 332.92, 70, 28, 63437, 43, 1980
2026/08/28 16:51:44.614, 2, 294.85, 62, 23, 68529, 39, 1980
2026/08/28 16:51:44.614, 3, 302.47, 74, 16, 61793, 48, 1980
2026/08/28 16:51:44.614, 4, 293.14, 51, 24, 62353, 48, 1980
2026/08/28 16:51:44.614, 5, 284.46, 78, 33, 46641, 39, 1980
2026/08/28 16:51:44.614, 6, 296.20, 71, 10, 61823, 48, 1980
2026/08/28 16:51:44.614, 7, 276.15, 62, 17, 66819, 39, 1980
2026/08/28 16:51:49.615, 0, 337.59, 72, 37, 67205, 51, 1980
2026/08/28 16:51:49.615, 1, 325.61, 57, 24, 63437, 43, 1980
2026/08/28 16:51:49.615, 2, 313.11, 65, 36, 68529, 40, 1980
2026/08/28 16:51:49.615, 3, 307.01, 81, 44, 61793, 49, 1980
2026/08/28 16:51:49.615, 4, 306.60, 67, 37, 62353, 49, 1980
2026/08/28 16:51:49.615, 5, 299.42, 71, 31, 46641, 40, 1980
2026/08/28 16:51:49.615, 6, 303.30, 77, 38, 61823, 48, 1980
2026/08/28 16:51:49.615, 7, 289.87, 69, 22, 66819, 39, 1980
2026/08/28 16:51:54.615, 0, 331.30, 64, 30, 67205, 50, 1980
2026/08/28 16:51:54.616, 1, 337.35, 65, 31, 63437, 43, 1980
2026/08/28 16:51:54.617, 2, 308.01, 62, 31, 68529, 39, 1980
2026/08/28 16:51:54.618, 3, 314.64, 56, 14, 61793, 49, 1980
2026/08/28 16:51:54.619, 4, 322.87, 60, 27, 62353, 49, 1980
2026/08/28 16:51:54.620, 5, 318.35, 71, 29, 46641, 40, 1980
2026/08/28 16:51:54.621, 6, 318.86, 65, 16, 61823, 48, 1980
2026/08/28 16:51:54.623, 7, 310.05, 58, 31, 66819, 40, 1980
2026/08/28 16:51:59.625, 0, 324.94, 63, 36, 67205, 51, 1980
2026/08/28 16:51:59.625, 1, 330.17, 63, 20, 63437, 44, 1980
2026/08/28 16:51:59.625, 2, 309.93, 65, 20, 68529, 40, 1980
2026/08/28 16:51:59.625, 3, 314.77, 79, 38, 61793, 48, 1980
2026/08/28 16:51:59.625, 4, 319.02, 65, 26, 62353, 49, 1980
2026/08/28 16:51:59.625, 5, 310.84, 71, 32, 46641, 39, 1980
2026/08/28 16:51:59.625, 6, 313.54, 79, 37, 61823, 48, 1980
2026/08/28 16:51:59.625, 7, 299.58, 71, 32, 66819, 39, 1980
2026/08/28 16:52:04.626, 0, 333.15, 56, 23, 67205, 50, 1980
2026/08/28 16:52:04.626, 1, 324.34, 61, 24, 63437, 43, 1980
2026/08/28 16:52:04.626, 2, 308.78, 55, 20, 68529, 39, 1980
2026/08/28 16:52:04.626, 3, 298.39, 70, 32, 61793, 48, 1980
2026/08/28 16:52:04.626, 4, 306.96, 65, 30, 62353, 48, 1980
2026/08/28 16:52:04.626, 5, 297.37, 67, 27, 46641, 39, 1980
2026/08/28 16:52:04.626, 6, 298.51, 75, 25, 61823, 47, 1980
2026/08/28 16:52:04.626, 7, 283.79, 70, 26, 66819, 38, 1980
2026/08/28 16:52:09.627, 0, 323.94, 60, 32, 67205, 50, 1980
2026/08/28 16:52:09.627, 1, 331.51, 67, 32, 63437, 42, 1980
2026/08/28 16:52:09.627, 2, 315.13, 65, 32, 68529, 40, 1980
2026/08/28 16:52:09.627, 3, 321.07, 63, 25, 61793, 49, 1980
2026/08/28 16:52:09.627, 4, 332.89, 66, 34, 62353, 48, 1980
2026/08/28 16:52:09.627, 5, 319.07, 67, 27, 46641, 40, 1980
2026/08/28 16:52:09.627, 6, 335.42, 65, 22, 61823, 49, 1980
2026/08/28 16:52:09.627, 7, 318.33, 65, 29, 66819, 40, 1980
2026/08/28 16:52:14.627, 0, 340.10, 66, 37, 67205, 50, 1980
2026/08/28 16:52:14.627, 1, 328.39, 69, 36, 63437, 42, 1980
2026/08/28 16:52:14.627, 2, 319.33, 67, 36, 68529, 40, 1980
2026/08/28 16:52:14.627, 3, 323.61, 68, 25, 61793, 49, 1980
2026/08/28 16:52:14.627, 4, 323.18, 68, 38, 62353, 49, 1980
2026/08/28 16:52:14.628, 5, 317.04, 68, 25, 46641, 40, 1980
2026/08/28 16:52:14.628, 6, 331.55, 66, 22, 61823, 49, 1980
2026/08/28 16:52:14.628, 7, 318.60, 67, 26, 66819, 40, 1980
2026/08/28 16:52:19.628, 0, 324.34, 79, 44, 67205, 51, 1980
2026/08/28 16:52:19.628, 1, 333.61, 73, 44, 63437, 43, 1980
2026/08/28 16:52:19.628, 2, 299.36, 65, 24, 68529, 38, 1980
2026/08/28 16:52:19.628, 3, 296.68, 71, 19, 61793, 48, 1980
2026/08/28 16:52:19.628, 4, 295.65, 87, 22, 62353, 47, 1980
2026/08/28 16:52:19.628, 5, 298.15, 63, 23, 46641, 39, 1980
2026/08/28 16:52:19.628, 6, 310.89, 67, 23, 61823, 48, 1980
2026/08/28 16:52:19.628, 7, 289.27, 72, 16, 66819, 39, 1980
2026/08/28 16:52:24.628, 0, 336.57, 71, 34, 67205, 50, 1980
2026/08/28 16:52:24.629, 1, 328.51, 78, 33, 63437, 42, 1980
2026/08/28 16:52:24.629, 2, 312.17, 72, 33, 68529, 39, 1980
2026/08/28 16:52:24.629, 3, 316.75, 68, 32, 61793, 49, 1980
2026/08/28 16:52:24.629, 4, 320.94, 76, 34, 62353, 48, 1980
2026/08/28 16:52:24.629, 5, 311.91, 69, 32, 46641, 40, 1980
2026/08/28 16:52:24.629, 6, 329.75, 67, 31, 61823, 49, 1980
2026/08/28 16:52:24.629, 7, 311.92, 69, 30, 66819, 40, 1980
2026/08/28 16:52:29.629, 0, 321.39, 80, 51, 67205, 51, 1980
2026/08/28 16:52:29.629, 1, 307.54, 48, 15, 63437, 42, 1980
2026/08/28 16:52:29.629, 2, 304.51, 58, 26, 68529, 38, 1980
2026/08/28 16:52:29.629, 3, 306.68, 83, 26, 61793, 48, 1980
2026/08/28 16:52:29.629, 4, 306.67, 55, 25, 62353, 48, 1980
2026/08/28 16:52:29.629, 5, 299.42, 80, 39, 46641, 40, 1980
2026/08/28 16:52:29.629, 6, 310.68, 52, 19, 61823, 48, 1980
2026/08/28 16:52:29.629, 7, 299.69, 54, 11, 66819, 39, 1980
2026/08/28 16:52:34.630, 0, 333.95, 77, 39, 67205, 51, 1980
2026/08/28 16:52:34.630, 1, 315.23, 55, 24, 63437, 42, 1980
2026/08/28 16:52:34.630, 2, 304.35, 76, 39, 68529, 39, 1980
2026/08/28 16:52:34.630, 3, 316.43, 63, 21, 61793, 49, 1980
2026/08/28 16:52:34.630, 4, 318.67, 70, 38, 62353, 48, 1980
2026/08/28 16:52:34.630, 5, 311.79, 85, 25, 46641, 40, 1980
2026/08/28 16:52:34.630, 6, 323.46, 61, 42, 61823, 49, 1980
2026/08/28 16:52:34.630, 7, 305.78, 64, 34, 66819, 40, 1980
2026/08/28 16:52:39.630, 0, 341.07, 62, 30, 67205, 50, 1980
2026/08/28 16:52:39.631, 1, 323.72, 64, 40, 63437, 44, 1980
2026/08/28 16:52:39.631, 2, 317.95, 62, 19, 68529, 40, 1980
2026/08/28 16:52:39.631, 3, 317.82, 66, 34, 61793, 48, 1980
2026/08/28 16:52:39.631, 4, 320.85, 62, 20, 62353, 48, 1980
2026/08/28 16:52:39.631, 5, 311.53, 67, 26, 46641, 39, 1980
2026/08/28 16:52:39.631, 6, 325.98, 70, 31, 61823, 48, 1980
2026/08/28 16:52:39.631, 7, 307.10, 78, 37, 66819, 39, 1980
2026/08/28 16:52:44.631, 0, 331.87, 59, 23, 67205, 50, 1980
2026/08/28 16:52:44.631, 1, 329.94, 54, 34, 70087, 43, 1980
2026/08/28 16:52:44.631, 2, 321.30, 60, 15, 68529, 40, 1980
2026/08/28 16:52:44.631, 3, 325.51, 67, 35, 61793, 48, 1980
2026/08/28 16:52:44.631, 4, 314.35, 63, 9, 62353, 48, 1980
2026/08/28 16:52:44.631, 5, 306.63, 57, 14, 46641, 39, 1980
2026/08/28 16:52:44.631, 6, 320.14, 74, 19, 61823, 48, 1980
2026/08/28 16:52:44.631, 7, 313.03, 80, 18, 66819, 38, 1980
2026/08/28 16:52:49.632, 0, 292.32, 0, 0, 67205, 48, 1980
2026/08/28 16:52:49.632, 1, 283.70, 100, 0, 70087, 39, 1980
2026/08/28 16:52:49.632, 2, 271.91, 92, 27, 68529, 36, 1980
2026/08/28 16:52:49.632, 3, 261.99, 67, 33, 61793, 47, 1980
2026/08/28 16:52:49.632, 4, 273.17, 93, 25, 62353, 48, 1980
2026/08/28 16:52:49.632, 5, 263.52, 99, 0, 46641, 39, 1980
2026/08/28 16:52:49.632, 6, 274.27, 96, 8, 61823, 47, 1980
2026/08/28 16:52:49.632, 7, 255.52, 99, 0, 66819, 38, 1980
2026/08/28 16:52:54.632, 0, 346.65, 58, 35, 67205, 50, 1980
2026/08/28 16:52:54.633, 1, 310.33, 60, 16, 70087, 42, 1980
2026/08/28 16:52:54.633, 2, 301.42, 67, 28, 68529, 40, 1980
2026/08/28 16:52:54.633, 3, 311.11, 82, 34, 61793, 48, 1980
2026/08/28 16:52:54.633, 4, 308.62, 72, 30, 62353, 48, 1980
2026/08/28 16:52:54.633, 5, 297.38, 55, 28, 46641, 39, 1980
2026/08/28 16:52:54.633, 6, 304.94, 61, 19, 61823, 47, 1980
2026/08/28 16:52:54.633, 7, 296.05, 52, 19, 66819, 38, 1980
2026/08/28 16:52:59.633, 0, 326.33, 82, 36, 67205, 50, 1980
2026/08/28 16:52:59.633, 1, 313.52, 82, 34, 70087, 42, 1980
2026/08/28 16:52:59.633, 2, 302.57, 66, 35, 68529, 39, 1980
2026/08/28 16:52:59.633, 3, 298.29, 68, 25, 61793, 49, 1980
2026/08/28 16:52:59.633, 4, 299.83, 62, 28, 62353, 48, 1980
2026/08/28 16:52:59.633, 5, 289.24, 66, 26, 46643, 40, 1980
2026/08/28 16:52:59.633, 6, 303.79, 63, 26, 61823, 49, 1980
2026/08/28 16:52:59.633, 7, 287.93, 66, 25, 66819, 40, 1980
2026/08/28 16:53:04.634, 0, 332.29, 75, 38, 67205, 51, 1980
2026/08/28 16:53:04.634, 1, 319.62, 81, 38, 70087, 44, 1980
2026/08/28 16:53:04.634, 2, 306.99, 74, 37, 68529, 39, 1980
2026/08/28 16:53:04.634, 3, 306.98, 63, 30, 61793, 48, 1980
2026/08/28 16:53:04.634, 4, 297.72, 57, 22, 62353, 48, 1980
2026/08/28 16:53:04.634, 5, 284.90, 64, 23, 46643, 40, 1980
2026/08/28 16:53:04.634, 6, 300.39, 79, 24, 61823, 48, 1980
2026/08/28 16:53:04.634, 7, 282.28, 62, 21, 66819, 39, 1980
2026/08/28 16:53:09.634, 0, 329.59, 83, 47, 67205, 51, 1980
2026/08/28 16:53:09.634, 1, 321.40, 72, 25, 70087, 42, 1980
2026/08/28 16:53:09.635, 2, 299.38, 66, 25, 68529, 39, 1980
2026/08/28 16:53:09.635, 3, 303.23, 58, 20, 61793, 47, 1980
2026/08/28 16:53:09.635, 4, 314.24, 64, 9, 62353, 48, 1980
2026/08/28 16:53:09.635, 5, 303.10, 80, 18, 46643, 39, 1980
2026/08/28 16:53:09.635, 6, 304.04, 57, 25, 61823, 47, 1980
2026/08/28 16:53:09.635, 7, 294.47, 79, 18, 66819, 38, 1980
2026/08/28 16:53:14.635, 0, 329.05, 85, 37, 67205, 51, 1980
2026/08/28 16:53:14.635, 1, 324.88, 83, 40, 70087, 43, 1980
2026/08/28 16:53:14.635, 2, 310.89, 65, 39, 68529, 40, 1980
2026/08/28 16:53:14.635, 3, 326.03, 48, 28, 61793, 48, 1980
2026/08/28 16:53:14.635, 4, 323.98, 69, 21, 62353, 49, 1980
2026/08/28 16:53:14.635, 5, 309.77, 81, 35, 46643, 39, 1980
2026/08/28 16:53:14.635, 6, 313.58, 52, 34, 61823, 48, 1980
2026/08/28 16:53:14.635, 7, 303.20, 80, 34, 66819, 39, 1980
2026/08/28 16:53:19.636, 0, 338.37, 80, 40, 67205, 50, 1980
2026/08/28 16:53:19.636, 1, 337.44, 69, 37, 70087, 44, 1980
2026/08/28 16:53:19.636, 2, 322.75, 68, 38, 68529, 40, 1980
2026/08/28 16:53:19.636, 3, 329.64, 64, 24, 61793, 49, 1980
2026/08/28 16:53:19.636, 4, 336.55, 69, 31, 62353, 49, 1980
2026/08/28 16:53:19.636, 5, 325.16, 75, 34, 46643, 40, 1980
2026/08/28 16:53:19.636, 6, 340.39, 65, 30, 61823, 49, 1980
2026/08/28 16:53:19.636, 7, 321.78, 74, 33, 66819, 40, 1980
2026/08/28 16:53:24.636, 0, 323.07, 62, 30, 67205, 50, 1980
2026/08/28 16:53:24.636, 1, 325.33, 79, 31, 70087, 42, 1980
2026/08/28 16:53:24.636, 2, 313.18, 79, 32, 68529, 39, 1980
2026/08/28 16:53:24.637, 3, 315.54, 67, 32, 61793, 49, 1980
2026/08/28 16:53:24.637, 4, 313.51, 61, 32, 62353, 47, 1980
2026/08/28 16:53:24.637, 5, 297.11, 71, 12, 46643, 40, 1980
2026/08/28 16:53:24.637, 6, 310.74, 57, 18, 61823, 48, 1980
2026/08/28 16:53:24.637, 7, 296.33, 64, 12, 66819, 40, 1980
2026/08/28 16:53:29.637, 0, 325.89, 57, 34, 67205, 50, 1980
2026/08/28 16:53:29.637, 1, 330.73, 58, 29, 70087, 43, 1980
2026/08/28 16:53:29.637, 2, 314.31, 48, 27, 68529, 40, 1980
2026/08/28 16:53:29.637, 3, 318.77, 62, 27, 61793, 48, 1980
2026/08/28 16:53:29.637, 4, 323.82, 79, 33, 62353, 48, 1980
2026/08/28 16:53:29.637, 5, 311.99, 78, 31, 46643, 39, 1980
2026/08/28 16:53:29.637, 6, 331.21, 59, 22, 61823, 48, 1980
2026/08/28 16:53:29.637, 7, 309.97, 75, 31, 66819, 39, 1980
2026/08/28 16:53:34.638, 0, 349.66, 61, 22, 67205, 51, 1980
2026/08/28 16:53:34.638, 1, 332.09, 72, 33, 70087, 43, 1980
2026/08/28 16:53:34.638, 2, 306.12, 71, 34, 68529, 38, 1980
2026/08/28 16:53:34.638, 3, 310.06, 65, 34, 61793, 49, 1980
2026/08/28 16:53:34.638, 4, 315.74, 72, 34, 62353, 48, 1980
2026/08/28 16:53:34.638, 5, 301.52, 72, 33, 46643, 41, 1980
2026/08/28 16:53:34.638, 6, 317.66, 78, 38, 61823, 48, 1980
2026/08/28 16:53:34.638, 7, 299.31, 54, 17, 66819, 40, 1980
2026/08/28 16:53:39.638, 0, 334.44, 61, 33, 67205, 50, 1980
2026/08/28 16:53:39.638, 1, 337.67, 71, 32, 70087, 44, 1980
2026/08/28 16:53:39.638, 2, 316.14, 68, 32, 68529, 40, 1980
2026/08/28 16:53:39.638, 3, 319.56, 77, 34, 61793, 48, 1980
2026/08/28 16:53:39.638, 4, 330.45, 68, 30, 62353, 49, 1980
2026/08/28 16:53:39.638, 5, 317.62, 81, 34, 46643, 40, 1980
2026/08/28 16:53:39.638, 6, 329.40, 71, 28, 61823, 48, 1980
2026/08/28 16:53:39.638, 7, 317.92, 67, 38, 66819, 39, 1980
2026/08/28 16:53:44.639, 0, 343.57, 78, 43, 74625, 50, 1980
2026/08/28 16:53:44.639, 1, 328.38, 79, 39, 70087, 42, 1980
2026/08/28 16:53:44.639, 2, 319.81, 82, 40, 68529, 40, 1980
2026/08/28 16:53:44.639, 3, 324.80, 66, 26, 61793, 49, 1980
2026/08/28 16:53:44.639, 4, 326.59, 78, 39, 62353, 49, 1980
2026/08/28 16:53:44.639, 5, 320.65, 69, 27, 46643, 40, 1980
2026/08/28 16:53:44.639, 6, 334.03, 62, 35, 61823, 49, 1980
2026/08/28 16:53:44.639, 7, 323.94, 85, 35, 66819, 39, 1980
2026/08/28 16:53:49.639, 0, 331.42, 56, 20, 74625, 51, 1980
2026/08/28 16:53:49.640, 1, 335.95, 61, 19, 70087, 44, 1980
2026/08/28 16:53:49.640, 2, 316.76, 62, 20, 68529, 39, 1980
2026/08/28 16:53:49.640, 3, 325.60, 62, 37, 61793, 49, 1980
2026/08/28 16:53:49.640, 4, 320.52, 64, 11, 62353, 48, 1980
2026/08/28 16:53:49.640, 5, 306.65, 68, 36, 46643, 41, 1980
2026/08/28 16:53:49.640, 6, 327.49, 77, 19, 61823, 48, 1980
2026/08/28 16:53:49.640, 7, 302.20, 69, 14, 66819, 39, 1980
2026/08/28 16:53:54.640, 0, 323.13, 78, 39, 74625, 50, 1980
2026/08/28 16:53:54.640, 1, 329.33, 45, 26, 70087, 42, 1980
2026/08/28 16:53:54.640, 2, 316.06, 74, 37, 68529, 40, 1980
2026/08/28 16:53:54.640, 3, 321.51, 59, 20, 61793, 47, 1980
2026/08/28 16:53:54.640, 4, 325.28, 69, 37, 62353, 49, 1980
2026/08/28 16:53:54.640, 5, 318.27, 90, 33, 46643, 39, 1980
2026/08/28 16:53:54.640, 6, 333.75, 61, 34, 61823, 48, 1980
2026/08/28 16:53:54.640, 7, 314.50, 90, 36, 66819, 39, 1980
2026/08/28 16:53:59.641, 0, 334.65, 69, 37, 74625, 51, 1980
2026/08/28 16:53:59.641, 1, 325.10, 75, 29, 70087, 42, 1980
2026/08/28 16:53:59.641, 2, 306.80, 72, 29, 68529, 39, 1980
2026/08/28 16:53:59.641, 3, 317.87, 64, 29, 61793, 49, 1980
2026/08/28 16:53:59.641, 4, 319.31, 73, 35, 62353, 48, 1980
2026/08/28 16:53:59.641, 5, 312.17, 64, 22, 46643, 40, 1980
2026/08/28 16:53:59.641, 6, 314.76, 80, 40, 61823, 48, 1980
2026/08/28 16:53:59.641, 7, 302.78, 66, 19, 66819, 39, 1980
2026/08/28 16:54:04.641, 0, 334.89, 60, 18, 74625, 51, 1980
2026/08/28 16:54:04.642, 1, 322.51, 60, 18, 70087, 43, 1980
2026/08/28 16:54:04.642, 2, 305.78, 55, 30, 68529, 39, 1980
2026/08/28 16:54:04.642, 3, 305.19, 79, 24, 61793, 47, 1980
2026/08/28 16:54:04.642, 4, 308.86, 58, 30, 62353, 48, 1980
2026/08/28 16:54:04.642, 5, 303.17, 70, 32, 46643, 40, 1980
2026/08/28 16:54:04.642, 6, 313.18, 81, 21, 61823, 47, 1980
2026/08/28 16:54:04.642, 7, 301.66, 65, 32, 66819, 38, 1980
2026/08/28 16:54:09.642, 0, 332.47, 56, 37, 74625, 50, 1980
2026/08/28 16:54:09.642, 1, 325.57, 63, 35, 70087, 43, 1980
2026/08/28 16:54:09.642, 2, 303.85, 61, 30, 68529, 39, 1980
2026/08/28 16:54:09.642, 3, 296.33, 58, 8, 61793, 48, 1980
2026/08/28 16:54:09.642, 4, 310.84, 59, 23, 62353, 48, 1980
2026/08/28 16:54:09.642, 5, 295.55, 81, 23, 46643, 39, 1980
2026/08/28 16:54:09.642, 6, 314.37, 59, 9, 61823, 48, 1980
2026/08/28 16:54:09.642, 7, 290.23, 57, 23, 66819, 39, 1980
2026/08/28 16:54:14.643, 0, 350.59, 61, 25, 74625, 51, 1980
2026/08/28 16:54:14.643, 1, 332.67, 67, 18, 70087, 42, 1980
2026/08/28 16:54:14.643, 2, 322.45, 68, 18, 68529, 40, 1980
2026/08/28 16:54:14.643, 3, 332.80, 85, 24, 61793, 48, 1980
2026/08/28 16:54:14.643, 4, 329.84, 70, 27, 62353, 48, 1980
2026/08/28 16:54:14.643, 5, 326.15, 73, 36, 46643, 40, 1980
2026/08/28 16:54:14.643, 6, 336.67, 82, 25, 61823, 48, 1980
2026/08/28 16:54:14.643, 7, 314.42, 70, 29, 66819, 39, 1980
2026/08/28 16:54:19.643, 0, 320.27, 64, 30, 74625, 50, 1980
2026/08/28 16:54:19.644, 1, 319.66, 80, 33, 70087, 43, 1980
2026/08/28 16:54:19.644, 2, 307.60, 79, 35, 68529, 39, 1980
2026/08/28 16:54:19.644, 3, 312.04, 59, 31, 61793, 49, 1980
2026/08/28 16:54:19.644, 4, 312.22, 64, 26, 62353, 48, 1980
2026/08/28 16:54:19.644, 5, 303.46, 71, 17, 46643, 40, 1980
2026/08/28 16:54:19.644, 6, 313.10, 57, 32, 61823, 49, 1980
2026/08/28 16:54:19.644, 7, 296.01, 55, 18, 66819, 40, 1980
2026/08/28 16:54:24.644, 0, 348.85, 67, 33, 74625, 51, 1980
2026/08/28 16:54:24.644, 1, 320.92, 67, 32, 70087, 43, 1980
2026/08/28 16:54:24.644, 2, 304.46, 65, 31, 68529, 40, 1980
2026/08/28 16:54:24.644, 3, 306.80, 71, 12, 61793, 49, 1980
2026/08/28 16:54:24.644, 4, 316.59, 82, 25, 62353, 49, 1980
2026/08/28 16:54:24.644, 5, 301.63, 81, 40, 46643, 41, 1980
2026/08/28 16:54:24.644, 6, 320.51, 69, 14, 61823, 49, 1980
2026/08/28 16:54:24.644, 7, 302.75, 55, 24, 66819, 40, 1980
2026/08/28 16:54:29.645, 0, 328.38, 69, 35, 74625, 50, 1980
2026/08/28 16:54:29.645, 1, 334.15, 80, 38, 70087, 43, 1980
2026/08/28 16:54:29.645, 2, 321.58, 81, 40, 68529, 39, 1980
2026/08/28 16:54:29.645, 3, 319.89, 62, 42, 61793, 49, 1980
2026/08/28 16:54:29.645, 4, 319.25, 71, 18, 62353, 48, 1980
2026/08/28 16:54:29.645, 5, 317.78, 86, 20, 46643, 41, 1980
2026/08/28 16:54:29.645, 6, 327.76, 66, 43, 61823, 49, 1980
2026/08/28 16:54:29.645, 7, 319.48, 82, 23, 66819, 40, 1980
2026/08/28 16:54:34.645, 0, 335.37, 71, 31, 74625, 51, 1980
2026/08/28 16:54:34.646, 1, 309.16, 80, 35, 70087, 43, 1980
2026/08/28 16:54:34.646, 2, 296.05, 78, 35, 68529, 39, 1980
2026/08/28 16:54:34.646, 3, 294.21, 60, 26, 61793, 48, 1980
2026/08/28 16:54:34.646, 4, 293.71, 76, 36, 62353, 48, 1980
2026/08/28 16:54:34.646, 5, 284.36, 67, 41, 46643, 40, 1980
2026/08/28 16:54:34.646, 6, 295.87, 58, 25, 61823, 48, 1980
2026/08/28 16:54:34.646, 7, 277.77, 65, 41, 66819, 40, 1980
2026/08/28 16:54:39.646, 0, 338.05, 80, 44, 74625, 50, 1980
2026/08/28 16:54:39.646, 1, 327.72, 83, 40, 70087, 43, 1980
2026/08/28 16:54:39.646, 2, 300.11, 80, 40, 68529, 40, 1980
2026/08/28 16:54:39.646, 3, 309.90, 68, 33, 61793, 49, 1980
2026/08/28 16:54:39.646, 4, 308.32, 72, 37, 62353, 48, 1980
2026/08/28 16:54:39.646, 5, 306.64, 65, 29, 46643, 41, 1980
2026/08/28 16:54:39.646, 6, 314.40, 66, 34, 61823, 49, 1980
2026/08/28 16:54:39.646, 7, 298.72, 63, 29, 66819, 40, 1980
2026/08/28 16:54:44.647, 0, 330.15, 80, 52, 74625, 52, 1980
2026/08/28 16:54:44.647, 1, 322.35, 66, 26, 70087, 42, 1980
2026/08/28 16:54:44.647, 2, 298.27, 59, 27, 68529, 39, 1980
2026/08/28 16:54:44.647, 3, 299.43, 50, 20, 61793, 48, 1980
2026/08/28 16:54:44.647, 4, 291.46, 51, 26, 62353, 48, 1980
2026/08/28 16:54:44.647, 5, 284.36, 66, 29, 46643, 40, 1980
2026/08/28 16:54:44.647, 6, 297.13, 54, 27, 61823, 48, 1980
2026/08/28 16:54:44.647, 7, 291.53, 63, 28, 66819, 40, 1980
2026/08/28 16:54:49.647, 0, 332.46, 62, 22, 74625, 51, 1980
2026/08/28 16:54:49.648, 1, 312.99, 65, 30, 70087, 43, 1980
2026/08/28 16:54:49.648, 2, 301.66, 71, 34, 68529, 39, 1980
2026/08/28 16:54:49.648, 3, 305.18, 70, 36, 61793, 48, 1980
2026/08/28 16:54:49.648, 4, 310.08, 70, 33, 62353, 49, 1980
2026/08/28 16:54:49.648, 5, 300.86, 82, 39, 46643, 40, 1980
2026/08/28 16:54:49.648, 6, 314.24, 80, 39, 61823, 48, 1980
2026/08/28 16:54:49.648, 7, 298.61, 83, 39, 66819, 39, 1980
2026/08/28 16:54:54.648, 0, 349.52, 62, 31, 74625, 51, 1980
2026/08/28 16:54:54.648, 1, 328.46, 68, 24, 70087, 43, 1980
2026/08/28 16:54:54.648, 2, 309.38, 65, 20, 68529, 40, 1980
2026/08/28 16:54:54.648, 3, 315.14, 77, 36, 61793, 49, 1980
2026/08/28 16:54:54.648, 4, 312.82, 67, 20, 62353, 49, 1980
2026/08/28 16:54:54.648, 5, 304.48, 66, 21, 46643, 40, 1980
2026/08/28 16:54:54.649, 6, 318.44, 76, 34, 61823, 48, 1980
2026/08/28 16:54:54.649, 7, 305.07, 64, 20, 66819, 39, 1980
2026/08/28 16:54:59.649, 0, 343.27, 78, 48, 74625, 51, 1980
2026/08/28 16:54:59.649, 1, 334.33, 67, 25, 70087, 43, 1980
2026/08/28 16:54:59.649, 2, 323.67, 62, 25, 68529, 39, 1980
2026/08/28 16:54:59.649, 3, 329.58, 83, 25, 61793, 49, 1980
2026/08/28 16:54:59.649, 4, 331.73, 65, 26, 62353, 48, 1980
2026/08/28 16:54:59.649, 5, 326.87, 73, 17, 46643, 40, 1980
2026/08/28 16:54:59.649, 6, 340.73, 70, 24, 61823, 48, 1980
2026/08/28 16:54:59.649, 7, 320.62, 71, 17, 66819, 40, 1980
2026/08/28 16:55:04.650, 0, 342.99, 62, 23, 74625, 51, 1980
2026/08/28 16:55:04.650, 1, 331.45, 68, 38, 70087, 43, 1980
2026/08/28 16:55:04.650, 2, 316.38, 66, 41, 68529, 40, 1980
2026/08/28 16:55:04.650, 3, 327.85, 72, 35, 61793, 49, 1980
2026/08/28 16:55:04.650, 4, 327.92, 64, 43, 62353, 50, 1980
2026/08/28 16:55:04.650, 5, 319.71, 67, 28, 46643, 41, 1980
2026/08/28 16:55:04.650, 6, 341.61, 63, 32, 61823, 49, 1980
2026/08/28 16:55:04.650, 7, 315.38, 65, 28, 66819, 40, 1980
2026/08/28 16:55:09.650, 0, 320.55, 75, 35, 74625, 51, 1980
2026/08/28 16:55:09.650, 1, 323.48, 69, 28, 70087, 43, 1980
2026/08/28 16:55:09.650, 2, 294.17, 67, 28, 68529, 40, 1980
2026/08/28 16:55:09.651, 3, 298.12, 64, 35, 61793, 49, 1980
2026/08/28 16:55:09.651, 4, 294.78, 71, 34, 62353, 49, 1980
2026/08/28 16:55:09.651, 5, 298.57, 78, 38, 46643, 40, 1980
2026/08/28 16:55:09.651, 6, 303.37, 79, 38, 61823, 48, 1980
2026/08/28 16:55:09.651, 7, 297.74, 75, 37, 66819, 40, 1980
2026/08/28 16:55:14.651, 0, 334.92, 72, 34, 74625, 51, 1980
2026/08/28 16:55:14.651, 1, 322.44, 65, 30, 70087, 42, 1980
2026/08/28 16:55:14.651, 2, 307.95, 67, 34, 68529, 40, 1980
2026/08/28 16:55:14.651, 3, 316.46, 64, 28, 61793, 48, 1980
2026/08/28 16:55:14.651, 4, 323.70, 69, 33, 62353, 49, 1980
2026/08/28 16:55:14.651, 5, 313.25, 70, 26, 46643, 40, 1980
2026/08/28 16:55:14.651, 6, 316.01, 67, 22, 61823, 48, 1980
2026/08/28 16:55:14.651, 7, 305.04, 68, 24, 66819, 39, 1980
2026/08/28 16:55:19.652, 0, 323.66, 67, 35, 74625, 51, 1980
2026/08/28 16:55:19.652, 1, 329.47, 71, 31, 70087, 44, 1980
2026/08/28 16:55:19.652, 2, 311.59, 60, 17, 68529, 40, 1980
2026/08/28 16:55:19.652, 3, 321.39, 56, 22, 61793, 48, 1980
2026/08/28 16:55:19.652, 4, 325.11, 61, 21, 62353, 49, 1980
2026/08/28 16:55:19.652, 5, 317.59, 85, 36, 46643, 39, 1980
2026/08/28 16:55:19.652, 6, 330.11, 75, 33, 61823, 48, 1980
2026/08/28 16:55:19.652, 7, 317.24, 86, 37, 66819, 39, 1980
2026/08/28 16:55:24.652, 0, 337.09, 57, 18, 74625, 50, 1980
2026/08/28 16:55:24.652, 1, 329.64, 68, 29, 70087, 42, 1980
2026/08/28 16:55:24.652, 2, 312.18, 63, 35, 68529, 40, 1980
2026/08/28 16:55:24.652, 3, 320.50, 67, 21, 61793, 49, 1980
2026/08/28 16:55:24.652, 4, 328.31, 71, 38, 62353, 48, 1980
2026/08/28 16:55:24.653, 5, 310.32, 66, 28, 46643, 40, 1980
2026/08/28 16:55:24.653, 6, 336.13, 62, 35, 61823, 49, 1980
2026/08/28 16:55:24.653, 7, 311.06, 66, 27, 66819, 40, 1980
2026/08/28 16:55:29.653, 0, 336.31, 70, 37, 74625, 50, 1980
2026/08/28 16:55:29.653, 1, 343.01, 79, 40, 70087, 43, 1980
2026/08/28 16:55:29.653, 2, 321.94, 65, 30, 68529, 39, 1980
2026/08/28 16:55:29.653, 3, 325.64, 63, 35, 61793, 49, 1980
2026/08/28 16:55:29.653, 4, 336.14, 61, 39, 62353, 49, 1980
2026/08/28 16:55:29.653, 5, 318.38, 68, 24, 46643, 41, 1980
2026/08/28 16:55:29.653, 6, 342.36, 64, 21, 61823, 49, 1980
2026/08/28 16:55:29.653, 7, 322.20, 64, 24, 66819, 40, 1980
2026/08/28 16:55:34.654, 0, 342.58, 66, 28, 74625, 50, 1980
2026/08/28 16:55:34.654, 1, 334.57, 71, 31, 70087, 43, 1980
2026/08/28 16:55:34.654, 2, 312.83, 73, 35, 68529, 39, 1980
2026/08/28 16:55:34.654, 3, 301.94, 66, 41, 61793, 49, 1980
2026/08/28 16:55:34.654, 4, 295.37, 69, 31, 62353, 48, 1980
2026/08/28 16:55:34.654, 5, 299.20, 71, 30, 46643, 40, 1980
2026/08/28 16:55:34.654, 6, 303.79, 66, 30, 61823, 48, 1980
2026/08/28 16:55:34.654, 7, 295.01, 68, 30, 66819, 40, 1980
2026/08/28 16:55:39.654, 0, 338.61, 70, 32, 74625, 51, 1980
2026/08/28 16:55:39.654, 1, 331.97, 70, 30, 70087, 44, 1980
2026/08/28 16:55:39.655, 2, 308.43, 66, 30, 68529, 40, 1980
2026/08/28 16:55:39.655, 3, 309.67, 71, 19, 61793, 49, 1980
2026/08/28 16:55:39.655, 4, 320.70, 66, 29, 62353, 49, 1980
2026/08/28 16:55:39.655, 5, 312.17, 70, 25, 46643, 40, 1980
2026/08/28 16:55:39.655, 6, 326.64, 79, 40, 61823, 48, 1980
2026/08/28 16:55:39.655, 7, 305.33, 70, 24, 66819, 40, 1980
2026/08/28 16:55:44.655, 0, 329.52, 76, 38, 74625, 51, 1980
2026/08/28 16:55:44.655, 1, 340.36, 69, 36, 70087, 43, 1980
2026/08/28 16:55:44.655, 2, 317.50, 64, 36, 68529, 40, 1980
2026/08/28 16:55:44.655, 3, 326.54, 63, 20, 61793, 48, 1980
2026/08/28 16:55:44.655, 4, 337.13, 62, 24, 62353, 50, 1980
2026/08/28 16:55:44.655, 5, 320.82, 82, 42, 46643, 40, 1980
2026/08/28 16:55:44.655, 6, 348.68, 77, 37, 61823, 48, 1980
2026/08/28 16:55:44.655, 7, 327.48, 79, 42, 66819, 39, 1980
2026/08/28 16:55:49.656, 0, 347.14, 77, 39, 74625, 51, 1980
2026/08/28 16:55:49.656, 1, 325.32, 69, 37, 70087, 43, 1980
2026/08/28 16:55:49.656, 2, 306.32, 65, 37, 68529, 40, 1980
2026/08/28 16:55:49.656, 3, 311.37, 63, 25, 61793, 48, 1980
2026/08/28 16:55:49.656, 4, 317.59, 67, 29, 62353, 49, 1980
2026/08/28 16:55:49.656, 5, 309.32, 74, 33, 46643, 39, 1980
2026/08/28 16:55:49.656, 6, 313.61, 78, 38, 61823, 48, 1980
2026/08/28 16:55:49.656, 7, 303.67, 72, 33, 66819, 39, 1980
2026/08/28 16:55:54.656, 0, 338.71, 69, 45, 74625, 52, 1980
2026/08/28 16:55:54.657, 1, 327.63, 71, 26, 70087, 42, 1980
2026/08/28 16:55:54.657, 2, 303.52, 69, 26, 68529, 39, 1980
2026/08/28 16:55:54.657, 3, 309.85, 67, 28, 61793, 48, 1980
2026/08/28 16:55:54.657, 4, 318.69, 63, 25, 62353, 48, 1980
2026/08/28 16:55:54.657, 5, 311.32, 81, 24, 46643, 39, 1980
2026/08/28 16:55:54.657, 6, 330.20, 54, 22, 61823, 48, 1980
2026/08/28 16:55:54.657, 7, 307.96, 78, 25, 66819, 38, 1980
2026/08/28 16:55:59.657, 0, 328.76, 65, 36, 74625, 51, 1980
2026/08/28 16:55:59.657, 1, 329.89, 67, 35, 70087, 44, 1980
2026/08/28 16:55:59.657, 2, 318.84, 58, 34, 68529, 40, 1980
2026/08/28 16:55:59.657, 3, 326.27, 64, 18, 61793, 48, 1980
2026/08/28 16:55:59.657, 4, 340.07, 76, 36, 62353, 49, 1980
2026/08/28 16:55:59.657, 5, 319.10, 83, 43, 46643, 40, 1980
2026/08/28 16:55:59.657, 6, 339.59, 73, 36, 61823, 49, 1980
2026/08/28 16:55:59.658, 7, 323.42, 82, 44, 66819, 39, 1980
2026/08/28 16:56:04.658, 0, 333.44, 66, 31, 74625, 50, 1980
2026/08/28 16:56:04.658, 1, 340.06, 78, 34, 70087, 42, 1980
2026/08/28 16:56:04.658, 2, 313.74, 74, 35, 68529, 39, 1980
2026/08/28 16:56:04.658, 3, 325.35, 63, 23, 61793, 49, 1980
2026/08/28 16:56:04.658, 4, 321.02, 70, 33, 62353, 49, 1980
2026/08/28 16:56:04.658, 5, 319.86, 68, 21, 46643, 40, 1980
2026/08/28 16:56:04.658, 6, 323.70, 59, 18, 61823, 49, 1980
2026/08/28 16:56:04.658, 7, 313.94, 61, 20, 66819, 40, 1980
2026/08/28 16:56:09.659, 0, 329.99, 64, 37, 74625, 52, 1980
2026/08/28 16:56:09.659, 1, 339.97, 69, 31, 70087, 44, 1980
2026/08/28 16:56:09.659, 2, 320.21, 64, 27, 68529, 40, 1980
2026/08/28 16:56:09.659, 3, 324.15, 82, 40, 61793, 48, 1980
2026/08/28 16:56:09.659, 4, 334.06, 63, 21, 62353, 49, 1980
2026/08/28 16:56:09.659, 5, 309.69, 56, 25, 46643, 39, 1980
2026/08/28 16:56:09.659, 6, 330.75, 63, 25, 61823, 48, 1980
2026/08/28 16:56:09.659, 7, 311.34, 80, 39, 66819, 39, 1980
2026/08/28 16:56:14.659, 0, 344.45, 81, 44, 74625, 50, 1980
2026/08/28 16:56:14.659, 1, 311.13, 85, 26, 70087, 42, 1980
2026/08/28 16:56:14.659, 2, 294.47, 81, 26, 68529, 39, 1980
2026/08/28 16:56:14.660, 3, 299.39, 75, 17, 61793, 47, 1980
2026/08/28 16:56:14.660, 4, 303.95, 77, 26, 62353, 48, 1980
2026/08/28 16:56:14.660, 5, 295.64, 79, 28, 46643, 38, 1980
2026/08/28 16:56:14.660, 6, 306.46, 57, 26, 61823, 48, 1980
2026/08/28 16:56:14.660, 7, 301.06, 75, 18, 66819, 38, 1980
2026/08/28 16:56:19.660, 0, 324.58, 56, 25, 74625, 51, 1980
2026/08/28 16:56:19.660, 1, 316.01, 61, 23, 70087, 42, 1980
2026/08/28 16:56:19.660, 2, 303.38, 57, 20, 68529, 39, 1980
2026/08/28 16:56:19.660, 3, 306.49, 66, 39, 61793, 48, 1980
2026/08/28 16:56:19.660, 4, 301.50, 65, 17, 62353, 48, 1980
2026/08/28 16:56:19.660, 5, 285.14, 66, 21, 46643, 40, 1980
2026/08/28 16:56:19.660, 6, 297.36, 76, 24, 61823, 48, 1980
2026/08/28 16:56:19.660, 7, 284.19, 51, 34, 66819, 39, 1980
2026/08/28 16:56:24.661, 0, 335.03, 55, 29, 74625, 50, 1980
2026/08/28 16:56:24.661, 1, 308.79, 60, 36, 70087, 43, 1980
2026/08/28 16:56:24.661, 2, 298.77, 55, 36, 68529, 39, 1980
2026/08/28 16:56:24.661, 3, 303.05, 72, 31, 61793, 48, 1980
2026/08/28 16:56:24.661, 4, 312.64, 56, 34, 62353, 49, 1980
2026/08/28 16:56:24.661, 5, 287.72, 74, 31, 46643, 39, 1980
2026/08/28 16:56:24.661, 6, 300.93, 60, 20, 61823, 47, 1980
2026/08/28 16:56:24.661, 7, 281.99, 66, 31, 66819, 38, 1980
2026/08/28 16:56:29.661, 0, 325.46, 57, 27, 74625, 51, 1980
2026/08/28 16:56:29.661, 1, 335.04, 69, 28, 70087, 43, 1980
2026/08/28 16:56:29.662, 2, 313.35, 58, 17, 68529, 39, 1980
2026/08/28 16:56:29.662, 3, 328.97, 75, 27, 61793, 48, 1980
2026/08/28 16:56:29.662, 4, 333.69, 71, 26, 62353, 49, 1980
2026/08/28 16:56:29.662, 5, 314.68, 71, 38, 46643, 40, 1980
2026/08/28 16:56:29.662, 6, 324.93, 70, 17, 61823, 48, 1980
2026/08/28 16:56:29.662, 7, 312.71, 66, 38, 66819, 40, 1980
2026/08/28 16:56:34.662, 0, 324.91, 73, 35, 74625, 50, 1980
2026/08/28 16:56:34.662, 1, 321.45, 73, 33, 70087, 43, 1980
2026/08/28 16:56:34.662, 2, 312.52, 66, 33, 68529, 39, 1980
2026/08/28 16:56:34.662, 3, 316.68, 65, 31, 61793, 49, 1980
2026/08/28 16:56:34.662, 4, 316.85, 80, 35, 62353, 48, 1980
2026/08/28 16:56:34.662, 5, 309.52, 72, 30, 46643, 40, 1980
2026/08/28 16:56:34.662, 6, 321.36, 72, 32, 61823, 49, 1980
2026/08/28 16:56:34.662, 7, 308.98, 69, 29, 66819, 40, 1980
2026/08/28 16:56:39.663, 0, 343.85, 65, 26, 74625, 51, 1980
2026/08/28 16:56:39.663, 1, 311.10, 72, 30, 70087, 43, 1980
2026/08/28 16:56:39.663, 2, 301.85, 70, 33, 68529, 39, 1980
2026/08/28 16:56:39.663, 3, 303.20, 63, 31, 61793, 48, 1980
2026/08/28 16:56:39.663, 4, 302.15, 71, 10, 62353, 48, 1980
2026/08/28 16:56:39.663, 5, 301.65, 71, 31, 46643, 40, 1980
2026/08/28 16:56:39.663, 6, 302.48, 83, 24, 61823, 47, 1980
2026/08/28 16:56:39.663, 7, 298.61, 67, 31, 66819, 40, 1980
2026/08/28 16:56:44.663, 0, 326.42, 80, 37, 74625, 50, 1980
2026/08/28 16:56:44.663, 1, 325.04, 81, 36, 70087, 43, 1980
2026/08/28 16:56:44.664, 2, 315.03, 69, 36, 68529, 39, 1980
2026/08/28 16:56:44.664, 3, 322.38, 66, 26, 61793, 49, 1980
2026/08/28 16:56:44.664, 4, 324.98, 78, 37, 62353, 49, 1980
2026/08/28 16:56:44.664, 5, 318.81, 80, 35, 46643, 40, 1980
2026/08/28 16:56:44.664, 6, 326.85, 66, 35, 61823, 49, 1980
2026/08/28 16:56:44.664, 7, 317.10, 82, 36, 66819, 39, 1980
2026/08/28 16:56:49.664, 0, 327.63, 74, 36, 74625, 51, 1980
2026/08/28 16:56:49.664, 1, 320.59, 67, 33, 70087, 42, 1980
2026/08/28 16:56:49.664, 2, 291.19, 61, 34, 68529, 39, 1980
2026/08/28 16:56:49.664, 3, 300.39, 62, 18, 61793, 48, 1980
2026/08/28 16:56:49.664, 4, 294.74, 85, 23, 62353, 47, 1980
2026/08/28 16:56:49.664, 5, 287.16, 76, 25, 46643, 39, 1980
2026/08/28 16:56:49.664, 6, 298.10, 64, 18, 61823, 47, 1980
2026/08/28 16:56:49.664, 7, 283.58, 76, 26, 66819, 38, 1980
2026/08/28 16:56:54.665, 0, 331.25, 62, 40, 74625, 51, 1980
2026/08/28 16:56:54.665, 1, 335.19, 70, 31, 70087, 43, 1980
2026/08/28 16:56:54.665, 2, 318.18, 62, 27, 68529, 40, 1980
2026/08/28 16:56:54.665, 3, 325.75, 76, 40, 61793, 49, 1980
2026/08/28 16:56:54.665, 4, 333.12, 66, 33, 62353, 49, 1980
2026/08/28 16:56:54.665, 5, 320.86, 71, 31, 46643, 40, 1980
2026/08/28 16:56:54.665, 6, 341.42, 71, 34, 61823, 48, 1980
2026/08/28 16:56:54.665, 7, 320.38, 65, 31, 66819, 39, 1980
2026/08/28 16:56:59.665, 0, 328.23, 80, 40, 74625, 50, 1980
2026/08/28 16:56:59.666, 1, 334.71, 71, 38, 70087, 43, 1980
2026/08/28 16:56:59.666, 2, 319.28, 62, 37, 68529, 39, 1980
2026/08/28 16:56:59.666, 3, 326.91, 54, 16, 61793, 49, 1980
2026/08/28 16:56:59.666, 4, 321.84, 59, 35, 62353, 49, 1980
2026/08/28 16:56:59.666, 5, 319.68, 67, 42, 46643, 40, 1980
2026/08/28 16:56:59.666, 6, 334.76, 57, 25, 61823, 48, 1980
2026/08/28 16:56:59.666, 7, 313.71, 78, 36, 66819, 39, 1980
2026/08/28 16:57:04.666, 0, 329.11, 66, 31, 74625, 50, 1980
2026/08/28 16:57:04.666, 1, 330.61, 80, 36, 70087, 42, 1980
2026/08/28 16:57:04.666, 2, 314.32, 78, 37, 68529, 39, 1980
2026/08/28 16:57:04.666, 3, 330.52, 66, 34, 61793, 49, 1980
2026/08/28 16:57:04.666, 4, 330.55, 74, 36, 62353, 48, 1980
2026/08/28 16:57:04.666, 5, 318.36, 69, 36, 46643, 40, 1980
2026/08/28 16:57:04.666, 6, 317.71, 64, 34, 61823, 49, 1980
2026/08/28 16:57:04.666, 7, 311.46, 64, 20, 66819, 40, 1980
2026/08/28 16:57:09.667, 0, 332.69, 61, 20, 74625, 51, 1980
2026/08/28 16:57:09.667, 1, 317.33, 72, 31, 70087, 43, 1980
2026/08/28 16:57:09.667, 2, 291.12, 71, 33, 68529, 39, 1980
2026/08/28 16:57:09.667, 3, 299.98, 67, 34, 61793, 48, 1980
2026/08/28 16:57:09.667, 4, 304.89, 72, 34, 62353, 48, 1980
2026/08/28 16:57:09.667, 5, 299.09, 85, 23, 46643, 39, 1980
2026/08/28 16:57:09.667, 6, 311.49, 79, 37, 61823, 48, 1980
2026/08/28 16:57:09.667, 7, 298.21, 66, 32, 66819, 39, 1980
2026/08/28 16:57:14.668, 0, 326.97, 69, 33, 74625, 51, 1980
2026/08/28 16:57:14.668, 1, 333.77, 66, 33, 70087, 42, 1980
2026/08/28 16:57:14.668, 2, 317.44, 63, 32, 68529, 39, 1980
2026/08/28 16:57:14.668, 3, 318.74, 61, 17, 61793, 49, 1980
2026/08/28 16:57:14.668, 4, 320.04, 67, 31, 62353, 49, 1980
2026/08/28 16:57:14.668, 5, 308.56, 52, 20, 46643, 40, 1980
2026/08/28 16:57:14.668, 6, 328.35, 69, 16, 61823, 48, 1980
2026/08/28 16:57:14.668, 7, 307.19, 79, 43, 66819, 40, 1980
2026/08/28 16:57:19.668, 0, 330.21, 57, 19, 74625, 51, 1980
2026/08/28 16:57:19.668, 1, 325.31, 63, 22, 70087, 43, 1980
2026/08/28 16:57:19.668, 2, 313.34, 61, 23, 68529, 39, 1980
2026/08/28 16:57:19.668, 3, 310.54, 54, 23, 61793, 48, 1980
2026/08/28 16:57:19.668, 4, 323.25, 66, 30, 62353, 47, 1980
2026/08/28 16:57:19.669, 5, 312.61, 76, 34, 46643, 39, 1980
2026/08/28 16:57:19.669, 6, 330.60, 76, 35, 61823, 47, 1980
2026/08/28 16:57:19.669, 7, 319.20, 55, 24, 66819, 39, 1980
2026/08/28 16:57:24.669, 0, 325.88, 67, 30, 74625, 51, 1980
2026/08/28 16:57:24.669, 1, 317.13, 80, 33, 70087, 42, 1980
2026/08/28 16:57:24.669, 2, 304.68, 79, 34, 68529, 39, 1980
2026/08/28 16:57:24.669, 3, 310.36, 68, 18, 61793, 49, 1980
2026/08/28 16:57:24.669, 4, 310.11, 71, 32, 62353, 48, 1980
2026/08/28 16:57:24.669, 5, 306.61, 71, 31, 46643, 40, 1980
2026/08/28 16:57:24.669, 6, 314.59, 63, 31, 61823, 48, 1980
2026/08/28 16:57:24.669, 7, 305.36, 63, 30, 66819, 40, 1980
2026/08/28 16:57:29.670, 0, 327.20, 58, 28, 74625, 50, 1980
2026/08/28 16:57:29.670, 1, 334.86, 66, 24, 70087, 43, 1980
2026/08/28 16:57:29.670, 2, 321.26, 60, 22, 68529, 40, 1980
2026/08/28 16:57:29.670, 3, 324.20, 66, 38, 61793, 48, 1980
2026/08/28 16:57:29.670, 4, 320.77, 63, 24, 62353, 48, 1980
2026/08/28 16:57:29.670, 5, 315.93, 77, 30, 46643, 39, 1980
2026/08/28 16:57:29.670, 6, 332.65, 77, 36, 61823, 48, 1980
2026/08/28 16:57:29.670, 7, 306.87, 65, 24, 66819, 39, 1980
2026/08/28 16:57:34.670, 0, 338.43, 66, 31, 74625, 51, 1980
2026/08/28 16:57:34.670, 1, 311.66, 64, 33, 70087, 43, 1980
2026/08/28 16:57:34.670, 2, 306.60, 65, 19, 68529, 40, 1980
2026/08/28 16:57:34.671, 3, 311.04, 79, 37, 61793, 48, 1980
2026/08/28 16:57:34.671, 4, 312.85, 61, 26, 62353, 49, 1980
2026/08/28 16:57:34.671, 5, 307.98, 64, 24, 46643, 39, 1980
2026/08/28 16:57:34.671, 6, 316.33, 59, 17, 61823, 49, 1980
2026/08/28 16:57:34.671, 7, 301.47, 65, 27, 66819, 39, 1980
2026/08/28 16:57:39.671, 0, 320.74, 62, 18, 74625, 50, 1980
2026/08/28 16:57:39.671, 1, 319.85, 79, 37, 70087, 42, 1980
2026/08/28 16:57:39.671, 2, 307.37, 61, 33, 68529, 39, 1980
2026/08/28 16:57:39.671, 3, 310.72, 65, 22, 61793, 49, 1980
2026/08/28 16:57:39.671, 4, 316.08, 72, 35, 62353, 48, 1980
2026/08/28 16:57:39.671, 5, 302.52, 71, 33, 46643, 40, 1980
2026/08/28 16:57:39.671, 6, 328.66, 65, 33, 61823, 49, 1980
2026/08/28 16:57:39.671, 7, 296.23, 69, 32, 66819, 40, 1980
2026/08/28 16:57:44.672, 0, 324.05, 66, 30, 74625, 51, 1980
2026/08/28 16:57:44.672, 1, 316.50, 78, 33, 70087, 42, 1980
2026/08/28 16:57:44.672, 2, 308.43, 75, 34, 68529, 38, 1980
2026/08/28 16:57:44.672, 3, 322.36, 62, 38, 61793, 49, 1980
2026/08/28 16:57:44.672, 4, 312.85, 69, 34, 62353, 48, 1980
2026/08/28 16:57:44.672, 5, 313.05, 68, 28, 46643, 40, 1980
2026/08/28 16:57:44.672, 6, 310.43, 69, 29, 61823, 47, 1980
2026/08/28 16:57:44.672, 7, 300.71, 69, 29, 66819, 39, 1980
2026/08/28 16:57:49.672, 0, 331.90, 59, 18, 74625, 51, 1980
2026/08/28 16:57:49.673, 1, 317.39, 64, 27, 70087, 42, 1980
2026/08/28 16:57:49.673, 2, 312.60, 58, 26, 68529, 38, 1980
2026/08/28 16:57:49.673, 3, 313.77, 54, 13, 61793, 48, 1980
2026/08/28 16:57:49.673, 4, 304.17, 76, 34, 62353, 47, 1980
2026/08/28 16:57:49.673, 5, 293.98, 70, 29, 46643, 40, 1980
2026/08/28 16:57:49.673, 6, 298.15, 63, 31, 61823, 48, 1980
2026/08/28 16:57:49.673, 7, 272.18, 66, 30, 66819, 39, 1980
2026/08/28 16:57:54.673, 0, 352.80, 61, 34, 74625, 51, 1980
2026/08/28 16:57:54.673, 1, 306.56, 71, 33, 70087, 43, 1980
2026/08/28 16:57:54.673, 2, 292.55, 71, 37, 68529, 39, 1980
2026/08/28 16:57:54.673, 3, 305.81, 68, 31, 61793, 48, 1980
2026/08/28 16:57:54.673, 4, 313.07, 67, 26, 62353, 49, 1980
2026/08/28 16:57:54.673, 5, 301.86, 78, 35, 46643, 40, 1980
2026/08/28 16:57:54.673, 6, 310.77, 76, 34, 61823, 48, 1980
2026/08/28 16:57:54.673, 7, 301.79, 76, 35, 66819, 39, 1980
2026/08/28 16:57:59.674, 0, 336.13, 64, 35, 74625, 51, 1980
2026/08/28 16:57:59.674, 1, 325.91, 81, 36, 70087, 42, 1980
2026/08/28 16:57:59.674, 2, 312.20, 63, 34, 68529, 39, 1980
2026/08/28 16:57:59.674, 3, 314.35, 59, 33, 61793, 49, 1980
2026/08/28 16:57:59.674, 4, 312.87, 82, 37, 62353, 48, 1980
2026/08/28 16:57:59.674, 5, 289.52, 81, 42, 46643, 40, 1980
2026/08/28 16:57:59.674, 6, 308.25, 63, 34, 61823, 47, 1980
2026/08/28 16:57:59.674, 7, 290.66, 79, 40, 66819, 40, 1980
2026/08/28 16:58:04.674, 0, 324.68, 71, 33, 74625, 50, 1980
2026/08/28 16:58:04.675, 1, 321.36, 69, 30, 70087, 44, 1980
2026/08/28 16:58:04.675, 2, 318.90, 64, 32, 68529, 40, 1980
2026/08/28 16:58:04.675, 3, 318.85, 75, 37, 61793, 48, 1980
2026/08/28 16:58:04.675, 4, 322.12, 67, 20, 62353, 49, 1980
2026/08/28 16:58:04.675, 5, 311.93, 69, 29, 46643, 40, 1980
2026/08/28 16:58:04.675, 6, 319.15, 73, 34, 61823, 48, 1980
2026/08/28 16:58:04.675, 7, 298.12, 67, 30, 66819, 39, 1980
2026/08/28 16:58:09.675, 0, 332.64, 65, 35, 74625, 51, 1980
2026/08/28 16:58:09.675, 1, 323.57, 64, 34, 70087, 43, 1980
2026/08/28 16:58:09.675, 2, 310.56, 62, 34, 68529, 40, 1980
2026/08/28 16:58:09.675, 3, 313.74, 76, 34, 61793, 48, 1980
2026/08/28 16:58:09.675, 4, 322.19, 81, 40, 62353, 49, 1980
2026/08/28 16:58:09.675, 5, 310.04, 75, 35, 46643, 39, 1980
2026/08/28 16:58:09.675, 6, 329.08, 81, 38, 61823, 48, 1980
2026/08/28 16:58:09.675, 7, 311.12, 76, 37, 66819, 39, 1980
2026/08/28 16:58:14.676, 0, 325.82, 54, 34, 74625, 51, 1980
2026/08/28 16:58:14.676, 1, 310.41, 59, 21, 70087, 41, 1980
2026/08/28 16:58:14.676, 2, 301.53, 55, 22, 68529, 38, 1980
2026/08/28 16:58:14.676, 3, 306.96, 70, 12, 61793, 48, 1980
2026/08/28 16:58:14.676, 4, 307.57, 66, 32, 62353, 49, 1980
2026/08/28 16:58:14.676, 5, 302.97, 61, 26, 46643, 39, 1980
2026/08/28 16:58:14.676, 6, 303.33, 68, 21, 61823, 48, 1980
2026/08/28 16:58:14.676, 7, 295.92, 57, 26, 66819, 40, 1980
2026/08/28 16:58:19.677, 0, 336.75, 55, 31, 74625, 51, 1980
2026/08/28 16:58:19.677, 1, 320.46, 65, 27, 70087, 43, 1980
2026/08/28 16:58:19.677, 2, 309.83, 62, 24, 68529, 40, 1980
2026/08/28 16:58:19.677, 3, 317.01, 60, 32, 61793, 48, 1980
2026/08/28 16:58:19.677, 4, 323.26, 77, 34, 62353, 48, 1980
2026/08/28 16:58:19.677, 5, 314.92, 76, 32, 46643, 39, 1980
2026/08/28 16:58:19.677, 6, 325.50, 67, 32, 61823, 48, 1980
2026/08/28 16:58:19.677, 7, 313.52, 72, 31, 66819, 39, 1980
2026/08/28 16:58:24.677, 0, 320.46, 61, 20, 74625, 50, 1980
2026/08/28 16:58:24.677, 1, 328.76, 69, 27, 70087, 42, 1980
2026/08/28 16:58:24.677, 2, 311.62, 69, 30, 68529, 39, 1980
2026/08/28 16:58:24.677, 3, 319.04, 74, 37, 61793, 49, 1980
2026/08/28 16:58:24.678, 4, 327.84, 64, 30, 62353, 49, 1980
2026/08/28 16:58:24.678, 5, 306.40, 66, 35, 46643, 40, 1980
2026/08/28 16:58:24.678, 6, 316.99, 64, 23, 61823, 49, 1980
2026/08/28 16:58:24.678, 7, 299.97, 65, 35, 66819, 38, 1980
2026/08/28 16:58:29.678, 0, 333.96, 83, 47, 74625, 50, 1980
2026/08/28 16:58:29.678, 1, 306.37, 58, 20, 70087, 41, 1980
2026/08/28 16:58:29.678, 2, 299.45, 54, 19, 68529, 38, 1980
2026/08/28 16:58:29.678, 3, 303.53, 75, 31, 61793, 48, 1980
2026/08/28 16:58:29.678, 4, 306.57, 69, 26, 62353, 47, 1980
2026/08/28 16:58:29.678, 5, 303.12, 62, 33, 46643, 39, 1980
2026/08/28 16:58:29.678, 6, 302.38, 70, 12, 61823, 49, 1980
2026/08/28 16:58:29.678, 7, 293.24, 57, 33, 66819, 39, 1980
2026/08/28 16:58:34.679, 0, 329.55, 50, 12, 74625, 51, 1980
2026/08/28 16:58:34.679, 1, 336.67, 60, 27, 70087, 42, 1980
2026/08/28 16:58:34.679, 2, 311.95, 56, 23, 68529, 39, 1980
2026/08/28 16:58:34.679, 3, 301.83, 72, 37, 61793, 48, 1980
2026/08/28 16:58:34.679, 4, 296.54, 59, 8, 62353, 47, 1980
2026/08/28 16:58:34.679, 5, 283.26, 71, 20, 46643, 38, 1980
2026/08/28 16:58:34.679, 6, 303.27, 54, 26, 61823, 48, 1980
2026/08/28 16:58:34.679, 7, 289.26, 65, 19, 66819, 38, 1980
2026/08/28 16:58:39.679, 0, 334.22, 67, 33, 74625, 50, 1980
2026/08/28 16:58:39.680, 1, 326.83, 67, 21, 70087, 43, 1980
2026/08/28 16:58:39.680, 2, 313.46, 70, 21, 68529, 39, 1980
2026/08/28 16:58:39.680, 3, 324.84, 63, 30, 61793, 48, 1980
2026/08/28 16:58:39.680, 4, 326.93, 75, 29, 62353, 48, 1980
2026/08/28 16:58:39.680, 5, 323.10, 68, 28, 46643, 40, 1980
2026/08/28 16:58:39.680, 6, 335.46, 64, 40, 61823, 49, 1980
2026/08/28 16:58:39.680, 7, 318.88, 66, 30, 66819, 40, 1980
2026/08/28 16:58:44.680, 0, 340.95, 59, 24, 74625, 50, 1980
2026/08/28 16:58:44.680, 1, 311.87, 64, 27, 70087, 42, 1980
2026/08/28 16:58:44.680, 2, 310.67, 72, 35, 68529, 39, 1980
2026/08/28 16:58:44.680, 3, 311.91, 64, 38, 61793, 49, 1980
2026/08/28 16:58:44.680, 4, 325.76, 65, 26, 62353, 48, 1980
2026/08/28 16:58:44.680, 5, 310.49, 69, 17, 46643, 40, 1980
2026/08/28 16:58:44.680, 6, 328.56, 68, 30, 61823, 48, 1980
2026/08/28 16:58:44.680, 7, 312.66, 68, 42, 66819, 40, 1980
2026/08/28 16:58:49.681, 0, 335.12, 69, 35, 74625, 50, 1980
2026/08/28 16:58:49.681, 1, 332.85, 81, 42, 70087, 42, 1980
2026/08/28 16:58:49.681, 2, 315.55, 66, 42, 68529, 40, 1980
2026/08/28 16:58:49.681, 3, 325.17, 65, 27, 61793, 48, 1980
2026/08/28 16:58:49.681, 4, 326.59, 80, 39, 62353, 49, 1980
2026/08/28 16:58:49.681, 5, 320.78, 70, 32, 46643, 39, 1980
2026/08/28 16:58:49.681, 6, 329.21, 62, 26, 61823, 49, 1980
2026/08/28 16:58:49.681, 7, 312.46, 71, 33, 66819, 40, 1980
2026/08/28 16:58:54.681, 0, 328.20, 66, 32, 74625, 50, 1980
2026/08/28 16:58:54.681, 1, 331.69, 74, 36, 70087, 42, 1980
2026/08/28 16:58:54.681, 2, 320.90, 77, 38, 68529, 39, 1980
2026/08/28 16:58:54.681, 3, 332.74, 61, 35, 61793, 48, 1980
2026/08/28 16:58:54.682, 4, 326.62, 72, 33, 62353, 48, 1980
2026/08/28 16:58:54.682, 5, 323.65, 64, 15, 46643, 40, 1980
2026/08/28 16:58:54.682, 6, 337.43, 60, 22, 61823, 48, 1980
2026/08/28 16:58:54.682, 7, 318.28, 60, 16, 66819, 40, 1980
2026/08/28 16:58:59.682, 0, 288.66, 81, 35, 74625, 49, 1980
2026/08/28 16:58:59.682, 1, 288.77, 86, 37, 70087, 42, 1980
2026/08/28 16:58:59.682, 2, 283.35, 82, 38, 68529, 38, 1980
2026/08/28 16:58:59.682, 3, 291.69, 61, 36, 61793, 49, 1980
2026/08/28 16:58:59.682, 4, 292.14, 75, 39, 62353, 48, 1980
2026/08/28 16:58:59.682, 5, 273.34, 72, 24, 46643, 40, 1980
2026/08/28 16:58:59.682, 6, 288.23, 82, 34, 61823, 48, 1980
2026/08/28 16:58:59.682, 7, 272.60, 73, 26, 66819, 39, 1980
2026/08/28 16:59:04.683, 0, 327.95, 60, 35, 20295, 51, 1980
2026/08/28 16:59:04.683, 1, 323.68, 64, 25, 70087, 43, 1980
2026/08/28 16:59:04.683, 2, 312.98, 65, 26, 68529, 40, 1980
2026/08/28 16:59:04.683, 3, 317.87, 69, 33, 61793, 47, 1980
2026/08/28 16:59:04.683, 4, 313.10, 61, 29, 62353, 48, 1980
2026/08/28 16:59:04.683, 5, 302.78, 64, 28, 46643, 39, 1980
2026/08/28 16:59:04.683, 6, 303.63, 61, 17, 61823, 47, 1980
2026/08/28 16:59:04.683, 7, 295.66, 62, 29, 66819, 38, 1980
2026/08/28 16:59:09.683, 0, 316.33, 80, 45, 22731, 50, 1980
2026/08/28 16:59:09.683, 1, 294.37, 80, 24, 70087, 41, 1980
2026/08/28 16:59:09.683, 2, 269.11, 75, 24, 68529, 38, 1980
2026/08/28 16:59:09.683, 3, 273.61, 53, 31, 61793, 48, 1980
2026/08/28 16:59:09.683, 4, 274.19, 71, 37, 62353, 47, 1980
2026/08/28 16:59:09.683, 5, 265.44, 73, 10, 46643, 39, 1980
2026/08/28 16:59:09.684, 6, 278.80, 80, 41, 61823, 47, 1980
2026/08/28 16:59:09.684, 7, 264.97, 70, 10, 66819, 38, 1980
2026/08/28 16:59:14.684, 0, 341.65, 71, 54, 30361, 52, 1980
2026/08/28 16:59:14.684, 1, 322.92, 70, 36, 70087, 43, 1980
2026/08/28 16:59:14.684, 2, 305.55, 63, 35, 68529, 39, 1980
2026/08/28 16:59:14.684, 3, 293.36, 72, 33, 61793, 47, 1980
2026/08/28 16:59:14.684, 4, 298.90, 66, 38, 62353, 48, 1980
2026/08/28 16:59:14.684, 5, 293.51, 82, 26, 46643, 38, 1980
2026/08/28 16:59:14.684, 6, 307.83, 68, 27, 61823, 48, 1980
2026/08/28 16:59:14.684, 7, 288.82, 75, 27, 66819, 38, 1980
2026/08/28 16:59:19.685, 0, 349.60, 75, 39, 30361, 50, 1980
2026/08/28 16:59:19.685, 1, 325.00, 70, 36, 70087, 42, 1980
2026/08/28 16:59:19.685, 2, 298.71, 66, 39, 68529, 39, 1980
2026/08/28 16:59:19.685, 3, 302.76, 63, 26, 61793, 48, 1980
2026/08/28 16:59:19.685, 4, 301.17, 64, 43, 62353, 49, 1980
2026/08/28 16:59:19.685, 5, 299.84, 72, 34, 46643, 40, 1980
2026/08/28 16:59:19.685, 6, 308.18, 64, 35, 61823, 48, 1980
2026/08/28 16:59:19.685, 7, 293.72, 72, 33, 66819, 39, 1980
2026/08/28 16:59:24.685, 0, 335.76, 63, 36, 30361, 50, 1980
2026/08/28 16:59:24.685, 1, 329.97, 72, 33, 70087, 43, 1980
2026/08/28 16:59:24.685, 2, 313.64, 67, 30, 68529, 40, 1980
2026/08/28 16:59:24.686, 3, 322.71, 74, 35, 61793, 48, 1980
2026/08/28 16:59:24.686, 4, 331.76, 65, 23, 62353, 49, 1980
2026/08/28 16:59:24.686, 5, 316.85, 83, 37, 46643, 39, 1980
2026/08/28 16:59:24.686, 6, 334.35, 70, 28, 61823, 48, 1980
2026/08/28 16:59:24.686, 7, 317.78, 78, 37, 66819, 39, 1980
2026/08/28 16:59:29.686, 0, 321.96, 74, 39, 30361, 50, 1980
2026/08/28 16:59:29.686, 1, 329.58, 81, 35, 70087, 42, 1980
2026/08/28 16:59:29.686, 2, 302.38, 77, 36, 68529, 39, 1980
2026/08/28 16:59:29.686, 3, 304.96, 63, 32, 61793, 48, 1980
2026/08/28 16:59:29.686, 4, 311.07, 69, 33, 62353, 49, 1980
2026/08/28 16:59:29.686, 5, 307.15, 68, 24, 46643, 40, 1980
2026/08/28 16:59:29.686, 6, 316.45, 61, 32, 61823, 49, 1980
2026/08/28 16:59:29.686, 7, 297.71, 66, 25, 66819, 39, 1980
2026/08/28 16:59:34.687, 0, 341.81, 68, 30, 30361, 50, 1980
2026/08/28 16:59:34.687, 1, 308.93, 79, 33, 70087, 42, 1980
2026/08/28 16:59:34.687, 2, 297.43, 74, 33, 68529, 38, 1980
2026/08/28 16:59:34.687, 3, 309.35, 64, 40, 61793, 49, 1980
2026/08/28 16:59:34.687, 4, 313.50, 68, 31, 62353, 48, 1980
2026/08/28 16:59:34.687, 5, 305.66, 68, 16, 46643, 40, 1980
2026/08/28 16:59:34.687, 6, 317.26, 63, 40, 61823, 48, 1980
2026/08/28 16:59:34.687, 7, 296.73, 65, 18, 66819, 40, 1980
2026/08/28 16:59:39.687, 0, 328.38, 65, 26, 30361, 51, 1980
2026/08/28 16:59:39.688, 1, 314.11, 70, 26, 70087, 43, 1980
2026/08/28 16:59:39.688, 2, 313.35, 69, 27, 68529, 40, 1980
2026/08/28 16:59:39.688, 3, 307.87, 74, 37, 61793, 48, 1980
2026/08/28 16:59:39.688, 4, 322.83, 73, 33, 62353, 48, 1980
2026/08/28 16:59:39.688, 5, 305.32, 77, 11, 46643, 39, 1980
2026/08/28 16:59:39.688, 6, 326.36, 79, 37, 61823, 48, 1980
2026/08/28 16:59:39.688, 7, 309.21, 66, 33, 66819, 40, 1980
2026/08/28 16:59:44.688, 0, 332.66, 68, 33, 30361, 50, 1980
2026/08/28 16:59:44.688, 1, 318.80, 80, 39, 70087, 42, 1980
2026/08/28 16:59:44.688, 2, 302.23, 80, 38, 68529, 39, 1980
2026/08/28 16:59:44.688, 3, 305.73, 61, 35, 61793, 48, 1980
2026/08/28 16:59:44.688, 4, 310.25, 82, 39, 62353, 48, 1980
2026/08/28 16:59:44.688, 5, 301.48, 65, 35, 46643, 40, 1980
2026/08/28 16:59:44.688, 6, 316.52, 67, 36, 61823, 49, 1980
2026/08/28 16:59:44.688, 7, 299.87, 60, 22, 66819, 39, 1980
2026/08/28 16:59:49.689, 0, 344.89, 74, 37, 30361, 51, 1980
2026/08/28 16:59:49.689, 1, 329.85, 70, 17, 70087, 43, 1980
2026/08/28 16:59:49.689, 2, 316.43, 65, 18, 68529, 40, 1980
2026/08/28 16:59:49.689, 3, 313.86, 78, 38, 61793, 48, 1980
2026/08/28 16:59:49.689, 4, 322.67, 68, 25, 62353, 48, 1980
2026/08/28 16:59:49.689, 5, 309.84, 83, 38, 46643, 39, 1980
2026/08/28 16:59:49.689, 6, 328.44, 74, 34, 61823, 47, 1980
2026/08/28 16:59:49.689, 7, 313.22, 63, 27, 66819, 39, 1980
2026/08/28 16:59:54.689, 0, 332.94, 64, 29, 30361, 50, 1980
2026/08/28 16:59:54.689, 1, 325.33, 65, 34, 70087, 43, 1980
2026/08/28 16:59:54.689, 2, 313.91, 63, 34, 68529, 40, 1980
2026/08/28 16:59:54.689, 3, 319.80, 59, 18, 61793, 49, 1980
2026/08/28 16:59:54.689, 4, 316.29, 68, 28, 62353, 49, 1980
2026/08/28 16:59:54.690, 5, 309.99, 64, 11, 46643, 40, 1980
2026/08/28 16:59:54.690, 6, 321.13, 63, 14, 61823, 49, 1980
2026/08/28 16:59:54.690, 7, 307.58, 85, 39, 66819, 39, 1980
2026/08/28 16:59:59.690, 0, 323.32, 63, 37, 30361, 50, 1980
2026/08/28 16:59:59.690, 1, 319.10, 68, 19, 70087, 43, 1980
2026/08/28 16:59:59.690, 2, 313.08, 66, 18, 68529, 40, 1980
2026/08/28 16:59:59.690, 3, 302.72, 65, 33, 61793, 48, 1980
2026/08/28 16:59:59.690, 4, 310.17, 68, 18, 62353, 49, 1980
2026/08/28 16:59:59.690, 5, 299.08, 87, 37, 46643, 39, 1980
2026/08/28 16:59:59.690, 6, 314.36, 78, 34, 61823, 48, 1980
2026/08/28 16:59:59.690, 7, 298.64, 88, 33, 66819, 39, 1980
2026/08/28 17:00:04.691, 0, 329.47, 61, 35, 30361, 51, 1980
2026/08/28 17:00:04.691, 1, 336.72, 77, 32, 70087, 43, 1980
2026/08/28 17:00:04.691, 2, 310.77, 77, 35, 68529, 40, 1980
2026/08/28 17:00:04.691, 3, 316.36, 62, 40, 61793, 49, 1980
2026/08/28 17:00:04.691, 4, 303.90, 67, 17, 62353, 47, 1980
2026/08/28 17:00:04.691, 5, 301.70, 81, 18, 46643, 40, 1980
2026/08/28 17:00:04.691, 6, 310.24, 77, 27, 61823, 47, 1980
2026/08/28 17:00:04.691, 7, 298.50, 80, 18, 66819, 38, 1980
2026/08/28 17:00:09.691, 0, 334.14, 48, 25, 30361, 50, 1980
2026/08/28 17:00:09.691, 1, 337.07, 77, 36, 70087, 43, 1980
2026/08/28 17:00:09.692, 2, 312.98, 68, 35, 68529, 39, 1980
2026/08/28 17:00:09.692, 3, 303.43, 64, 26, 61793, 49, 1980
2026/08/28 17:00:09.692, 4, 315.55, 84, 37, 62353, 48, 1980
2026/08/28 17:00:09.692, 5, 305.25, 71, 38, 46643, 40, 1980
2026/08/28 17:00:09.692, 6, 324.00, 68, 33, 61823, 48, 1980
2026/08/28 17:00:09.692, 7, 307.01, 66, 40, 66819, 40, 1980
2026/08/28 17:00:14.692, 0, 331.17, 63, 26, 30361, 50, 1980
2026/08/28 17:00:14.692, 1, 319.06, 60, 25, 70087, 42, 1980
2026/08/28 17:00:14.692, 2, 299.89, 53, 25, 68529, 39, 1980
2026/08/28 17:00:14.692, 3, 303.86, 60, 23, 61793, 48, 1980
2026/08/28 17:00:14.692, 4, 305.90, 67, 37, 62353, 48, 1980
2026/08/28 17:00:14.692, 5, 296.64, 68, 26, 46643, 39, 1980
2026/08/28 17:00:14.692, 6, 313.88, 59, 17, 61823, 49, 1980
2026/08/28 17:00:14.692, 7, 300.47, 60, 23, 66819, 38, 1980
2026/08/28 17:00:19.693, 0, 343.62, 50, 31, 30361, 51, 1980
2026/08/28 17:00:19.693, 1, 306.56, 81, 37, 70087, 42, 1980
2026/08/28 17:00:19.693, 2, 302.31, 79, 38, 68529, 38, 1980
2026/08/28 17:00:19.693, 3, 300.91, 57, 31, 61793, 48, 1980
2026/08/28 17:00:19.693, 4, 301.96, 67, 21, 62353, 47, 1980
2026/08/28 17:00:19.693, 5, 295.41, 70, 23, 46643, 40, 1980
2026/08/28 17:00:19.693, 6, 295.92, 54, 32, 61823, 48, 1980
2026/08/28 17:00:19.693, 7, 282.46, 64, 21, 66819, 39, 1980
2026/08/28 17:00:24.693, 0, 323.46, 64, 30, 30361, 51, 1980
2026/08/28 17:00:24.694, 1, 329.84, 79, 36, 70087, 42, 1980
2026/08/28 17:00:24.694, 2, 319.13, 76, 36, 68529, 39, 1980
2026/08/28 17:00:24.694, 3, 322.19, 61, 32, 61793, 49, 1980
2026/08/28 17:00:24.694, 4, 326.40, 77, 33, 62353, 48, 1980
2026/08/28 17:00:24.694, 5, 315.27, 67, 32, 46643, 40, 1980
2026/08/28 17:00:24.694, 6, 325.70, 63, 33, 61823, 48, 1980
2026/08/28 17:00:24.694, 7, 313.24, 63, 32, 66819, 40, 1980
2026/08/28 17:00:29.694, 0, 329.37, 78, 38, 30361, 51, 1980
2026/08/28 17:00:29.694, 1, 331.32, 71, 27, 70087, 43, 1980
2026/08/28 17:00:29.694, 2, 318.18, 70, 28, 68529, 40, 1980
2026/08/28 17:00:29.694, 3, 329.54, 77, 40, 61793, 48, 1980
2026/08/28 17:00:29.694, 4, 341.81, 75, 36, 62353, 49, 1980
2026/08/28 17:00:29.694, 5, 317.54, 72, 35, 46643, 39, 1980
2026/08/28 17:00:29.694, 6, 327.99, 82, 40, 61823, 48, 1980
2026/08/28 17:00:29.694, 7, 319.23, 75, 39, 66819, 39, 1980
2026/08/28 17:00:34.695, 0, 309.67, 63, 24, 30361, 49, 1980
2026/08/28 17:00:34.695, 1, 308.75, 59, 31, 70087, 42, 1980
2026/08/28 17:00:34.695, 2, 307.65, 59, 31, 68529, 39, 1980
2026/08/28 17:00:34.695, 3, 309.67, 57, 17, 61793, 49, 1980
2026/08/28 17:00:34.695, 4, 302.37, 61, 26, 62353, 48, 1980
2026/08/28 17:00:34.695, 5, 303.73, 63, 28, 46643, 40, 1980
2026/08/28 17:00:34.695, 6, 306.32, 67, 13, 61823, 48, 1980
2026/08/28 17:00:34.695, 7, 295.66, 66, 25, 66819, 39, 1980
2026/08/28 17:00:39.696, 0, 321.18, 86, 37, 30361, 49, 1980
2026/08/28 17:00:39.696, 1, 325.92, 73, 16, 70087, 42, 1980
2026/08/28 17:00:39.696, 2, 311.97, 66, 12, 68529, 39, 1980
2026/08/28 17:00:39.696, 3, 307.98, 68, 30, 61793, 48, 1980
2026/08/28 17:00:39.696, 4, 314.92, 70, 19, 62353, 49, 1980
2026/08/28 17:00:39.696, 5, 307.01, 47, 19, 46643, 40, 1980
2026/08/28 17:00:39.696, 6, 311.66, 65, 17, 61823, 47, 1980
2026/08/28 17:00:39.696, 7, 296.96, 42, 15, 66819, 39, 1980
2026/08/28 17:00:44.696, 0, 321.61, 57, 34, 30361, 51, 1980
2026/08/28 17:00:44.696, 1, 322.29, 69, 25, 70087, 43, 1980
2026/08/28 17:00:44.696, 2, 298.88, 66, 35, 68529, 40, 1980
2026/08/28 17:00:44.696, 3, 307.13, 81, 39, 61793, 48, 1980
2026/08/28 17:00:44.696, 4, 316.02, 79, 38, 62353, 48, 1980
2026/08/28 17:00:44.696, 5, 299.70, 73, 32, 46643, 40, 1980
2026/08/28 17:00:44.697, 6, 317.98, 82, 41, 61823, 48, 1980
2026/08/28 17:00:44.697, 7, 298.82, 72, 32, 66819, 39, 1980
2026/08/28 17:00:49.697, 0, 326.91, 74, 32, 30361, 50, 1980
2026/08/28 17:00:49.697, 1, 309.29, 62, 17, 70087, 42, 1980
2026/08/28 17:00:49.697, 2, 299.33, 79, 36, 68529, 39, 1980
2026/08/28 17:00:49.697, 3, 304.65, 75, 30, 61793, 48, 1980
2026/08/28 17:00:49.697, 4, 308.91, 65, 16, 62353, 49, 1980
2026/08/28 17:00:49.697, 5, 301.68, 63, 14, 46643, 39, 1980
2026/08/28 17:00:49.697, 6, 313.54, 66, 23, 61823, 47, 1980
2026/08/28 17:00:49.697, 7, 299.59, 51, 13, 66819, 39, 1980
2026/08/28 17:00:54.698, 0, 328.65, 66, 32, 30361, 50, 1980
2026/08/28 17:00:54.698, 1, 320.91, 67, 26, 70087, 42, 1980
2026/08/28 17:00:54.698, 2, 316.50, 70, 29, 68529, 39, 1980
2026/08/28 17:00:54.698, 3, 321.89, 64, 20, 61793, 49, 1980
2026/08/28 17:00:54.698, 4, 318.70, 65, 34, 62353, 49, 1980
2026/08/28 17:00:54.698, 5, 311.23, 66, 34, 46643, 40, 1980
2026/08/28 17:00:54.698, 6, 317.47, 68, 29, 61823, 49, 1980
2026/08/28 17:00:54.698, 7, 305.78, 66, 33, 66819, 40, 1980
2026/08/28 17:00:59.698, 0, 324.92, 76, 41, 30361, 50, 1980
2026/08/28 17:00:59.699, 1, 309.58, 62, 19, 70087, 42, 1980
2026/08/28 17:00:59.700, 2, 287.48, 64, 22, 68529, 38, 1980
2026/08/28 17:00:59.701, 3, 297.10, 71, 8, 61793, 48, 1980
2026/08/28 17:00:59.701, 4, 302.15, 70, 20, 62353, 48, 1980
2026/08/28 17:00:59.701, 5, 295.49, 73, 8, 46643, 39, 1980
2026/08/28 17:00:59.701, 6, 304.58, 71, 9, 61823, 47, 1980
2026/08/28 17:00:59.701, 7, 290.05, 59, 22, 66819, 38, 1980
2026/08/28 17:01:04.702, 0, 313.80, 58, 19, 30361, 50, 1980
2026/08/28 17:01:04.702, 1, 313.48, 65, 38, 70087, 43, 1980
2026/08/28 17:01:04.702, 2, 308.15, 65, 38, 68529, 39, 1980
2026/08/28 17:01:04.702, 3, 309.30, 56, 17, 61793, 47, 1980
2026/08/28 17:01:04.702, 4, 312.80, 84, 38, 62353, 47, 1980
2026/08/28 17:01:04.702, 5, 302.98, 65, 33, 46643, 39, 1980
2026/08/28 17:01:04.702, 6, 317.24, 70, 36, 61823, 48, 1980
2026/08/28 17:01:04.702, 7, 304.14, 79, 36, 66819, 40, 1980
2026/08/28 17:01:09.702, 0, 331.14, 55, 21, 30361, 51, 1980
2026/08/28 17:01:09.703, 1, 316.18, 66, 38, 70087, 43, 1980
2026/08/28 17:01:09.703, 2, 299.97, 65, 37, 68529, 39, 1980
2026/08/28 17:01:09.703, 3, 304.77, 71, 11, 61793, 47, 1980
2026/08/28 17:01:09.703, 4, 311.92, 79, 24, 62353, 47, 1980
2026/08/28 17:01:09.703, 5, 296.76, 58, 23, 46643, 39, 1980
2026/08/28 17:01:09.703, 6, 306.07, 65, 24, 61823, 47, 1980
2026/08/28 17:01:09.703, 7, 298.58, 78, 36, 66819, 39, 1980
2026/08/28 17:01:14.703, 0, 329.03, 77, 42, 30361, 50, 1980
2026/08/28 17:01:14.703, 1, 326.74, 76, 33, 70087, 43, 1980
2026/08/28 17:01:14.703, 2, 300.73, 58, 21, 68529, 38, 1980
2026/08/28 17:01:14.703, 3, 313.99, 55, 21, 61793, 48, 1980
2026/08/28 17:01:14.703, 4, 315.88, 69, 11, 62353, 48, 1980
2026/08/28 17:01:14.703, 5, 311.50, 80, 19, 46643, 39, 1980
2026/08/28 17:01:14.703, 6, 320.21, 70, 9, 61823, 48, 1980
2026/08/28 17:01:14.703, 7, 305.42, 58, 20, 66819, 38, 1980
2026/08/28 17:01:19.704, 0, 309.73, 53, 25, 30361, 49, 1980
2026/08/28 17:01:19.704, 1, 310.61, 49, 13, 70087, 41, 1980
2026/08/28 17:01:19.704, 2, 302.83, 74, 35, 68529, 38, 1980
2026/08/28 17:01:19.704, 3, 311.35, 54, 25, 61793, 48, 1980
2026/08/28 17:01:19.704, 4, 316.20, 58, 37, 62353, 47, 1980
2026/08/28 17:01:19.704, 5, 294.89, 69, 22, 46643, 40, 1980
2026/08/28 17:01:19.704, 6, 307.00, 72, 26, 61823, 47, 1980
2026/08/28 17:01:19.704, 7, 290.42, 56, 25, 66819, 39, 1980
2026/08/28 17:01:24.705, 0, 327.94, 75, 40, 30361, 49, 1980
2026/08/28 17:01:24.705, 1, 325.51, 67, 28, 70087, 42, 1980
2026/08/28 17:01:24.705, 2, 313.67, 72, 40, 68529, 39, 1980
2026/08/28 17:01:24.705, 3, 306.85, 57, 22, 61793, 47, 1980
2026/08/28 17:01:24.705, 4, 315.66, 62, 11, 62353, 47, 1980
2026/08/28 17:01:24.705, 5, 288.50, 70, 8, 46643, 39, 1980
2026/08/28 17:01:24.705, 6, 310.77, 52, 21, 61823, 47, 1980
2026/08/28 17:01:24.705, 7, 295.99, 73, 10, 66819, 39, 1980
2026/08/28 17:01:29.705, 0, 322.16, 49, 14, 30361, 50, 1980
2026/08/28 17:01:29.705, 1, 315.58, 65, 20, 70087, 42, 1980
2026/08/28 17:01:29.705, 2, 281.92, 66, 23, 68529, 38, 1980
2026/08/28 17:01:29.705, 3, 291.88, 67, 28, 61793, 48, 1980
2026/08/28 17:01:29.705, 4, 286.11, 77, 20, 62353, 47, 1980
2026/08/28 17:01:29.706, 5, 274.03, 68, 30, 46643, 39, 1980
2026/08/28 17:01:29.706, 6, 292.82, 73, 30, 61823, 47, 1980
2026/08/28 17:01:29.706, 7, 276.77, 66, 30, 66819, 38, 1980
2026/08/28 17:01:34.706, 0, 327.83, 60, 20, 30361, 51, 1980
2026/08/28 17:01:34.706, 1, 317.04, 69, 28, 70087, 42, 1980
2026/08/28 17:01:34.706, 2, 304.78, 70, 30, 68529, 39, 1980
2026/08/28 17:01:34.706, 3, 318.09, 70, 36, 61793, 49, 1980
2026/08/28 17:01:34.706, 4, 318.98, 67, 21, 62353, 48, 1980
2026/08/28 17:01:34.706, 5, 314.23, 66, 35, 46643, 40, 1980
2026/08/28 17:01:34.706, 6, 325.78, 82, 39, 61823, 48, 1980
2026/08/28 17:01:34.706, 7, 308.64, 65, 31, 66819, 40, 1980
2026/08/28 17:01:39.707, 0, 326.99, 62, 29, 30361, 50, 1980
2026/08/28 17:01:39.707, 1, 320.56, 78, 32, 70087, 42, 1980
2026/08/28 17:01:39.707, 2, 289.76, 79, 33, 68529, 39, 1980
2026/08/28 17:01:39.707, 3, 299.83, 65, 29, 61793, 49, 1980
2026/08/28 17:01:39.707, 4, 307.22, 73, 14, 62353, 47, 1980
2026/08/28 17:01:39.707, 5, 300.04, 66, 16, 46643, 40, 1980
2026/08/28 17:01:39.707, 6, 298.00, 61, 31, 61823, 48, 1980
2026/08/28 17:01:39.707, 7, 287.51, 66, 16, 66819, 40, 1980
2026/08/28 17:01:44.707, 0, 327.95, 52, 20, 30361, 50, 1980
2026/08/28 17:01:44.708, 1, 325.78, 60, 15, 70087, 42, 1980
2026/08/28 17:01:44.708, 2, 303.43, 65, 8, 68529, 38, 1980
2026/08/28 17:01:44.708, 3, 302.63, 82, 22, 61793, 48, 1980
2026/08/28 17:01:44.708, 4, 308.85, 52, 22, 62353, 48, 1980
2026/08/28 17:01:44.708, 5, 292.35, 58, 17, 46643, 38, 1980
2026/08/28 17:01:44.708, 6, 300.69, 73, 12, 61823, 46, 1980
2026/08/28 17:01:44.708, 7, 287.59, 54, 16, 66819, 38, 1980
2026/08/28 17:01:49.708, 0, 322.50, 76, 36, 30361, 49, 1980
2026/08/28 17:01:49.708, 1, 323.27, 70, 32, 70087, 43, 1980
2026/08/28 17:01:49.708, 2, 316.72, 67, 34, 68529, 39, 1980
2026/08/28 17:01:49.708, 3, 315.77, 64, 20, 61793, 48, 1980
2026/08/28 17:01:49.708, 4, 310.01, 65, 33, 62353, 48, 1980
2026/08/28 17:01:49.708, 5, 303.99, 73, 29, 46643, 40, 1980
2026/08/28 17:01:49.708, 6, 310.08, 69, 30, 61823, 49, 1980
2026/08/28 17:01:49.708, 7, 304.52, 72, 31, 66819, 39, 1980
2026/08/28 17:01:54.709, 0, 316.20, 55, 16, 30361, 50, 1980
2026/08/28 17:01:54.709, 1, 312.36, 66, 28, 70087, 42, 1980
2026/08/28 17:01:54.709, 2, 293.74, 63, 18, 68529, 39, 1980
2026/08/28 17:01:54.709, 3, 298.45, 70, 30, 61793, 47, 1980
2026/08/28 17:01:54.709, 4, 306.93, 63, 12, 62353, 48, 1980
2026/08/28 17:01:54.709, 5, 296.00, 74, 24, 46643, 38, 1980
2026/08/28 17:01:54.709, 6, 313.35, 67, 22, 61823, 46, 1980
2026/08/28 17:01:54.709, 7, 298.02, 67, 24, 66819, 38, 1980
2026/08/28 17:01:59.709, 0, 322.88, 72, 34, 30361, 51, 1980
2026/08/28 17:01:59.710, 1, 326.08, 73, 33, 70087, 42, 1980
2026/08/28 17:01:59.710, 2, 297.52, 76, 34, 68529, 39, 1980
2026/08/28 17:01:59.710, 3, 301.64, 63, 35, 61793, 48, 1980
2026/08/28 17:01:59.710, 4, 308.73, 81, 37, 62353, 48, 1980
2026/08/28 17:01:59.710, 5, 298.11, 69, 29, 46643, 40, 1980
2026/08/28 17:01:59.710, 6, 314.85, 72, 36, 61823, 48, 1980
2026/08/28 17:01:59.710, 7, 297.71, 65, 25, 66819, 40, 1980
2026/08/28 17:02:04.710, 0, 322.05, 63, 30, 30361, 49, 1980
2026/08/28 17:02:04.710, 1, 314.58, 75, 32, 70087, 42, 1980
2026/08/28 17:02:04.710, 2, 305.23, 78, 34, 68529, 38, 1980
2026/08/28 17:02:04.710, 3, 312.34, 56, 27, 61793, 49, 1980
2026/08/28 17:02:04.710, 4, 315.09, 75, 31, 62353, 48, 1980
2026/08/28 17:02:04.710, 5, 304.55, 70, 16, 46643, 40, 1980
2026/08/28 17:02:04.710, 6, 318.69, 59, 29, 61823, 48, 1980
2026/08/28 17:02:04.710, 7, 298.76, 65, 15, 66819, 39, 1980
2026/08/28 17:02:09.711, 0, 357.88, 76, 41, 30361, 49, 1980
2026/08/28 17:02:09.711, 1, 293.03, 62, 20, 70087, 41, 1980
2026/08/28 17:02:09.711, 2, 272.90, 63, 22, 68529, 38, 1980
2026/08/28 17:02:09.711, 3, 266.93, 66, 29, 61793, 47, 1980
2026/08/28 17:02:09.711, 4, 277.92, 68, 26, 62353, 47, 1980
2026/08/28 17:02:09.711, 5, 267.39, 58, 22, 46643, 39, 1980
2026/08/28 17:02:09.711, 6, 283.85, 75, 31, 61823, 47, 1980
2026/08/28 17:02:09.711, 7, 270.21, 56, 22, 66819, 38, 1980
2026/08/28 17:02:14.712, 0, 334.50, 60, 33, 30361, 50, 1980
2026/08/28 17:02:14.712, 1, 318.92, 67, 32, 70087, 42, 1980
2026/08/28 17:02:14.712, 2, 313.08, 65, 36, 68529, 39, 1980
2026/08/28 17:02:14.712, 3, 307.65, 68, 29, 61793, 48, 1980
2026/08/28 17:02:14.712, 4, 306.42, 62, 38, 62353, 48, 1980
2026/08/28 17:02:14.712, 5, 293.02, 69, 29, 46643, 39, 1980
2026/08/28 17:02:14.712, 6, 306.76, 66, 31, 61823, 48, 1980
2026/08/28 17:02:14.712, 7, 287.70, 70, 30, 66819, 39, 1980
2026/08/28 17:02:19.712, 0, 325.65, 80, 45, 30361, 51, 1980
2026/08/28 17:02:19.712, 1, 313.34, 70, 25, 70087, 42, 1980
2026/08/28 17:02:19.712, 2, 293.89, 70, 25, 68529, 38, 1980
2026/08/28 17:02:19.712, 3, 304.41, 65, 34, 61793, 48, 1980
2026/08/28 17:02:19.713, 4, 317.02, 77, 36, 62353, 47, 1980
2026/08/28 17:02:19.713, 5, 297.63, 66, 34, 46643, 39, 1980
2026/08/28 17:02:19.713, 6, 307.97, 82, 44, 61823, 47, 1980
2026/08/28 17:02:19.713, 7, 303.05, 62, 34, 66819, 39, 1980
2026/08/28 17:02:24.713, 0, 322.38, 72, 39, 30361, 50, 1980
2026/08/28 17:02:24.713, 1, 317.56, 64, 16, 70087, 43, 1980
2026/08/28 17:02:24.713, 2, 311.33, 63, 17, 68529, 39, 1980
2026/08/28 17:02:24.713, 3, 314.09, 62, 32, 61793, 48, 1980
2026/08/28 17:02:24.713, 4, 321.59, 70, 26, 62353, 48, 1980
2026/08/28 17:02:24.713, 5, 307.64, 63, 20, 46643, 39, 1980
2026/08/28 17:02:24.713, 6, 324.83, 77, 31, 61823, 47, 1980
2026/08/28 17:02:24.713, 7, 311.97, 60, 32, 66819, 40, 1980
2026/08/28 17:02:29.714, 0, 334.10, 67, 37, 30361, 51, 1980
2026/08/28 17:02:29.714, 1, 322.36, 67, 24, 70087, 43, 1980
2026/08/28 17:02:29.714, 2, 310.29, 75, 37, 68529, 40, 1980
2026/08/28 17:02:29.714, 3, 304.34, 70, 34, 61793, 48, 1980
2026/08/28 17:02:29.714, 4, 306.49, 67, 20, 62353, 49, 1980
2026/08/28 17:02:29.714, 5, 296.95, 72, 27, 46643, 40, 1980
2026/08/28 17:02:29.714, 6, 311.70, 79, 37, 61823, 48, 1980
2026/08/28 17:02:29.714, 7, 296.36, 66, 34, 66819, 39, 1980
2026/08/28 17:02:34.714, 0, 333.62, 70, 34, 30361, 50, 1980
2026/08/28 17:02:34.715, 1, 329.18, 68, 25, 70087, 43, 1980
2026/08/28 17:02:34.715, 2, 310.99, 69, 23, 68529, 38, 1980
2026/08/28 17:02:34.715, 3, 321.05, 82, 30, 61793, 47, 1980
2026/08/28 17:02:34.715, 4, 316.97, 66, 25, 62353, 47, 1980
2026/08/28 17:02:34.715, 5, 307.58, 69, 35, 46643, 39, 1980
2026/08/28 17:02:34.715, 6, 311.59, 73, 19, 61823, 48, 1980
2026/08/28 17:02:34.715, 7, 291.88, 79, 26, 66819, 38, 1980
2026/08/28 17:02:39.715, 0, 315.67, 46, 28, 30361, 50, 1980
2026/08/28 17:02:39.715, 1, 317.59, 73, 32, 70087, 42, 1980
2026/08/28 17:02:39.715, 2, 305.86, 67, 30, 68529, 39, 1980
2026/08/28 17:02:39.715, 3, 314.88, 64, 33, 61793, 48, 1980
2026/08/28 17:02:39.715, 4, 314.36, 78, 34, 62353, 47, 1980
2026/08/28 17:02:39.715, 5, 304.87, 69, 31, 46643, 40, 1980
2026/08/28 17:02:39.715, 6, 315.44, 63, 36, 61823, 48, 1980
2026/08/28 17:02:39.715, 7, 303.25, 59, 21, 66819, 39, 1980
2026/08/28 17:02:44.716, 0, 332.07, 61, 28, 30361, 50, 1980
2026/08/28 17:02:44.716, 1, 310.69, 71, 36, 70087, 43, 1980
2026/08/28 17:02:44.716, 2, 285.93, 70, 32, 68529, 39, 1980
2026/08/28 17:02:44.716, 3, 292.87, 75, 38, 61793, 47, 1980
2026/08/28 17:02:44.716, 4, 282.78, 64, 30, 62353, 48, 1980
2026/08/28 17:02:44.716, 5, 281.51, 67, 15, 46643, 39, 1980
2026/08/28 17:02:44.716, 6, 289.44, 70, 28, 61823, 48, 1980
2026/08/28 17:02:44.716, 7, 272.67, 69, 19, 66819, 39, 1980
2026/08/28 17:02:49.717, 0, 333.60, 64, 38, 30361, 50, 1980
2026/08/28 17:02:49.717, 1, 325.48, 72, 34, 70087, 42, 1980
2026/08/28 17:02:49.717, 2, 314.87, 77, 38, 68529, 39, 1980
2026/08/28 17:02:49.717, 3, 324.41, 67, 32, 61793, 48, 1980
2026/08/28 17:02:49.717, 4, 322.76, 75, 25, 62353, 49, 1980
2026/08/28 17:02:49.717, 5, 308.45, 87, 39, 46643, 39, 1980
2026/08/28 17:02:49.717, 6, 322.13, 75, 20, 61823, 47, 1980
2026/08/28 17:02:49.717, 7, 305.53, 68, 33, 66819, 39, 1980
2026/08/28 17:02:54.717, 0, 322.33, 53, 33, 30361, 50, 1980
2026/08/28 17:02:54.717, 1, 327.64, 75, 34, 70087, 42, 1980
2026/08/28 17:02:54.717, 2, 321.19, 68, 32, 68529, 39, 1980
2026/08/28 17:02:54.717, 3, 323.14, 63, 31, 61793, 49, 1980
2026/08/28 17:02:54.718, 4, 324.13, 82, 40, 62353, 48, 1980
2026/08/28 17:02:54.718, 5, 304.12, 75, 36, 46643, 40, 1980
2026/08/28 17:02:54.718, 6, 315.45, 61, 38, 61823, 49, 1980
2026/08/28 17:02:54.718, 7, 303.18, 65, 27, 66819, 40, 1980
2026/08/28 17:02:59.718, 0, 327.98, 66, 34, 30361, 50, 1980
2026/08/28 17:02:59.718, 1, 319.26, 67, 38, 70087, 43, 1980
2026/08/28 17:02:59.718, 2, 291.30, 66, 41, 68529, 40, 1980
2026/08/28 17:02:59.718, 3, 294.46, 66, 18, 61793, 48, 1980
2026/08/28 17:02:59.718, 4, 305.90, 64, 38, 62353, 47, 1980
2026/08/28 17:02:59.718, 5, 294.24, 66, 23, 46643, 40, 1980
2026/08/28 17:02:59.718, 6, 304.26, 62, 22, 61823, 48, 1980
2026/08/28 17:02:59.718, 7, 289.63, 57, 23, 66819, 39, 1980
2026/08/28 17:03:04.719, 0, 323.12, 62, 28, 30361, 50, 1980
2026/08/28 17:03:04.719, 1, 325.91, 73, 27, 70087, 43, 1980
2026/08/28 17:03:04.719, 2, 310.47, 72, 24, 68529, 40, 1980
2026/08/28 17:03:04.719, 3, 311.56, 83, 37, 61793, 48, 1980
2026/08/28 17:03:04.719, 4, 330.15, 76, 31, 62353, 48, 1980
2026/08/28 17:03:04.719, 5, 307.77, 62, 15, 46643, 39, 1980
2026/08/28 17:03:04.719, 6, 310.25, 83, 41, 61823, 47, 1980
2026/08/28 17:03:04.719, 7, 298.29, 63, 19, 66819, 39, 1980
2026/08/28 17:03:09.719, 0, 326.47, 64, 24, 30361, 50, 1980
2026/08/28 17:03:09.720, 1, 313.67, 81, 41, 70087, 42, 1980
2026/08/28 17:03:09.720, 2, 298.68, 84, 40, 68529, 38, 1980
2026/08/28 17:03:09.720, 3, 309.77, 67, 32, 61793, 48, 1980
2026/08/28 17:03:09.720, 4, 313.06, 83, 34, 62353, 47, 1980
2026/08/28 17:03:09.720, 5, 301.79, 76, 31, 46643, 39, 1980
2026/08/28 17:03:09.720, 6, 314.97, 79, 34, 61823, 48, 1980
2026/08/28 17:03:09.720, 7, 299.42, 74, 31, 66819, 39, 1980
2026/08/28 17:03:14.720, 0, 325.63, 77, 37, 30361, 49, 1980
2026/08/28 17:03:14.720, 1, 298.17, 50, 15, 70087, 43, 1980
2026/08/28 17:03:14.720, 2, 281.40, 56, 15, 68529, 38, 1980
2026/08/28 17:03:14.720, 3, 284.14, 72, 31, 61793, 47, 1980
2026/08/28 17:03:14.720, 4, 289.70, 57, 14, 62353, 48, 1980
2026/08/28 17:03:14.720, 5, 280.01, 67, 14, 46643, 39, 1980
2026/08/28 17:03:14.720, 6, 293.74, 59, 15, 61823, 47, 1980
2026/08/28 17:03:14.720, 7, 284.95, 67, 12, 66819, 38, 1980
2026/08/28 17:03:19.721, 0, 333.75, 61, 22, 30361, 51, 1980
2026/08/28 17:03:19.721, 1, 314.38, 82, 39, 70087, 42, 1980
2026/08/28 17:03:19.721, 2, 304.85, 80, 39, 68529, 39, 1980
2026/08/28 17:03:19.721, 3, 306.91, 67, 30, 61793, 49, 1980
2026/08/28 17:03:19.721, 4, 308.68, 68, 37, 62353, 48, 1980
2026/08/28 17:03:19.721, 5, 303.78, 63, 31, 46643, 40, 1980
2026/08/28 17:03:19.721, 6, 312.95, 65, 35, 61823, 49, 1980
2026/08/28 17:03:19.721, 7, 297.62, 66, 31, 66819, 40, 1980
2026/08/28 17:03:24.722, 0, 334.06, 55, 30, 30361, 50, 1980
2026/08/28 17:03:24.722, 1, 312.92, 66, 23, 70087, 43, 1980
2026/08/28 17:03:24.722, 2, 307.99, 72, 28, 68529, 39, 1980
2026/08/28 17:03:24.722, 3, 309.00, 74, 32, 61793, 48, 1980
2026/08/28 17:03:24.722, 4, 312.26, 81, 38, 62353, 48, 1980
2026/08/28 17:03:24.722, 5, 307.15, 82, 34, 46643, 39, 1980
2026/08/28 17:03:24.722, 6, 314.65, 78, 32, 61823, 47, 1980
2026/08/28 17:03:24.722, 7, 301.80, 85, 35, 66819, 39, 1980
2026/08/28 17:03:29.722, 0, 320.89, 59, 32, 30361, 50, 1980
2026/08/28 17:03:29.722, 1, 317.88, 69, 32, 70087, 43, 1980
2026/08/28 17:03:29.722, 2, 312.74, 62, 31, 68529, 40, 1980
2026/08/28 17:03:29.722, 3, 309.13, 74, 36, 61793, 48, 1980
2026/08/28 17:03:29.723, 4, 306.61, 67, 27, 62353, 48, 1980
2026/08/28 17:03:29.723, 5, 293.75, 74, 26, 46643, 38, 1980
2026/08/28 17:03:29.723, 6, 296.66, 75, 27, 61823, 47, 1980
2026/08/28 17:03:29.723, 7, 278.68, 75, 30, 66819, 38, 1980
2026/08/28 17:03:34.723, 0, 331.49, 63, 27, 30361, 50, 1980
2026/08/28 17:03:34.723, 1, 307.50, 67, 15, 70087, 42, 1980
2026/08/28 17:03:34.723, 2, 295.71, 66, 12, 68529, 39, 1980
2026/08/28 17:03:34.723, 3, 308.12, 81, 17, 61793, 48, 1980
2026/08/28 17:03:34.723, 4, 313.83, 65, 31, 62353, 47, 1980
2026/08/28 17:03:34.723, 5, 290.61, 67, 35, 46643, 39, 1980
2026/08/28 17:03:34.723, 6, 307.16, 64, 35, 61823, 48, 1980
2026/08/28 17:03:34.723, 7, 298.58, 65, 35, 66819, 39, 1980
2026/08/28 17:03:39.724, 0, 334.21, 58, 35, 30361, 50, 1980
2026/08/28 17:03:39.724, 1, 322.94, 77, 40, 70087, 43, 1980
2026/08/28 17:03:39.724, 2, 309.92, 76, 35, 68529, 40, 1980
2026/08/28 17:03:39.724, 3, 311.08, 63, 35, 61793, 48, 1980
2026/08/28 17:03:39.724, 4, 316.92, 71, 29, 62353, 48, 1980
2026/08/28 17:03:39.724, 5, 299.13, 84, 40, 46643, 39, 1980
2026/08/28 17:03:39.724, 6, 308.12, 79, 36, 61823, 48, 1980
2026/08/28 17:03:39.724, 7, 298.06, 71, 20, 66819, 38, 1980
2026/08/28 17:03:44.724, 0, 344.64, 61, 28, 30361, 50, 1980
2026/08/28 17:03:44.726, 1, 316.28, 76, 17, 70087, 42, 1980
2026/08/28 17:03:44.727, 2, 291.08, 73, 31, 68529, 38, 1980
2026/08/28 17:03:44.727, 3, 294.11, 86, 35, 61793, 47, 1980
2026/08/28 17:03:44.727, 4, 297.79, 63, 31, 62353, 48, 1980
2026/08/28 17:03:44.727, 5, 292.90, 59, 18, 46643, 39, 1980
2026/08/28 17:03:44.727, 6, 302.54, 60, 17, 61823, 48, 1980
2026/08/28 17:03:44.727, 7, 290.23, 65, 34, 66819, 39, 1980
2026/08/28 17:03:49.727, 0, 321.21, 62, 30, 30361, 50, 1980
2026/08/28 17:03:49.728, 1, 328.59, 67, 38, 70087, 43, 1980
2026/08/28 17:03:49.728, 2, 303.44, 67, 20, 68529, 39, 1980
2026/08/28 17:03:49.728, 3, 308.47, 62, 33, 61793, 48, 1980
2026/08/28 17:03:49.728, 4, 314.64, 75, 28, 62353, 48, 1980
2026/08/28 17:03:49.728, 5, 306.68, 71, 31, 46643, 39, 1980
2026/08/28 17:03:49.728, 6, 313.96, 79, 32, 61823, 47, 1980
2026/08/28 17:03:49.728, 7, 298.07, 81, 34, 66819, 39, 1980
2026/08/28 17:03:54.728, 0, 326.31, 71, 35, 30361, 50, 1980
2026/08/28 17:03:54.729, 1, 311.01, 72, 33, 70087, 41, 1980
2026/08/28 17:03:54.729, 2, 298.01, 69, 32, 68529, 39, 1980
2026/08/28 17:03:54.729, 3, 291.52, 81, 28, 61793, 48, 1980
2026/08/28 17:03:54.729, 4, 305.87, 60, 24, 62353, 48, 1980
2026/08/28 17:03:54.729, 5, 289.87, 64, 22, 46643, 39, 1980
2026/08/28 17:03:54.729, 6, 294.57, 70, 15, 61823, 48, 1980
2026/08/28 17:03:54.729, 7, 281.61, 64, 25, 66819, 38, 1980
2026/08/28 17:03:59.729, 0, 323.02, 56, 21, 30361, 50, 1980
2026/08/28 17:03:59.729, 1, 325.14, 72, 29, 70087, 42, 1980
2026/08/28 17:03:59.729, 2, 308.60, 77, 34, 68529, 39, 1980
2026/08/28 17:03:59.729, 3, 307.03, 69, 22, 61793, 48, 1980
2026/08/28 17:03:59.729, 4, 312.29, 67, 34, 62353, 48, 1980
2026/08/28 17:03:59.729, 5, 301.29, 67, 33, 46643, 40, 1980
2026/08/28 17:03:59.729, 6, 308.97, 64, 40, 61823, 48, 1980
2026/08/28 17:03:59.729, 7, 292.46, 63, 26, 66819, 39, 1980
2026/08/28 17:04:04.730, 0, 323.91, 49, 28, 30361, 50, 1980
2026/08/28 17:04:04.730, 1, 321.17, 69, 27, 76807, 42, 1980
2026/08/28 17:04:04.730, 2, 314.12, 68, 23, 68529, 38, 1980
2026/08/28 17:04:04.730, 3, 315.59, 75, 30, 61793, 48, 1980
2026/08/28 17:04:04.730, 4, 309.96, 78, 37, 62353, 48, 1980
2026/08/28 17:04:04.730, 5, 305.05, 80, 30, 46643, 39, 1980
2026/08/28 17:04:04.730, 6, 312.93, 67, 39, 61823, 48, 1980
2026/08/28 17:04:04.730, 7, 298.00, 74, 29, 66819, 39, 1980
2026/08/28 17:04:09.731, 0, 331.88, 61, 22, 30361, 51, 1980
2026/08/28 17:04:09.731, 1, 328.89, 68, 23, 76807, 42, 1980
2026/08/28 17:04:09.731, 2, 312.72, 71, 25, 68529, 38, 1980
2026/08/28 17:04:09.731, 3, 312.42, 75, 37, 61793, 48, 1980
2026/08/28 17:04:09.731, 4, 322.03, 79, 26, 62353, 47, 1980
2026/08/28 17:04:09.731, 5, 308.04, 66, 26, 46643, 39, 1980
2026/08/28 17:04:09.731, 6, 320.50, 71, 21, 61823, 47, 1980
2026/08/28 17:04:09.731, 7, 316.12, 68, 27, 66819, 39, 1980
2026/08/28 17:04:14.731, 0, 323.05, 69, 34, 30361, 50, 1980
2026/08/28 17:04:14.731, 1, 326.90, 78, 38, 76807, 43, 1980
2026/08/28 17:04:14.731, 2, 292.50, 81, 37, 68529, 38, 1980
2026/08/28 17:04:14.731, 3, 295.91, 67, 35, 61793, 48, 1980
2026/08/28 17:04:14.731, 4, 286.30, 65, 25, 62353, 47, 1980
2026/08/28 17:04:14.732, 5, 281.16, 72, 10, 46643, 39, 1980
2026/08/28 17:04:14.732, 6, 288.64, 80, 18, 61823, 47, 1980
2026/08/28 17:04:14.732, 7, 281.25, 68, 11, 66819, 38, 1980
2026/08/28 17:04:19.732, 0, 316.45, 61, 29, 30361, 49, 1980
2026/08/28 17:04:19.732, 1, 321.50, 74, 33, 76807, 42, 1980
2026/08/28 17:04:19.732, 2, 308.63, 76, 33, 68529, 39, 1980
2026/08/28 17:04:19.732, 3, 312.07, 64, 32, 61793, 48, 1980
2026/08/28 17:04:19.732, 4, 318.22, 65, 22, 62353, 47, 1980
2026/08/28 17:04:19.732, 5, 308.18, 59, 16, 46643, 40, 1980
2026/08/28 17:04:19.732, 6, 304.62, 70, 17, 61823, 47, 1980
2026/08/28 17:04:19.732, 7, 292.92, 68, 13, 66819, 38, 1980
2026/08/28 17:04:24.733, 0, 335.20, 63, 31, 30361, 50, 1980
2026/08/28 17:04:24.733, 1, 305.69, 65, 33, 76807, 43, 1980
2026/08/28 17:04:24.733, 2, 296.72, 66, 34, 68529, 39, 1980
2026/08/28 17:04:24.733, 3, 300.18, 67, 24, 61793, 48, 1980
2026/08/28 17:04:24.733, 4, 303.32, 68, 31, 62353, 48, 1980
2026/08/28 17:04:24.733, 5, 295.08, 78, 35, 46643, 39, 1980
2026/08/28 17:04:24.733, 6, 308.74, 66, 18, 61823, 48, 1980
2026/08/28 17:04:24.733, 7, 296.61, 80, 36, 66819, 39, 1980
2026/08/28 17:04:29.733, 0, 322.29, 66, 34, 30361, 50, 1980
2026/08/28 17:04:29.734, 1, 326.29, 66, 16, 76807, 42, 1980
2026/08/28 17:04:29.734, 2, 308.30, 68, 17, 68529, 38, 1980
2026/08/28 17:04:29.734, 3, 318.69, 82, 36, 61793, 48, 1980
2026/08/28 17:04:29.734, 4, 327.20, 72, 23, 62353, 48, 1980
2026/08/28 17:04:29.734, 5, 310.21, 65, 28, 46643, 39, 1980
2026/08/28 17:04:29.734, 6, 332.79, 77, 30, 61823, 47, 1980
2026/08/28 17:04:29.734, 7, 316.11, 55, 28, 66819, 39, 1980
2026/08/28 17:04:34.734, 0, 325.38, 72, 34, 30361, 49, 1980
2026/08/28 17:04:34.734, 1, 323.81, 72, 31, 76807, 42, 1980
2026/08/28 17:04:34.734, 2, 313.67, 74, 32, 68529, 39, 1980
2026/08/28 17:04:34.734, 3, 325.27, 67, 29, 61793, 49, 1980
2026/08/28 17:04:34.734, 4, 324.79, 70, 31, 62353, 48, 1980
2026/08/28 17:04:34.734, 5, 315.39, 65, 22, 46643, 40, 1980
2026/08/28 17:04:34.734, 6, 324.79, 61, 30, 61823, 49, 1980
2026/08/28 17:04:34.734, 7, 313.13, 60, 17, 66819, 40, 1980
2026/08/28 17:04:39.735, 0, 330.35, 60, 24, 30361, 50, 1980
2026/08/28 17:04:39.735, 1, 318.02, 59, 24, 76807, 42, 1980
2026/08/28 17:04:39.735, 2, 310.25, 59, 20, 68529, 38, 1980
2026/08/28 17:04:39.735, 3, 312.90, 68, 29, 61793, 47, 1980
2026/08/28 17:04:39.735, 4, 316.43, 60, 13, 62353, 47, 1980
2026/08/28 17:04:39.735, 5, 308.94, 77, 24, 46643, 38, 1980
2026/08/28 17:04:39.735, 6, 326.56, 59, 15, 61823, 47, 1980
2026/08/28 17:04:39.735, 7, 305.04, 69, 24, 66819, 38, 1980
2026/08/28 17:04:44.736, 0, 323.92, 74, 40, 30361, 50, 1980
2026/08/28 17:04:44.736, 1, 326.98, 74, 37, 76807, 43, 1980
2026/08/28 17:04:44.736, 2, 311.22, 76, 38, 68529, 38, 1980
2026/08/28 17:04:44.736, 3, 316.59, 63, 31, 61793, 49, 1980
2026/08/28 17:04:44.736, 4, 325.01, 78, 39, 62353, 49, 1980
2026/08/28 17:04:44.736, 5, 310.21, 54, 24, 46643, 40, 1980
2026/08/28 17:04:44.736, 6, 316.59, 76, 33, 61823, 49, 1980
2026/08/28 17:04:44.736, 7, 300.83, 54, 20, 66819, 40, 1980
2026/08/28 17:04:49.736, 0, 186.37, 0, 0, 30361, 46, 1980
2026/08/28 17:04:49.736, 1, 180.64, 0, 0, 76807, 37, 1980
2026/08/28 17:04:49.736, 2, 179.66, 0, 0, 68529, 35, 1980
2026/08/28 17:04:49.736, 3, 185.85, 0, 0, 61793, 44, 1980
2026/08/28 17:04:49.736, 4, 191.55, 0, 0, 62353, 44, 1980
2026/08/28 17:04:49.736, 5, 185.78, 0, 0, 46643, 35, 1980
2026/08/28 17:04:49.737, 6, 193.13, 0, 0, 61823, 44, 1980
2026/08/28 17:04:49.737, 7, 173.44, 0, 0, 66819, 35, 1980
2026/08/28 17:04:54.737, 0, 127.30, 0, 0, 7245, 44, 1980
2026/08/28 17:04:54.737, 1, 122.33, 0, 0, 7245, 35, 1980
2026/08/28 17:04:54.737, 2, 121.01, 0, 0, 7245, 33, 1980
2026/08/28 17:04:54.737, 3, 125.07, 0, 0, 7243, 42, 1980
2026/08/28 17:04:54.737, 4, 128.95, 0, 0, 7245, 42, 1980
2026/08/28 17:04:54.737, 5, 121.75, 0, 0, 7245, 34, 1980
2026/08/28 17:04:54.737, 6, 128.38, 0, 0, 7247, 42, 1980
2026/08/28 17:04:54.737, 7, 119.88, 0, 0, 7247, 33, 1980
2026/08/28 17:04:59.738, 0, 124.25, 0, 0, 7245, 42, 1980
2026/08/28 17:04:59.738, 1, 121.85, 0, 0, 7245, 35, 1980
2026/08/28 17:04:59.739, 2, 120.41, 0, 0, 7245, 32, 1980
2026/08/28 17:04:59.739, 3, 124.36, 0, 0, 7243, 41, 1980
2026/08/28 17:04:59.740, 4, 128.15, 0, 0, 7245, 41, 1980
2026/08/28 17:04:59.740, 5, 120.67, 0, 0, 7245, 33, 1980
2026/08/28 17:04:59.740, 6, 127.74, 0, 0, 7247, 41, 1980
2026/08/28 17:04:59.741, 7, 118.09, 0, 0, 7247, 32, 1980
2026/08/28 17:05:04.742, 0, 123.54, 0, 0, 7245, 41, 1980
2026/08/28 17:05:04.743, 1, 121.78, 0, 0, 7245, 34, 1980
2026/08/28 17:05:04.743, 2, 119.90, 0, 0, 7245, 32, 1980
2026/08/28 17:05:04.743, 3, 123.64, 0, 0, 7243, 40, 1980
2026/08/28 17:05:04.743, 4, 127.35, 0, 0, 7245, 40, 1980
2026/08/28 17:05:04.743, 5, 120.71, 0, 0, 7245, 32, 1980
2026/08/28 17:05:04.743, 6, 125.80, 0, 0, 7247, 40, 1980
2026/08/28 17:05:04.743, 7, 117.63, 0, 0, 7247, 31, 1980
2026/08/28 17:05:09.743, 0, 122.90, 0, 0, 7245, 41, 1980
2026/08/28 17:05:09.743, 1, 121.66, 0, 0, 7245, 33, 1980
2026/08/28 17:05:09.743, 2, 120.04, 0, 0, 7245, 31, 1980
2026/08/28 17:05:09.743, 3, 122.25, 0, 0, 7243, 39, 1980
2026/08/28 17:05:09.743, 4, 126.66, 0, 0, 7245, 39, 1980
2026/08/28 17:05:09.743, 5, 120.35, 0, 0, 7245, 31, 1980
2026/08/28 17:05:09.743, 6, 125.26, 0, 0, 7247, 39, 1980
2026/08/28 17:05:09.743, 7, 117.36, 0, 0, 7247, 31, 1980
2026/08/28 17:05:14.744, 0, 122.76, 0, 0, 7245, 40, 1980
2026/08/28 17:05:14.744, 1, 121.41, 0, 0, 7245, 33, 1980
2026/08/28 17:05:14.744, 2, 119.65, 0, 0, 7245, 30, 1980
2026/08/28 17:05:14.744, 3, 121.66, 0, 0, 7243, 38, 1980
2026/08/28 17:05:14.744, 4, 126.12, 0, 0, 7245, 39, 1980
2026/08/28 17:05:14.744, 5, 120.04, 0, 0, 7245, 31, 1980
2026/08/28 17:05:14.744, 6, 124.72, 0, 0, 7247, 39, 1980
2026/08/28 17:05:14.744, 7, 117.15, 0, 0, 7247, 30, 1980
2026/08/28 17:05:19.744, 0, 122.27, 0, 0, 7245, 39, 1980
2026/08/28 17:05:19.744, 1, 121.20, 0, 0, 7245, 32, 1980
2026/08/28 17:05:19.745, 2, 119.50, 0, 0, 7245, 30, 1980
2026/08/28 17:05:19.745, 3, 121.65, 0, 0, 7243, 38, 1980
2026/08/28 17:05:19.745, 4, 125.56, 0, 0, 7245, 38, 1980
2026/08/28 17:05:19.745, 5, 119.72, 0, 0, 7245, 30, 1980
2026/08/28 17:05:19.745, 6, 124.30, 0, 0, 7247, 38, 1980
2026/08/28 17:05:19.745, 7, 116.95, 0, 0, 7247, 30, 1980
2026/08/28 17:05:24.745, 0, 121.92, 0, 0, 7245, 38, 1980
2026/08/28 17:05:24.746, 1, 121.09, 0, 0, 7245, 32, 1980
2026/08/28 17:05:24.746, 2, 119.35, 0, 0, 7245, 30, 1980
2026/08/28 17:05:24.746, 3, 121.30, 0, 0, 7243, 37, 1980
2026/08/28 17:05:24.746, 4, 125.17, 0, 0, 7245, 37, 1980
2026/08/28 17:05:24.747, 5, 119.57, 0, 0, 7245, 30, 1980
2026/08/28 17:05:24.747, 6, 124.00, 0, 0, 7247, 37, 1980
2026/08/28 17:05:24.747, 7, 116.84, 0, 0, 7247, 30, 1980
2026/08/28 17:05:29.748, 0, 121.49, 0, 0, 7245, 38, 1980
2026/08/28 17:05:29.748, 1, 120.83, 0, 0, 7245, 32, 1980
2026/08/28 17:05:29.748, 2, 118.09, 0, 0, 7245, 29, 1980
2026/08/28 17:05:29.748, 3, 120.88, 0, 0, 7243, 37, 1980
2026/08/28 17:05:29.748, 4, 124.60, 0, 0, 7245, 37, 1980
2026/08/28 17:05:29.748, 5, 119.40, 0, 0, 7245, 30, 1980
2026/08/28 17:05:29.748, 6, 123.57, 0, 0, 7247, 37, 1980
2026/08/28 17:05:29.748, 7, 116.61, 0, 0, 7247, 29, 1980
2026/08/28 17:05:34.748, 0, 121.14, 0, 0, 7245, 37, 1980
2026/08/28 17:05:34.748, 1, 120.55, 0, 0, 7245, 31, 1980
2026/08/28 17:05:34.748, 2, 117.92, 0, 0, 7245, 29, 1980
2026/08/28 17:05:34.748, 3, 120.59, 0, 0, 7243, 36, 1980
2026/08/28 17:05:34.748, 4, 123.90, 0, 0, 7245, 36, 1980
2026/08/28 17:05:34.748, 5, 119.27, 0, 0, 7245, 30, 1980
2026/08/28 17:05:34.748, 6, 123.24, 0, 0, 7247, 36, 1980
2026/08/28 17:05:34.749, 7, 116.45, 0, 0, 7247, 29, 1980
2026/08/28 17:05:39.749, 0, 120.83, 0, 0, 7245, 37, 1980
2026/08/28 17:05:39.749, 1, 120.59, 0, 0, 7245, 31, 1980
2026/08/28 17:05:39.749, 2, 117.77, 0, 0, 7245, 29, 1980
2026/08/28 17:05:39.749, 3, 120.27, 0, 0, 7243, 36, 1980
2026/08/28 17:05:39.749, 4, 123.63, 0, 0, 7245, 36, 1980
2026/08/28 17:05:39.749, 5, 119.14, 0, 0, 7245, 29, 1980
2026/08/28 17:05:39.749, 6, 123.01, 0, 0, 7247, 36, 1980
2026/08/28 17:05:39.749, 7, 116.34, 0, 0, 7247, 29, 1980
2026/08/28 17:05:44.749, 0, 120.55, 0, 0, 7245, 36, 1980
2026/08/28 17:05:44.750, 1, 120.49, 0, 0, 7245, 31, 1980
2026/08/28 17:05:44.750, 2, 117.70, 0, 0, 7245, 29, 1980
2026/08/28 17:05:44.750, 3, 119.96, 0, 0, 7243, 35, 1980
2026/08/28 17:05:44.750, 4, 123.36, 0, 0, 7245, 35, 1980
2026/08/28 17:05:44.750, 5, 117.34, 0, 0, 7245, 29, 1980
2026/08/28 17:05:44.750, 6, 122.78, 0, 0, 7247, 35, 1980
2026/08/28 17:05:44.750, 7, 116.29, 0, 0, 7247, 29, 1980
2026/08/28 17:05:49.750, 0, 120.31, 0, 0, 7245, 36, 1980
2026/08/28 17:05:49.751, 1, 120.46, 0, 0, 7245, 31, 1980
2026/08/28 17:05:49.751, 2, 117.69, 0, 0, 7245, 29, 1980
2026/08/28 17:05:49.751, 3, 119.78, 0, 0, 7243, 35, 1980
2026/08/28 17:05:49.751, 4, 123.15, 0, 0, 7245, 35, 1980
2026/08/28 17:05:49.751, 5, 117.26, 0, 0, 7245, 29, 1980
2026/08/28 17:05:49.752, 6, 122.59, 0, 0, 7247, 35, 1980
2026/08/28 17:05:49.752, 7, 116.25, 0, 0, 7247, 29, 1980
2026/08/28 17:05:54.753, 0, 120.05, 0, 0, 7245, 35, 1980
2026/08/28 17:05:54.753, 1, 120.30, 0, 0, 7245, 31, 1980
2026/08/28 17:05:54.753, 2, 117.54, 0, 0, 7245, 29, 1980
2026/08/28 17:05:54.753, 3, 119.57, 0, 0, 7243, 35, 1980
2026/08/28 17:05:54.753, 4, 122.87, 0, 0, 7245, 35, 1980
2026/08/28 17:05:54.753, 5, 117.14, 0, 0, 7245, 29, 1980
2026/08/28 17:05:54.753, 6, 122.37, 0, 0, 7247, 35, 1980
2026/08/28 17:05:54.753, 7, 116.12, 0, 0, 7247, 29, 1980
2026/08/28 17:05:59.753, 0, 119.87, 0, 0, 7245, 35, 1980
2026/08/28 17:05:59.753, 1, 120.25, 0, 0, 7245, 30, 1980
2026/08/28 17:05:59.753, 2, 117.47, 0, 0, 7245, 28, 1980
2026/08/28 17:05:59.753, 3, 119.35, 0, 0, 7243, 34, 1980
2026/08/28 17:05:59.753, 4, 122.62, 0, 0, 7245, 34, 1980
2026/08/28 17:05:59.753, 5, 117.10, 0, 0, 7245, 29, 1980
2026/08/28 17:05:59.753, 6, 122.19, 0, 0, 7247, 34, 1980
2026/08/28 17:05:59.753, 7, 116.05, 0, 0, 7247, 28, 1980
2026/08/28 17:06:04.754, 0, 119.69, 0, 0, 7245, 35, 1980
2026/08/28 17:06:04.754, 1, 120.14, 0, 0, 7245, 30, 1980
2026/08/28 17:06:04.754, 2, 117.44, 0, 0, 7245, 28, 1980
2026/08/28 17:06:04.754, 3, 119.22, 0, 0, 7243, 34, 1980
2026/08/28 17:06:04.754, 4, 122.47, 0, 0, 7245, 34, 1980
2026/08/28 17:06:04.754, 5, 117.25, 0, 0, 7245, 29, 1980
2026/08/28 17:06:04.754, 6, 122.05, 0, 0, 7247, 34, 1980
2026/08/28 17:06:04.754, 7, 115.96, 0, 0, 7247, 28, 1980
2026/08/28 17:06:09.754, 0, 119.52, 0, 0, 7245, 34, 1980
2026/08/28 17:06:09.755, 1, 120.16, 0, 0, 7245, 30, 1980
2026/08/28 17:06:09.755, 2, 117.36, 0, 0, 7245, 28, 1980
2026/08/28 17:06:09.755, 3, 119.08, 0, 0, 7243, 34, 1980
2026/08/28 17:06:09.755, 4, 122.33, 0, 0, 7245, 34, 1980
2026/08/28 17:06:09.755, 5, 117.20, 0, 0, 7245, 28, 1980
2026/08/28 17:06:09.755, 6, 121.92, 0, 0, 7247, 34, 1980
2026/08/28 17:06:09.755, 7, 115.96, 0, 0, 7247, 28, 1980
2026/08/28 17:06:14.755, 0, 119.45, 0, 0, 7245, 34, 1980
2026/08/28 17:06:14.761, 1, 120.13, 0, 0, 7245, 30, 1980
2026/08/28 17:06:14.762, 2, 117.30, 0, 0, 7245, 28, 1980
2026/08/28 17:06:14.814, 3, 119.00, 0, 0, 7243, 34, 1980
2026/08/28 17:06:14.867, 4, 122.18, 0, 0, 7245, 33, 1980
2026/08/28 17:06:14.869, 5, 117.03, 0, 0, 7245, 28, 1980
2026/08/28 17:06:14.869, 6, 121.75, 0, 0, 7247, 34, 1980
2026/08/28 17:06:14.870, 7, 115.92, 0, 0, 7247, 28, 1980
2026/08/28 17:06:19.871, 0, 119.31, 0, 0, 7245, 34, 1980
2026/08/28 17:06:19.871, 1, 120.00, 0, 0, 7245, 30, 1980
2026/08/28 17:06:19.871, 2, 117.19, 0, 0, 7245, 28, 1980
2026/08/28 17:06:19.871, 3, 118.80, 0, 0, 7243, 33, 1980
2026/08/28 17:06:19.871, 4, 122.00, 0, 0, 7245, 33, 1980
2026/08/28 17:06:19.871, 5, 116.86, 0, 0, 7245, 28, 1980
2026/08/28 17:06:19.871, 6, 121.57, 0, 0, 7247, 33, 1980
2026/08/28 17:06:19.871, 7, 115.85, 0, 0, 7247, 28, 1980
2026/08/28 17:06:24.871, 0, 119.18, 0, 0, 7245, 34, 1980
2026/08/28 17:06:24.871, 1, 119.99, 0, 0, 7245, 30, 1980
2026/08/28 17:06:24.871, 2, 117.17, 0, 0, 7245, 28, 1980
2026/08/28 17:06:24.871, 3, 118.68, 0, 0, 7243, 33, 1980
2026/08/28 17:06:24.871, 4, 121.89, 0, 0, 7245, 33, 1980
2026/08/28 17:06:24.872, 5, 117.04, 0, 0, 7245, 28, 1980
2026/08/28 17:06:24.872, 6, 121.45, 0, 0, 7247, 33, 1980
2026/08/28 17:06:24.872, 7, 115.79, 0, 0, 7247, 28, 1980
2026/08/28 17:06:29.872, 0, 119.01, 0, 0, 7245, 33, 1980
2026/08/28 17:06:29.872, 1, 119.96, 0, 0, 7245, 30, 1980
2026/08/28 17:06:29.872, 2, 117.18, 0, 0, 7245, 28, 1980
2026/08/28 17:06:29.872, 3, 118.66, 0, 0, 7243, 33, 1980
2026/08/28 17:06:29.872, 4, 121.80, 0, 0, 7245, 33, 1980
2026/08/28 17:06:29.872, 5, 116.79, 0, 0, 7245, 28, 1980
2026/08/28 17:06:29.872, 6, 121.40, 0, 0, 7247, 33, 1980
2026/08/28 17:06:29.872, 7, 115.81, 0, 0, 7247, 28, 1980
2026/08/28 17:06:34.873, 0, 229.17, 42, 14, 18289, 35, 1980
2026/08/28 17:06:34.873, 1, 182.58, 29, 15, 13087, 32, 1980
2026/08/28 17:06:34.873, 2, 180.89, 51, 15, 13207, 29, 1980
2026/08/28 17:06:34.873, 3, 182.45, 31, 5, 13055, 36, 1980
2026/08/28 17:06:34.873, 4, 186.26, 33, 13, 13047, 34, 1980
2026/08/28 17:06:34.873, 5, 180.33, 43, 9, 13109, 31, 1980
2026/08/28 17:06:34.873, 6, 184.39, 46, 14, 13019, 35, 1980
2026/08/28 17:06:34.873, 7, 178.64, 59, 4, 12855, 30, 1980
2026/08/28 17:06:39.874, 0, 248.93, 44, 15, 18291, 38, 1980
2026/08/28 17:06:39.874, 1, 256.24, 66, 17, 13089, 34, 1980
2026/08/28 17:06:39.874, 2, 243.77, 48, 17, 13209, 32, 1980
2026/08/28 17:06:39.874, 3, 238.85, 38, 15, 13057, 37, 1980
2026/08/28 17:06:39.874, 4, 213.08, 53, 15, 13049, 36, 1980
2026/08/28 17:06:39.874, 5, 193.52, 62, 9, 13111, 31, 1980
2026/08/28 17:06:39.874, 6, 203.28, 63, 8, 13021, 36, 1980
2026/08/28 17:06:39.874, 7, 191.35, 58, 8, 12857, 31, 1980
2026/08/28 17:06:44.874, 0, 230.16, 45, 12, 18291, 37, 1980
2026/08/28 17:06:44.874, 1, 232.41, 43, 13, 13089, 34, 1980
2026/08/28 17:06:44.874, 2, 221.37, 41, 12, 13209, 32, 1980
2026/08/28 17:06:44.874, 3, 223.67, 38, 11, 13057, 37, 1980
2026/08/28 17:06:44.874, 4, 219.85, 50, 14, 13049, 36, 1980
2026/08/28 17:06:44.875, 5, 213.27, 53, 13, 13111, 32, 1980
2026/08/28 17:06:44.875, 6, 221.48, 47, 11, 13021, 37, 1980
2026/08/28 17:06:44.875, 7, 213.88, 42, 10, 12857, 32, 1980
2026/08/28 17:06:49.875, 0, 120.28, 0, 0, 7245, 34, 1980
2026/08/28 17:06:49.947, 1, 125.08, 0, 0, 244, 31, 1980
2026/08/28 17:06:50.054, 2, 120.14, 0, 0, 4, 29, 1980
2026/08/28 17:06:50.054, 3, 120.18, 0, 0, 4, 34, 1980
2026/08/28 17:06:50.054, 4, 126.55, 0, 0, 4, 34, 1980
2026/08/28 17:06:50.054, 5, 121.80, 0, 0, 4, 29, 1980
2026/08/28 17:06:50.054, 6, 124.04, 1, 0, 4, 34, 1980
2026/08/28 17:06:50.054, 7, 120.75, 0, 0, 52, 29, 1980
2026/08/28 17:06:55.054, 0, 120.13, 0, 0, 7245, 34, 1980
2026/08/28 17:06:55.054, 1, 70.42, 0, 0, 244, 29, 345
2026/08/28 17:06:55.054, 2, 71.42, 0, 0, 4, 27, 345
2026/08/28 17:06:55.054, 3, 71.28, 0, 0, 4, 32, 345
2026/08/28 17:06:55.054, 4, 73.25, 0, 0, 4, 32, 345
2026/08/28 17:06:55.054, 5, 70.65, 0, 0, 4, 27, 345
2026/08/28 17:06:55.054, 6, 71.83, 0, 0, 4, 32, 345
2026/08/28 17:06:55.054, 7, 70.93, 0, 0, 52, 27, 345
