timestamp, index, power.draw [W], utilization.gpu [%], utilization.memory [%], memory.used [MiB], temperature.gpu, clocks.current.sm [MHz]
2026/08/29 12:39:07.836, 0, 70.49, 0, 0, 0, 27, 345
2026/08/29 12:39:07.836, 1, 69.81, 0, 0, 0, 23, 345
2026/08/29 12:39:07.837, 2, 70.30, 0, 0, 0, 22, 345
2026/08/29 12:39:07.838, 3, 70.28, 0, 0, 0, 27, 345
2026/08/29 12:39:07.838, 4, 71.49, 0, 0, 0, 26, 345
2026/08/29 12:39:07.839, 5, 70.04, 0, 0, 0, 22, 345
2026/08/29 12:39:07.840, 6, 70.76, 0, 0, 0, 26, 345
2026/08/29 12:39:07.840, 7, 69.56, 0, 0, 0, 22, 345
2026/08/29 12:39:12.841, 0, 70.37, 0, 0, 0, 27, 345
2026/08/29 12:39:12.841, 1, 69.79, 0, 0, 0, 23, 345
2026/08/29 12:39:12.841, 2, 70.37, 0, 0, 0, 22, 345
2026/08/29 12:39:12.841, 3, 70.21, 0, 0, 0, 26, 345
2026/08/29 12:39:12.841, 4, 71.40, 0, 0, 0, 26, 345
2026/08/29 12:39:12.841, 5, 70.00, 0, 0, 0, 22, 345
2026/08/29 12:39:12.841, 6, 70.69, 0, 0, 0, 26, 345
2026/08/29 12:39:12.841, 7, 69.51, 0, 0, 0, 21, 345
2026/08/29 12:39:17.842, 0, 70.28, 0, 0, 4, 26, 345
2026/08/29 12:39:17.842, 1, 69.75, 0, 0, 4, 23, 345
2026/08/29 12:39:17.842, 2, 70.39, 0, 0, 4, 22, 345
2026/08/29 12:39:17.842, 3, 70.17, 0, 0, 4, 26, 345
2026/08/29 12:39:17.842, 4, 71.40, 0, 0, 4, 26, 345
2026/08/29 12:39:17.842, 5, 69.98, 0, 0, 4, 22, 345
2026/08/29 12:39:17.842, 6, 70.72, 0, 0, 4, 26, 345
2026/08/29 12:39:17.842, 7, 69.56, 0, 0, 4, 21, 345
2026/08/29 12:39:22.842, 0, 70.19, 0, 0, 4, 26, 345
2026/08/29 12:39:22.842, 1, 69.79, 0, 0, 4, 23, 345
2026/08/29 12:39:22.842, 2, 70.28, 0, 0, 4, 21, 345
2026/08/29 12:39:22.842, 3, 70.10, 0, 0, 4, 26, 345
2026/08/29 12:39:22.842, 4, 71.31, 0, 0, 4, 25, 345
2026/08/29 12:39:22.843, 5, 69.98, 0, 0, 4, 22, 345
2026/08/29 12:39:22.843, 6, 70.64, 0, 0, 4, 26, 345
2026/08/29 12:39:22.843, 7, 69.53, 0, 0, 4, 21, 345
2026/08/29 12:39:27.843, 0, 70.17, 0, 0, 4, 26, 345
2026/08/29 12:39:27.845, 1, 69.76, 0, 0, 4, 23, 345
2026/08/29 12:39:27.845, 2, 70.27, 0, 0, 4, 21, 345
2026/08/29 12:39:27.845, 3, 70.00, 0, 0, 4, 26, 345
2026/08/29 12:39:27.848, 4, 71.20, 0, 0, 4, 25, 345
2026/08/29 12:39:27.848, 5, 69.99, 0, 0, 4, 21, 345
2026/08/29 12:39:27.848, 6, 70.60, 0, 0, 4, 26, 345
2026/08/29 12:39:27.848, 7, 69.51, 0, 0, 4, 21, 345
2026/08/29 12:39:32.848, 0, 70.06, 0, 0, 4, 26, 345
2026/08/29 12:39:32.849, 1, 69.77, 0, 0, 4, 23, 345
2026/08/29 12:39:32.849, 2, 70.22, 0, 0, 4, 21, 345
2026/08/29 12:39:32.849, 3, 69.95, 0, 0, 4, 26, 345
2026/08/29 12:39:32.849, 4, 71.16, 0, 0, 4, 25, 345
2026/08/29 12:39:32.849, 5, 69.98, 0, 0, 4, 21, 345
2026/08/29 12:39:32.849, 6, 70.57, 0, 0, 4, 25, 345
2026/08/29 12:39:32.849, 7, 69.46, 0, 0, 4, 21, 345
2026/08/29 12:39:37.849, 0, 114.10, 0, 0, 529, 27, 1980
2026/08/29 12:39:37.849, 1, 116.54, 0, 0, 529, 24, 1980
2026/08/29 12:39:37.849, 2, 114.22, 0, 0, 529, 22, 1980
2026/08/29 12:39:37.849, 3, 113.53, 0, 0, 529, 27, 1980
2026/08/29 12:39:37.849, 4, 117.29, 0, 0, 529, 26, 1980
2026/08/29 12:39:37.849, 5, 113.98, 0, 0, 529, 23, 1980
2026/08/29 12:39:37.849, 6, 116.47, 0, 0, 529, 26, 1980
2026/08/29 12:39:37.849, 7, 112.79, 0, 0, 529, 23, 1980
2026/08/29 12:39:42.850, 0, 114.25, 0, 0, 1947, 27, 1980
2026/08/29 12:39:42.850, 1, 116.61, 0, 0, 1759, 24, 1980
2026/08/29 12:39:42.850, 2, 114.35, 0, 0, 1751, 23, 1980
2026/08/29 12:39:42.850, 3, 113.62, 0, 0, 1947, 27, 1980
2026/08/29 12:39:42.850, 4, 117.40, 0, 0, 1947, 26, 1980
2026/08/29 12:39:42.850, 5, 114.12, 0, 0, 1751, 23, 1980
2026/08/29 12:39:42.850, 6, 116.56, 0, 0, 1839, 27, 1980
2026/08/29 12:39:42.850, 7, 112.94, 0, 0, 1751, 23, 1980
2026/08/29 12:39:47.851, 0, 114.26, 0, 0, 3943, 27, 1980
2026/08/29 12:39:47.851, 1, 116.80, 0, 0, 3943, 25, 1980
2026/08/29 12:39:47.851, 2, 114.50, 0, 0, 3943, 23, 1980
2026/08/29 12:39:47.851, 3, 113.75, 0, 0, 3943, 27, 1980
2026/08/29 12:39:47.851, 4, 117.43, 0, 0, 3943, 26, 1980
2026/08/29 12:39:47.851, 5, 114.24, 0, 0, 3943, 23, 1980
2026/08/29 12:39:47.851, 6, 116.66, 0, 0, 3943, 27, 1980
2026/08/29 12:39:47.851, 7, 113.05, 0, 0, 3943, 23, 1980
2026/08/29 12:39:52.851, 0, 114.37, 0, 0, 3943, 27, 1980
2026/08/29 12:39:52.852, 1, 116.90, 0, 0, 3943, 25, 1980
2026/08/29 12:39:52.853, 2, 114.62, 0, 0, 3943, 23, 1980
2026/08/29 12:39:52.854, 3, 113.86, 0, 0, 3943, 27, 1980
2026/08/29 12:39:52.856, 4, 117.57, 0, 0, 3943, 26, 1980
2026/08/29 12:39:52.857, 5, 114.33, 0, 0, 3943, 23, 1980
2026/08/29 12:39:52.858, 6, 116.78, 0, 0, 3943, 27, 1980
2026/08/29 12:39:52.858, 7, 113.14, 0, 0, 3943, 23, 1980
2026/08/29 12:39:57.860, 0, 114.31, 0, 0, 3943, 27, 1980
2026/08/29 12:39:57.860, 1, 116.85, 0, 0, 3943, 25, 1980
2026/08/29 12:39:57.860, 2, 114.56, 0, 0, 3943, 23, 1980
2026/08/29 12:39:57.860, 3, 113.80, 0, 0, 3943, 27, 1980
2026/08/29 12:39:57.860, 4, 117.52, 0, 0, 3943, 26, 1980
2026/08/29 12:39:57.860, 5, 114.30, 0, 0, 3943, 23, 1980
2026/08/29 12:39:57.860, 6, 116.64, 0, 0, 3943, 27, 1980
2026/08/29 12:39:57.860, 7, 113.09, 0, 0, 3943, 23, 1980
2026/08/29 12:40:02.861, 0, 114.33, 0, 0, 3943, 27, 1980
2026/08/29 12:40:02.861, 1, 116.91, 0, 0, 3943, 25, 1980
2026/08/29 12:40:02.861, 2, 114.58, 0, 0, 3943, 23, 1980
2026/08/29 12:40:02.861, 3, 113.81, 0, 0, 3943, 27, 1980
2026/08/29 12:40:02.861, 4, 117.52, 0, 0, 3943, 26, 1980
2026/08/29 12:40:02.861, 5, 114.36, 0, 0, 3943, 23, 1980
2026/08/29 12:40:02.861, 6, 116.69, 0, 0, 3943, 27, 1980
2026/08/29 12:40:02.861, 7, 113.07, 0, 0, 3943, 23, 1980
2026/08/29 12:40:07.861, 0, 114.35, 0, 0, 3943, 27, 1980
2026/08/29 12:40:07.862, 1, 116.91, 0, 0, 3943, 25, 1980
2026/08/29 12:40:07.862, 2, 114.59, 0, 0, 3943, 23, 1980
2026/08/29 12:40:07.862, 3, 113.84, 0, 0, 3943, 27, 1980
2026/08/29 12:40:07.862, 4, 117.55, 0, 0, 3943, 27, 1980
2026/08/29 12:40:07.862, 5, 114.34, 0, 0, 3943, 23, 1980
2026/08/29 12:40:07.862, 6, 116.72, 0, 0, 3943, 27, 1980
2026/08/29 12:40:07.862, 7, 113.07, 0, 0, 3943, 23, 1980
2026/08/29 12:40:12.862, 0, 114.36, 0, 0, 3943, 27, 1980
2026/08/29 12:40:12.862, 1, 116.95, 0, 0, 3943, 25, 1980
2026/08/29 12:40:12.862, 2, 114.58, 0, 0, 3943, 23, 1980
2026/08/29 12:40:12.863, 3, 113.82, 0, 0, 3943, 27, 1980
2026/08/29 12:40:12.863, 4, 117.49, 0, 0, 3943, 27, 1980
2026/08/29 12:40:12.863, 5, 114.36, 0, 0, 3943, 23, 1980
2026/08/29 12:40:12.863, 6, 116.68, 0, 0, 3943, 27, 1980
2026/08/29 12:40:12.863, 7, 113.15, 0, 0, 3943, 23, 1980
2026/08/29 12:40:17.863, 0, 114.38, 0, 0, 3943, 27, 1980
2026/08/29 12:40:17.864, 1, 116.95, 0, 0, 3943, 25, 1980
2026/08/29 12:40:17.865, 2, 114.61, 0, 0, 3943, 23, 1980
2026/08/29 12:40:17.865, 3, 113.85, 0, 0, 3943, 27, 1980
2026/08/29 12:40:17.866, 4, 117.55, 0, 0, 3943, 27, 1980
2026/08/29 12:40:17.870, 5, 114.33, 0, 0, 3943, 23, 1980
2026/08/29 12:40:17.870, 6, 116.66, 0, 0, 3943, 27, 1980
2026/08/29 12:40:17.871, 7, 113.11, 0, 0, 3943, 23, 1980
2026/08/29 12:40:22.872, 0, 114.36, 0, 0, 3943, 27, 1980
2026/08/29 12:40:22.872, 1, 116.93, 0, 0, 3943, 25, 1980
2026/08/29 12:40:22.872, 2, 114.60, 0, 0, 3943, 23, 1980
2026/08/29 12:40:22.872, 3, 113.83, 0, 0, 3943, 27, 1980
2026/08/29 12:40:22.872, 4, 117.53, 0, 0, 3943, 27, 1980
2026/08/29 12:40:22.872, 5, 114.34, 0, 0, 3943, 23, 1980
2026/08/29 12:40:22.872, 6, 116.74, 0, 0, 3943, 27, 1980
2026/08/29 12:40:22.872, 7, 113.13, 0, 0, 3943, 23, 1980
2026/08/29 12:40:27.872, 0, 114.31, 0, 0, 3943, 27, 1980
2026/08/29 12:40:27.873, 1, 116.94, 0, 0, 3943, 25, 1980
2026/08/29 12:40:27.873, 2, 114.60, 0, 0, 3943, 23, 1980
2026/08/29 12:40:27.873, 3, 113.80, 0, 0, 3943, 27, 1980
2026/08/29 12:40:27.873, 4, 117.54, 0, 0, 3943, 27, 1980
2026/08/29 12:40:27.873, 5, 114.37, 0, 0, 3943, 23, 1980
2026/08/29 12:40:27.873, 6, 116.70, 0, 0, 3943, 27, 1980
2026/08/29 12:40:27.873, 7, 113.17, 0, 0, 3943, 23, 1980
2026/08/29 12:40:32.873, 0, 114.36, 0, 0, 3943, 27, 1980
2026/08/29 12:40:32.873, 1, 117.02, 0, 0, 3943, 25, 1980
2026/08/29 12:40:32.875, 2, 114.65, 0, 0, 3943, 23, 1980
2026/08/29 12:40:32.876, 3, 113.88, 0, 0, 3943, 27, 1980
2026/08/29 12:40:32.877, 4, 117.58, 0, 0, 3943, 27, 1980
2026/08/29 12:40:32.878, 5, 114.45, 0, 0, 3943, 23, 1980
2026/08/29 12:40:32.879, 6, 116.76, 0, 0, 3943, 27, 1980
2026/08/29 12:40:32.881, 7, 113.22, 0, 0, 3943, 23, 1980
2026/08/29 12:40:37.883, 0, 114.32, 0, 0, 3943, 27, 1980
2026/08/29 12:40:37.883, 1, 116.96, 0, 0, 3943, 25, 1980
2026/08/29 12:40:37.883, 2, 114.61, 0, 0, 3943, 23, 1980
2026/08/29 12:40:37.883, 3, 113.83, 0, 0, 3943, 27, 1980
2026/08/29 12:40:37.883, 4, 116.77, 0, 0, 3943, 27, 1980
2026/08/29 12:40:37.883, 5, 114.37, 0, 0, 3943, 23, 1980
2026/08/29 12:40:37.883, 6, 116.68, 0, 0, 3943, 27, 1980
2026/08/29 12:40:37.883, 7, 113.13, 0, 0, 3943, 23, 1980
2026/08/29 12:40:42.883, 0, 114.32, 0, 0, 3943, 27, 1980
2026/08/29 12:40:42.884, 1, 116.95, 0, 0, 3943, 25, 1980
2026/08/29 12:40:42.884, 2, 114.59, 0, 0, 3943, 23, 1980
2026/08/29 12:40:42.884, 3, 113.83, 0, 0, 3943, 27, 1980
2026/08/29 12:40:42.884, 4, 116.76, 0, 0, 3943, 27, 1980
2026/08/29 12:40:42.884, 5, 114.36, 0, 0, 3943, 23, 1980
2026/08/29 12:40:42.884, 6, 116.69, 0, 0, 3943, 27, 1980
2026/08/29 12:40:42.884, 7, 113.07, 0, 0, 3943, 23, 1980
2026/08/29 12:40:47.884, 0, 114.30, 0, 0, 3943, 27, 1980
2026/08/29 12:40:47.884, 1, 117.39, 0, 0, 3943, 25, 1980
2026/08/29 12:40:47.884, 2, 114.62, 0, 0, 3943, 23, 1980
2026/08/29 12:40:47.884, 3, 113.82, 0, 0, 3943, 27, 1980
2026/08/29 12:40:47.884, 4, 116.74, 0, 0, 3943, 27, 1980
2026/08/29 12:40:47.884, 5, 114.38, 0, 0, 3943, 23, 1980
2026/08/29 12:40:47.884, 6, 116.68, 0, 0, 3943, 27, 1980
2026/08/29 12:40:47.884, 7, 113.13, 0, 0, 3943, 23, 1980
2026/08/29 12:40:52.885, 0, 114.28, 0, 0, 3943, 27, 1980
2026/08/29 12:40:52.885, 1, 117.38, 0, 0, 3943, 25, 1980
2026/08/29 12:40:52.885, 2, 114.56, 0, 0, 3943, 23, 1980
2026/08/29 12:40:52.885, 3, 113.78, 0, 0, 3943, 27, 1980
2026/08/29 12:40:52.885, 4, 116.72, 0, 0, 3943, 27, 1980
2026/08/29 12:40:52.885, 5, 114.36, 0, 0, 3943, 23, 1980
2026/08/29 12:40:52.885, 6, 116.71, 0, 0, 3943, 27, 1980
2026/08/29 12:40:52.885, 7, 113.08, 0, 0, 3943, 23, 1980
2026/08/29 12:40:57.885, 0, 114.32, 0, 0, 3943, 27, 1980
2026/08/29 12:40:57.887, 1, 117.45, 0, 0, 3943, 25, 1980
2026/08/29 12:40:57.888, 2, 114.57, 0, 0, 3943, 23, 1980
2026/08/29 12:40:57.889, 3, 113.79, 0, 0, 3943, 27, 1980
2026/08/29 12:40:57.889, 4, 116.74, 0, 0, 3943, 27, 1980
2026/08/29 12:40:57.889, 5, 114.39, 0, 0, 3943, 23, 1980
2026/08/29 12:40:57.889, 6, 116.69, 0, 0, 3943, 27, 1980
2026/08/29 12:40:57.891, 7, 113.14, 0, 0, 3943, 23, 1980
2026/08/29 12:41:02.892, 0, 114.33, 0, 0, 3943, 27, 1980
2026/08/29 12:41:02.892, 1, 117.44, 0, 0, 3943, 25, 1980
2026/08/29 12:41:02.892, 2, 114.64, 0, 0, 3943, 23, 1980
2026/08/29 12:41:02.892, 3, 113.80, 0, 0, 3943, 27, 1980
2026/08/29 12:41:02.892, 4, 116.76, 0, 0, 3943, 26, 1980
2026/08/29 12:41:02.892, 5, 114.42, 0, 0, 3943, 23, 1980
2026/08/29 12:41:02.892, 6, 116.67, 0, 0, 3943, 27, 1980
2026/08/29 12:41:02.892, 7, 113.10, 0, 0, 3943, 23, 1980
2026/08/29 12:41:07.893, 0, 114.25, 0, 0, 3943, 27, 1980
2026/08/29 12:41:07.893, 1, 117.35, 0, 0, 3943, 25, 1980
2026/08/29 12:41:07.893, 2, 114.64, 0, 0, 3943, 23, 1980
2026/08/29 12:41:07.893, 3, 113.75, 0, 0, 3943, 27, 1980
2026/08/29 12:41:07.893, 4, 116.70, 0, 0, 3943, 26, 1980
2026/08/29 12:41:07.893, 5, 114.35, 0, 0, 3943, 23, 1980
2026/08/29 12:41:07.893, 6, 116.67, 0, 0, 3943, 27, 1980
2026/08/29 12:41:07.893, 7, 113.04, 0, 0, 3943, 23, 1980
2026/08/29 12:41:12.893, 0, 114.22, 0, 0, 3943, 27, 1980
2026/08/29 12:41:12.894, 1, 117.42, 0, 0, 3943, 25, 1980
2026/08/29 12:41:12.894, 2, 114.65, 0, 0, 3943, 23, 1980
2026/08/29 12:41:12.894, 3, 113.83, 0, 0, 3943, 27, 1980
2026/08/29 12:41:12.894, 4, 116.71, 0, 0, 3943, 26, 1980
2026/08/29 12:41:12.894, 5, 114.38, 0, 0, 3943, 23, 1980
2026/08/29 12:41:12.894, 6, 116.66, 0, 0, 3943, 27, 1980
2026/08/29 12:41:12.894, 7, 113.14, 0, 0, 3943, 23, 1980
2026/08/29 12:41:17.894, 0, 114.26, 0, 0, 3943, 27, 1980
2026/08/29 12:41:17.894, 1, 117.39, 0, 0, 3943, 25, 1980
2026/08/29 12:41:17.894, 2, 114.62, 0, 0, 3943, 23, 1980
2026/08/29 12:41:17.894, 3, 113.73, 0, 0, 3943, 27, 1980
2026/08/29 12:41:17.894, 4, 116.68, 0, 0, 3943, 26, 1980
2026/08/29 12:41:17.894, 5, 114.39, 0, 0, 3943, 23, 1980
2026/08/29 12:41:17.894, 6, 116.67, 0, 0, 3943, 27, 1980
2026/08/29 12:41:17.894, 7, 113.10, 0, 0, 3943, 23, 1980
2026/08/29 12:41:22.895, 0, 114.28, 0, 0, 3943, 27, 1980
2026/08/29 12:41:22.895, 1, 117.36, 0, 0, 3943, 25, 1980
2026/08/29 12:41:22.895, 2, 114.65, 0, 0, 3943, 23, 1980
2026/08/29 12:41:22.895, 3, 113.73, 0, 0, 3943, 27, 1980
2026/08/29 12:41:22.895, 4, 116.61, 0, 0, 3943, 26, 1980
2026/08/29 12:41:22.895, 5, 114.37, 0, 0, 3943, 23, 1980
2026/08/29 12:41:22.895, 6, 116.65, 0, 0, 3943, 27, 1980
2026/08/29 12:41:22.895, 7, 113.07, 0, 0, 3943, 23, 1980
2026/08/29 12:41:27.895, 0, 114.29, 0, 0, 3943, 27, 1980
2026/08/29 12:41:27.896, 1, 117.39, 0, 0, 3943, 25, 1980
2026/08/29 12:41:27.896, 2, 114.62, 0, 0, 3943, 23, 1980
2026/08/29 12:41:27.896, 3, 113.75, 0, 0, 3943, 27, 1980
2026/08/29 12:41:27.896, 4, 116.66, 0, 0, 3943, 26, 1980
2026/08/29 12:41:27.896, 5, 114.32, 0, 0, 3943, 23, 1980
2026/08/29 12:41:27.896, 6, 116.64, 0, 0, 3943, 27, 1980
2026/08/29 12:41:27.896, 7, 113.11, 0, 0, 3943, 23, 1980
2026/08/29 12:41:32.896, 0, 116.62, 2, 0, 8973, 27, 1980
2026/08/29 12:41:32.900, 1, 122.03, 7, 4, 9221, 25, 1980
2026/08/29 12:41:32.906, 2, 118.75, 3, 2, 9215, 23, 1980
2026/08/29 12:41:32.908, 3, 119.59, 0, 0, 8739, 27, 1980
2026/08/29 12:41:32.916, 4, 120.27, 6, 4, 8741, 27, 1980
2026/08/29 12:41:32.919, 5, 118.14, 0, 0, 8741, 23, 1980
2026/08/29 12:41:32.922, 6, 120.42, 3, 1, 8739, 27, 1980
2026/08/29 12:41:32.924, 7, 118.04, 0, 0, 8741, 23, 1980
2026/08/29 12:41:37.926, 0, 450.29, 83, 65, 35739, 35, 1980
2026/08/29 12:41:37.926, 1, 459.02, 87, 54, 35737, 34, 1980
2026/08/29 12:41:37.926, 2, 442.90, 91, 49, 35737, 32, 1980
2026/08/29 12:41:37.927, 3, 425.64, 90, 56, 35095, 36, 1980
2026/08/29 12:41:37.927, 4, 434.44, 88, 63, 33753, 36, 1980
2026/08/29 12:41:37.927, 5, 434.20, 59, 33, 33753, 33, 1980
2026/08/29 12:41:37.927, 6, 428.14, 56, 32, 32849, 35, 1980
2026/08/29 12:41:37.927, 7, 416.63, 88, 52, 32609, 33, 1980
2026/08/29 12:41:42.927, 0, 448.71, 95, 75, 36141, 40, 1980
2026/08/29 12:41:42.927, 1, 464.88, 95, 57, 35737, 37, 1980
2026/08/29 12:41:42.927, 2, 442.06, 93, 58, 35737, 36, 1980
2026/08/29 12:41:42.927, 3, 444.82, 90, 58, 35097, 39, 1980
2026/08/29 12:41:42.927, 4, 450.57, 94, 67, 34013, 37, 1980
2026/08/29 12:41:42.927, 5, 443.39, 96, 53, 33753, 36, 1980
2026/08/29 12:41:42.927, 6, 453.20, 96, 52, 33531, 39, 1980
2026/08/29 12:41:42.927, 7, 439.19, 88, 59, 33691, 36, 1980
2026/08/29 12:41:47.928, 0, 448.37, 60, 40, 36141, 41, 1980
2026/08/29 12:41:47.928, 1, 472.69, 100, 70, 35799, 38, 1980
2026/08/29 12:41:47.928, 2, 456.06, 97, 70, 35737, 37, 1980
2026/08/29 12:41:47.928, 3, 430.31, 78, 48, 35097, 40, 1980
2026/08/29 12:41:47.928, 4, 443.54, 59, 36, 34675, 39, 1980
2026/08/29 12:41:47.928, 5, 434.72, 97, 45, 34253, 37, 1980
2026/08/29 12:41:47.928, 6, 446.42, 97, 44, 34031, 40, 1980
2026/08/29 12:41:47.928, 7, 433.71, 90, 58, 33771, 37, 1980
2026/08/29 12:41:52.928, 0, 464.21, 63, 36, 36141, 43, 1980
2026/08/29 12:41:52.929, 1, 477.46, 87, 65, 35899, 42, 1980
2026/08/29 12:41:52.929, 2, 459.31, 83, 58, 35737, 38, 1980
2026/08/29 12:41:52.929, 3, 456.31, 49, 30, 35097, 42, 1980
2026/08/29 12:41:52.929, 4, 467.94, 65, 40, 34675, 39, 1980
2026/08/29 12:41:52.929, 5, 447.22, 88, 48, 34253, 38, 1980
2026/08/29 12:41:52.929, 6, 462.81, 88, 48, 34033, 41, 1980
2026/08/29 12:41:52.929, 7, 452.87, 91, 63, 34113, 37, 1980
2026/08/29 12:41:57.929, 0, 461.41, 95, 74, 36141, 44, 1980
2026/08/29 12:41:57.929, 1, 475.46, 91, 61, 35899, 42, 1980
2026/08/29 12:41:57.929, 2, 470.40, 91, 65, 35737, 38, 1980
2026/08/29 12:41:57.929, 3, 445.03, 91, 63, 35277, 43, 1980
2026/08/29 12:41:57.929, 4, 450.18, 92, 60, 34835, 41, 1980
2026/08/29 12:41:57.929, 5, 450.55, 93, 52, 34253, 39, 1980
2026/08/29 12:41:57.929, 6, 453.68, 66, 38, 34033, 43, 1980
2026/08/29 12:41:57.929, 7, 448.25, 95, 56, 34113, 39, 1980
2026/08/29 12:42:02.930, 0, 451.02, 95, 69, 36141, 45, 1980
2026/08/29 12:42:02.931, 1, 468.24, 100, 63, 35899, 42, 1980
2026/08/29 12:42:02.935, 2, 456.52, 93, 50, 35737, 39, 1980
2026/08/29 12:42:02.935, 3, 453.07, 100, 61, 35277, 45, 1980
2026/08/29 12:42:02.937, 4, 455.53, 94, 74, 34895, 45, 1980
2026/08/29 12:42:02.940, 5, 438.16, 62, 40, 34253, 40, 1980
2026/08/29 12:42:02.941, 6, 449.47, 97, 45, 34033, 45, 1980
2026/08/29 12:42:02.943, 7, 445.44, 100, 55, 34113, 39, 1980
2026/08/29 12:42:07.944, 0, 469.57, 68, 47, 36141, 47, 1980
2026/08/29 12:42:07.944, 1, 476.65, 96, 72, 35899, 44, 1980
2026/08/29 12:42:07.944, 2, 458.24, 60, 40, 35737, 40, 1980
2026/08/29 12:42:07.944, 3, 448.59, 97, 70, 35279, 46, 1980
2026/08/29 12:42:07.944, 4, 458.46, 96, 57, 34895, 46, 1980
2026/08/29 12:42:07.944, 5, 448.24, 58, 39, 34253, 40, 1980
2026/08/29 12:42:07.944, 6, 458.20, 56, 38, 34113, 45, 1980
2026/08/29 12:42:07.944, 7, 441.76, 100, 73, 34133, 41, 1980
2026/08/29 12:42:12.944, 0, 460.27, 63, 36, 36141, 47, 1980
2026/08/29 12:42:12.944, 1, 470.92, 84, 63, 35899, 43, 1980
2026/08/29 12:42:12.945, 2, 443.93, 67, 38, 35737, 40, 1980
2026/08/29 12:42:12.945, 3, 440.33, 95, 61, 35279, 47, 1980
2026/08/29 12:42:12.945, 4, 457.25, 77, 41, 34895, 46, 1980
2026/08/29 12:42:12.945, 5, 445.93, 87, 55, 34813, 38, 1980
2026/08/29 12:42:12.945, 6, 446.07, 89, 48, 34113, 44, 1980
2026/08/29 12:42:12.945, 7, 430.62, 96, 63, 34133, 40, 1980
2026/08/29 12:42:17.945, 0, 462.51, 55, 37, 36141, 48, 1980
2026/08/29 12:42:17.945, 1, 476.90, 95, 71, 35899, 45, 1980
2026/08/29 12:42:17.945, 2, 464.35, 56, 35, 35737, 41, 1980
2026/08/29 12:42:17.945, 3, 465.68, 95, 73, 35279, 49, 1980
2026/08/29 12:42:17.945, 4, 473.25, 96, 73, 34895, 48, 1980
2026/08/29 12:42:17.945, 5, 455.09, 74, 44, 34815, 41, 1980
2026/08/29 12:42:17.945, 6, 482.91, 68, 40, 34113, 47, 1980
2026/08/29 12:42:17.945, 7, 448.19, 84, 64, 34133, 42, 1980
2026/08/29 12:42:22.946, 0, 476.01, 95, 75, 36141, 49, 1980
2026/08/29 12:42:22.946, 1, 482.36, 96, 72, 35899, 46, 1980
2026/08/29 12:42:22.946, 2, 457.83, 50, 28, 35737, 42, 1980
2026/08/29 12:42:22.946, 3, 454.71, 95, 72, 35279, 50, 1980
2026/08/29 12:42:22.946, 4, 455.70, 95, 67, 34895, 48, 1980
2026/08/29 12:42:22.946, 5, 444.93, 79, 42, 34815, 42, 1980
2026/08/29 12:42:22.946, 6, 453.75, 68, 35, 34113, 47, 1980
2026/08/29 12:42:22.946, 7, 445.63, 95, 64, 34133, 42, 1980
2026/08/29 12:42:27.946, 0, 465.38, 94, 71, 36141, 50, 1980
2026/08/29 12:42:27.947, 1, 473.86, 95, 69, 35899, 45, 1980
2026/08/29 12:42:27.947, 2, 454.54, 56, 33, 35737, 42, 1980
2026/08/29 12:42:27.947, 3, 467.88, 95, 68, 35279, 51, 1980
2026/08/29 12:42:27.947, 4, 466.04, 86, 65, 34895, 50, 1980
2026/08/29 12:42:27.947, 5, 441.39, 63, 35, 34815, 43, 1980
2026/08/29 12:42:27.947, 6, 453.01, 83, 40, 34113, 48, 1980
2026/08/29 12:42:27.947, 7, 446.21, 95, 71, 34133, 43, 1980
2026/08/29 12:42:32.947, 0, 484.34, 71, 37, 36141, 50, 1980
2026/08/29 12:42:32.949, 1, 483.56, 88, 67, 35899, 44, 1980
2026/08/29 12:42:32.951, 2, 461.55, 90, 47, 35737, 41, 1980
2026/08/29 12:42:32.952, 3, 459.52, 67, 46, 35279, 49, 1980
2026/08/29 12:42:32.954, 4, 472.46, 62, 32, 34895, 49, 1980
2026/08/29 12:42:32.954, 5, 455.52, 62, 37, 34815, 42, 1980
2026/08/29 12:42:32.956, 6, 475.49, 97, 48, 34113, 47, 1980
2026/08/29 12:42:32.958, 7, 460.55, 94, 55, 34133, 40, 1980
2026/08/29 12:42:37.960, 0, 468.94, 86, 60, 36401, 52, 1980
2026/08/29 12:42:37.960, 1, 472.27, 92, 55, 36039, 46, 1980
2026/08/29 12:42:37.960, 2, 457.54, 87, 62, 35737, 42, 1980
2026/08/29 12:42:37.960, 3, 461.01, 87, 67, 35279, 52, 1980
2026/08/29 12:42:37.960, 4, 462.44, 87, 68, 35495, 51, 1980
2026/08/29 12:42:37.960, 5, 445.96, 95, 70, 34815, 43, 1980
2026/08/29 12:42:37.960, 6, 444.42, 94, 67, 34313, 49, 1980
2026/08/29 12:42:37.960, 7, 433.95, 93, 66, 34133, 41, 1980
2026/08/29 12:42:42.961, 0, 484.83, 60, 39, 36401, 51, 1980
2026/08/29 12:42:42.961, 1, 494.44, 92, 57, 36039, 45, 1980
2026/08/29 12:42:42.961, 2, 478.66, 56, 37, 35737, 42, 1980
2026/08/29 12:42:42.961, 3, 481.51, 61, 39, 35279, 51, 1980
2026/08/29 12:42:42.961, 4, 477.99, 57, 37, 35495, 51, 1980
2026/08/29 12:42:42.961, 5, 460.52, 64, 38, 34815, 42, 1980
2026/08/29 12:42:42.961, 6, 475.56, 59, 35, 34313, 50, 1980
2026/08/29 12:42:42.961, 7, 459.91, 89, 60, 34133, 40, 1980
2026/08/29 12:42:47.961, 0, 475.24, 92, 54, 36401, 53, 1980
2026/08/29 12:42:47.961, 1, 478.94, 96, 72, 36039, 46, 1980
2026/08/29 12:42:47.962, 2, 467.46, 93, 55, 35817, 43, 1980
2026/08/29 12:42:47.962, 3, 451.10, 90, 51, 35379, 51, 1980
2026/08/29 12:42:47.962, 4, 463.16, 94, 53, 35495, 51, 1980
2026/08/29 12:42:47.962, 5, 450.71, 99, 62, 34815, 44, 1980
2026/08/29 12:42:47.962, 6, 462.45, 99, 64, 34313, 50, 1980
2026/08/29 12:42:47.962, 7, 442.94, 95, 65, 34133, 43, 1980
2026/08/29 12:42:52.962, 0, 477.80, 84, 48, 36401, 51, 1980
2026/08/29 12:42:52.962, 1, 472.12, 88, 68, 36039, 44, 1980
2026/08/29 12:42:52.962, 2, 455.12, 87, 51, 35817, 41, 1980
2026/08/29 12:42:52.962, 3, 457.90, 73, 42, 35379, 50, 1980
2026/08/29 12:42:52.962, 4, 465.30, 88, 50, 35495, 50, 1980
2026/08/29 12:42:52.962, 5, 447.17, 87, 49, 34815, 43, 1980
2026/08/29 12:42:52.962, 6, 464.27, 92, 51, 34393, 51, 1980
2026/08/29 12:42:52.962, 7, 449.11, 90, 58, 34133, 42, 1980
2026/08/29 12:42:57.963, 0, 484.58, 61, 38, 36401, 53, 1980
2026/08/29 12:42:57.963, 1, 493.30, 95, 60, 36039, 46, 1980
2026/08/29 12:42:57.963, 2, 473.57, 60, 39, 35817, 41, 1980
2026/08/29 12:42:57.963, 3, 478.67, 63, 40, 35379, 52, 1980
2026/08/29 12:42:57.963, 4, 477.01, 60, 38, 35495, 52, 1980
2026/08/29 12:42:57.963, 5, 459.28, 65, 35, 34815, 43, 1980
2026/08/29 12:42:57.963, 6, 467.64, 60, 32, 34393, 51, 1980
2026/08/29 12:42:57.963, 7, 445.16, 94, 51, 34133, 42, 1980
2026/08/29 12:43:02.963, 0, 479.31, 84, 59, 36401, 55, 1980
2026/08/29 12:43:02.964, 1, 488.65, 61, 37, 36039, 47, 1980
2026/08/29 12:43:02.967, 2, 473.10, 75, 50, 35817, 43, 1980
2026/08/29 12:43:02.968, 3, 465.44, 99, 72, 35379, 53, 1980
2026/08/29 12:43:02.969, 4, 470.84, 100, 73, 35495, 52, 1980
2026/08/29 12:43:02.970, 5, 457.66, 62, 39, 34815, 41, 1980
2026/08/29 12:43:02.971, 6, 460.88, 64, 40, 34393, 53, 1980
2026/08/29 12:43:02.973, 7, 448.85, 59, 34, 34133, 43, 1980
2026/08/29 12:43:07.975, 0, 485.54, 99, 68, 36401, 55, 1980
2026/08/29 12:43:07.975, 1, 498.32, 95, 68, 36039, 48, 1980
2026/08/29 12:43:07.975, 2, 453.55, 100, 64, 35817, 43, 1980
2026/08/29 12:43:07.975, 3, 463.44, 69, 35, 35379, 55, 1980
2026/08/29 12:43:07.975, 4, 478.33, 92, 49, 35495, 51, 1980
2026/08/29 12:43:07.976, 5, 455.98, 96, 67, 34815, 44, 1980
2026/08/29 12:43:07.976, 6, 483.76, 96, 70, 34393, 53, 1980
2026/08/29 12:43:07.976, 7, 464.91, 95, 67, 34133, 44, 1980
2026/08/29 12:43:12.976, 0, 484.01, 96, 62, 36401, 56, 1980
2026/08/29 12:43:12.976, 1, 496.31, 67, 42, 36239, 48, 1980
2026/08/29 12:43:12.976, 2, 480.53, 96, 61, 35817, 44, 1980
2026/08/29 12:43:12.976, 3, 474.54, 56, 37, 35379, 56, 1980
2026/08/29 12:43:12.976, 4, 485.93, 93, 60, 35495, 54, 1980
2026/08/29 12:43:12.976, 5, 453.02, 95, 57, 34815, 44, 1980
2026/08/29 12:43:12.976, 6, 464.67, 95, 52, 34393, 53, 1980
2026/08/29 12:43:12.976, 7, 453.05, 89, 38, 34133, 44, 1980
2026/08/29 12:43:17.977, 0, 485.66, 99, 63, 36401, 56, 1980
2026/08/29 12:43:17.977, 1, 488.88, 96, 75, 36239, 48, 1980
2026/08/29 12:43:17.977, 2, 459.45, 100, 58, 35817, 44, 1980
2026/08/29 12:43:17.977, 3, 455.94, 95, 63, 35379, 54, 1980
2026/08/29 12:43:17.977, 4, 459.59, 69, 36, 35495, 55, 1980
2026/08/29 12:43:17.977, 5, 443.54, 100, 68, 34815, 45, 1980
2026/08/29 12:43:17.977, 6, 462.03, 100, 66, 34393, 54, 1980
2026/08/29 12:43:17.977, 7, 447.97, 97, 67, 34133, 44, 1980
2026/08/29 12:43:22.977, 0, 480.59, 62, 37, 36401, 55, 1980
2026/08/29 12:43:22.978, 1, 481.37, 58, 35, 36239, 47, 1980
2026/08/29 12:43:22.978, 2, 469.49, 68, 40, 35817, 43, 1980
2026/08/29 12:43:22.978, 3, 469.31, 96, 62, 35379, 55, 1980
2026/08/29 12:43:22.978, 4, 476.01, 78, 43, 35495, 53, 1980
2026/08/29 12:43:22.978, 5, 454.18, 55, 36, 34815, 43, 1980
2026/08/29 12:43:22.978, 6, 467.22, 94, 51, 34393, 51, 1980
2026/08/29 12:43:22.978, 7, 451.12, 98, 54, 34133, 43, 1980
2026/08/29 12:43:27.978, 0, 477.80, 59, 37, 36401, 56, 1980
2026/08/29 12:43:27.978, 1, 496.87, 55, 35, 36239, 49, 1980
2026/08/29 12:43:27.978, 2, 462.59, 96, 69, 35817, 42, 1980
2026/08/29 12:43:27.978, 3, 457.42, 83, 50, 35379, 54, 1980
2026/08/29 12:43:27.978, 4, 475.93, 96, 70, 35495, 54, 1980
2026/08/29 12:43:27.978, 5, 445.30, 96, 73, 34815, 44, 1980
2026/08/29 12:43:27.978, 6, 473.74, 58, 37, 34393, 54, 1980
2026/08/29 12:43:27.978, 7, 454.25, 72, 42, 34133, 43, 1980
2026/08/29 12:43:32.979, 0, 472.80, 94, 72, 36401, 55, 1980
2026/08/29 12:43:32.981, 1, 483.18, 49, 32, 36239, 46, 1980
2026/08/29 12:43:32.982, 2, 469.92, 95, 62, 36277, 41, 1980
2026/08/29 12:43:32.982, 3, 476.24, 74, 43, 35379, 54, 1980
2026/08/29 12:43:32.992, 4, 474.65, 95, 65, 35495, 53, 1980
2026/08/29 12:43:32.994, 5, 445.60, 95, 61, 34815, 44, 1980
2026/08/29 12:43:32.995, 6, 464.85, 56, 31, 34393, 54, 1980
2026/08/29 12:43:32.999, 7, 446.95, 66, 35, 34133, 43, 1980
2026/08/29 12:43:38.007, 0, 483.27, 97, 61, 36401, 56, 1980
2026/08/29 12:43:38.008, 1, 489.80, 98, 78, 36239, 47, 1980
2026/08/29 12:43:38.008, 2, 474.49, 99, 61, 36277, 44, 1980
2026/08/29 12:43:38.008, 3, 456.43, 76, 48, 35379, 57, 1980
2026/08/29 12:43:38.008, 4, 481.41, 99, 61, 35495, 56, 1980
2026/08/29 12:43:38.008, 5, 459.15, 100, 67, 34815, 46, 1980
2026/08/29 12:43:38.008, 6, 477.55, 99, 65, 34393, 55, 1980
2026/08/29 12:43:38.008, 7, 446.35, 84, 52, 34133, 44, 1980
2026/08/29 12:43:43.008, 0, 480.92, 84, 63, 36401, 58, 1980
2026/08/29 12:43:43.008, 1, 479.77, 59, 36, 36239, 47, 1980
2026/08/29 12:43:43.008, 2, 465.11, 85, 64, 36277, 44, 1980
2026/08/29 12:43:43.008, 3, 470.91, 90, 57, 35379, 55, 1980
2026/08/29 12:43:43.008, 4, 474.13, 96, 67, 35495, 55, 1980
2026/08/29 12:43:43.008, 5, 458.63, 66, 44, 34815, 45, 1980
2026/08/29 12:43:43.008, 6, 475.26, 70, 49, 34393, 55, 1980
2026/08/29 12:43:43.008, 7, 451.62, 93, 46, 34133, 43, 1980
2026/08/29 12:43:48.009, 0, 489.95, 94, 57, 36401, 57, 1980
2026/08/29 12:43:48.009, 1, 488.00, 96, 72, 36239, 49, 1980
2026/08/29 12:43:48.009, 2, 475.43, 94, 58, 36277, 44, 1980
2026/08/29 12:43:48.009, 3, 471.49, 58, 38, 35379, 57, 1980
2026/08/29 12:43:48.009, 4, 482.60, 98, 54, 35495, 56, 1980
2026/08/29 12:43:48.009, 5, 467.81, 100, 68, 34815, 45, 1980
2026/08/29 12:43:48.009, 6, 486.29, 100, 67, 34393, 56, 1980
2026/08/29 12:43:48.009, 7, 456.04, 88, 60, 34133, 45, 1980
2026/08/29 12:43:53.010, 0, 483.65, 97, 59, 36401, 58, 1980
2026/08/29 12:43:53.010, 1, 494.69, 96, 73, 36239, 49, 1980
2026/08/29 12:43:53.010, 2, 464.15, 100, 57, 36277, 44, 1980
2026/08/29 12:43:53.010, 3, 468.85, 63, 39, 35379, 57, 1980
2026/08/29 12:43:53.010, 4, 474.87, 57, 35, 35495, 56, 1980
2026/08/29 12:43:53.010, 5, 465.99, 100, 65, 34815, 46, 1980
2026/08/29 12:43:53.010, 6, 478.35, 100, 63, 34393, 56, 1980
2026/08/29 12:43:53.010, 7, 447.58, 97, 70, 34233, 45, 1980
2026/08/29 12:43:58.010, 0, 476.77, 55, 33, 36401, 57, 1980
2026/08/29 12:43:58.010, 1, 483.69, 95, 60, 36239, 48, 1980
2026/08/29 12:43:58.010, 2, 462.91, 58, 35, 36277, 45, 1980
2026/08/29 12:43:58.011, 3, 466.50, 95, 59, 35379, 56, 1980
2026/08/29 12:43:58.011, 4, 483.05, 99, 65, 35495, 57, 1980
2026/08/29 12:43:58.011, 5, 471.93, 91, 55, 34815, 43, 1980
2026/08/29 12:43:58.011, 6, 485.25, 90, 54, 34395, 53, 1980
2026/08/29 12:43:58.011, 7, 465.11, 95, 58, 34233, 44, 1980
2026/08/29 12:44:03.011, 0, 481.92, 99, 62, 36401, 59, 1980
2026/08/29 12:44:03.013, 1, 486.43, 96, 65, 36239, 49, 1980
2026/08/29 12:44:03.014, 2, 458.62, 99, 63, 36277, 45, 1980
2026/08/29 12:44:03.016, 3, 471.29, 95, 65, 35379, 57, 1980
2026/08/29 12:44:03.017, 4, 466.35, 96, 64, 35495, 57, 1980
2026/08/29 12:44:03.020, 5, 463.61, 99, 74, 34815, 46, 1980
2026/08/29 12:44:03.022, 6, 471.90, 99, 73, 34395, 56, 1980
2026/08/29 12:44:03.027, 7, 451.98, 97, 63, 34233, 43, 1980
2026/08/29 12:44:08.031, 0, 488.38, 41, 26, 36401, 58, 1980
2026/08/29 12:44:08.032, 1, 483.34, 100, 55, 36239, 48, 1980
2026/08/29 12:44:08.032, 2, 456.21, 49, 28, 36277, 43, 1980
2026/08/29 12:44:08.032, 3, 468.64, 100, 52, 35379, 56, 1980
2026/08/29 12:44:08.032, 4, 475.35, 100, 57, 35495, 56, 1980
2026/08/29 12:44:08.032, 5, 446.34, 85, 46, 34815, 42, 1980
2026/08/29 12:44:08.032, 6, 474.92, 80, 43, 34395, 54, 1980
2026/08/29 12:44:08.032, 7, 448.60, 98, 53, 34233, 43, 1980
2026/08/29 12:44:13.032, 0, 491.83, 95, 60, 36401, 56, 1980
2026/08/29 12:44:13.032, 1, 498.43, 96, 62, 36239, 46, 1980
2026/08/29 12:44:13.032, 2, 474.15, 94, 60, 36277, 43, 1980
2026/08/29 12:44:13.033, 3, 470.07, 42, 26, 35379, 58, 1980
2026/08/29 12:44:13.033, 4, 488.56, 58, 38, 35495, 57, 1980
2026/08/29 12:44:13.033, 5, 456.79, 92, 54, 34815, 44, 1980
2026/08/29 12:44:13.033, 6, 474.00, 95, 55, 34395, 55, 1980
2026/08/29 12:44:13.033, 7, 467.38, 65, 40, 34233, 45, 1980
2026/08/29 12:44:18.033, 0, 488.94, 95, 72, 36401, 58, 1980
2026/08/29 12:44:18.033, 1, 472.64, 96, 73, 36239, 48, 1980
2026/08/29 12:44:18.033, 2, 465.92, 65, 35, 36277, 43, 1980
2026/08/29 12:44:18.033, 3, 471.20, 53, 31, 35379, 58, 1980
2026/08/29 12:44:18.033, 4, 473.08, 66, 35, 35495, 57, 1980
2026/08/29 12:44:18.033, 5, 451.24, 61, 40, 34815, 44, 1980
2026/08/29 12:44:18.033, 6, 480.44, 60, 41, 34395, 55, 1980
2026/08/29 12:44:18.033, 7, 449.77, 59, 37, 34233, 44, 1980
2026/08/29 12:44:23.034, 0, 489.02, 90, 63, 36401, 58, 1980
2026/08/29 12:44:23.034, 1, 481.32, 91, 55, 36239, 48, 1980
2026/08/29 12:44:23.034, 2, 457.12, 82, 53, 36277, 44, 1980
2026/08/29 12:44:23.034, 3, 474.25, 93, 73, 35379, 57, 1980
2026/08/29 12:44:23.034, 4, 472.02, 75, 48, 35495, 58, 1980
2026/08/29 12:44:23.034, 5, 451.28, 86, 61, 34815, 45, 1980
2026/08/29 12:44:23.034, 6, 480.28, 87, 60, 34395, 56, 1980
2026/08/29 12:44:23.034, 7, 446.17, 92, 65, 34233, 44, 1980
2026/08/29 12:44:28.034, 0, 497.43, 99, 67, 36401, 59, 1980
2026/08/29 12:44:28.035, 1, 498.25, 100, 67, 36239, 50, 1980
2026/08/29 12:44:28.036, 2, 468.21, 95, 54, 36277, 45, 1980
2026/08/29 12:44:28.036, 3, 486.62, 95, 55, 35379, 58, 1980
2026/08/29 12:44:28.036, 4, 485.14, 96, 53, 35495, 57, 1980
2026/08/29 12:44:28.036, 5, 464.84, 100, 52, 34815, 46, 1980
2026/08/29 12:44:28.036, 6, 481.55, 98, 73, 34395, 57, 1980
2026/08/29 12:44:28.036, 7, 464.51, 96, 54, 34233, 45, 1980
2026/08/29 12:44:33.036, 0, 492.80, 92, 58, 36401, 58, 1980
2026/08/29 12:44:33.036, 1, 484.65, 42, 27, 36239, 48, 1980
2026/08/29 12:44:33.036, 2, 486.60, 94, 57, 36277, 44, 1980
2026/08/29 12:44:33.038, 3, 485.24, 91, 57, 35379, 55, 1980
2026/08/29 12:44:33.041, 4, 498.03, 96, 58, 35495, 57, 1980
2026/08/29 12:44:33.041, 5, 471.64, 89, 45, 34815, 44, 1980
2026/08/29 12:44:33.042, 6, 477.90, 58, 32, 34395, 55, 1980
2026/08/29 12:44:33.043, 7, 443.48, 92, 49, 34233, 42, 1980
2026/08/29 12:44:38.044, 0, 485.48, 97, 59, 36401, 59, 1980
2026/08/29 12:44:38.044, 1, 486.81, 45, 28, 36239, 48, 1980
2026/08/29 12:44:38.044, 2, 467.44, 100, 54, 36277, 44, 1980
2026/08/29 12:44:38.044, 3, 467.40, 95, 52, 35379, 55, 1980
2026/08/29 12:44:38.044, 4, 484.74, 100, 57, 35495, 57, 1980
2026/08/29 12:44:38.044, 5, 460.36, 75, 39, 34815, 44, 1980
2026/08/29 12:44:38.044, 6, 478.21, 87, 40, 34395, 56, 1980
2026/08/29 12:44:38.044, 7, 448.63, 95, 52, 34233, 42, 1980
2026/08/29 12:44:43.045, 0, 483.57, 94, 58, 36401, 59, 1980
2026/08/29 12:44:43.045, 1, 493.89, 49, 30, 36239, 48, 1980
2026/08/29 12:44:43.045, 2, 475.30, 95, 58, 36277, 44, 1980
2026/08/29 12:44:43.045, 3, 486.57, 91, 57, 35379, 55, 1980
2026/08/29 12:44:43.045, 4, 487.77, 96, 58, 35495, 57, 1980
2026/08/29 12:44:43.045, 5, 454.36, 75, 50, 34815, 45, 1980
2026/08/29 12:44:43.045, 6, 480.10, 79, 55, 34395, 55, 1980
2026/08/29 12:44:43.045, 7, 454.71, 91, 56, 34233, 42, 1980
2026/08/29 12:44:48.046, 0, 489.11, 100, 68, 36401, 58, 1980
2026/08/29 12:44:48.046, 1, 481.45, 62, 36, 36239, 47, 1980
2026/08/29 12:44:48.046, 2, 465.68, 99, 69, 36277, 43, 1980
2026/08/29 12:44:48.046, 3, 477.17, 99, 65, 35379, 58, 1980
2026/08/29 12:44:48.046, 4, 480.77, 100, 64, 35495, 55, 1980
2026/08/29 12:44:48.046, 5, 453.08, 57, 36, 34815, 44, 1980
2026/08/29 12:44:48.046, 6, 482.96, 58, 37, 34395, 55, 1980
2026/08/29 12:44:48.046, 7, 463.99, 54, 30, 34233, 44, 1980
2026/08/29 12:44:53.046, 0, 476.81, 91, 57, 36401, 59, 1980
2026/08/29 12:44:53.046, 1, 487.59, 55, 35, 36239, 49, 1980
2026/08/29 12:44:53.046, 2, 471.48, 94, 56, 36277, 44, 1980
2026/08/29 12:44:53.046, 3, 483.23, 94, 53, 35379, 58, 1980
2026/08/29 12:44:53.046, 4, 485.18, 56, 33, 35495, 57, 1980
2026/08/29 12:44:53.046, 5, 465.47, 58, 39, 34815, 43, 1980
2026/08/29 12:44:53.047, 6, 479.77, 76, 40, 34455, 55, 1980
2026/08/29 12:44:53.047, 7, 446.68, 61, 39, 34233, 43, 1980
2026/08/29 12:44:58.047, 0, 488.15, 88, 53, 36401, 58, 1980
2026/08/29 12:44:58.047, 1, 502.32, 64, 28, 36239, 48, 1980
2026/08/29 12:44:58.047, 2, 472.22, 86, 53, 36277, 43, 1980
2026/08/29 12:44:58.047, 3, 488.18, 79, 47, 35379, 55, 1980
2026/08/29 12:44:58.047, 4, 500.06, 65, 34, 35495, 56, 1980
2026/08/29 12:44:58.047, 5, 461.45, 95, 58, 34815, 44, 1980
2026/08/29 12:44:58.047, 6, 487.23, 95, 58, 34455, 55, 1980
2026/08/29 12:44:58.047, 7, 455.57, 82, 42, 34233, 44, 1980
2026/08/29 12:45:03.048, 0, 495.36, 56, 34, 36401, 60, 1980
2026/08/29 12:45:03.049, 1, 494.88, 96, 71, 36239, 48, 1980
2026/08/29 12:45:03.051, 2, 476.60, 62, 37, 36277, 45, 1980
2026/08/29 12:45:03.053, 3, 472.53, 95, 67, 35379, 58, 1980
2026/08/29 12:45:03.054, 4, 482.67, 84, 49, 35495, 57, 1980
2026/08/29 12:45:03.055, 5, 460.85, 95, 64, 34815, 44, 1980
2026/08/29 12:45:03.056, 6, 481.78, 91, 55, 34635, 56, 1980
2026/08/29 12:45:03.058, 7, 453.63, 95, 64, 34233, 45, 1980
2026/08/29 12:45:08.058, 0, 487.68, 50, 31, 36401, 61, 1980
2026/08/29 12:45:08.059, 1, 486.48, 96, 59, 36239, 47, 1980
2026/08/29 12:45:08.059, 2, 470.06, 54, 36, 36277, 45, 1980
2026/08/29 12:45:08.059, 3, 467.40, 95, 75, 35379, 59, 1980
2026/08/29 12:45:08.059, 4, 481.30, 96, 69, 35495, 59, 1980
2026/08/29 12:45:08.059, 5, 461.86, 66, 36, 34815, 45, 1980
2026/08/29 12:45:08.059, 6, 469.13, 59, 35, 34635, 56, 1980
2026/08/29 12:45:08.059, 7, 453.36, 97, 62, 34233, 45, 1980
2026/08/29 12:45:13.059, 0, 497.60, 94, 74, 36401, 60, 1980
2026/08/29 12:45:13.059, 1, 487.09, 52, 32, 36239, 50, 1980
2026/08/29 12:45:13.059, 2, 485.23, 99, 65, 36277, 46, 1980
2026/08/29 12:45:13.059, 3, 478.93, 99, 62, 35379, 58, 1980
2026/08/29 12:45:13.060, 4, 482.87, 99, 67, 35495, 60, 1980
2026/08/29 12:45:13.060, 5, 450.12, 85, 49, 34815, 46, 1980
2026/08/29 12:45:13.060, 6, 477.11, 99, 67, 34635, 58, 1980
2026/08/29 12:45:13.060, 7, 449.78, 100, 53, 34233, 45, 1980
2026/08/29 12:45:18.060, 0, 495.52, 85, 68, 36401, 60, 1980
2026/08/29 12:45:18.060, 1, 483.77, 60, 36, 36259, 49, 1980
2026/08/29 12:45:18.060, 2, 472.73, 95, 62, 36277, 46, 1980
2026/08/29 12:45:18.060, 3, 486.81, 91, 57, 35379, 58, 1980
2026/08/29 12:45:18.060, 4, 480.66, 94, 63, 35495, 59, 1980
2026/08/29 12:45:18.060, 5, 465.01, 90, 52, 34815, 46, 1980
2026/08/29 12:45:18.060, 6, 482.31, 94, 60, 34635, 57, 1980
2026/08/29 12:45:18.060, 7, 452.83, 95, 52, 34233, 44, 1980
2026/08/29 12:45:23.061, 0, 492.83, 64, 43, 36401, 60, 1980
2026/08/29 12:45:23.061, 1, 490.34, 68, 48, 36259, 48, 1980
2026/08/29 12:45:23.061, 2, 468.39, 93, 64, 36277, 46, 1980
2026/08/29 12:45:23.061, 3, 474.39, 93, 55, 35379, 58, 1980
2026/08/29 12:45:23.061, 4, 474.04, 97, 69, 35495, 59, 1980
2026/08/29 12:45:23.061, 5, 467.30, 63, 35, 34815, 46, 1980
2026/08/29 12:45:23.061, 6, 480.45, 95, 66, 34635, 57, 1980
2026/08/29 12:45:23.061, 7, 452.16, 93, 49, 34233, 45, 1980
2026/08/29 12:45:28.062, 0, 498.07, 99, 63, 36401, 60, 1980
2026/08/29 12:45:28.062, 1, 484.86, 99, 62, 36259, 48, 1980
2026/08/29 12:45:28.062, 2, 463.53, 67, 35, 36277, 43, 1980
2026/08/29 12:45:28.062, 3, 472.52, 47, 26, 35379, 58, 1980
2026/08/29 12:45:28.062, 4, 483.61, 73, 38, 35495, 55, 1980
2026/08/29 12:45:28.062, 5, 457.42, 97, 53, 34815, 44, 1980
2026/08/29 12:45:28.062, 6, 486.34, 97, 53, 34635, 56, 1980
2026/08/29 12:45:28.062, 7, 444.46, 43, 24, 34233, 44, 1980
2026/08/29 12:45:33.062, 0, 499.07, 53, 35, 36403, 60, 1980
2026/08/29 12:45:33.068, 1, 503.00, 85, 51, 36259, 48, 1980
2026/08/29 12:45:33.068, 2, 476.70, 48, 31, 36277, 44, 1980
2026/08/29 12:45:33.069, 3, 481.26, 63, 43, 35379, 58, 1980
2026/08/29 12:45:33.072, 4, 477.07, 51, 32, 35497, 56, 1980
2026/08/29 12:45:33.073, 5, 445.65, 47, 26, 34815, 45, 1980
2026/08/29 12:45:33.078, 6, 475.05, 47, 29, 34635, 57, 1980
2026/08/29 12:45:33.080, 7, 456.57, 75, 41, 34233, 44, 1980
2026/08/29 12:45:38.082, 0, 477.12, 96, 59, 36403, 58, 1980
2026/08/29 12:45:38.082, 1, 482.92, 100, 77, 36259, 47, 1980
2026/08/29 12:45:38.082, 2, 459.43, 96, 61, 36277, 44, 1980
2026/08/29 12:45:38.082, 3, 470.24, 93, 57, 35379, 57, 1980
2026/08/29 12:45:38.082, 4, 483.70, 96, 59, 35497, 58, 1980
2026/08/29 12:45:38.082, 5, 453.92, 99, 64, 34815, 45, 1980
2026/08/29 12:45:38.082, 6, 478.78, 99, 63, 34635, 57, 1980
2026/08/29 12:45:38.082, 7, 448.83, 84, 45, 34233, 42, 1980
2026/08/29 12:45:43.083, 0, 503.93, 100, 71, 36403, 58, 1980
2026/08/29 12:45:43.083, 1, 506.95, 68, 47, 36259, 49, 1980
2026/08/29 12:45:43.083, 2, 465.16, 98, 72, 36277, 45, 1980
2026/08/29 12:45:43.083, 3, 484.23, 89, 65, 35379, 59, 1980
2026/08/29 12:45:43.083, 4, 493.98, 90, 64, 35497, 59, 1980
2026/08/29 12:45:43.083, 5, 465.68, 88, 58, 34815, 45, 1980
2026/08/29 12:45:43.083, 6, 485.80, 88, 59, 34635, 57, 1980
2026/08/29 12:45:43.083, 7, 457.35, 74, 40, 34233, 45, 1980
2026/08/29 12:45:48.083, 0, 494.33, 41, 27, 36403, 60, 1980
2026/08/29 12:45:48.084, 1, 488.52, 96, 59, 36259, 49, 1980
2026/08/29 12:45:48.084, 2, 475.90, 57, 37, 36277, 45, 1980
2026/08/29 12:45:48.084, 3, 468.18, 56, 37, 35379, 58, 1980
2026/08/29 12:45:48.084, 4, 479.68, 49, 27, 35497, 58, 1980
2026/08/29 12:45:48.084, 5, 458.34, 78, 40, 34815, 44, 1980
2026/08/29 12:45:48.084, 6, 477.33, 72, 37, 34635, 56, 1980
2026/08/29 12:45:48.084, 7, 458.01, 95, 67, 34233, 44, 1980
2026/08/29 12:45:53.084, 0, 500.64, 55, 36, 36403, 60, 1980
2026/08/29 12:45:53.084, 1, 492.85, 96, 59, 36259, 48, 1980
2026/08/29 12:45:53.084, 2, 478.56, 52, 35, 36277, 45, 1980
2026/08/29 12:45:53.084, 3, 482.47, 57, 37, 35379, 58, 1980
2026/08/29 12:45:53.084, 4, 492.84, 55, 37, 35497, 59, 1980
2026/08/29 12:45:53.084, 5, 474.68, 67, 38, 34815, 45, 1980
2026/08/29 12:45:53.084, 6, 496.40, 60, 35, 34635, 58, 1980
2026/08/29 12:45:53.084, 7, 476.71, 95, 63, 34233, 43, 1980
2026/08/29 12:45:58.085, 0, 494.90, 96, 58, 36403, 62, 1980
2026/08/29 12:45:58.085, 1, 483.11, 96, 75, 36259, 50, 1980
2026/08/29 12:45:58.085, 2, 474.42, 96, 59, 36277, 45, 1980
2026/08/29 12:45:58.085, 3, 476.82, 93, 57, 35379, 59, 1980
2026/08/29 12:45:58.085, 4, 476.10, 55, 30, 35497, 58, 1980
2026/08/29 12:45:58.085, 5, 448.50, 100, 66, 34815, 44, 1980
2026/08/29 12:45:58.085, 6, 483.69, 100, 64, 34635, 59, 1980
2026/08/29 12:45:58.085, 7, 452.51, 64, 40, 34233, 43, 1980
2026/08/29 12:46:03.086, 0, 499.75, 94, 61, 36403, 61, 1980
2026/08/29 12:46:03.086, 1, 499.89, 54, 35, 36259, 49, 1980
2026/08/29 12:46:03.086, 2, 476.43, 82, 60, 36277, 45, 1980
2026/08/29 12:46:03.088, 3, 476.34, 95, 56, 35379, 59, 1980
2026/08/29 12:46:03.091, 4, 488.14, 100, 70, 35497, 60, 1980
2026/08/29 12:46:03.091, 5, 452.20, 61, 40, 34815, 46, 1980
2026/08/29 12:46:03.092, 6, 478.09, 79, 40, 34635, 56, 1980
2026/08/29 12:46:03.094, 7, 452.36, 100, 61, 34233, 45, 1980
2026/08/29 12:46:08.094, 0, 479.51, 95, 61, 36403, 61, 1980
2026/08/29 12:46:08.095, 1, 482.58, 96, 62, 36259, 49, 1980
2026/08/29 12:46:08.095, 2, 468.14, 83, 50, 36277, 45, 1980
2026/08/29 12:46:08.095, 3, 478.48, 99, 72, 35379, 60, 1980
2026/08/29 12:46:08.095, 4, 481.30, 98, 77, 35497, 60, 1980
2026/08/29 12:46:08.095, 5, 448.39, 62, 40, 34815, 46, 1980
2026/08/29 12:46:08.095, 6, 477.99, 53, 35, 34635, 56, 1980
2026/08/29 12:46:08.095, 7, 438.77, 44, 27, 34233, 45, 1980
2026/08/29 12:46:13.095, 0, 489.83, 96, 60, 36403, 60, 1980
2026/08/29 12:46:13.095, 1, 467.66, 95, 59, 36259, 48, 1980
2026/08/29 12:46:13.095, 2, 457.13, 97, 60, 36277, 45, 1980
2026/08/29 12:46:13.096, 3, 462.33, 50, 33, 35379, 58, 1980
2026/08/29 12:46:13.096, 4, 458.20, 48, 32, 35497, 59, 1980
2026/08/29 12:46:13.096, 5, 447.71, 100, 59, 34815, 45, 1980
2026/08/29 12:46:13.096, 6, 467.48, 54, 29, 34635, 57, 1980
2026/08/29 12:46:13.096, 7, 449.75, 100, 72, 34233, 43, 1980
2026/08/29 12:46:18.096, 0, 497.60, 58, 35, 36403, 60, 1980
2026/08/29 12:46:18.096, 1, 489.39, 54, 29, 36259, 49, 1980
2026/08/29 12:46:18.096, 2, 472.40, 80, 49, 36277, 44, 1980
2026/08/29 12:46:18.096, 3, 477.52, 94, 66, 35379, 60, 1980
2026/08/29 12:46:18.096, 4, 479.67, 65, 43, 35497, 59, 1980
2026/08/29 12:46:18.096, 5, 467.47, 95, 52, 34815, 44, 1980
2026/08/29 12:46:18.096, 6, 481.78, 47, 31, 34635, 56, 1980
2026/08/29 12:46:18.096, 7, 460.18, 100, 57, 34233, 45, 1980
2026/08/29 12:46:23.097, 0, 493.67, 50, 32, 36403, 61, 1980
2026/08/29 12:46:23.097, 1, 493.57, 34, 22, 36259, 50, 1980
2026/08/29 12:46:23.097, 2, 477.78, 95, 66, 36279, 45, 1980
2026/08/29 12:46:23.097, 3, 469.87, 95, 56, 35379, 57, 1980
2026/08/29 12:46:23.097, 4, 483.88, 96, 57, 35497, 59, 1980
2026/08/29 12:46:23.097, 5, 446.05, 56, 30, 34815, 45, 1980
2026/08/29 12:46:23.097, 6, 472.30, 95, 42, 34635, 57, 1980
2026/08/29 12:46:23.097, 7, 448.04, 88, 48, 34233, 42, 1980
2026/08/29 12:46:28.097, 0, 500.07, 99, 67, 36403, 62, 1980
2026/08/29 12:46:28.098, 1, 484.56, 97, 63, 36259, 46, 1980
2026/08/29 12:46:28.098, 2, 478.14, 75, 43, 36279, 43, 1980
2026/08/29 12:46:28.098, 3, 473.07, 60, 35, 35379, 60, 1980
2026/08/29 12:46:28.098, 4, 469.56, 79, 45, 35497, 57, 1980
2026/08/29 12:46:28.098, 5, 453.08, 92, 53, 34815, 47, 1980
2026/08/29 12:46:28.098, 6, 481.78, 89, 52, 34635, 56, 1980
2026/08/29 12:46:28.098, 7, 452.45, 85, 60, 34233, 45, 1980
2026/08/29 12:46:33.098, 0, 485.92, 73, 50, 36403, 59, 1980
2026/08/29 12:46:33.100, 1, 497.40, 61, 36, 36259, 47, 1980
2026/08/29 12:46:33.102, 2, 464.33, 66, 45, 36279, 45, 1980
2026/08/29 12:46:33.103, 3, 471.26, 85, 54, 35379, 58, 1980
2026/08/29 12:46:33.103, 4, 473.88, 73, 40, 35497, 57, 1980
2026/08/29 12:46:33.105, 5, 454.45, 60, 39, 34815, 44, 1980
2026/08/29 12:46:33.107, 6, 476.35, 62, 40, 34635, 56, 1980
2026/08/29 12:46:33.109, 7, 442.18, 93, 52, 34233, 45, 1980
2026/08/29 12:46:38.111, 0, 461.38, 90, 54, 36403, 58, 1980
2026/08/29 12:46:38.111, 1, 453.73, 99, 72, 36259, 49, 1980
2026/08/29 12:46:38.111, 2, 445.08, 95, 59, 36279, 43, 1980
2026/08/29 12:46:38.111, 3, 444.93, 81, 48, 35379, 60, 1980
2026/08/29 12:46:38.111, 4, 460.39, 96, 60, 35497, 60, 1980
2026/08/29 12:46:38.111, 5, 420.80, 99, 62, 34815, 45, 1980
2026/08/29 12:46:38.111, 6, 459.04, 99, 61, 34635, 58, 1980
2026/08/29 12:46:38.111, 7, 434.90, 97, 33, 34233, 46, 1980
2026/08/29 12:46:43.111, 0, 497.19, 84, 61, 36403, 61, 1980
2026/08/29 12:46:43.112, 1, 500.13, 59, 35, 36259, 48, 1980
2026/08/29 12:46:43.112, 2, 463.27, 85, 47, 36279, 45, 1980
2026/08/29 12:46:43.112, 3, 466.99, 93, 59, 35379, 59, 1980
2026/08/29 12:46:43.112, 4, 478.27, 99, 66, 35497, 58, 1980
2026/08/29 12:46:43.112, 5, 447.88, 64, 41, 34815, 43, 1980
2026/08/29 12:46:43.112, 6, 477.99, 63, 41, 34635, 56, 1980
2026/08/29 12:46:43.112, 7, 452.70, 98, 52, 34233, 45, 1980
2026/08/29 12:46:48.112, 0, 508.54, 60, 36, 36403, 60, 1980
2026/08/29 12:46:48.112, 1, 492.71, 99, 61, 36259, 50, 1980
2026/08/29 12:46:48.112, 2, 477.40, 60, 36, 36279, 44, 1980
2026/08/29 12:46:48.112, 3, 479.83, 97, 66, 35379, 60, 1980
2026/08/29 12:46:48.112, 4, 490.69, 100, 58, 35497, 59, 1980
2026/08/29 12:46:48.112, 5, 460.67, 85, 46, 34815, 44, 1980
2026/08/29 12:46:48.112, 6, 482.11, 78, 42, 34635, 57, 1980
2026/08/29 12:46:48.113, 7, 453.67, 98, 54, 34233, 44, 1980
2026/08/29 12:46:53.113, 0, 501.06, 95, 74, 36403, 62, 1980
2026/08/29 12:46:53.113, 1, 494.22, 62, 40, 36259, 48, 1980
2026/08/29 12:46:53.113, 2, 472.98, 95, 70, 36279, 45, 1980
2026/08/29 12:46:53.113, 3, 481.08, 96, 57, 35379, 58, 1980
2026/08/29 12:46:53.113, 4, 493.53, 61, 36, 35497, 60, 1980
2026/08/29 12:46:53.113, 5, 472.00, 68, 44, 34815, 46, 1980
2026/08/29 12:46:53.113, 6, 485.62, 74, 50, 34635, 58, 1980
2026/08/29 12:46:53.113, 7, 462.07, 65, 41, 34233, 44, 1980
2026/08/29 12:46:58.114, 0, 489.48, 63, 37, 36403, 60, 1980
2026/08/29 12:46:58.114, 1, 481.57, 97, 52, 36259, 49, 1980
2026/08/29 12:46:58.114, 2, 458.64, 75, 37, 36279, 46, 1980
2026/08/29 12:46:58.114, 3, 457.77, 95, 68, 35379, 59, 1980
2026/08/29 12:46:58.114, 4, 491.73, 100, 63, 35497, 57, 1980
2026/08/29 12:46:58.114, 5, 461.21, 94, 47, 34815, 45, 1980
2026/08/29 12:46:58.114, 6, 475.96, 92, 46, 34635, 56, 1980
2026/08/29 12:46:58.114, 7, 448.00, 97, 51, 34233, 45, 1980
2026/08/29 12:47:03.115, 0, 489.96, 49, 30, 36403, 61, 1980
2026/08/29 12:47:03.116, 1, 489.19, 54, 34, 36259, 49, 1980
2026/08/29 12:47:03.117, 2, 467.39, 54, 31, 36279, 45, 1980
2026/08/29 12:47:03.117, 3, 487.41, 96, 71, 35379, 60, 1980
2026/08/29 12:47:03.119, 4, 489.90, 94, 62, 35497, 58, 1980
2026/08/29 12:47:03.122, 5, 450.02, 89, 44, 34815, 43, 1980
2026/08/29 12:47:03.123, 6, 465.40, 82, 40, 34635, 55, 1980
2026/08/29 12:47:03.125, 7, 438.20, 96, 47, 34233, 44, 1980
2026/08/29 12:47:08.125, 0, 509.75, 95, 72, 36403, 60, 1980
2026/08/29 12:47:08.126, 1, 483.26, 95, 74, 36259, 50, 1980
2026/08/29 12:47:08.126, 2, 474.38, 95, 75, 36279, 45, 1980
2026/08/29 12:47:08.126, 3, 468.09, 58, 37, 35379, 58, 1980
2026/08/29 12:47:08.126, 4, 481.45, 52, 32, 35497, 60, 1980
2026/08/29 12:47:08.126, 5, 463.69, 84, 59, 34815, 46, 1980
2026/08/29 12:47:08.126, 6, 495.38, 88, 65, 34635, 59, 1980
2026/08/29 12:47:08.126, 7, 464.90, 56, 37, 34233, 46, 1980
2026/08/29 12:47:13.126, 0, 507.45, 96, 74, 36403, 61, 1980
2026/08/29 12:47:13.126, 1, 505.72, 98, 77, 36259, 51, 1980
2026/08/29 12:47:13.126, 2, 488.90, 60, 37, 36279, 44, 1980
2026/08/29 12:47:13.126, 3, 493.40, 57, 37, 35379, 61, 1980
2026/08/29 12:47:13.127, 4, 507.69, 59, 38, 35497, 61, 1980
2026/08/29 12:47:13.127, 5, 472.91, 95, 65, 34815, 46, 1980
2026/08/29 12:47:13.127, 6, 492.52, 97, 54, 34635, 59, 1980
2026/08/29 12:47:13.127, 7, 463.84, 72, 43, 34233, 45, 1980
2026/08/29 12:47:18.127, 0, 491.26, 53, 35, 36403, 59, 1980
2026/08/29 12:47:18.127, 1, 493.58, 60, 40, 36259, 48, 1980
2026/08/29 12:47:18.129, 2, 476.76, 92, 57, 36279, 44, 1980
2026/08/29 12:47:18.131, 3, 484.66, 80, 48, 35399, 59, 1980
2026/08/29 12:47:18.132, 4, 484.42, 92, 58, 35497, 59, 1980
2026/08/29 12:47:18.134, 5, 459.00, 59, 38, 34815, 46, 1980
2026/08/29 12:47:18.135, 6, 483.90, 95, 66, 34635, 58, 1980
2026/08/29 12:47:18.136, 7, 439.71, 71, 36, 34233, 44, 1980
2026/08/29 12:47:23.138, 0, 494.85, 96, 58, 36403, 63, 1980
2026/08/29 12:47:23.139, 1, 497.09, 94, 58, 36259, 50, 1980
2026/08/29 12:47:23.140, 2, 476.52, 96, 75, 36279, 45, 1980
2026/08/29 12:47:23.142, 3, 490.20, 95, 66, 35399, 59, 1980
2026/08/29 12:47:23.143, 4, 488.39, 95, 68, 35497, 59, 1980
2026/08/29 12:47:23.145, 5, 452.84, 100, 65, 34815, 47, 1980
2026/08/29 12:47:23.146, 6, 473.79, 64, 35, 34635, 58, 1980
2026/08/29 12:47:23.148, 7, 445.11, 97, 68, 34233, 43, 1980
2026/08/29 12:47:28.151, 0, 491.81, 72, 45, 36403, 59, 1980
2026/08/29 12:47:28.151, 1, 490.99, 74, 46, 36259, 49, 1980
2026/08/29 12:47:28.151, 2, 480.80, 96, 73, 36279, 45, 1980
2026/08/29 12:47:28.151, 3, 479.07, 67, 39, 35399, 59, 1980
2026/08/29 12:47:28.151, 4, 489.80, 91, 55, 35497, 59, 1980
2026/08/29 12:47:28.151, 5, 456.65, 95, 75, 34815, 46, 1980
2026/08/29 12:47:28.151, 6, 487.60, 94, 61, 34635, 59, 1980
2026/08/29 12:47:28.151, 7, 461.16, 60, 33, 34233, 45, 1980
2026/08/29 12:47:33.151, 0, 491.67, 95, 69, 36403, 62, 1980
2026/08/29 12:47:33.152, 1, 483.02, 57, 38, 36259, 49, 1980
2026/08/29 12:47:33.153, 2, 459.88, 100, 56, 36279, 45, 1980
2026/08/29 12:47:33.154, 3, 469.43, 99, 51, 35399, 59, 1980
2026/08/29 12:47:33.157, 4, 475.01, 100, 56, 35497, 59, 1980
2026/08/29 12:47:33.158, 5, 452.45, 71, 40, 34815, 45, 1980
2026/08/29 12:47:33.160, 6, 474.92, 77, 46, 34695, 58, 1980
2026/08/29 12:47:33.160, 7, 455.51, 98, 53, 34233, 42, 1980
2026/08/29 12:47:38.162, 0, 503.91, 65, 38, 36403, 63, 1980
2026/08/29 12:47:38.162, 1, 487.83, 99, 65, 36259, 51, 1980
2026/08/29 12:47:38.162, 2, 471.87, 96, 71, 36279, 46, 1980
2026/08/29 12:47:38.162, 3, 486.39, 95, 68, 35559, 61, 1980
2026/08/29 12:47:38.162, 4, 494.68, 87, 64, 35497, 61, 1980
2026/08/29 12:47:38.163, 5, 470.05, 95, 60, 34815, 45, 1980
2026/08/29 12:47:38.163, 6, 487.39, 96, 53, 34695, 57, 1980
2026/08/29 12:47:38.163, 7, 453.50, 95, 65, 34233, 45, 1980
2026/08/29 12:47:43.163, 0, 504.20, 100, 71, 36403, 60, 1980
2026/08/29 12:47:43.163, 1, 492.88, 85, 45, 36259, 47, 1980
2026/08/29 12:47:43.163, 2, 486.14, 100, 68, 36279, 43, 1980
2026/08/29 12:47:43.163, 3, 476.38, 100, 60, 35559, 59, 1980
2026/08/29 12:47:43.163, 4, 484.80, 100, 70, 35497, 58, 1980
2026/08/29 12:47:43.163, 5, 472.32, 64, 37, 34815, 44, 1980
2026/08/29 12:47:43.163, 6, 488.77, 62, 36, 34695, 57, 1980
2026/08/29 12:47:43.163, 7, 466.86, 100, 59, 34233, 45, 1980
2026/08/29 12:47:48.164, 0, 500.43, 84, 52, 36403, 63, 1980
2026/08/29 12:47:48.164, 1, 498.74, 99, 73, 36259, 51, 1980
2026/08/29 12:47:48.164, 2, 469.21, 66, 43, 36279, 46, 1980
2026/08/29 12:47:48.164, 3, 475.47, 95, 61, 35559, 61, 1980
2026/08/29 12:47:48.164, 4, 490.43, 68, 43, 35497, 61, 1980
2026/08/29 12:47:48.164, 5, 464.18, 99, 63, 34815, 46, 1980
2026/08/29 12:47:48.164, 6, 489.96, 99, 61, 34695, 59, 1980
2026/08/29 12:47:48.164, 7, 466.71, 94, 69, 34233, 47, 1980
2026/08/29 12:47:53.165, 0, 486.99, 95, 74, 36403, 63, 1980
2026/08/29 12:47:53.165, 1, 496.08, 93, 61, 36259, 51, 1980
2026/08/29 12:47:53.165, 2, 485.80, 95, 74, 36279, 46, 1980
2026/08/29 12:47:53.165, 3, 485.56, 88, 62, 35559, 61, 1980
2026/08/29 12:47:53.165, 4, 484.52, 92, 57, 35497, 59, 1980
2026/08/29 12:47:53.165, 5, 470.30, 91, 49, 34815, 45, 1980
2026/08/29 12:47:53.165, 6, 485.59, 90, 50, 34695, 59, 1980
2026/08/29 12:47:53.165, 7, 455.49, 89, 60, 34233, 45, 1980
2026/08/29 12:47:58.166, 0, 495.96, 71, 46, 36403, 63, 1980
2026/08/29 12:47:58.166, 1, 501.49, 100, 77, 36259, 51, 1980
2026/08/29 12:47:58.166, 2, 465.74, 62, 42, 36279, 46, 1980
2026/08/29 12:47:58.166, 3, 472.17, 79, 55, 35559, 61, 1980
2026/08/29 12:47:58.166, 4, 479.83, 96, 65, 35497, 60, 1980
2026/08/29 12:47:58.166, 5, 451.49, 100, 59, 35075, 46, 1980
2026/08/29 12:47:58.166, 6, 478.66, 100, 58, 34695, 59, 1980
2026/08/29 12:47:58.166, 7, 450.05, 93, 58, 34233, 45, 1980
2026/08/29 12:48:03.166, 0, 489.74, 99, 75, 36403, 60, 1980
2026/08/29 12:48:03.168, 1, 499.52, 90, 54, 36259, 47, 1980
2026/08/29 12:48:03.168, 2, 474.00, 97, 75, 36279, 44, 1980
2026/08/29 12:48:03.170, 3, 482.01, 99, 73, 35559, 58, 1980
2026/08/29 12:48:03.172, 4, 500.90, 94, 59, 35497, 59, 1980
2026/08/29 12:48:03.174, 5, 469.28, 57, 36, 35075, 46, 1980
2026/08/29 12:48:03.175, 6, 497.20, 61, 40, 34695, 59, 1980
2026/08/29 12:48:03.176, 7, 464.78, 75, 44, 34233, 47, 1980
2026/08/29 12:48:08.178, 0, 490.21, 95, 58, 36403, 61, 1980
2026/08/29 12:48:08.178, 1, 485.77, 97, 74, 36259, 49, 1980
2026/08/29 12:48:08.178, 2, 456.64, 95, 53, 36279, 44, 1980
2026/08/29 12:48:08.178, 3, 470.65, 89, 49, 35559, 59, 1980
2026/08/29 12:48:08.178, 4, 479.95, 58, 37, 35497, 61, 1980
2026/08/29 12:48:08.178, 5, 467.64, 95, 70, 35075, 46, 1980
2026/08/29 12:48:08.178, 6, 494.48, 100, 56, 34695, 59, 1980
2026/08/29 12:48:08.178, 7, 465.32, 72, 45, 34233, 45, 1980
2026/08/29 12:48:13.178, 0, 473.64, 89, 56, 36403, 60, 1980
2026/08/29 12:48:13.178, 1, 480.02, 95, 71, 36259, 51, 1980
2026/08/29 12:48:13.178, 2, 460.53, 91, 55, 36279, 44, 1980
2026/08/29 12:48:13.178, 3, 468.03, 64, 41, 35559, 58, 1980
2026/08/29 12:48:13.178, 4, 479.84, 46, 31, 35497, 60, 1980
2026/08/29 12:48:13.179, 5, 447.11, 90, 56, 35075, 46, 1980
2026/08/29 12:48:13.179, 6, 466.58, 95, 51, 34695, 58, 1980
2026/08/29 12:48:13.179, 7, 433.15, 64, 37, 34233, 44, 1980
2026/08/29 12:48:18.179, 0, 503.32, 61, 41, 36403, 63, 1980
2026/08/29 12:48:18.179, 1, 502.31, 96, 58, 36259, 51, 1980
2026/08/29 12:48:18.179, 2, 489.13, 96, 75, 36279, 46, 1980
2026/08/29 12:48:18.179, 3, 499.91, 96, 72, 35559, 61, 1980
2026/08/29 12:48:18.179, 4, 506.98, 95, 74, 35497, 61, 1980
2026/08/29 12:48:18.179, 5, 481.55, 100, 63, 35075, 46, 1980
2026/08/29 12:48:18.179, 6, 498.22, 95, 60, 34695, 59, 1980
2026/08/29 12:48:18.179, 7, 457.87, 98, 72, 34233, 46, 1980
2026/08/29 12:48:23.180, 0, 492.84, 95, 74, 36403, 63, 1980
2026/08/29 12:48:23.180, 1, 474.39, 62, 36, 36259, 51, 1980
2026/08/29 12:48:23.180, 2, 461.81, 100, 60, 36279, 44, 1980
2026/08/29 12:48:23.180, 3, 454.54, 95, 55, 35559, 60, 1980
2026/08/29 12:48:23.180, 4, 463.98, 100, 63, 35497, 60, 1980
2026/08/29 12:48:23.180, 5, 443.94, 91, 51, 35075, 47, 1980
2026/08/29 12:48:23.180, 6, 484.38, 100, 71, 34695, 59, 1980
2026/08/29 12:48:23.180, 7, 441.56, 95, 54, 34233, 45, 1980
2026/08/29 12:48:28.181, 0, 499.45, 71, 49, 36403, 63, 1980
2026/08/29 12:48:28.181, 1, 498.66, 85, 51, 36261, 51, 1980
2026/08/29 12:48:28.181, 2, 489.63, 99, 77, 36279, 44, 1980
2026/08/29 12:48:28.181, 3, 474.13, 99, 71, 35559, 61, 1980
2026/08/29 12:48:28.181, 4, 491.01, 95, 73, 35499, 61, 1980
2026/08/29 12:48:28.181, 5, 471.24, 60, 38, 35077, 47, 1980
2026/08/29 12:48:28.181, 6, 484.21, 95, 64, 34697, 59, 1980
2026/08/29 12:48:28.181, 7, 442.45, 100, 62, 34233, 47, 1980
2026/08/29 12:48:33.182, 0, 506.08, 65, 42, 36403, 61, 1980
2026/08/29 12:48:33.182, 1, 511.65, 97, 61, 36261, 49, 1980
2026/08/29 12:48:33.184, 2, 494.51, 62, 41, 36279, 45, 1980
2026/08/29 12:48:33.184, 3, 485.86, 64, 39, 35559, 59, 1980
2026/08/29 12:48:33.186, 4, 505.48, 61, 35, 35499, 59, 1980
2026/08/29 12:48:33.188, 5, 468.23, 71, 38, 35077, 47, 1980
2026/08/29 12:48:33.190, 6, 485.39, 64, 35, 34697, 60, 1980
2026/08/29 12:48:33.191, 7, 459.49, 64, 35, 34233, 45, 1980
2026/08/29 12:48:38.192, 0, 481.13, 96, 59, 36523, 62, 1980
2026/08/29 12:48:38.192, 1, 490.66, 95, 73, 36261, 50, 1980
2026/08/29 12:48:38.192, 2, 464.58, 95, 61, 36279, 45, 1980
2026/08/29 12:48:38.192, 3, 467.94, 57, 38, 35559, 61, 1980
2026/08/29 12:48:38.192, 4, 477.36, 97, 64, 35499, 61, 1980
2026/08/29 12:48:38.192, 5, 462.77, 99, 76, 35077, 44, 1980
2026/08/29 12:48:38.192, 6, 475.90, 99, 74, 34697, 57, 1980
2026/08/29 12:48:38.192, 7, 449.06, 96, 49, 34233, 45, 1980
2026/08/29 12:48:43.192, 0, 484.34, 69, 40, 36523, 61, 1980
2026/08/29 12:48:43.193, 1, 483.33, 99, 67, 36261, 48, 1980
2026/08/29 12:48:43.193, 2, 471.57, 80, 48, 36279, 43, 1980
2026/08/29 12:48:43.193, 3, 482.11, 86, 55, 35559, 60, 1980
2026/08/29 12:48:43.193, 4, 486.50, 85, 52, 35499, 58, 1980
2026/08/29 12:48:43.193, 5, 469.00, 94, 58, 35077, 44, 1980
2026/08/29 12:48:43.193, 6, 465.64, 94, 52, 34697, 56, 1980
2026/08/29 12:48:43.193, 7, 434.20, 55, 30, 34233, 44, 1980
2026/08/29 12:48:48.193, 0, 497.83, 54, 35, 36523, 60, 1980
2026/08/29 12:48:48.193, 1, 483.24, 95, 59, 36261, 48, 1980
2026/08/29 12:48:48.193, 2, 471.67, 60, 38, 36279, 44, 1980
2026/08/29 12:48:48.193, 3, 479.41, 96, 57, 35559, 57, 1980
2026/08/29 12:48:48.193, 4, 496.93, 95, 57, 35499, 59, 1980
2026/08/29 12:48:48.193, 5, 467.39, 55, 33, 35077, 45, 1980
2026/08/29 12:48:48.193, 6, 495.28, 60, 38, 34697, 58, 1980
2026/08/29 12:48:48.193, 7, 460.11, 65, 36, 34233, 43, 1980
2026/08/29 12:48:53.194, 0, 491.84, 94, 75, 36523, 63, 1980
2026/08/29 12:48:53.194, 1, 494.55, 48, 32, 36261, 50, 1980
2026/08/29 12:48:53.194, 2, 477.52, 94, 69, 36279, 46, 1980
2026/08/29 12:48:53.194, 3, 487.25, 58, 38, 35559, 61, 1980
2026/08/29 12:48:53.194, 4, 491.36, 99, 72, 35499, 60, 1980
2026/08/29 12:48:53.194, 5, 466.11, 73, 38, 35077, 47, 1980
2026/08/29 12:48:53.194, 6, 486.43, 73, 41, 34697, 59, 1980
2026/08/29 12:48:53.194, 7, 457.67, 94, 65, 34233, 46, 1980
2026/08/29 12:48:58.194, 0, 490.39, 90, 55, 36523, 60, 1980
2026/08/29 12:48:58.195, 1, 490.72, 99, 75, 36261, 47, 1980
2026/08/29 12:48:58.195, 2, 471.11, 92, 57, 36279, 45, 1980
2026/08/29 12:48:58.195, 3, 476.41, 99, 74, 35559, 58, 1980
2026/08/29 12:48:58.195, 4, 477.88, 59, 36, 35499, 59, 1980
2026/08/29 12:48:58.195, 5, 464.63, 96, 60, 35077, 45, 1980
2026/08/29 12:48:58.195, 6, 481.21, 98, 54, 34697, 57, 1980
2026/08/29 12:48:58.195, 7, 459.16, 84, 43, 34233, 43, 1980
2026/08/29 12:49:03.195, 0, 501.51, 87, 63, 36523, 62, 1980
2026/08/29 12:49:03.196, 1, 506.22, 89, 67, 36261, 51, 1980
2026/08/29 12:49:03.197, 2, 489.91, 75, 53, 36279, 45, 1980
2026/08/29 12:49:03.197, 3, 498.13, 59, 35, 35559, 61, 1980
2026/08/29 12:49:03.199, 4, 503.18, 100, 71, 35499, 61, 1980
2026/08/29 12:49:03.203, 5, 476.39, 64, 39, 35077, 47, 1980
2026/08/29 12:49:03.203, 6, 498.65, 65, 42, 34697, 59, 1980
2026/08/29 12:49:03.203, 7, 449.78, 100, 59, 34233, 45, 1980
2026/08/29 12:49:08.205, 0, 491.74, 95, 74, 36523, 63, 1980
2026/08/29 12:49:08.205, 1, 487.90, 96, 73, 36261, 49, 1980
2026/08/29 12:49:08.205, 2, 457.48, 96, 74, 36279, 46, 1980
2026/08/29 12:49:08.205, 3, 476.04, 95, 72, 35559, 61, 1980
2026/08/29 12:49:08.205, 4, 486.96, 100, 58, 35499, 59, 1980
2026/08/29 12:49:08.205, 5, 463.29, 95, 62, 35077, 47, 1980
2026/08/29 12:49:08.205, 6, 482.54, 95, 62, 34697, 60, 1980
2026/08/29 12:49:08.205, 7, 461.77, 98, 47, 34233, 45, 1980
2026/08/29 12:49:13.206, 0, 505.22, 95, 72, 36523, 63, 1980
2026/08/29 12:49:13.206, 1, 494.10, 95, 61, 36261, 51, 1980
2026/08/29 12:49:13.206, 2, 477.44, 100, 62, 36279, 45, 1980
2026/08/29 12:49:13.206, 3, 484.53, 95, 63, 35559, 61, 1980
2026/08/29 12:49:13.206, 4, 496.15, 100, 65, 35499, 61, 1980
2026/08/29 12:49:13.206, 5, 456.56, 76, 42, 35077, 47, 1980
2026/08/29 12:49:13.206, 6, 487.93, 79, 45, 34697, 59, 1980
2026/08/29 12:49:13.206, 7, 459.46, 100, 58, 34233, 45, 1980
2026/08/29 12:49:18.206, 0, 491.91, 60, 35, 36523, 62, 1980
2026/08/29 12:49:18.207, 1, 489.77, 58, 34, 36261, 50, 1980
2026/08/29 12:49:18.207, 2, 468.69, 84, 54, 36279, 45, 1980
2026/08/29 12:49:18.207, 3, 483.97, 54, 32, 35559, 60, 1980
2026/08/29 12:49:18.207, 4, 494.00, 76, 48, 35499, 60, 1980
2026/08/29 12:49:18.207, 5, 470.85, 88, 52, 35077, 45, 1980
2026/08/29 12:49:18.207, 6, 498.69, 88, 51, 34697, 57, 1980
2026/08/29 12:49:18.207, 7, 451.86, 96, 71, 34233, 45, 1980
2026/08/29 12:49:23.207, 0, 459.11, 83, 48, 36523, 60, 1980
2026/08/29 12:49:23.207, 1, 470.91, 80, 46, 36261, 46, 1980
2026/08/29 12:49:23.207, 2, 447.76, 53, 35, 36279, 44, 1980
2026/08/29 12:49:23.207, 3, 462.89, 81, 37, 35559, 57, 1980
2026/08/29 12:49:23.207, 4, 458.97, 58, 37, 35499, 58, 1980
2026/08/29 12:49:23.207, 5, 427.94, 96, 45, 35077, 46, 1980
2026/08/29 12:49:23.207, 6, 450.23, 96, 42, 34697, 58, 1980
2026/08/29 12:49:23.207, 7, 427.84, 61, 39, 34233, 42, 1980
2026/08/29 12:49:28.208, 0, 482.56, 58, 38, 36523, 62, 1980
2026/08/29 12:49:28.208, 1, 491.67, 57, 35, 36261, 49, 1980
2026/08/29 12:49:28.208, 2, 471.82, 96, 65, 36279, 46, 1980
2026/08/29 12:49:28.208, 3, 477.93, 56, 37, 35559, 60, 1980
2026/08/29 12:49:28.208, 4, 483.25, 94, 62, 35499, 60, 1980
2026/08/29 12:49:28.208, 5, 465.19, 87, 48, 35077, 44, 1980
2026/08/29 12:49:28.208, 6, 486.23, 67, 37, 34697, 56, 1980
2026/08/29 12:49:28.208, 7, 459.76, 95, 57, 34233, 43, 1980
2026/08/29 12:49:33.208, 0, 495.64, 95, 68, 36523, 60, 1980
2026/08/29 12:49:33.209, 1, 492.53, 58, 37, 36261, 48, 1980
2026/08/29 12:49:33.211, 2, 476.72, 95, 68, 36279, 46, 1980
2026/08/29 12:49:33.212, 3, 487.95, 64, 35, 35559, 59, 1980
2026/08/29 12:49:33.213, 4, 489.98, 94, 58, 35499, 60, 1980
2026/08/29 12:49:33.215, 5, 474.30, 94, 59, 35077, 46, 1980
2026/08/29 12:49:33.218, 6, 480.67, 95, 62, 34697, 59, 1980
2026/08/29 12:49:33.220, 7, 456.42, 95, 70, 34233, 44, 1980
2026/08/29 12:49:38.222, 0, 502.28, 97, 62, 36523, 61, 1980
2026/08/29 12:49:38.222, 1, 489.12, 98, 79, 36261, 51, 1980
2026/08/29 12:49:38.222, 2, 463.70, 100, 54, 36279, 46, 1980
2026/08/29 12:49:38.222, 3, 467.83, 100, 74, 35559, 61, 1980
2026/08/29 12:49:38.222, 4, 476.15, 100, 57, 35499, 60, 1980
2026/08/29 12:49:38.222, 5, 457.97, 100, 60, 35077, 47, 1980
2026/08/29 12:49:38.222, 6, 476.82, 100, 58, 34697, 59, 1980
2026/08/29 12:49:38.222, 7, 454.44, 96, 54, 34233, 46, 1980
2026/08/29 12:49:43.222, 0, 497.75, 95, 72, 36523, 63, 1980
2026/08/29 12:49:43.222, 1, 500.43, 63, 40, 36261, 48, 1980
2026/08/29 12:49:43.222, 2, 488.13, 96, 72, 36279, 46, 1980
2026/08/29 12:49:43.222, 3, 480.21, 95, 73, 35559, 59, 1980
2026/08/29 12:49:43.222, 4, 497.36, 96, 68, 35499, 60, 1980
2026/08/29 12:49:43.223, 5, 464.22, 75, 51, 35077, 46, 1980
2026/08/29 12:49:43.223, 6, 482.24, 82, 58, 34697, 59, 1980
2026/08/29 12:49:43.223, 7, 462.36, 97, 67, 34233, 44, 1980
2026/08/29 12:49:48.223, 0, 484.84, 61, 36, 36523, 61, 1980
2026/08/29 12:49:48.223, 1, 496.18, 99, 65, 36261, 50, 1980
2026/08/29 12:49:48.223, 2, 468.93, 70, 41, 36279, 45, 1980
2026/08/29 12:49:48.223, 3, 479.28, 59, 35, 35559, 61, 1980
2026/08/29 12:49:48.223, 4, 495.62, 78, 47, 35499, 62, 1980
2026/08/29 12:49:48.223, 5, 459.14, 96, 54, 35077, 44, 1980
2026/08/29 12:49:48.223, 6, 471.88, 96, 53, 34697, 56, 1980
2026/08/29 12:49:48.223, 7, 444.08, 95, 62, 34233, 44, 1980
2026/08/29 12:49:53.224, 0, 481.09, 55, 34, 36523, 62, 1980
2026/08/29 12:49:53.224, 1, 485.09, 96, 58, 36261, 49, 1980
2026/08/29 12:49:53.224, 2, 459.17, 58, 34, 36279, 45, 1980
2026/08/29 12:49:53.224, 3, 472.44, 57, 37, 35559, 60, 1980
2026/08/29 12:49:53.224, 4, 475.37, 99, 58, 35499, 61, 1980
2026/08/29 12:49:53.224, 5, 448.44, 89, 50, 35077, 44, 1980
2026/08/29 12:49:53.224, 6, 471.78, 82, 45, 34697, 56, 1980
2026/08/29 12:49:53.224, 7, 441.62, 95, 64, 34233, 46, 1980
2026/08/29 12:49:58.224, 0, 494.05, 99, 64, 36523, 62, 1980
2026/08/29 12:49:58.224, 1, 481.90, 99, 63, 36261, 50, 1980
2026/08/29 12:49:58.224, 2, 471.83, 99, 68, 36279, 47, 1980
2026/08/29 12:49:58.225, 3, 480.53, 99, 63, 35559, 60, 1980
2026/08/29 12:49:58.225, 4, 477.88, 95, 65, 35499, 60, 1980
2026/08/29 12:49:58.225, 5, 462.30, 100, 72, 35077, 47, 1980
2026/08/29 12:49:58.225, 6, 488.54, 100, 70, 34697, 59, 1980
2026/08/29 12:49:58.225, 7, 451.81, 60, 39, 34233, 46, 1980
2026/08/29 12:50:03.225, 0, 499.88, 75, 56, 36523, 62, 1980
2026/08/29 12:50:03.226, 1, 495.21, 79, 59, 36261, 50, 1980
2026/08/29 12:50:03.228, 2, 476.12, 65, 45, 36279, 46, 1980
2026/08/29 12:50:03.229, 3, 485.55, 81, 60, 35559, 61, 1980
2026/08/29 12:50:03.230, 4, 498.25, 89, 54, 35499, 60, 1980
2026/08/29 12:50:03.231, 5, 470.07, 61, 37, 35077, 45, 1980
2026/08/29 12:50:03.234, 6, 486.43, 62, 37, 34697, 58, 1980
2026/08/29 12:50:03.235, 7, 464.97, 99, 65, 34233, 45, 1980
2026/08/29 12:50:08.237, 0, 487.96, 67, 39, 36523, 61, 1980
2026/08/29 12:50:08.237, 1, 485.59, 65, 37, 36261, 49, 1980
2026/08/29 12:50:08.237, 2, 474.31, 79, 47, 36279, 44, 1980
2026/08/29 12:50:08.237, 3, 473.49, 61, 36, 35559, 60, 1980
2026/08/29 12:50:08.237, 4, 488.19, 99, 73, 35499, 58, 1980
2026/08/29 12:50:08.237, 5, 465.83, 97, 61, 35077, 45, 1980
2026/08/29 12:50:08.237, 6, 472.30, 96, 59, 34697, 57, 1980
2026/08/29 12:50:08.237, 7, 450.33, 99, 63, 34233, 46, 1980
2026/08/29 12:50:13.238, 0, 497.81, 97, 63, 36523, 63, 1980
2026/08/29 12:50:13.238, 1, 478.48, 94, 61, 36261, 50, 1980
2026/08/29 12:50:13.238, 2, 474.24, 99, 67, 36279, 46, 1980
2026/08/29 12:50:13.238, 3, 476.15, 93, 60, 35559, 61, 1980
2026/08/29 12:50:13.238, 4, 499.26, 96, 72, 35499, 60, 1980
2026/08/29 12:50:13.238, 5, 444.05, 99, 75, 35077, 47, 1980
2026/08/29 12:50:13.238, 6, 476.17, 99, 75, 34697, 60, 1980
2026/08/29 12:50:13.238, 7, 438.63, 95, 62, 34233, 44, 1980
2026/08/29 12:50:18.238, 0, 493.46, 61, 39, 36523, 62, 1980
2026/08/29 12:50:18.238, 1, 499.62, 60, 39, 36261, 49, 1980
2026/08/29 12:50:18.239, 2, 470.62, 61, 37, 36279, 45, 1980
2026/08/29 12:50:18.239, 3, 480.42, 54, 36, 35559, 60, 1980
2026/08/29 12:50:18.239, 4, 488.08, 94, 62, 35499, 60, 1980
2026/08/29 12:50:18.239, 5, 468.70, 81, 48, 35077, 44, 1980
2026/08/29 12:50:18.239, 6, 485.22, 74, 44, 34697, 58, 1980
2026/08/29 12:50:18.239, 7, 454.62, 95, 47, 34233, 43, 1980
2026/08/29 12:50:23.239, 0, 477.92, 92, 56, 36523, 63, 1980
2026/08/29 12:50:23.239, 1, 483.39, 93, 56, 36261, 49, 1980
2026/08/29 12:50:23.239, 2, 456.22, 53, 28, 36279, 46, 1980
2026/08/29 12:50:23.239, 3, 464.89, 96, 49, 35559, 60, 1980
2026/08/29 12:50:23.239, 4, 480.90, 96, 55, 35499, 60, 1980
2026/08/29 12:50:23.239, 5, 460.33, 100, 61, 35077, 46, 1980
2026/08/29 12:50:23.239, 6, 471.57, 100, 60, 34697, 59, 1980
2026/08/29 12:50:23.239, 7, 444.45, 100, 72, 34233, 45, 1980
2026/08/29 12:50:28.240, 0, 492.29, 95, 62, 36523, 62, 1980
2026/08/29 12:50:28.240, 1, 493.35, 96, 74, 36261, 49, 1980
2026/08/29 12:50:28.240, 2, 469.65, 100, 68, 36279, 45, 1980
2026/08/29 12:50:28.240, 3, 465.30, 95, 56, 35559, 60, 1980
2026/08/29 12:50:28.240, 4, 485.84, 58, 32, 35499, 59, 1980
2026/08/29 12:50:28.240, 5, 450.99, 69, 38, 35077, 44, 1980
2026/08/29 12:50:28.240, 6, 474.34, 74, 38, 34697, 57, 1980
2026/08/29 12:50:28.240, 7, 454.20, 55, 37, 34233, 45, 1980
2026/08/29 12:50:33.240, 0, 489.77, 87, 53, 36523, 62, 1980
2026/08/29 12:50:33.246, 1, 481.30, 47, 29, 36261, 48, 1980
2026/08/29 12:50:33.246, 2, 477.11, 93, 54, 36279, 45, 1980
2026/08/29 12:50:33.248, 3, 479.97, 95, 62, 35559, 60, 1980
2026/08/29 12:50:33.251, 4, 491.95, 88, 59, 35499, 60, 1980
2026/08/29 12:50:33.254, 5, 467.39, 65, 35, 35077, 44, 1980
2026/08/29 12:50:33.254, 6, 488.09, 69, 30, 34697, 58, 1980
2026/08/29 12:50:33.263, 7, 460.61, 91, 54, 34233, 43, 1980
2026/08/29 12:50:38.265, 0, 499.84, 59, 37, 36523, 62, 1980
2026/08/29 12:50:38.265, 1, 504.04, 99, 62, 36261, 49, 1980
2026/08/29 12:50:38.265, 2, 468.21, 62, 34, 36279, 46, 1980
2026/08/29 12:50:38.265, 3, 465.34, 95, 69, 35559, 60, 1980
2026/08/29 12:50:38.265, 4, 487.16, 95, 67, 35499, 61, 1980
2026/08/29 12:50:38.265, 5, 464.39, 96, 53, 35077, 44, 1980
2026/08/29 12:50:38.265, 6, 483.05, 90, 49, 34697, 57, 1980
2026/08/29 12:50:38.265, 7, 462.07, 95, 65, 34233, 46, 1980
2026/08/29 12:50:43.266, 0, 504.22, 97, 62, 36523, 61, 1980
2026/08/29 12:50:43.266, 1, 499.59, 59, 38, 36261, 48, 1980
2026/08/29 12:50:43.266, 2, 486.58, 95, 74, 36279, 45, 1980
2026/08/29 12:50:43.266, 3, 489.24, 95, 59, 35559, 59, 1980
2026/08/29 12:50:43.266, 4, 491.32, 99, 61, 35499, 60, 1980
2026/08/29 12:50:43.266, 5, 465.86, 89, 57, 35077, 46, 1980
2026/08/29 12:50:43.266, 6, 492.62, 95, 62, 34697, 59, 1980
2026/08/29 12:50:43.266, 7, 458.27, 96, 52, 34233, 44, 1980
2026/08/29 12:50:48.266, 0, 493.45, 45, 29, 36523, 63, 1980
2026/08/29 12:50:48.266, 1, 473.05, 96, 63, 36261, 50, 1980
2026/08/29 12:50:48.266, 2, 466.37, 44, 27, 36279, 46, 1980
2026/08/29 12:50:48.266, 3, 472.37, 53, 35, 35559, 61, 1980
2026/08/29 12:50:48.267, 4, 482.26, 55, 35, 35499, 60, 1980
2026/08/29 12:50:48.267, 5, 463.89, 100, 68, 35077, 46, 1980
2026/08/29 12:50:48.267, 6, 480.54, 100, 66, 34697, 60, 1980
2026/08/29 12:50:48.267, 7, 451.00, 54, 35, 34233, 46, 1980
2026/08/29 12:50:53.267, 0, 484.56, 60, 36, 36523, 62, 1980
2026/08/29 12:50:53.267, 1, 497.43, 87, 62, 36261, 50, 1980
2026/08/29 12:50:53.267, 2, 486.69, 71, 42, 36279, 45, 1980
2026/08/29 12:50:53.267, 3, 482.43, 58, 34, 35559, 60, 1980
2026/08/29 12:50:53.267, 4, 496.39, 69, 40, 35499, 60, 1980
2026/08/29 12:50:53.267, 5, 480.22, 94, 64, 35077, 47, 1980
2026/08/29 12:50:53.267, 6, 491.05, 95, 65, 34697, 60, 1980
2026/08/29 12:50:53.267, 7, 467.75, 56, 35, 34233, 45, 1980
2026/08/29 12:50:58.268, 0, 500.68, 95, 73, 36523, 61, 1980
2026/08/29 12:50:58.268, 1, 478.01, 64, 40, 36261, 48, 1980
2026/08/29 12:50:58.268, 2, 460.01, 95, 73, 36279, 46, 1980
2026/08/29 12:50:58.268, 3, 483.51, 95, 74, 35559, 59, 1980
2026/08/29 12:50:58.268, 4, 486.51, 96, 58, 35499, 61, 1980
2026/08/29 12:50:58.268, 5, 458.74, 62, 35, 35077, 46, 1980
2026/08/29 12:50:58.268, 6, 475.16, 57, 32, 34697, 59, 1980
2026/08/29 12:50:58.268, 7, 452.05, 97, 71, 34233, 43, 1980
2026/08/29 12:51:03.268, 0, 504.53, 59, 41, 36523, 63, 1980
2026/08/29 12:51:03.270, 1, 497.62, 95, 58, 36261, 51, 1980
2026/08/29 12:51:03.272, 2, 485.86, 58, 39, 36279, 47, 1980
2026/08/29 12:51:03.272, 3, 483.42, 72, 40, 35559, 61, 1980
2026/08/29 12:51:03.274, 4, 487.80, 95, 63, 35499, 60, 1980
2026/08/29 12:51:03.275, 5, 465.63, 100, 62, 35077, 47, 1980
2026/08/29 12:51:03.277, 6, 486.38, 100, 62, 34697, 59, 1980
2026/08/29 12:51:03.278, 7, 458.14, 77, 42, 34233, 46, 1980
2026/08/29 12:51:08.279, 0, 500.40, 95, 73, 36523, 63, 1980
2026/08/29 12:51:08.279, 1, 485.59, 52, 32, 36261, 50, 1980
2026/08/29 12:51:08.279, 2, 478.97, 96, 73, 36279, 47, 1980
2026/08/29 12:51:08.279, 3, 481.85, 95, 75, 35559, 61, 1980
2026/08/29 12:51:08.279, 4, 484.11, 99, 69, 35499, 59, 1980
2026/08/29 12:51:08.279, 5, 457.67, 93, 57, 35077, 47, 1980
2026/08/29 12:51:08.279, 6, 474.25, 76, 44, 34697, 60, 1980
2026/08/29 12:51:08.279, 7, 445.64, 97, 54, 34233, 46, 1980
2026/08/29 12:51:13.280, 0, 491.17, 99, 65, 36523, 62, 1980
2026/08/29 12:51:13.280, 1, 493.82, 94, 62, 36261, 49, 1980
2026/08/29 12:51:13.280, 2, 463.42, 99, 67, 36279, 43, 1980
2026/08/29 12:51:13.280, 3, 472.21, 99, 64, 35559, 60, 1980
2026/08/29 12:51:13.280, 4, 473.44, 77, 41, 35499, 57, 1980
2026/08/29 12:51:13.280, 5, 456.70, 60, 40, 35077, 44, 1980
2026/08/29 12:51:13.280, 6, 478.51, 100, 69, 34697, 57, 1980
2026/08/29 12:51:13.280, 7, 451.51, 49, 27, 34233, 45, 1980
2026/08/29 12:51:18.280, 0, 505.82, 62, 37, 36523, 63, 1980
2026/08/29 12:51:18.280, 1, 496.96, 59, 35, 36261, 49, 1980
2026/08/29 12:51:18.281, 2, 474.68, 68, 36, 36279, 45, 1980
2026/08/29 12:51:18.281, 3, 472.90, 58, 33, 35559, 60, 1980
2026/08/29 12:51:18.281, 4, 486.27, 73, 42, 35499, 60, 1980
2026/08/29 12:51:18.281, 5, 461.24, 95, 66, 35077, 45, 1980
2026/08/29 12:51:18.281, 6, 486.68, 62, 40, 34697, 58, 1980
2026/08/29 12:51:18.281, 7, 461.07, 96, 68, 34233, 45, 1980
2026/08/29 12:51:23.281, 0, 490.20, 99, 67, 36523, 61, 1980
2026/08/29 12:51:23.281, 1, 496.78, 99, 66, 36261, 48, 1980
2026/08/29 12:51:23.281, 2, 478.00, 99, 71, 36279, 43, 1980
2026/08/29 12:51:23.281, 3, 480.87, 99, 67, 35559, 60, 1980
2026/08/29 12:51:23.281, 4, 490.04, 90, 54, 35499, 58, 1980
2026/08/29 12:51:23.281, 5, 468.98, 95, 72, 35077, 46, 1980
2026/08/29 12:51:23.281, 6, 477.11, 96, 59, 34697, 58, 1980
2026/08/29 12:51:23.281, 7, 464.52, 61, 34, 34233, 45, 1980
2026/08/29 12:51:28.282, 0, 501.48, 99, 76, 36523, 64, 1980
2026/08/29 12:51:28.282, 1, 475.73, 88, 55, 36261, 51, 1980
2026/08/29 12:51:28.282, 2, 473.41, 99, 78, 36279, 47, 1980
2026/08/29 12:51:28.282, 3, 472.35, 99, 68, 35559, 60, 1980
2026/08/29 12:51:28.282, 4, 474.80, 97, 68, 35499, 61, 1980
2026/08/29 12:51:28.282, 5, 448.25, 95, 59, 35077, 46, 1980
2026/08/29 12:51:28.282, 6, 481.81, 95, 59, 34697, 58, 1980
2026/08/29 12:51:28.282, 7, 445.01, 100, 65, 34233, 45, 1980
2026/08/29 12:51:33.282, 0, 495.15, 57, 37, 36523, 63, 1980
2026/08/29 12:51:33.283, 1, 503.09, 97, 61, 36261, 48, 1980
2026/08/29 12:51:33.284, 2, 479.88, 54, 36, 36279, 46, 1980
2026/08/29 12:51:33.286, 3, 474.61, 60, 39, 35559, 59, 1980
2026/08/29 12:51:33.286, 4, 488.23, 53, 31, 35499, 60, 1980
2026/08/29 12:51:33.288, 5, 463.27, 67, 35, 35077, 45, 1980
2026/08/29 12:51:33.291, 6, 481.21, 60, 33, 34697, 59, 1980
2026/08/29 12:51:33.292, 7, 448.86, 63, 40, 34233, 42, 1980
2026/08/29 12:51:38.294, 0, 493.36, 99, 73, 36523, 63, 1980
2026/08/29 12:51:38.294, 1, 495.29, 90, 67, 36261, 51, 1980
2026/08/29 12:51:38.294, 2, 480.93, 99, 76, 36279, 44, 1980
2026/08/29 12:51:38.294, 3, 484.48, 100, 63, 35559, 59, 1980
2026/08/29 12:51:38.294, 4, 480.17, 100, 73, 35499, 61, 1980
2026/08/29 12:51:38.294, 5, 463.10, 95, 65, 35077, 46, 1980
2026/08/29 12:51:38.294, 6, 479.44, 95, 64, 34697, 59, 1980
2026/08/29 12:51:38.294, 7, 453.80, 100, 60, 34233, 47, 1980
2026/08/29 12:51:43.294, 0, 507.33, 99, 63, 36523, 63, 1980
2026/08/29 12:51:43.295, 1, 488.09, 95, 72, 36261, 49, 1980
2026/08/29 12:51:43.295, 2, 470.17, 100, 59, 36279, 45, 1980
2026/08/29 12:51:43.295, 3, 477.78, 100, 57, 35559, 60, 1980
2026/08/29 12:51:43.295, 4, 480.70, 100, 60, 35499, 62, 1980
2026/08/29 12:51:43.295, 5, 461.01, 100, 67, 35077, 44, 1980
2026/08/29 12:51:43.295, 6, 476.51, 100, 64, 34697, 57, 1980
2026/08/29 12:51:43.295, 7, 461.43, 100, 57, 34233, 45, 1980
2026/08/29 12:51:48.295, 0, 495.23, 96, 60, 36523, 61, 1980
2026/08/29 12:51:48.295, 1, 477.32, 98, 76, 36261, 48, 1980
2026/08/29 12:51:48.295, 2, 481.22, 97, 60, 36279, 45, 1980
2026/08/29 12:51:48.295, 3, 484.39, 95, 59, 35559, 59, 1980
2026/08/29 12:51:48.295, 4, 495.25, 58, 39, 35499, 61, 1980
2026/08/29 12:51:48.295, 5, 469.05, 99, 64, 35077, 46, 1980
2026/08/29 12:51:48.295, 6, 497.58, 99, 62, 34697, 59, 1980
2026/08/29 12:51:48.295, 7, 473.57, 92, 56, 34233, 43, 1980
2026/08/29 12:51:53.296, 0, 494.25, 99, 73, 36523, 63, 1980
2026/08/29 12:51:53.296, 1, 514.06, 72, 51, 36261, 51, 1980
2026/08/29 12:51:53.296, 2, 478.08, 99, 77, 36279, 44, 1980
2026/08/29 12:51:53.296, 3, 490.10, 99, 71, 35559, 62, 1980
2026/08/29 12:51:53.296, 4, 485.61, 90, 50, 35499, 61, 1980
2026/08/29 12:51:53.296, 5, 463.05, 95, 67, 35077, 47, 1980
2026/08/29 12:51:53.296, 6, 488.94, 94, 67, 34697, 58, 1980
2026/08/29 12:51:53.296, 7, 455.93, 97, 60, 34233, 46, 1980
2026/08/29 12:51:58.297, 0, 506.86, 58, 37, 36523, 62, 1980
2026/08/29 12:51:58.297, 1, 497.19, 93, 57, 36261, 50, 1980
2026/08/29 12:51:58.297, 2, 474.85, 58, 33, 36279, 46, 1980
2026/08/29 12:51:58.297, 3, 482.52, 56, 34, 35559, 60, 1980
2026/08/29 12:51:58.297, 4, 487.44, 90, 67, 35499, 61, 1980
2026/08/29 12:51:58.297, 5, 462.39, 84, 46, 35077, 46, 1980
2026/08/29 12:51:58.297, 6, 487.20, 76, 42, 34697, 59, 1980
2026/08/29 12:51:58.297, 7, 453.77, 61, 41, 34233, 44, 1980
2026/08/29 12:52:03.297, 0, 498.29, 100, 77, 36523, 64, 1980
2026/08/29 12:52:03.300, 1, 486.71, 100, 76, 36261, 48, 1980
2026/08/29 12:52:03.304, 2, 473.35, 97, 75, 36279, 46, 1980
2026/08/29 12:52:03.304, 3, 488.96, 99, 76, 35559, 62, 1980
2026/08/29 12:52:03.307, 4, 487.89, 93, 57, 35499, 61, 1980
2026/08/29 12:52:03.309, 5, 458.31, 95, 68, 35077, 47, 1980
2026/08/29 12:52:03.311, 6, 483.31, 95, 75, 34697, 59, 1980
2026/08/29 12:52:03.313, 7, 449.69, 93, 48, 34233, 45, 1980
2026/08/29 12:52:08.314, 0, 497.45, 99, 60, 36523, 63, 1980
2026/08/29 12:52:08.314, 1, 477.33, 99, 60, 36261, 49, 1980
2026/08/29 12:52:08.314, 2, 480.26, 99, 61, 36279, 46, 1980
2026/08/29 12:52:08.314, 3, 480.40, 97, 59, 35559, 61, 1980
2026/08/29 12:52:08.314, 4, 471.51, 51, 31, 35499, 60, 1980
2026/08/29 12:52:08.314, 5, 455.27, 99, 69, 35077, 44, 1980
2026/08/29 12:52:08.314, 6, 490.43, 99, 67, 34697, 58, 1980
2026/08/29 12:52:08.314, 7, 455.93, 46, 29, 34233, 45, 1980
2026/08/29 12:52:13.314, 0, 473.90, 75, 44, 36523, 60, 1980
2026/08/29 12:52:13.314, 1, 461.49, 72, 42, 36261, 49, 1980
2026/08/29 12:52:13.314, 2, 455.25, 86, 50, 36279, 43, 1980
2026/08/29 12:52:13.314, 3, 476.13, 73, 38, 35559, 58, 1980
2026/08/29 12:52:13.315, 4, 468.80, 61, 39, 35499, 59, 1980
2026/08/29 12:52:13.315, 5, 441.80, 95, 48, 35077, 46, 1980
2026/08/29 12:52:13.315, 6, 467.61, 53, 36, 34697, 59, 1980
2026/08/29 12:52:13.315, 7, 429.38, 79, 47, 34233, 45, 1980
2026/08/29 12:52:18.315, 0, 500.65, 48, 32, 36523, 61, 1980
2026/08/29 12:52:18.315, 1, 489.76, 52, 35, 36261, 50, 1980
2026/08/29 12:52:18.315, 2, 480.86, 62, 41, 36279, 43, 1980
2026/08/29 12:52:18.315, 3, 484.27, 63, 42, 35559, 59, 1980
2026/08/29 12:52:18.315, 4, 490.81, 96, 68, 35499, 61, 1980
2026/08/29 12:52:18.315, 5, 459.40, 55, 34, 35077, 46, 1980
2026/08/29 12:52:18.315, 6, 493.21, 95, 63, 34697, 59, 1980
2026/08/29 12:52:18.315, 7, 464.87, 97, 66, 34233, 46, 1980
2026/08/29 12:52:23.316, 0, 504.56, 69, 40, 36523, 64, 1980
2026/08/29 12:52:23.316, 1, 486.61, 99, 69, 36261, 49, 1980
2026/08/29 12:52:23.316, 2, 480.51, 99, 73, 36279, 46, 1980
2026/08/29 12:52:23.316, 3, 496.60, 63, 37, 35559, 62, 1980
2026/08/29 12:52:23.316, 4, 482.06, 89, 50, 35499, 58, 1980
2026/08/29 12:52:23.316, 5, 464.35, 94, 52, 35077, 46, 1980
2026/08/29 12:52:23.316, 6, 488.39, 93, 53, 34697, 58, 1980
2026/08/29 12:52:23.316, 7, 458.19, 62, 35, 34233, 46, 1980
2026/08/29 12:52:28.316, 0, 501.41, 95, 72, 36523, 62, 1980
2026/08/29 12:52:28.317, 1, 486.60, 56, 35, 36261, 50, 1980
2026/08/29 12:52:28.317, 2, 470.12, 54, 30, 36279, 45, 1980
2026/08/29 12:52:28.317, 3, 480.70, 95, 75, 35559, 61, 1980
2026/08/29 12:52:28.317, 4, 499.16, 94, 69, 35499, 61, 1980
2026/08/29 12:52:28.317, 5, 459.92, 73, 38, 35077, 45, 1980
2026/08/29 12:52:28.317, 6, 488.78, 78, 45, 34697, 59, 1980
2026/08/29 12:52:28.317, 7, 458.88, 95, 63, 34233, 43, 1980
2026/08/29 12:52:33.317, 0, 496.51, 60, 39, 36523, 62, 1980
2026/08/29 12:52:33.318, 1, 494.72, 91, 55, 36261, 50, 1980
2026/08/29 12:52:33.320, 2, 477.10, 48, 30, 36279, 45, 1980
2026/08/29 12:52:33.322, 3, 490.49, 59, 38, 35559, 59, 1980
2026/08/29 12:52:33.323, 4, 493.08, 58, 36, 35499, 60, 1980
2026/08/29 12:52:33.324, 5, 463.51, 70, 41, 35077, 45, 1980
2026/08/29 12:52:33.325, 6, 492.82, 61, 36, 34697, 59, 1980
2026/08/29 12:52:33.328, 7, 454.41, 62, 39, 34233, 44, 1980
2026/08/29 12:52:38.329, 0, 492.93, 95, 61, 36523, 63, 1980
2026/08/29 12:52:38.330, 1, 494.01, 95, 64, 36261, 50, 1980
2026/08/29 12:52:38.330, 2, 480.45, 99, 67, 36279, 47, 1980
2026/08/29 12:52:38.330, 3, 475.89, 95, 60, 35559, 61, 1980
2026/08/29 12:52:38.330, 4, 487.78, 74, 44, 35499, 61, 1980
2026/08/29 12:52:38.330, 5, 469.36, 99, 78, 35077, 48, 1980
2026/08/29 12:52:38.330, 6, 475.62, 100, 71, 34697, 60, 1980
2026/08/29 12:52:38.330, 7, 449.21, 63, 38, 34233, 46, 1980
2026/08/29 12:52:43.330, 0, 495.76, 66, 41, 36523, 62, 1980
2026/08/29 12:52:43.331, 1, 485.84, 79, 42, 36261, 48, 1980
2026/08/29 12:52:43.331, 2, 468.80, 45, 29, 36279, 45, 1980
2026/08/29 12:52:43.331, 3, 477.67, 75, 38, 35559, 60, 1980
2026/08/29 12:52:43.331, 4, 501.33, 94, 62, 35499, 59, 1980
2026/08/29 12:52:43.331, 5, 464.89, 39, 24, 35077, 46, 1980
2026/08/29 12:52:43.331, 6, 492.48, 48, 32, 34697, 59, 1980
2026/08/29 12:52:43.331, 7, 460.49, 100, 61, 34233, 44, 1980
2026/08/29 12:52:48.331, 0, 502.17, 94, 57, 36523, 61, 1980
2026/08/29 12:52:48.331, 1, 482.29, 100, 63, 36261, 50, 1980
2026/08/29 12:52:48.331, 2, 484.08, 96, 53, 36279, 44, 1980
2026/08/29 12:52:48.331, 3, 478.51, 88, 48, 35559, 58, 1980
2026/08/29 12:52:48.331, 4, 474.54, 100, 72, 35499, 60, 1980
2026/08/29 12:52:48.331, 5, 444.91, 100, 57, 35077, 46, 1980
2026/08/29 12:52:48.332, 6, 488.18, 100, 56, 34697, 59, 1980
2026/08/29 12:52:48.332, 7, 470.25, 95, 67, 34233, 46, 1980
2026/08/29 12:52:53.332, 0, 500.77, 58, 39, 36523, 62, 1980
2026/08/29 12:52:53.332, 1, 506.60, 57, 38, 36261, 51, 1980
2026/08/29 12:52:53.332, 2, 477.62, 59, 38, 36279, 45, 1980
2026/08/29 12:52:53.332, 3, 490.64, 60, 40, 35559, 59, 1980
2026/08/29 12:52:53.332, 4, 496.43, 99, 64, 35499, 61, 1980
2026/08/29 12:52:53.332, 5, 470.40, 77, 46, 35077, 44, 1980
2026/08/29 12:52:53.332, 6, 481.59, 69, 36, 34697, 59, 1980
2026/08/29 12:52:53.332, 7, 450.28, 98, 54, 34233, 44, 1980
2026/08/29 12:52:58.333, 0, 509.56, 99, 75, 36523, 64, 1980
2026/08/29 12:52:58.333, 1, 501.46, 99, 73, 36261, 51, 1980
2026/08/29 12:52:58.333, 2, 476.80, 97, 74, 36279, 47, 1980
2026/08/29 12:52:58.333, 3, 486.57, 99, 73, 35559, 61, 1980
2026/08/29 12:52:58.333, 4, 486.89, 64, 41, 35499, 61, 1980
2026/08/29 12:52:58.333, 5, 468.14, 95, 66, 35077, 47, 1980
2026/08/29 12:52:58.333, 6, 491.87, 95, 66, 34697, 60, 1980
2026/08/29 12:52:58.333, 7, 464.92, 85, 53, 34233, 46, 1980
2026/08/29 12:53:03.334, 0, 485.97, 57, 37, 36523, 62, 1980
2026/08/29 12:53:03.334, 1, 488.35, 57, 38, 36261, 49, 1980
2026/08/29 12:53:03.335, 2, 473.06, 55, 35, 36279, 46, 1980
2026/08/29 12:53:03.336, 3, 483.56, 58, 39, 35559, 61, 1980
2026/08/29 12:53:03.339, 4, 504.02, 93, 59, 35499, 60, 1980
2026/08/29 12:53:03.341, 5, 477.39, 75, 43, 35077, 45, 1980
2026/08/29 12:53:03.342, 6, 483.08, 65, 35, 34697, 59, 1980
2026/08/29 12:53:03.343, 7, 444.83, 93, 50, 34233, 43, 1980
2026/08/29 12:53:08.345, 0, 507.05, 96, 63, 36523, 63, 1980
2026/08/29 12:53:08.345, 1, 510.87, 96, 62, 36261, 50, 1980
2026/08/29 12:53:08.345, 2, 490.51, 99, 67, 36279, 47, 1980
2026/08/29 12:53:08.345, 3, 473.79, 98, 56, 35559, 61, 1980
2026/08/29 12:53:08.345, 4, 496.58, 96, 66, 35499, 61, 1980
2026/08/29 12:53:08.345, 5, 475.16, 100, 71, 35077, 47, 1980
2026/08/29 12:53:08.345, 6, 495.72, 100, 68, 34697, 60, 1980
2026/08/29 12:53:08.345, 7, 473.78, 96, 64, 34233, 45, 1980
2026/08/29 12:53:13.345, 0, 490.71, 83, 53, 36523, 62, 1980
2026/08/29 12:53:13.345, 1, 487.37, 59, 34, 36261, 49, 1980
2026/08/29 12:53:13.346, 2, 469.48, 66, 45, 36279, 45, 1980
2026/08/29 12:53:13.346, 3, 480.09, 99, 74, 35559, 59, 1980
2026/08/29 12:53:13.346, 4, 490.80, 73, 43, 35499, 59, 1980
2026/08/29 12:53:13.346, 5, 464.18, 54, 35, 35077, 45, 1980
2026/08/29 12:53:13.346, 6, 489.51, 52, 33, 34697, 57, 1980
2026/08/29 12:53:13.346, 7, 451.69, 54, 31, 34233, 45, 1980
2026/08/29 12:53:18.346, 0, 492.68, 72, 50, 36523, 60, 1980
2026/08/29 12:53:18.346, 1, 500.96, 61, 36, 36261, 49, 1980
2026/08/29 12:53:18.346, 2, 474.73, 76, 44, 36279, 45, 1980
2026/08/29 12:53:18.346, 3, 481.72, 59, 35, 35559, 60, 1980
2026/08/29 12:53:18.346, 4, 489.77, 84, 50, 35499, 60, 1980
2026/08/29 12:53:18.346, 5, 461.76, 61, 39, 35077, 45, 1980
2026/08/29 12:53:18.346, 6, 488.26, 54, 36, 34697, 57, 1980
2026/08/29 12:53:18.346, 7, 446.52, 58, 33, 34233, 45, 1980
2026/08/29 12:53:23.347, 0, 508.93, 97, 60, 36523, 62, 1980
2026/08/29 12:53:23.347, 1, 498.34, 73, 50, 36261, 51, 1980
2026/08/29 12:53:23.347, 2, 474.53, 97, 67, 36279, 46, 1980
2026/08/29 12:53:23.347, 3, 484.54, 80, 47, 35559, 61, 1980
2026/08/29 12:53:23.347, 4, 502.12, 60, 40, 35499, 61, 1980
2026/08/29 12:53:23.347, 5, 476.05, 100, 61, 35077, 47, 1980
2026/08/29 12:53:23.347, 6, 504.39, 100, 58, 34697, 60, 1980
2026/08/29 12:53:23.347, 7, 461.30, 87, 54, 34233, 46, 1980
2026/08/29 12:53:28.347, 0, 488.38, 46, 31, 36523, 63, 1980
2026/08/29 12:53:28.348, 1, 489.07, 99, 73, 36261, 47, 1980
2026/08/29 12:53:28.348, 2, 472.45, 91, 57, 36279, 44, 1980
2026/08/29 12:53:28.348, 3, 488.43, 99, 73, 35559, 59, 1980
2026/08/29 12:53:28.348, 4, 497.25, 96, 74, 35499, 60, 1980
2026/08/29 12:53:28.348, 5, 473.25, 56, 35, 35077, 46, 1980
2026/08/29 12:53:28.348, 6, 482.29, 45, 29, 34697, 59, 1980
2026/08/29 12:53:28.348, 7, 435.05, 100, 63, 34233, 42, 1980
2026/08/29 12:53:33.348, 0, 491.93, 94, 71, 36523, 61, 1980
2026/08/29 12:53:33.348, 1, 493.95, 95, 72, 36261, 47, 1980
2026/08/29 12:53:33.350, 2, 465.29, 91, 54, 36279, 44, 1980
2026/08/29 12:53:33.351, 3, 495.45, 95, 72, 35559, 59, 1980
2026/08/29 12:53:33.352, 4, 500.03, 86, 65, 35499, 61, 1980
2026/08/29 12:53:33.353, 5, 469.77, 58, 34, 35077, 46, 1980
2026/08/29 12:53:33.355, 6, 492.27, 57, 36, 34697, 59, 1980
2026/08/29 12:53:33.356, 7, 453.73, 95, 71, 34233, 43, 1980
2026/08/29 12:53:38.358, 0, 494.14, 99, 77, 36523, 60, 1980
2026/08/29 12:53:38.358, 1, 493.86, 75, 43, 36261, 50, 1980
2026/08/29 12:53:38.358, 2, 473.77, 54, 36, 36279, 43, 1980
2026/08/29 12:53:38.358, 3, 493.29, 99, 72, 35559, 59, 1980
2026/08/29 12:53:38.358, 4, 483.22, 89, 51, 35499, 59, 1980
2026/08/29 12:53:38.358, 5, 463.98, 60, 38, 35077, 47, 1980
2026/08/29 12:53:38.358, 6, 485.80, 61, 41, 34697, 58, 1980
2026/08/29 12:53:38.358, 7, 461.39, 99, 69, 34233, 45, 1980
2026/08/29 12:53:43.359, 0, 500.89, 95, 73, 36523, 62, 1980
2026/08/29 12:53:43.359, 1, 489.28, 96, 61, 36261, 50, 1980
2026/08/29 12:53:43.359, 2, 479.34, 60, 35, 36279, 46, 1980
2026/08/29 12:53:43.359, 3, 487.96, 95, 73, 35559, 61, 1980
2026/08/29 12:53:43.359, 4, 504.30, 99, 67, 35499, 62, 1980
2026/08/29 12:53:43.359, 5, 468.17, 92, 56, 35077, 48, 1980
2026/08/29 12:53:43.359, 6, 477.14, 86, 46, 34697, 57, 1980
2026/08/29 12:53:43.359, 7, 446.70, 96, 62, 34233, 46, 1980
2026/08/29 12:53:48.360, 0, 502.29, 92, 57, 36523, 62, 1980
2026/08/29 12:53:48.360, 1, 507.63, 63, 39, 36261, 49, 1980
2026/08/29 12:53:48.360, 2, 489.43, 95, 73, 36279, 45, 1980
2026/08/29 12:53:48.360, 3, 487.27, 90, 56, 35559, 60, 1980
2026/08/29 12:53:48.360, 4, 506.43, 60, 39, 35499, 60, 1980
2026/08/29 12:53:48.360, 5, 487.97, 99, 65, 35077, 47, 1980
2026/08/29 12:53:48.360, 6, 492.61, 95, 72, 34697, 60, 1980
2026/08/29 12:53:48.360, 7, 478.13, 61, 37, 34233, 44, 1980
2026/08/29 12:53:53.360, 0, 502.22, 95, 73, 36523, 63, 1980
2026/08/29 12:53:53.360, 1, 492.46, 100, 57, 36261, 49, 1980
2026/08/29 12:53:53.360, 2, 468.45, 66, 35, 36279, 46, 1980
2026/08/29 12:53:53.361, 3, 479.79, 95, 64, 35559, 60, 1980
2026/08/29 12:53:53.361, 4, 484.35, 100, 60, 35499, 62, 1980
2026/08/29 12:53:53.361, 5, 456.77, 85, 59, 35077, 47, 1980
2026/08/29 12:53:53.361, 6, 482.21, 94, 51, 34697, 57, 1980
2026/08/29 12:53:53.361, 7, 453.09, 100, 56, 34233, 46, 1980
2026/08/29 12:53:58.361, 0, 502.82, 57, 37, 36523, 63, 1980
2026/08/29 12:53:58.361, 1, 496.45, 96, 76, 36261, 51, 1980
2026/08/29 12:53:58.361, 2, 476.85, 99, 69, 36279, 46, 1980
2026/08/29 12:53:58.361, 3, 486.88, 57, 33, 35559, 61, 1980
2026/08/29 12:53:58.361, 4, 495.82, 91, 61, 35499, 61, 1980
2026/08/29 12:53:58.361, 5, 468.01, 89, 48, 35079, 46, 1980
2026/08/29 12:53:58.361, 6, 492.08, 100, 71, 34697, 59, 1980
2026/08/29 12:53:58.361, 7, 459.18, 96, 69, 34233, 46, 1980
2026/08/29 12:54:03.362, 0, 496.14, 67, 45, 36523, 63, 1980
2026/08/29 12:54:03.363, 1, 499.94, 97, 77, 36261, 51, 1980
2026/08/29 12:54:03.363, 2, 475.90, 55, 37, 36279, 46, 1980
2026/08/29 12:54:03.364, 3, 484.57, 69, 45, 35559, 62, 1980
2026/08/29 12:54:03.367, 4, 485.07, 96, 74, 35499, 62, 1980
2026/08/29 12:54:03.369, 5, 459.92, 95, 75, 35079, 47, 1980
2026/08/29 12:54:03.370, 6, 477.62, 100, 57, 34697, 60, 1980
2026/08/29 12:54:03.371, 7, 449.88, 100, 71, 34233, 46, 1980
2026/08/29 12:54:08.373, 0, 501.99, 74, 43, 36523, 61, 1980
2026/08/29 12:54:08.373, 1, 498.48, 77, 55, 36261, 48, 1980
2026/08/29 12:54:08.373, 2, 488.13, 99, 75, 36279, 43, 1980
2026/08/29 12:54:08.373, 3, 487.79, 99, 70, 35559, 60, 1980
2026/08/29 12:54:08.373, 4, 505.67, 89, 55, 35499, 59, 1980
2026/08/29 12:54:08.373, 5, 453.60, 95, 51, 35079, 45, 1980
2026/08/29 12:54:08.373, 6, 484.10, 61, 40, 34697, 59, 1980
2026/08/29 12:54:08.373, 7, 458.86, 62, 34, 34233, 45, 1980
2026/08/29 12:54:13.373, 0, 494.32, 99, 61, 36523, 62, 1980
2026/08/29 12:54:13.374, 1, 478.74, 57, 37, 36261, 51, 1980
2026/08/29 12:54:13.374, 2, 464.38, 95, 63, 36279, 45, 1980
2026/08/29 12:54:13.374, 3, 461.91, 100, 56, 35559, 60, 1980
2026/08/29 12:54:13.374, 4, 484.05, 100, 59, 35499, 61, 1980
2026/08/29 12:54:13.374, 5, 463.75, 100, 64, 35079, 44, 1980
2026/08/29 12:54:13.374, 6, 482.61, 84, 45, 34697, 60, 1980
2026/08/29 12:54:13.374, 7, 468.07, 100, 53, 34233, 46, 1980
2026/08/29 12:54:18.374, 0, 487.17, 96, 60, 36523, 61, 1980
2026/08/29 12:54:18.374, 1, 489.65, 55, 36, 36261, 48, 1980
2026/08/29 12:54:18.374, 2, 463.36, 95, 74, 36279, 46, 1980
2026/08/29 12:54:18.374, 3, 474.42, 95, 59, 35559, 59, 1980
2026/08/29 12:54:18.374, 4, 499.03, 99, 60, 35499, 61, 1980
2026/08/29 12:54:18.374, 5, 457.32, 99, 67, 35079, 46, 1980
2026/08/29 12:54:18.375, 6, 473.15, 57, 32, 34697, 59, 1980
2026/08/29 12:54:18.375, 7, 463.02, 96, 54, 34233, 43, 1980
2026/08/29 12:54:23.375, 0, 503.07, 95, 76, 36523, 63, 1980
2026/08/29 12:54:23.375, 1, 496.51, 99, 62, 36261, 51, 1980
2026/08/29 12:54:23.375, 2, 476.53, 57, 36, 36279, 46, 1980
2026/08/29 12:54:23.375, 3, 487.27, 95, 75, 35559, 62, 1980
2026/08/29 12:54:23.375, 4, 494.74, 95, 63, 35499, 61, 1980
2026/08/29 12:54:23.375, 5, 466.09, 95, 62, 35079, 47, 1980
2026/08/29 12:54:23.375, 6, 492.76, 59, 35, 34697, 59, 1980
2026/08/29 12:54:23.375, 7, 471.63, 97, 67, 34233, 46, 1980
2026/08/29 12:54:28.376, 0, 492.37, 78, 54, 36523, 62, 1980
2026/08/29 12:54:28.376, 1, 486.33, 54, 33, 36261, 49, 1980
2026/08/29 12:54:28.376, 2, 472.74, 67, 38, 36279, 44, 1980
2026/08/29 12:54:28.376, 3, 472.85, 95, 52, 35559, 60, 1980
2026/08/29 12:54:28.376, 4, 477.41, 79, 41, 35499, 59, 1980
2026/08/29 12:54:28.376, 5, 461.40, 60, 38, 35079, 47, 1980
2026/08/29 12:54:28.376, 6, 478.12, 94, 57, 34697, 56, 1980
2026/08/29 12:54:28.376, 7, 464.11, 95, 52, 34233, 45, 1980
2026/08/29 12:54:33.376, 0, 492.45, 94, 64, 36523, 63, 1980
2026/08/29 12:54:33.379, 1, 493.79, 63, 43, 36261, 50, 1980
2026/08/29 12:54:33.380, 2, 474.08, 54, 35, 36279, 46, 1980
2026/08/29 12:54:33.382, 3, 483.12, 96, 64, 35559, 61, 1980
2026/08/29 12:54:33.382, 4, 480.92, 99, 66, 35499, 61, 1980
2026/08/29 12:54:33.384, 5, 459.64, 95, 50, 35079, 47, 1980
2026/08/29 12:54:33.385, 6, 481.61, 58, 38, 34697, 59, 1980
2026/08/29 12:54:33.387, 7, 454.85, 95, 64, 34233, 46, 1980
2026/08/29 12:54:38.389, 0, 497.87, 56, 37, 36523, 62, 1980
2026/08/29 12:54:38.389, 1, 497.32, 96, 57, 36261, 50, 1980
2026/08/29 12:54:38.389, 2, 467.69, 58, 36, 36279, 46, 1980
2026/08/29 12:54:38.389, 3, 479.42, 57, 38, 35559, 60, 1980
2026/08/29 12:54:38.389, 4, 487.28, 96, 63, 35499, 60, 1980
2026/08/29 12:54:38.389, 5, 463.55, 78, 47, 35079, 46, 1980
2026/08/29 12:54:38.389, 6, 489.99, 69, 41, 34697, 59, 1980
2026/08/29 12:54:38.389, 7, 469.45, 58, 38, 34233, 45, 1980
2026/08/29 12:54:43.389, 0, 501.40, 52, 33, 36523, 62, 1980
2026/08/29 12:54:43.390, 1, 498.60, 92, 58, 36261, 48, 1980
2026/08/29 12:54:43.390, 2, 470.90, 57, 38, 36279, 46, 1980
2026/08/29 12:54:43.390, 3, 484.56, 52, 33, 35559, 60, 1980
2026/08/29 12:54:43.390, 4, 482.17, 95, 70, 35499, 61, 1980
2026/08/29 12:54:43.390, 5, 454.43, 64, 34, 35079, 46, 1980
2026/08/29 12:54:43.390, 6, 473.41, 57, 31, 34697, 59, 1980
2026/08/29 12:54:43.390, 7, 457.20, 53, 34, 34233, 44, 1980
2026/08/29 12:54:48.390, 0, 499.07, 58, 38, 36523, 61, 1980
2026/08/29 12:54:48.390, 1, 493.78, 95, 59, 36261, 49, 1980
2026/08/29 12:54:48.390, 2, 478.33, 57, 37, 36279, 47, 1980
2026/08/29 12:54:48.390, 3, 490.86, 60, 40, 35559, 59, 1980
2026/08/29 12:54:48.390, 4, 503.21, 95, 64, 35499, 61, 1980
2026/08/29 12:54:48.390, 5, 481.70, 58, 35, 35079, 46, 1980
2026/08/29 12:54:48.390, 6, 495.36, 57, 32, 34697, 59, 1980
2026/08/29 12:54:48.390, 7, 458.69, 62, 40, 34233, 44, 1980
2026/08/29 12:54:53.391, 0, 476.63, 90, 54, 36523, 61, 1980
2026/08/29 12:54:53.391, 1, 474.27, 96, 72, 36261, 48, 1980
2026/08/29 12:54:53.391, 2, 463.19, 91, 56, 36279, 44, 1980
2026/08/29 12:54:53.391, 3, 473.15, 88, 54, 35559, 59, 1980
2026/08/29 12:54:53.391, 4, 482.43, 53, 36, 35499, 61, 1980
2026/08/29 12:54:53.391, 5, 456.47, 59, 35, 35079, 47, 1980
2026/08/29 12:54:53.391, 6, 482.77, 93, 57, 34697, 59, 1980
2026/08/29 12:54:53.391, 7, 452.54, 86, 51, 34233, 43, 1980
2026/08/29 12:54:58.392, 0, 508.43, 99, 76, 36523, 64, 1980
2026/08/29 12:54:58.392, 1, 506.87, 75, 52, 36261, 51, 1980
2026/08/29 12:54:58.392, 2, 471.72, 97, 76, 36279, 45, 1980
2026/08/29 12:54:58.392, 3, 485.92, 99, 74, 35559, 62, 1980
2026/08/29 12:54:58.392, 4, 495.42, 94, 57, 35499, 61, 1980
2026/08/29 12:54:58.392, 5, 453.95, 96, 61, 35079, 47, 1980
2026/08/29 12:54:58.392, 6, 491.98, 95, 65, 34697, 59, 1980
2026/08/29 12:54:58.392, 7, 459.23, 85, 45, 34233, 46, 1980
2026/08/29 12:55:03.392, 0, 485.04, 56, 38, 36523, 62, 1980
2026/08/29 12:55:03.396, 1, 481.98, 95, 57, 36261, 50, 1980
2026/08/29 12:55:03.397, 2, 467.73, 98, 60, 36279, 46, 1980
2026/08/29 12:55:03.398, 3, 467.51, 55, 37, 35559, 61, 1980
2026/08/29 12:55:03.399, 4, 479.73, 57, 33, 35499, 60, 1980
2026/08/29 12:55:03.400, 5, 463.61, 77, 43, 35079, 45, 1980
2026/08/29 12:55:03.403, 6, 477.02, 99, 68, 34697, 59, 1980
2026/08/29 12:55:03.405, 7, 452.11, 56, 36, 34233, 45, 1980
2026/08/29 12:55:08.406, 0, 488.82, 95, 74, 36523, 63, 1980
2026/08/29 12:55:08.406, 1, 489.55, 63, 40, 36261, 50, 1980
2026/08/29 12:55:08.406, 2, 474.98, 51, 33, 36279, 46, 1980
2026/08/29 12:55:08.406, 3, 482.70, 95, 70, 35559, 61, 1980
2026/08/29 12:55:08.407, 4, 488.79, 95, 67, 35499, 60, 1980
2026/08/29 12:55:08.407, 5, 462.08, 87, 66, 35079, 47, 1980
2026/08/29 12:55:08.407, 6, 480.20, 58, 36, 34697, 59, 1980
2026/08/29 12:55:08.407, 7, 454.67, 95, 70, 34233, 46, 1980
2026/08/29 12:55:13.407, 0, 488.76, 58, 39, 36523, 62, 1980
2026/08/29 12:55:13.407, 1, 492.84, 82, 49, 36261, 49, 1980
2026/08/29 12:55:13.407, 2, 473.64, 89, 55, 36279, 44, 1980
2026/08/29 12:55:13.407, 3, 487.63, 66, 37, 35559, 60, 1980
2026/08/29 12:55:13.407, 4, 484.80, 61, 38, 35499, 59, 1980
2026/08/29 12:55:13.407, 5, 463.73, 59, 35, 35079, 46, 1980
2026/08/29 12:55:13.407, 6, 482.69, 97, 53, 34697, 59, 1980
2026/08/29 12:55:13.407, 7, 451.20, 68, 40, 34233, 43, 1980
2026/08/29 12:55:18.408, 0, 485.05, 90, 68, 36523, 63, 1980
2026/08/29 12:55:18.408, 1, 487.67, 54, 33, 36261, 49, 1980
2026/08/29 12:55:18.408, 2, 473.82, 61, 36, 36279, 45, 1980
2026/08/29 12:55:18.408, 3, 483.86, 95, 65, 35559, 61, 1980
2026/08/29 12:55:18.408, 4, 487.98, 73, 42, 35499, 59, 1980
2026/08/29 12:55:18.408, 5, 450.88, 61, 40, 35079, 45, 1980
2026/08/29 12:55:18.408, 6, 477.36, 89, 53, 34697, 58, 1980
2026/08/29 12:55:18.408, 7, 451.08, 96, 66, 34233, 45, 1980
2026/08/29 12:55:23.408, 0, 492.25, 97, 60, 36523, 64, 1980
2026/08/29 12:55:23.409, 1, 493.52, 96, 68, 36261, 51, 1980
2026/08/29 12:55:23.409, 2, 472.26, 94, 66, 36279, 46, 1980
2026/08/29 12:55:23.409, 3, 495.77, 96, 61, 35559, 60, 1980
2026/08/29 12:55:23.409, 4, 496.83, 59, 38, 35499, 61, 1980
2026/08/29 12:55:23.409, 5, 468.27, 99, 68, 35079, 48, 1980
2026/08/29 12:55:23.409, 6, 491.04, 94, 67, 34697, 60, 1980
2026/08/29 12:55:23.409, 7, 455.88, 96, 59, 34233, 47, 1980
2026/08/29 12:55:28.409, 0, 485.14, 62, 35, 36523, 63, 1980
2026/08/29 12:55:28.410, 1, 489.95, 96, 63, 36261, 50, 1980
2026/08/29 12:55:28.410, 2, 460.63, 85, 63, 36279, 46, 1980
2026/08/29 12:55:28.410, 3, 465.76, 58, 35, 35559, 60, 1980
2026/08/29 12:55:28.410, 4, 478.80, 85, 64, 35499, 60, 1980
2026/08/29 12:55:28.410, 5, 469.01, 88, 52, 35079, 45, 1980
2026/08/29 12:55:28.410, 6, 475.07, 84, 63, 34697, 60, 1980
2026/08/29 12:55:28.410, 7, 444.15, 60, 35, 34233, 45, 1980
2026/08/29 12:55:33.410, 0, 484.10, 67, 40, 36523, 64, 1980
2026/08/29 12:55:33.411, 1, 481.98, 99, 66, 36261, 51, 1980
2026/08/29 12:55:33.413, 2, 461.17, 79, 42, 36279, 47, 1980
2026/08/29 12:55:33.414, 3, 473.71, 63, 34, 35559, 61, 1980
2026/08/29 12:55:33.415, 4, 482.99, 100, 63, 35499, 58, 1980
2026/08/29 12:55:33.416, 5, 464.43, 98, 54, 35079, 45, 1980
2026/08/29 12:55:33.420, 6, 489.88, 96, 53, 34697, 58, 1980
2026/08/29 12:55:33.421, 7, 451.20, 60, 32, 34233, 45, 1980
2026/08/29 12:55:38.423, 0, 508.22, 99, 64, 36523, 63, 1980
2026/08/29 12:55:38.423, 1, 514.39, 95, 76, 36261, 51, 1980
2026/08/29 12:55:38.423, 2, 486.65, 99, 66, 36279, 47, 1980
2026/08/29 12:55:38.423, 3, 491.22, 100, 57, 35559, 61, 1980
2026/08/29 12:55:38.423, 4, 508.07, 95, 67, 35499, 62, 1980
2026/08/29 12:55:38.424, 5, 490.10, 100, 71, 35079, 47, 1980
2026/08/29 12:55:38.424, 6, 489.18, 99, 67, 34697, 60, 1980
2026/08/29 12:55:38.424, 7, 468.17, 63, 41, 34233, 46, 1980
2026/08/29 12:55:43.424, 0, 507.74, 95, 72, 36523, 62, 1980
2026/08/29 12:55:43.424, 1, 504.89, 55, 33, 36261, 50, 1980
2026/08/29 12:55:43.424, 2, 491.99, 85, 61, 36279, 46, 1980
2026/08/29 12:55:43.424, 3, 497.44, 95, 66, 35559, 61, 1980
2026/08/29 12:55:43.424, 4, 499.40, 71, 42, 35499, 60, 1980
2026/08/29 12:55:43.424, 5, 482.54, 95, 63, 35079, 45, 1980
2026/08/29 12:55:43.424, 6, 485.75, 65, 40, 34697, 58, 1980
2026/08/29 12:55:43.424, 7, 460.56, 98, 54, 34233, 46, 1980
2026/08/29 12:55:48.425, 0, 493.45, 95, 75, 36523, 63, 1980
2026/08/29 12:55:48.425, 1, 486.87, 96, 59, 36261, 50, 1980
2026/08/29 12:55:48.425, 2, 460.24, 59, 35, 36279, 45, 1980
2026/08/29 12:55:48.425, 3, 485.13, 55, 36, 35559, 61, 1980
2026/08/29 12:55:48.425, 4, 486.22, 99, 69, 35499, 60, 1980
2026/08/29 12:55:48.425, 5, 460.30, 61, 41, 35079, 45, 1980
2026/08/29 12:55:48.425, 6, 482.10, 82, 46, 34697, 57, 1980
2026/08/29 12:55:48.425, 7, 451.34, 95, 64, 34233, 45, 1980
2026/08/29 12:55:53.426, 0, 485.83, 61, 41, 36523, 64, 1980
2026/08/29 12:55:53.426, 1, 483.94, 95, 73, 36261, 51, 1980
2026/08/29 12:55:53.426, 2, 483.31, 91, 54, 36279, 46, 1980
2026/08/29 12:55:53.426, 3, 479.99, 60, 40, 35559, 62, 1980
2026/08/29 12:55:53.426, 4, 492.66, 95, 73, 35499, 61, 1980
2026/08/29 12:55:53.426, 5, 463.55, 59, 35, 35079, 47, 1980
2026/08/29 12:55:53.426, 6, 474.66, 93, 58, 34697, 60, 1980
2026/08/29 12:55:53.426, 7, 462.24, 97, 65, 34233, 46, 1980
2026/08/29 12:55:58.426, 0, 502.76, 63, 40, 36523, 61, 1980
2026/08/29 12:55:58.426, 1, 495.01, 84, 65, 36261, 49, 1980
2026/08/29 12:55:58.427, 2, 472.56, 84, 64, 36279, 46, 1980
2026/08/29 12:55:58.427, 3, 490.17, 93, 55, 35561, 60, 1980
2026/08/29 12:55:58.427, 4, 495.72, 61, 36, 35499, 61, 1980
2026/08/29 12:55:58.427, 5, 473.74, 97, 53, 35079, 47, 1980
2026/08/29 12:55:58.427, 6, 486.05, 83, 58, 34697, 60, 1980
2026/08/29 12:55:58.427, 7, 461.10, 64, 41, 34233, 44, 1980
2026/08/29 12:56:03.427, 0, 506.79, 99, 78, 36523, 61, 1980
2026/08/29 12:56:03.428, 1, 506.31, 95, 59, 36261, 51, 1980
2026/08/29 12:56:03.429, 2, 478.62, 97, 61, 36279, 45, 1980
2026/08/29 12:56:03.430, 3, 481.08, 99, 78, 35561, 62, 1980
2026/08/29 12:56:03.431, 4, 488.71, 96, 74, 35499, 62, 1980
2026/08/29 12:56:03.432, 5, 470.28, 95, 74, 35079, 47, 1980
2026/08/29 12:56:03.435, 6, 480.84, 100, 57, 34697, 59, 1980
2026/08/29 12:56:03.435, 7, 459.49, 100, 69, 34233, 43, 1980
2026/08/29 12:56:08.435, 0, 509.05, 95, 74, 36523, 64, 1980
2026/08/29 12:56:08.436, 1, 502.68, 99, 64, 36261, 51, 1980
2026/08/29 12:56:08.436, 2, 486.21, 99, 67, 36279, 47, 1980
2026/08/29 12:56:08.436, 3, 485.20, 95, 74, 35561, 62, 1980
2026/08/29 12:56:08.436, 4, 494.08, 90, 68, 35499, 62, 1980
2026/08/29 12:56:08.436, 5, 471.15, 66, 43, 35079, 48, 1980
2026/08/29 12:56:08.436, 6, 501.12, 99, 76, 34697, 61, 1980
2026/08/29 12:56:08.436, 7, 469.57, 95, 74, 34233, 46, 1980
2026/08/29 12:56:13.436, 0, 504.30, 79, 55, 36523, 64, 1980
2026/08/29 12:56:13.436, 1, 508.07, 99, 73, 36261, 51, 1980
2026/08/29 12:56:13.436, 2, 499.57, 99, 78, 36279, 47, 1980
2026/08/29 12:56:13.436, 3, 500.00, 82, 59, 35561, 62, 1980
2026/08/29 12:56:13.436, 4, 499.52, 61, 40, 35499, 60, 1980
2026/08/29 12:56:13.436, 5, 481.97, 61, 41, 35079, 48, 1980
2026/08/29 12:56:13.436, 6, 495.78, 95, 63, 34697, 60, 1980
2026/08/29 12:56:13.436, 7, 474.62, 93, 61, 34233, 46, 1980
2026/08/29 12:56:18.437, 0, 502.56, 97, 77, 36523, 61, 1980
2026/08/29 12:56:18.437, 1, 495.17, 91, 56, 36261, 48, 1980
2026/08/29 12:56:18.437, 2, 483.58, 93, 57, 36279, 46, 1980
2026/08/29 12:56:18.437, 3, 494.27, 99, 78, 35561, 60, 1980
2026/08/29 12:56:18.437, 4, 495.05, 96, 58, 35499, 62, 1980
2026/08/29 12:56:18.437, 5, 476.89, 95, 73, 35079, 48, 1980
2026/08/29 12:56:18.437, 6, 497.88, 95, 60, 34697, 60, 1980
2026/08/29 12:56:18.437, 7, 464.76, 100, 69, 34233, 43, 1980
2026/08/29 12:56:23.438, 0, 502.82, 95, 73, 36523, 64, 1980
2026/08/29 12:56:23.438, 1, 502.21, 96, 62, 36261, 51, 1980
2026/08/29 12:56:23.438, 2, 477.77, 99, 68, 36279, 47, 1980
2026/08/29 12:56:23.438, 3, 488.64, 95, 74, 35561, 62, 1980
2026/08/29 12:56:23.438, 4, 491.81, 99, 72, 35499, 61, 1980
2026/08/29 12:56:23.438, 5, 463.83, 64, 41, 35079, 48, 1980
2026/08/29 12:56:23.438, 6, 492.43, 99, 77, 34697, 61, 1980
2026/08/29 12:56:23.438, 7, 452.37, 95, 64, 34233, 45, 1980
2026/08/29 12:56:28.438, 0, 503.90, 65, 38, 36523, 63, 1980
2026/08/29 12:56:28.438, 1, 507.33, 86, 64, 36261, 50, 1980
2026/08/29 12:56:28.438, 2, 494.16, 73, 50, 36279, 44, 1980
2026/08/29 12:56:28.438, 3, 501.36, 63, 37, 35561, 62, 1980
2026/08/29 12:56:28.438, 4, 503.82, 65, 45, 35499, 61, 1980
2026/08/29 12:56:28.439, 5, 480.14, 97, 55, 35079, 45, 1980
2026/08/29 12:56:28.439, 6, 501.02, 59, 39, 34697, 59, 1980
2026/08/29 12:56:28.439, 7, 463.55, 58, 33, 34233, 46, 1980
2026/08/29 12:56:33.439, 0, 492.17, 92, 56, 36523, 62, 1980
2026/08/29 12:56:33.440, 1, 502.81, 58, 35, 36261, 49, 1980
2026/08/29 12:56:33.441, 2, 482.80, 95, 73, 36279, 45, 1980
2026/08/29 12:56:33.442, 3, 493.82, 90, 51, 35561, 61, 1980
2026/08/29 12:56:33.443, 4, 494.13, 55, 36, 35499, 60, 1980
2026/08/29 12:56:33.444, 5, 464.95, 59, 35, 35079, 47, 1980
2026/08/29 12:56:33.447, 6, 486.42, 94, 63, 34697, 60, 1980
2026/08/29 12:56:33.448, 7, 459.04, 84, 46, 34233, 45, 1980
2026/08/29 12:56:38.450, 0, 502.37, 99, 63, 36523, 63, 1980
2026/08/29 12:56:38.453, 1, 504.73, 55, 34, 36261, 50, 1980
2026/08/29 12:56:38.455, 2, 479.25, 89, 60, 36279, 46, 1980
2026/08/29 12:56:38.456, 3, 481.96, 99, 62, 35561, 61, 1980
2026/08/29 12:56:38.457, 4, 477.77, 72, 39, 35499, 60, 1980
2026/08/29 12:56:38.458, 5, 467.02, 96, 54, 35079, 45, 1980
2026/08/29 12:56:38.461, 6, 484.54, 65, 35, 34697, 59, 1980
2026/08/29 12:56:38.462, 7, 460.00, 100, 57, 34233, 45, 1980
