timestamp, index, power.draw [W], utilization.gpu [%], utilization.memory [%], memory.used [MiB], temperature.gpu, clocks.current.sm [MHz]
2026/08/29 20:05:37.815, 0, 70.76, 0, 0, 1, 34, 345
2026/08/29 20:05:37.815, 1, 70.28, 0, 0, 1, 31, 345
2026/08/29 20:05:37.815, 2, 72.35, 0, 0, 1, 31, 345
2026/08/29 20:05:37.816, 3, 71.38, 0, 0, 1, 34, 345
2026/08/29 20:05:37.816, 4, 72.26, 0, 0, 1, 36, 345
2026/08/29 20:05:37.816, 5, 71.60, 0, 0, 1, 33, 345
2026/08/29 20:05:37.816, 6, 72.10, 0, 0, 1, 33, 345
2026/08/29 20:05:37.816, 7, 73.86, 0, 0, 1, 30, 345
2026/08/29 20:05:42.817, 0, 70.68, 0, 0, 1, 34, 345
2026/08/29 20:05:42.817, 1, 70.28, 0, 0, 1, 31, 345
2026/08/29 20:05:42.817, 2, 72.27, 0, 0, 1, 31, 345
2026/08/29 20:05:42.817, 3, 71.39, 0, 0, 1, 34, 345
2026/08/29 20:05:42.817, 4, 72.25, 0, 0, 1, 36, 345
2026/08/29 20:05:42.817, 5, 71.61, 0, 0, 1, 33, 345
2026/08/29 20:05:42.817, 6, 72.02, 0, 0, 1, 33, 345
2026/08/29 20:05:42.817, 7, 74.02, 0, 0, 1, 30, 345
2026/08/29 20:05:47.817, 0, 70.79, 0, 0, 4, 34, 345
2026/08/29 20:05:47.818, 1, 70.29, 0, 0, 4, 31, 345
2026/08/29 20:05:47.818, 2, 72.39, 0, 0, 4, 30, 345
2026/08/29 20:05:47.818, 3, 71.41, 0, 0, 4, 34, 345
2026/08/29 20:05:47.818, 4, 72.30, 0, 0, 4, 36, 345
2026/08/29 20:05:47.818, 5, 71.62, 0, 0, 4, 33, 345
2026/08/29 20:05:47.818, 6, 72.01, 0, 0, 4, 33, 345
2026/08/29 20:05:47.818, 7, 73.89, 0, 0, 4, 30, 345
2026/08/29 20:05:52.818, 0, 70.77, 0, 0, 4, 34, 345
2026/08/29 20:05:52.818, 1, 70.30, 0, 0, 4, 31, 345
2026/08/29 20:05:52.818, 2, 72.39, 0, 0, 4, 30, 345
2026/08/29 20:05:52.818, 3, 71.39, 0, 0, 4, 33, 345
2026/08/29 20:05:52.818, 4, 72.29, 0, 0, 4, 36, 345
2026/08/29 20:05:52.818, 5, 71.61, 0, 0, 4, 33, 345
2026/08/29 20:05:52.818, 6, 72.07, 0, 0, 4, 33, 345
2026/08/29 20:05:52.818, 7, 74.04, 0, 0, 4, 30, 345
2026/08/29 20:05:57.819, 0, 70.73, 0, 0, 4, 34, 345
2026/08/29 20:05:57.819, 1, 70.28, 0, 0, 4, 31, 345
2026/08/29 20:05:57.819, 2, 72.38, 0, 0, 4, 30, 345
2026/08/29 20:05:57.819, 3, 71.43, 0, 0, 4, 33, 345
2026/08/29 20:05:57.819, 4, 72.33, 0, 0, 4, 36, 345
2026/08/29 20:05:57.819, 5, 71.65, 0, 0, 4, 33, 345
2026/08/29 20:05:57.819, 6, 71.94, 0, 0, 4, 33, 345
2026/08/29 20:05:57.820, 7, 73.71, 0, 0, 4, 30, 345
2026/08/29 20:06:02.821, 0, 70.82, 0, 0, 4, 34, 345
2026/08/29 20:06:02.821, 1, 70.25, 0, 0, 4, 31, 345
2026/08/29 20:06:02.821, 2, 72.37, 0, 0, 4, 30, 345
2026/08/29 20:06:02.821, 3, 71.41, 0, 0, 4, 33, 345
2026/08/29 20:06:02.821, 4, 72.29, 0, 0, 4, 36, 345
2026/08/29 20:06:02.821, 5, 71.66, 0, 0, 4, 33, 345
2026/08/29 20:06:02.821, 6, 71.99, 0, 0, 4, 33, 345
2026/08/29 20:06:02.821, 7, 73.75, 0, 0, 4, 30, 345
2026/08/29 20:06:07.821, 0, 114.53, 0, 0, 530, 35, 1980
2026/08/29 20:06:07.821, 1, 118.81, 0, 0, 530, 33, 1980
2026/08/29 20:06:07.821, 2, 112.27, 0, 0, 530, 32, 1980
2026/08/29 20:06:07.821, 3, 122.74, 0, 0, 530, 35, 1980
2026/08/29 20:06:07.821, 4, 119.80, 0, 0, 530, 37, 1980
2026/08/29 20:06:07.821, 5, 113.35, 0, 0, 530, 34, 1980
2026/08/29 20:06:07.821, 6, 120.71, 0, 0, 530, 34, 1980
2026/08/29 20:06:07.822, 7, 125.40, 0, 0, 530, 32, 1980
2026/08/29 20:06:12.822, 0, 121.12, 0, 0, 1752, 36, 1980
2026/08/29 20:06:12.822, 1, 116.53, 0, 0, 1752, 33, 1980
2026/08/29 20:06:12.822, 2, 115.40, 0, 0, 1752, 32, 1980
2026/08/29 20:06:12.822, 3, 119.91, 0, 0, 1752, 35, 1980
2026/08/29 20:06:12.856, 4, 119.99, 0, 0, 1752, 37, 1980
2026/08/29 20:06:12.857, 5, 118.79, 0, 0, 1752, 34, 1980
2026/08/29 20:06:12.857, 6, 120.47, 0, 0, 1752, 34, 1980
2026/08/29 20:06:12.857, 7, 122.77, 0, 0, 1752, 32, 1980
2026/08/29 20:06:17.857, 0, 125.02, 0, 0, 3944, 36, 1980
2026/08/29 20:06:17.857, 1, 120.59, 0, 0, 3944, 33, 1980
2026/08/29 20:06:17.857, 2, 119.05, 0, 0, 3944, 32, 1980
2026/08/29 20:06:17.857, 3, 124.13, 0, 0, 3944, 35, 1980
2026/08/29 20:06:17.857, 4, 124.13, 0, 0, 3944, 37, 1980
2026/08/29 20:06:17.857, 5, 122.77, 0, 0, 3944, 34, 1980
2026/08/29 20:06:17.857, 6, 124.48, 0, 0, 3944, 35, 1980
2026/08/29 20:06:17.857, 7, 126.52, 0, 0, 3944, 32, 1980
2026/08/29 20:06:22.858, 0, 121.58, 0, 0, 3944, 36, 1980
2026/08/29 20:06:22.858, 1, 116.86, 0, 0, 3944, 33, 1980
2026/08/29 20:06:22.858, 2, 115.70, 0, 0, 3944, 32, 1980
2026/08/29 20:06:22.858, 3, 120.35, 0, 0, 3944, 35, 1980
2026/08/29 20:06:22.858, 4, 120.35, 0, 0, 3944, 37, 1980
2026/08/29 20:06:22.858, 5, 119.14, 0, 0, 3944, 34, 1980
2026/08/29 20:06:22.858, 6, 120.93, 0, 0, 3944, 35, 1980
2026/08/29 20:06:22.858, 7, 123.32, 0, 0, 3944, 32, 1980
2026/08/29 20:06:27.858, 0, 121.65, 0, 0, 3944, 36, 1980
2026/08/29 20:06:27.859, 1, 116.94, 0, 0, 3944, 33, 1980
2026/08/29 20:06:27.859, 2, 115.79, 0, 0, 3944, 32, 1980
2026/08/29 20:06:27.859, 3, 120.43, 0, 0, 3944, 36, 1980
2026/08/29 20:06:27.859, 4, 120.46, 0, 0, 3944, 38, 1980
2026/08/29 20:06:27.859, 5, 119.18, 0, 0, 3944, 35, 1980
2026/08/29 20:06:27.859, 6, 121.00, 0, 0, 3944, 35, 1980
2026/08/29 20:06:27.859, 7, 123.44, 0, 0, 3944, 33, 1980
2026/08/29 20:06:32.859, 0, 121.79, 0, 0, 3944, 37, 1980
2026/08/29 20:06:32.859, 1, 116.98, 0, 0, 3944, 34, 1980
2026/08/29 20:06:32.859, 2, 115.84, 0, 0, 3944, 33, 1980
2026/08/29 20:06:32.859, 3, 120.59, 0, 0, 3944, 36, 1980
2026/08/29 20:06:32.860, 4, 120.57, 0, 0, 3944, 38, 1980
2026/08/29 20:06:32.860, 5, 119.29, 0, 0, 3944, 35, 1980
2026/08/29 20:06:32.860, 6, 121.17, 0, 0, 3944, 35, 1980
2026/08/29 20:06:32.860, 7, 123.50, 0, 0, 3944, 33, 1980
2026/08/29 20:06:37.860, 0, 121.99, 0, 0, 3944, 37, 1980
2026/08/29 20:06:37.863, 1, 117.11, 0, 0, 3944, 34, 1980
2026/08/29 20:06:37.865, 2, 115.92, 0, 0, 3944, 33, 1980
2026/08/29 20:06:37.866, 3, 120.68, 0, 0, 3944, 36, 1980
2026/08/29 20:06:37.866, 4, 120.77, 0, 0, 3944, 38, 1980
2026/08/29 20:06:37.866, 5, 119.35, 0, 0, 3944, 35, 1980
2026/08/29 20:06:37.866, 6, 121.28, 0, 0, 3944, 35, 1980
2026/08/29 20:06:37.868, 7, 123.45, 0, 0, 3944, 33, 1980
2026/08/29 20:06:42.873, 0, 122.01, 0, 0, 3944, 37, 1980
2026/08/29 20:06:42.873, 1, 117.02, 0, 0, 3944, 34, 1980
2026/08/29 20:06:42.873, 2, 115.93, 0, 0, 3944, 33, 1980
2026/08/29 20:06:42.873, 3, 120.78, 0, 0, 3944, 36, 1980
2026/08/29 20:06:42.873, 4, 120.82, 0, 0, 3944, 38, 1980
2026/08/29 20:06:42.873, 5, 119.36, 0, 0, 3944, 35, 1980
2026/08/29 20:06:42.873, 6, 121.30, 0, 0, 3944, 36, 1980
2026/08/29 20:06:42.873, 7, 123.52, 0, 0, 3944, 33, 1980
2026/08/29 20:06:47.873, 0, 122.09, 0, 0, 3944, 37, 1980
2026/08/29 20:06:47.873, 1, 116.38, 0, 0, 3944, 34, 1980
2026/08/29 20:06:47.873, 2, 116.01, 0, 0, 3944, 33, 1980
2026/08/29 20:06:47.873, 3, 120.83, 0, 0, 3944, 36, 1980
2026/08/29 20:06:47.873, 4, 120.89, 0, 0, 3944, 38, 1980
2026/08/29 20:06:47.873, 5, 119.42, 0, 0, 3944, 35, 1980
2026/08/29 20:06:47.874, 6, 121.41, 0, 0, 3944, 36, 1980
2026/08/29 20:06:47.874, 7, 123.65, 0, 0, 3944, 33, 1980
2026/08/29 20:06:52.874, 0, 121.36, 0, 0, 3944, 37, 1980
2026/08/29 20:06:52.874, 1, 116.43, 0, 0, 3944, 34, 1980
2026/08/29 20:06:52.874, 2, 116.05, 0, 0, 3944, 33, 1980
2026/08/29 20:06:52.874, 3, 120.98, 0, 0, 3944, 36, 1980
2026/08/29 20:06:52.874, 4, 121.02, 0, 0, 3944, 38, 1980
2026/08/29 20:06:52.874, 5, 119.46, 0, 0, 3944, 35, 1980
2026/08/29 20:06:52.874, 6, 121.50, 0, 0, 3944, 36, 1980
2026/08/29 20:06:52.874, 7, 123.64, 0, 0, 3944, 33, 1980
2026/08/29 20:06:57.875, 0, 121.43, 0, 0, 3944, 37, 1980
2026/08/29 20:06:57.875, 1, 116.42, 0, 0, 3944, 34, 1980
2026/08/29 20:06:57.875, 2, 116.00, 0, 0, 3944, 33, 1980
2026/08/29 20:06:57.875, 3, 121.01, 0, 0, 3944, 37, 1980
2026/08/29 20:06:57.875, 4, 121.09, 0, 0, 3944, 39, 1980
2026/08/29 20:06:57.875, 5, 119.50, 0, 0, 3944, 35, 1980
2026/08/29 20:06:57.875, 6, 121.52, 0, 0, 3944, 36, 1980
2026/08/29 20:06:57.875, 7, 123.78, 0, 0, 3944, 33, 1980
2026/08/29 20:07:02.875, 0, 121.51, 0, 0, 3944, 38, 1980
2026/08/29 20:07:02.875, 1, 116.45, 0, 0, 3944, 34, 1980
2026/08/29 20:07:02.875, 2, 116.01, 0, 0, 3944, 33, 1980
2026/08/29 20:07:02.875, 3, 121.09, 0, 0, 3944, 37, 1980
2026/08/29 20:07:02.875, 4, 121.10, 0, 0, 3944, 39, 1980
2026/08/29 20:07:02.876, 5, 119.52, 0, 0, 3944, 35, 1980
2026/08/29 20:07:02.876, 6, 121.66, 0, 0, 3944, 36, 1980
2026/08/29 20:07:02.876, 7, 123.65, 0, 0, 3944, 33, 1980
2026/08/29 20:07:07.876, 0, 121.60, 0, 0, 3944, 38, 1980
2026/08/29 20:07:07.876, 1, 116.47, 0, 0, 3944, 34, 1980
2026/08/29 20:07:07.876, 2, 116.10, 0, 0, 3944, 33, 1980
2026/08/29 20:07:07.876, 3, 121.14, 0, 0, 3944, 37, 1980
2026/08/29 20:07:07.876, 4, 121.24, 0, 0, 3944, 39, 1980
2026/08/29 20:07:07.876, 5, 119.51, 0, 0, 3944, 35, 1980
2026/08/29 20:07:07.876, 6, 121.70, 0, 0, 3944, 36, 1980
2026/08/29 20:07:07.876, 7, 123.71, 0, 0, 3944, 33, 1980
2026/08/29 20:07:12.877, 0, 121.65, 0, 0, 3944, 38, 1980
2026/08/29 20:07:12.877, 1, 116.49, 0, 0, 3944, 34, 1980
2026/08/29 20:07:12.877, 2, 116.10, 0, 0, 3944, 33, 1980
2026/08/29 20:07:12.877, 3, 121.18, 0, 0, 3944, 37, 1980
2026/08/29 20:07:12.877, 4, 121.28, 0, 0, 3944, 39, 1980
2026/08/29 20:07:12.877, 5, 119.57, 0, 0, 3944, 35, 1980
2026/08/29 20:07:12.877, 6, 121.80, 0, 0, 3944, 36, 1980
2026/08/29 20:07:12.877, 7, 123.92, 0, 0, 3944, 33, 1980
2026/08/29 20:07:17.878, 0, 121.78, 0, 0, 3944, 38, 1980
2026/08/29 20:07:17.928, 1, 116.52, 0, 0, 3944, 34, 1980
2026/08/29 20:07:17.929, 2, 116.14, 0, 0, 3944, 33, 1980
2026/08/29 20:07:17.931, 3, 121.34, 0, 0, 3944, 37, 1980
2026/08/29 20:07:17.984, 4, 121.38, 0, 0, 3944, 39, 1980
2026/08/29 20:07:17.984, 5, 119.67, 0, 0, 3944, 35, 1980
2026/08/29 20:07:17.984, 6, 121.90, 0, 0, 3944, 37, 1980
2026/08/29 20:07:18.038, 7, 123.93, 0, 0, 3944, 34, 1980
2026/08/29 20:07:23.092, 0, 121.83, 0, 0, 3944, 38, 1980
2026/08/29 20:07:23.092, 1, 116.59, 0, 0, 3944, 34, 1980
2026/08/29 20:07:23.092, 2, 116.21, 0, 0, 3944, 33, 1980
2026/08/29 20:07:23.092, 3, 121.37, 0, 0, 3944, 37, 1980
2026/08/29 20:07:23.092, 4, 121.45, 0, 0, 3944, 39, 1980
2026/08/29 20:07:23.092, 5, 119.65, 0, 0, 3944, 36, 1980
2026/08/29 20:07:23.092, 6, 121.89, 0, 0, 3944, 37, 1980
2026/08/29 20:07:23.092, 7, 123.94, 0, 0, 3944, 34, 1980
2026/08/29 20:07:28.093, 0, 121.86, 0, 0, 3944, 38, 1980
2026/08/29 20:07:28.093, 1, 116.59, 0, 0, 3944, 34, 1980
2026/08/29 20:07:28.093, 2, 116.25, 0, 0, 3944, 33, 1980
2026/08/29 20:07:28.093, 3, 121.46, 0, 0, 3944, 37, 1980
2026/08/29 20:07:28.093, 4, 121.50, 0, 0, 3944, 39, 1980
2026/08/29 20:07:28.093, 5, 119.68, 0, 0, 3944, 36, 1980
2026/08/29 20:07:28.093, 6, 121.96, 0, 0, 3944, 37, 1980
2026/08/29 20:07:28.093, 7, 123.93, 0, 0, 3944, 34, 1980
2026/08/29 20:07:33.093, 0, 121.93, 0, 0, 3944, 38, 1980
2026/08/29 20:07:33.093, 1, 116.67, 0, 0, 3944, 34, 1980
2026/08/29 20:07:33.093, 2, 116.31, 0, 0, 3944, 33, 1980
2026/08/29 20:07:33.093, 3, 121.52, 0, 0, 3944, 37, 1980
2026/08/29 20:07:33.093, 4, 121.60, 0, 0, 3944, 39, 1980
2026/08/29 20:07:33.094, 5, 119.75, 0, 0, 3944, 36, 1980
2026/08/29 20:07:33.094, 6, 122.13, 0, 0, 3944, 37, 1980
2026/08/29 20:07:33.094, 7, 124.09, 0, 0, 3944, 34, 1980
2026/08/29 20:07:38.094, 0, 122.00, 0, 0, 3944, 38, 1980
2026/08/29 20:07:38.094, 1, 116.64, 0, 0, 3944, 34, 1980
2026/08/29 20:07:38.094, 2, 116.32, 0, 0, 3944, 33, 1980
2026/08/29 20:07:38.094, 3, 121.52, 0, 0, 3944, 38, 1980
2026/08/29 20:07:38.094, 4, 121.68, 0, 0, 3944, 40, 1980
2026/08/29 20:07:38.094, 5, 119.74, 0, 0, 3944, 36, 1980
2026/08/29 20:07:38.094, 6, 122.10, 0, 0, 3944, 37, 1980
2026/08/29 20:07:38.094, 7, 124.06, 0, 0, 3944, 34, 1980
2026/08/29 20:07:43.095, 0, 122.02, 0, 0, 3944, 38, 1980
2026/08/29 20:07:43.095, 1, 116.68, 0, 0, 3944, 35, 1980
2026/08/29 20:07:43.095, 2, 116.34, 0, 0, 3944, 34, 1980
2026/08/29 20:07:43.095, 3, 121.61, 0, 0, 3944, 38, 1980
2026/08/29 20:07:43.095, 4, 121.69, 0, 0, 3944, 40, 1980
2026/08/29 20:07:43.095, 5, 119.78, 0, 0, 3944, 36, 1980
2026/08/29 20:07:43.095, 6, 122.17, 0, 0, 3944, 37, 1980
2026/08/29 20:07:43.095, 7, 124.15, 0, 0, 3944, 34, 1980
2026/08/29 20:07:48.095, 0, 122.09, 0, 0, 3944, 39, 1980
2026/08/29 20:07:48.095, 1, 116.71, 0, 0, 3944, 35, 1980
2026/08/29 20:07:48.095, 2, 116.39, 0, 0, 3944, 34, 1980
2026/08/29 20:07:48.095, 3, 121.65, 0, 0, 3944, 38, 1980
2026/08/29 20:07:48.095, 4, 121.75, 0, 0, 3944, 40, 1980
2026/08/29 20:07:48.096, 5, 119.81, 0, 0, 3944, 36, 1980
2026/08/29 20:07:48.096, 6, 122.22, 0, 0, 3944, 37, 1980
2026/08/29 20:07:48.096, 7, 124.25, 0, 0, 3944, 34, 1980
2026/08/29 20:07:53.096, 0, 122.16, 0, 0, 3944, 39, 1980
2026/08/29 20:07:53.096, 1, 116.72, 0, 0, 3944, 35, 1980
2026/08/29 20:07:53.096, 2, 116.37, 0, 0, 3944, 34, 1980
2026/08/29 20:07:53.096, 3, 121.69, 0, 0, 3944, 38, 1980
2026/08/29 20:07:53.096, 4, 121.78, 0, 0, 3944, 40, 1980
2026/08/29 20:07:53.096, 5, 119.84, 0, 0, 3944, 36, 1980
2026/08/29 20:07:53.096, 6, 122.25, 0, 0, 3944, 37, 1980
2026/08/29 20:07:53.096, 7, 124.28, 0, 0, 3944, 34, 1980
2026/08/29 20:07:58.097, 0, 122.19, 0, 0, 3944, 39, 1980
2026/08/29 20:07:58.097, 1, 116.77, 0, 0, 3944, 35, 1980
2026/08/29 20:07:58.100, 2, 116.38, 0, 0, 3944, 34, 1980
2026/08/29 20:07:58.100, 3, 121.77, 0, 0, 3944, 38, 1980
2026/08/29 20:07:58.101, 4, 121.89, 0, 0, 3944, 40, 1980
2026/08/29 20:07:58.104, 5, 119.86, 0, 0, 3944, 36, 1980
2026/08/29 20:07:58.105, 6, 122.34, 0, 0, 3944, 37, 1980
2026/08/29 20:07:58.105, 7, 124.21, 0, 0, 3944, 34, 1980
2026/08/29 20:08:03.106, 0, 122.22, 0, 0, 3944, 39, 1980
2026/08/29 20:08:03.106, 1, 116.76, 0, 0, 3944, 35, 1980
2026/08/29 20:08:03.106, 2, 116.37, 0, 0, 3944, 34, 1980
2026/08/29 20:08:03.106, 3, 121.75, 0, 0, 3944, 38, 1980
2026/08/29 20:08:03.106, 4, 121.89, 0, 0, 3944, 40, 1980
2026/08/29 20:08:03.106, 5, 119.88, 0, 0, 3944, 36, 1980
2026/08/29 20:08:03.106, 6, 122.40, 0, 0, 3944, 37, 1980
2026/08/29 20:08:03.106, 7, 124.27, 0, 0, 3944, 34, 1980
2026/08/29 20:08:08.107, 0, 122.27, 0, 0, 3964, 39, 1980
2026/08/29 20:08:08.107, 1, 116.71, 0, 0, 3964, 35, 1980
2026/08/29 20:08:08.107, 2, 116.42, 0, 0, 3964, 34, 1980
2026/08/29 20:08:08.107, 3, 121.85, 0, 0, 3964, 38, 1980
2026/08/29 20:08:08.107, 4, 121.88, 0, 0, 3964, 40, 1980
2026/08/29 20:08:08.107, 5, 119.86, 0, 0, 3964, 36, 1980
2026/08/29 20:08:08.107, 6, 122.41, 0, 0, 3964, 37, 1980
2026/08/29 20:08:08.107, 7, 124.21, 0, 0, 3964, 34, 1980
2026/08/29 20:08:13.107, 0, 122.29, 0, 0, 3964, 39, 1980
2026/08/29 20:08:13.107, 1, 116.75, 0, 0, 3964, 35, 1980
2026/08/29 20:08:13.107, 2, 116.40, 0, 0, 3964, 34, 1980
2026/08/29 20:08:13.107, 3, 121.84, 0, 0, 3964, 38, 1980
2026/08/29 20:08:13.108, 4, 121.97, 0, 0, 3964, 40, 1980
2026/08/29 20:08:13.108, 5, 119.85, 0, 0, 3964, 36, 1980
2026/08/29 20:08:13.108, 6, 122.43, 0, 0, 3964, 38, 1980
2026/08/29 20:08:13.108, 7, 123.82, 0, 0, 3964, 34, 1980
2026/08/29 20:08:18.108, 0, 122.30, 0, 0, 3964, 39, 1980
2026/08/29 20:08:18.108, 1, 116.72, 0, 0, 3964, 35, 1980
2026/08/29 20:08:18.108, 2, 116.40, 0, 0, 3964, 34, 1980
2026/08/29 20:08:18.108, 3, 121.87, 0, 0, 3964, 38, 1980
2026/08/29 20:08:18.108, 4, 122.02, 0, 0, 3964, 40, 1980
2026/08/29 20:08:18.108, 5, 119.83, 0, 0, 3964, 36, 1980
2026/08/29 20:08:18.108, 6, 122.47, 0, 0, 3964, 38, 1980
2026/08/29 20:08:18.108, 7, 123.87, 0, 0, 3964, 34, 1980
2026/08/29 20:08:23.109, 0, 122.38, 0, 0, 3964, 39, 1980
2026/08/29 20:08:23.109, 1, 116.77, 0, 0, 3964, 35, 1980
2026/08/29 20:08:23.109, 2, 116.44, 0, 0, 3964, 34, 1980
2026/08/29 20:08:23.109, 3, 121.93, 0, 0, 3964, 38, 1980
2026/08/29 20:08:23.109, 4, 122.17, 0, 0, 3964, 40, 1980
2026/08/29 20:08:23.109, 5, 119.92, 0, 0, 3964, 36, 1980
2026/08/29 20:08:23.109, 6, 122.57, 0, 0, 3964, 38, 1980
2026/08/29 20:08:23.109, 7, 123.88, 0, 0, 3964, 34, 1980
2026/08/29 20:08:28.109, 0, 122.39, 0, 0, 3964, 39, 1980
2026/08/29 20:08:28.110, 1, 116.72, 0, 0, 3964, 35, 1980
2026/08/29 20:08:28.110, 2, 116.42, 0, 0, 3964, 34, 1980
2026/08/29 20:08:28.110, 3, 121.95, 0, 0, 3964, 38, 1980
2026/08/29 20:08:28.110, 4, 122.08, 0, 0, 3964, 40, 1980
2026/08/29 20:08:28.110, 5, 119.89, 0, 0, 3964, 36, 1980
2026/08/29 20:08:28.110, 6, 122.55, 0, 0, 3964, 38, 1980
2026/08/29 20:08:28.110, 7, 123.91, 0, 0, 3964, 34, 1980
2026/08/29 20:08:33.110, 0, 122.46, 0, 0, 3964, 39, 1980
2026/08/29 20:08:33.111, 1, 116.76, 0, 0, 3964, 35, 1980
2026/08/29 20:08:33.112, 2, 116.45, 0, 0, 3964, 34, 1980
2026/08/29 20:08:33.113, 3, 122.00, 0, 0, 3964, 38, 1980
2026/08/29 20:08:33.113, 4, 122.10, 0, 0, 3964, 40, 1980
2026/08/29 20:08:33.114, 5, 119.91, 0, 0, 3964, 36, 1980
2026/08/29 20:08:33.115, 6, 122.60, 0, 0, 3964, 38, 1980
2026/08/29 20:08:33.116, 7, 123.80, 0, 0, 3964, 34, 1980
2026/08/29 20:08:38.117, 0, 122.43, 0, 0, 3964, 39, 1980
2026/08/29 20:08:38.119, 1, 116.79, 0, 0, 3964, 35, 1980
2026/08/29 20:08:38.121, 2, 116.42, 0, 0, 3964, 34, 1980
2026/08/29 20:08:38.123, 3, 122.03, 0, 0, 3964, 38, 1980
2026/08/29 20:08:38.124, 4, 122.08, 0, 0, 3964, 40, 1980
2026/08/29 20:08:38.127, 5, 119.87, 0, 0, 3964, 36, 1980
2026/08/29 20:08:38.127, 6, 122.60, 0, 0, 3964, 38, 1980
2026/08/29 20:08:38.128, 7, 123.87, 0, 0, 3964, 34, 1980
2026/08/29 20:08:43.129, 0, 122.45, 0, 0, 3964, 39, 1980
2026/08/29 20:08:43.129, 1, 116.76, 0, 0, 3964, 35, 1980
2026/08/29 20:08:43.129, 2, 116.42, 0, 0, 3964, 34, 1980
2026/08/29 20:08:43.129, 3, 122.03, 0, 0, 3964, 38, 1980
2026/08/29 20:08:43.130, 4, 122.14, 0, 0, 3964, 40, 1980
2026/08/29 20:08:43.130, 5, 119.89, 0, 0, 3964, 36, 1980
2026/08/29 20:08:43.130, 6, 122.61, 0, 0, 3964, 38, 1980
2026/08/29 20:08:43.130, 7, 123.83, 0, 0, 3964, 34, 1980
2026/08/29 20:08:48.130, 0, 122.45, 0, 0, 3964, 39, 1980
2026/08/29 20:08:48.130, 1, 116.76, 0, 0, 3964, 35, 1980
2026/08/29 20:08:48.130, 2, 116.42, 0, 0, 3964, 34, 1980
2026/08/29 20:08:48.130, 3, 122.05, 0, 0, 3964, 38, 1980
2026/08/29 20:08:48.130, 4, 122.18, 0, 0, 3964, 40, 1980
2026/08/29 20:08:48.130, 5, 119.91, 0, 0, 3964, 36, 1980
2026/08/29 20:08:48.130, 6, 122.60, 0, 0, 3964, 38, 1980
2026/08/29 20:08:48.130, 7, 123.87, 0, 0, 3964, 34, 1980
2026/08/29 20:08:53.131, 0, 122.49, 0, 0, 3964, 39, 1980
2026/08/29 20:08:53.131, 1, 116.74, 0, 0, 3964, 35, 1980
2026/08/29 20:08:53.131, 2, 116.43, 0, 0, 3964, 34, 1980
2026/08/29 20:08:53.131, 3, 122.07, 0, 0, 3964, 38, 1980
2026/08/29 20:08:53.131, 4, 122.15, 0, 0, 3964, 40, 1980
2026/08/29 20:08:53.131, 5, 119.87, 0, 0, 3964, 36, 1980
2026/08/29 20:08:53.131, 6, 122.65, 0, 0, 3964, 38, 1980
2026/08/29 20:08:53.131, 7, 123.83, 0, 0, 3964, 34, 1980
2026/08/29 20:08:58.131, 0, 122.54, 0, 0, 3966, 39, 1980
2026/08/29 20:08:58.131, 1, 116.76, 0, 0, 3964, 35, 1980
2026/08/29 20:08:58.131, 2, 116.40, 0, 0, 3966, 34, 1980
2026/08/29 20:08:58.131, 3, 122.08, 0, 0, 3964, 38, 1980
2026/08/29 20:08:58.132, 4, 122.27, 0, 0, 3966, 40, 1980
2026/08/29 20:08:58.132, 5, 119.89, 0, 0, 3964, 36, 1980
2026/08/29 20:08:58.132, 6, 122.66, 0, 0, 3964, 38, 1980
2026/08/29 20:08:58.132, 7, 123.85, 0, 0, 3964, 34, 1980
2026/08/29 20:09:03.132, 0, 122.54, 0, 0, 3966, 39, 1980
2026/08/29 20:09:03.133, 1, 116.77, 0, 0, 3964, 35, 1980
2026/08/29 20:09:03.134, 2, 116.42, 0, 0, 3966, 34, 1980
2026/08/29 20:09:03.134, 3, 122.11, 0, 0, 3966, 38, 1980
2026/08/29 20:09:03.135, 4, 122.34, 0, 0, 3966, 40, 1980
2026/08/29 20:09:03.136, 5, 119.93, 0, 0, 3964, 36, 1980
2026/08/29 20:09:03.137, 6, 122.78, 0, 0, 3964, 38, 1980
2026/08/29 20:09:03.138, 7, 123.89, 0, 0, 3966, 34, 1980
2026/08/29 20:09:08.138, 0, 122.54, 0, 0, 3966, 39, 1980
2026/08/29 20:09:08.139, 1, 116.83, 0, 0, 3964, 35, 1980
2026/08/29 20:09:08.140, 2, 116.45, 0, 0, 3968, 34, 1980
2026/08/29 20:09:08.141, 3, 122.19, 0, 0, 3966, 39, 1980
2026/08/29 20:09:08.141, 4, 122.41, 0, 0, 3968, 41, 1980
2026/08/29 20:09:08.142, 5, 119.91, 0, 0, 3964, 36, 1980
2026/08/29 20:09:08.144, 6, 122.80, 0, 0, 3966, 38, 1980
2026/08/29 20:09:08.144, 7, 123.92, 0, 0, 3966, 34, 1980
2026/08/29 20:09:13.146, 0, 122.57, 0, 0, 3968, 39, 1980
2026/08/29 20:09:13.146, 1, 116.75, 0, 0, 3966, 35, 1980
2026/08/29 20:09:13.146, 2, 116.42, 0, 0, 3968, 34, 1980
2026/08/29 20:09:13.146, 3, 122.14, 0, 0, 3968, 39, 1980
2026/08/29 20:09:13.146, 4, 122.36, 0, 0, 3968, 41, 1980
2026/08/29 20:09:13.146, 5, 119.91, 0, 0, 3966, 36, 1980
2026/08/29 20:09:13.146, 6, 122.78, 0, 0, 3966, 38, 1980
2026/08/29 20:09:13.146, 7, 123.89, 0, 0, 3966, 34, 1980
2026/08/29 20:09:18.146, 0, 122.56, 0, 0, 3968, 39, 1980
2026/08/29 20:09:18.146, 1, 116.77, 0, 0, 3966, 35, 1980
2026/08/29 20:09:18.147, 2, 116.44, 0, 0, 3968, 34, 1980
2026/08/29 20:09:18.147, 3, 122.18, 0, 0, 3968, 39, 1980
2026/08/29 20:09:18.147, 4, 122.37, 0, 0, 3968, 41, 1980
2026/08/29 20:09:18.147, 5, 119.90, 0, 0, 3966, 36, 1980
2026/08/29 20:09:18.147, 6, 122.85, 0, 0, 3968, 38, 1980
2026/08/29 20:09:18.147, 7, 123.86, 0, 0, 3968, 34, 1980
2026/08/29 20:09:23.147, 0, 122.60, 0, 0, 3970, 40, 1980
2026/08/29 20:09:23.147, 1, 116.77, 0, 0, 3968, 35, 1980
2026/08/29 20:09:23.147, 2, 116.44, 0, 0, 3970, 34, 1980
2026/08/29 20:09:23.147, 3, 122.18, 0, 0, 3968, 39, 1980
2026/08/29 20:09:23.147, 4, 122.36, 0, 0, 3970, 41, 1980
2026/08/29 20:09:23.147, 5, 119.95, 0, 0, 3968, 36, 1980
2026/08/29 20:09:23.147, 6, 122.82, 0, 0, 3968, 38, 1980
2026/08/29 20:09:23.147, 7, 123.91, 0, 0, 3968, 34, 1980
2026/08/29 20:09:28.148, 0, 387.23, 91, 61, 7386, 45, 1980
2026/08/29 20:09:28.148, 1, 116.75, 0, 0, 3968, 35, 1980
2026/08/29 20:09:28.148, 2, 119.03, 0, 0, 7454, 35, 1980
2026/08/29 20:09:28.148, 3, 122.14, 0, 0, 3970, 39, 1980
2026/08/29 20:09:28.148, 4, 123.34, 0, 0, 7454, 42, 1980
2026/08/29 20:09:28.148, 5, 119.95, 0, 0, 3968, 36, 1980
2026/08/29 20:09:28.148, 6, 122.85, 0, 0, 3968, 38, 1980
2026/08/29 20:09:28.148, 7, 123.91, 0, 0, 3968, 34, 1980
2026/08/29 20:09:33.149, 0, 124.04, 0, 0, 7454, 40, 1980
2026/08/29 20:09:33.149, 1, 116.79, 0, 0, 3968, 35, 1980
2026/08/29 20:09:33.150, 2, 165.34, 0, 0, 7454, 35, 1980
2026/08/29 20:09:33.151, 3, 123.93, 0, 0, 7454, 40, 1980
2026/08/29 20:09:33.151, 4, 167.88, 0, 0, 7454, 42, 1980
2026/08/29 20:09:33.152, 5, 119.93, 0, 0, 3968, 36, 1980
2026/08/29 20:09:33.154, 6, 122.88, 0, 0, 3970, 38, 1980
2026/08/29 20:09:33.154, 7, 351.13, 98, 36, 7162, 42, 1980
2026/08/29 20:09:38.156, 0, 122.69, 0, 0, 7454, 40, 1980
2026/08/29 20:09:38.156, 1, 290.07, 0, 0, 7380, 38, 1980
2026/08/29 20:09:38.156, 2, 118.87, 0, 0, 7454, 34, 1980
2026/08/29 20:09:38.157, 3, 125.35, 0, 0, 7454, 40, 1980
2026/08/29 20:09:38.158, 4, 123.11, 0, 0, 7454, 41, 1980
2026/08/29 20:09:38.159, 5, 119.96, 0, 0, 3970, 36, 1980
2026/08/29 20:09:38.160, 6, 271.69, 0, 0, 7232, 40, 1980
2026/08/29 20:09:38.160, 7, 125.19, 0, 0, 7234, 35, 1980
2026/08/29 20:09:43.162, 0, 122.69, 0, 0, 7974, 40, 1980
2026/08/29 20:09:43.162, 1, 117.34, 0, 0, 7454, 36, 1980
2026/08/29 20:09:43.163, 2, 118.28, 0, 0, 7974, 34, 1980
2026/08/29 20:09:43.164, 3, 123.60, 0, 0, 7454, 40, 1980
2026/08/29 20:09:43.164, 4, 123.07, 0, 0, 7974, 41, 1980
2026/08/29 20:09:43.165, 5, 254.56, 5, 4, 7452, 38, 1980
2026/08/29 20:09:43.168, 6, 124.58, 0, 0, 7234, 39, 1980
2026/08/29 20:09:43.169, 7, 124.60, 0, 0, 7234, 35, 1980
2026/08/29 20:09:48.170, 0, 122.70, 0, 0, 8314, 40, 1980
2026/08/29 20:09:48.170, 1, 117.18, 0, 0, 7454, 36, 1980
2026/08/29 20:09:48.170, 2, 118.75, 0, 0, 8314, 34, 1980
2026/08/29 20:09:48.170, 3, 123.55, 0, 0, 7974, 40, 1980
2026/08/29 20:09:48.170, 4, 123.02, 0, 0, 8314, 41, 1980
2026/08/29 20:09:48.170, 5, 121.02, 0, 0, 7454, 37, 1980
2026/08/29 20:09:48.170, 6, 124.58, 0, 0, 7234, 39, 1980
2026/08/29 20:09:48.170, 7, 126.66, 0, 0, 7234, 35, 1980
2026/08/29 20:09:53.171, 0, 122.69, 0, 0, 8314, 40, 1980
2026/08/29 20:09:53.171, 1, 117.21, 0, 0, 7454, 35, 1980
2026/08/29 20:09:53.171, 2, 183.75, 0, 0, 22736, 35, 1980
2026/08/29 20:09:53.171, 3, 144.03, 0, 0, 8314, 40, 1980
2026/08/29 20:09:53.171, 4, 135.32, 0, 0, 22736, 42, 1980
2026/08/29 20:09:53.171, 5, 121.06, 0, 0, 7454, 37, 1980
2026/08/29 20:09:53.171, 6, 124.62, 0, 0, 7714, 39, 1980
2026/08/29 20:09:53.171, 7, 158.65, 0, 0, 8034, 35, 1980
2026/08/29 20:09:58.171, 0, 124.52, 0, 0, 22736, 40, 1980
2026/08/29 20:09:58.172, 1, 117.18, 0, 0, 7974, 35, 1980
2026/08/29 20:09:58.172, 2, 163.07, 0, 0, 24296, 35, 1980
2026/08/29 20:09:58.172, 3, 150.80, 0, 0, 22736, 40, 1980
2026/08/29 20:09:58.172, 4, 168.80, 0, 0, 24356, 42, 1980
2026/08/29 20:09:58.172, 5, 121.02, 0, 0, 7974, 37, 1980
2026/08/29 20:09:58.172, 6, 124.61, 0, 0, 8034, 39, 1980
2026/08/29 20:09:58.172, 7, 124.46, 0, 0, 8034, 35, 1980
2026/08/29 20:10:03.172, 0, 124.87, 100, 0, 25820, 41, 1980
2026/08/29 20:10:03.175, 1, 117.22, 0, 0, 8314, 35, 1980
2026/08/29 20:10:03.183, 2, 119.21, 100, 0, 25820, 34, 1980
2026/08/29 20:10:03.190, 3, 125.66, 0, 0, 24296, 40, 1980
2026/08/29 20:10:03.196, 4, 125.03, 100, 0, 25820, 42, 1980
2026/08/29 20:10:03.196, 5, 120.39, 0, 0, 8314, 37, 1980
2026/08/29 20:10:03.198, 6, 124.62, 0, 0, 8034, 39, 1980
2026/08/29 20:10:03.200, 7, 130.33, 2, 1, 19710, 35, 1980
2026/08/29 20:10:08.207, 0, 124.92, 100, 0, 25820, 40, 1980
2026/08/29 20:10:08.210, 1, 122.25, 1, 0, 17006, 35, 1980
2026/08/29 20:10:08.214, 2, 119.15, 100, 0, 25820, 34, 1980
2026/08/29 20:10:08.217, 3, 125.59, 100, 0, 25820, 40, 1980
2026/08/29 20:10:08.220, 4, 124.21, 100, 0, 25820, 42, 1980
2026/08/29 20:10:08.220, 5, 157.74, 0, 0, 10418, 37, 1980
2026/08/29 20:10:08.223, 6, 126.30, 19, 16, 21534, 39, 1980
2026/08/29 20:10:08.227, 7, 124.49, 0, 0, 21534, 35, 1980
2026/08/29 20:10:13.231, 0, 125.13, 100, 0, 25820, 40, 1980
2026/08/29 20:10:13.235, 1, 117.24, 0, 0, 22736, 35, 1980
2026/08/29 20:10:13.240, 2, 119.12, 100, 0, 25820, 34, 1980
2026/08/29 20:10:13.244, 3, 125.57, 100, 0, 25820, 40, 1980
2026/08/29 20:10:13.249, 4, 124.15, 100, 0, 25820, 42, 1980
2026/08/29 20:10:13.256, 5, 123.83, 0, 0, 22736, 37, 1980
2026/08/29 20:10:13.260, 6, 128.34, 0, 0, 23034, 39, 1980
2026/08/29 20:10:13.262, 7, 124.73, 100, 0, 24418, 35, 1980
2026/08/29 20:10:18.273, 0, 124.85, 100, 0, 25820, 40, 1980
2026/08/29 20:10:18.273, 1, 117.83, 0, 0, 25758, 35, 1980
2026/08/29 20:10:18.273, 2, 117.88, 100, 0, 25820, 34, 1980
2026/08/29 20:10:18.273, 3, 125.50, 100, 0, 25820, 40, 1980
2026/08/29 20:10:18.273, 4, 124.11, 100, 0, 25820, 42, 1980
2026/08/29 20:10:18.273, 5, 164.28, 0, 0, 24296, 37, 1980
2026/08/29 20:10:18.273, 6, 125.04, 100, 0, 24418, 39, 1980
2026/08/29 20:10:18.273, 7, 124.78, 100, 0, 24418, 35, 1980
2026/08/29 20:10:23.273, 0, 402.76, 91, 60, 27336, 45, 1980
2026/08/29 20:10:23.273, 1, 395.83, 92, 59, 27336, 41, 1980
2026/08/29 20:10:23.273, 2, 395.19, 91, 65, 27336, 40, 1980
2026/08/29 20:10:23.273, 3, 406.44, 91, 55, 27336, 45, 1980
2026/08/29 20:10:23.273, 4, 391.94, 92, 58, 27336, 46, 1980
2026/08/29 20:10:23.273, 5, 396.88, 92, 60, 27336, 43, 1980
2026/08/29 20:10:23.273, 6, 408.29, 93, 59, 25834, 44, 1980
2026/08/29 20:10:23.274, 7, 405.88, 91, 63, 25834, 41, 1980
2026/08/29 20:10:28.274, 0, 474.97, 58, 28, 31578, 48, 1980
2026/08/29 20:10:28.274, 1, 457.21, 43, 25, 31578, 49, 1980
2026/08/29 20:10:28.274, 2, 470.82, 51, 31, 31578, 47, 1980
2026/08/29 20:10:28.274, 3, 470.33, 50, 30, 31578, 52, 1980
2026/08/29 20:10:28.274, 4, 458.27, 49, 25, 30478, 49, 1980
2026/08/29 20:10:28.274, 5, 457.86, 92, 53, 30338, 46, 1980
2026/08/29 20:10:28.274, 6, 469.84, 95, 51, 30458, 49, 1980
2026/08/29 20:10:28.274, 7, 458.22, 88, 46, 30458, 44, 1980
2026/08/29 20:10:33.275, 0, 181.37, 97, 14, 31578, 44, 1980
2026/08/29 20:10:33.280, 1, 174.47, 100, 0, 31578, 39, 1980
2026/08/29 20:10:33.281, 2, 119.02, 0, 0, 31578, 37, 1980
2026/08/29 20:10:33.284, 3, 124.99, 0, 0, 31578, 43, 1980
2026/08/29 20:10:33.284, 4, 179.17, 93, 35, 30478, 46, 1980
2026/08/29 20:10:33.285, 5, 174.35, 97, 27, 30338, 40, 1980
2026/08/29 20:10:33.287, 6, 126.38, 0, 0, 30458, 42, 1980
2026/08/29 20:10:33.289, 7, 126.38, 0, 0, 30458, 37, 1980
2026/08/29 20:10:38.291, 0, 457.73, 87, 45, 32198, 53, 1980
2026/08/29 20:10:38.291, 1, 443.27, 97, 58, 32158, 50, 1980
2026/08/29 20:10:38.293, 2, 443.32, 40, 21, 31738, 50, 1980
2026/08/29 20:10:38.293, 3, 461.97, 86, 50, 31578, 50, 1980
2026/08/29 20:10:38.294, 4, 450.40, 96, 56, 31018, 53, 1980
2026/08/29 20:10:38.296, 5, 442.55, 92, 52, 30938, 51, 1980
2026/08/29 20:10:38.298, 6, 444.15, 91, 49, 30818, 49, 1980
2026/08/29 20:10:38.299, 7, 449.43, 49, 28, 30458, 48, 1980
2026/08/29 20:10:43.300, 0, 439.18, 85, 41, 32198, 55, 1980
2026/08/29 20:10:43.306, 1, 430.85, 61, 30, 32158, 52, 1980
2026/08/29 20:10:43.309, 2, 440.50, 46, 25, 31938, 51, 1980
2026/08/29 20:10:43.313, 3, 440.29, 46, 23, 31578, 55, 1980
2026/08/29 20:10:43.316, 4, 434.87, 75, 36, 31538, 56, 1980
2026/08/29 20:10:43.318, 5, 443.27, 85, 38, 31618, 52, 1980
2026/08/29 20:10:43.320, 6, 439.47, 86, 42, 30878, 54, 1980
2026/08/29 20:10:43.322, 7, 432.89, 94, 54, 30458, 49, 1980
2026/08/29 20:10:48.325, 0, 499.23, 91, 55, 32198, 57, 1980
2026/08/29 20:10:48.326, 1, 475.32, 95, 60, 32158, 49, 1980
2026/08/29 20:10:48.328, 2, 468.26, 83, 49, 31938, 50, 1980
2026/08/29 20:10:48.328, 3, 494.70, 86, 54, 31618, 54, 1980
2026/08/29 20:10:48.330, 4, 481.95, 48, 31, 31538, 57, 1980
2026/08/29 20:10:48.332, 5, 478.67, 45, 28, 31620, 54, 1980
2026/08/29 20:10:48.333, 6, 487.00, 86, 54, 30878, 53, 1980
2026/08/29 20:10:48.335, 7, 482.65, 92, 56, 30458, 51, 1980
2026/08/29 20:10:53.335, 0, 526.18, 70, 43, 32198, 57, 1980
2026/08/29 20:10:53.336, 1, 489.36, 96, 58, 32158, 52, 1980
2026/08/29 20:10:53.336, 2, 494.04, 99, 57, 31938, 54, 1980
2026/08/29 20:10:53.336, 3, 516.61, 99, 56, 31618, 58, 1980
2026/08/29 20:10:53.336, 4, 483.46, 86, 52, 31538, 56, 1980
2026/08/29 20:10:53.336, 5, 477.52, 69, 38, 31620, 56, 1980
2026/08/29 20:10:53.336, 6, 498.98, 45, 25, 31278, 57, 1980
2026/08/29 20:10:53.336, 7, 494.49, 97, 56, 30458, 49, 1980
2026/08/29 20:10:58.336, 0, 513.70, 93, 52, 32278, 60, 1980
2026/08/29 20:10:58.337, 1, 496.47, 99, 58, 32158, 55, 1980
2026/08/29 20:10:58.340, 2, 483.87, 93, 52, 31938, 55, 1980
2026/08/29 20:10:58.340, 3, 512.17, 87, 50, 31618, 56, 1980
2026/08/29 20:10:58.340, 4, 494.26, 47, 28, 31538, 60, 1980
2026/08/29 20:10:58.340, 5, 481.65, 91, 46, 31620, 56, 1980
2026/08/29 20:10:58.340, 6, 487.21, 42, 23, 31278, 59, 1980
2026/08/29 20:10:58.340, 7, 496.79, 60, 30, 31038, 53, 1980
2026/08/29 20:11:03.341, 0, 491.48, 85, 46, 32278, 61, 1980
2026/08/29 20:11:03.342, 1, 489.08, 60, 34, 32158, 56, 1980
2026/08/29 20:11:03.342, 2, 502.77, 90, 47, 31940, 52, 1980
2026/08/29 20:11:03.344, 3, 490.36, 88, 48, 31678, 61, 1980
2026/08/29 20:11:03.346, 4, 476.83, 93, 45, 31538, 61, 1980
2026/08/29 20:11:03.348, 5, 491.17, 93, 46, 31620, 55, 1980
2026/08/29 20:11:03.350, 6, 504.31, 95, 48, 31278, 57, 1980
2026/08/29 20:11:03.350, 7, 485.62, 94, 49, 31038, 52, 1980
2026/08/29 20:11:08.352, 0, 515.07, 85, 44, 32278, 63, 1980
2026/08/29 20:11:08.354, 1, 488.42, 94, 58, 32158, 55, 1980
2026/08/29 20:11:08.355, 2, 497.25, 90, 54, 31940, 53, 1980
2026/08/29 20:11:08.356, 3, 501.73, 85, 50, 31678, 62, 1980
2026/08/29 20:11:08.357, 4, 484.70, 83, 42, 31538, 64, 1980
2026/08/29 20:11:08.359, 5, 484.21, 92, 54, 31620, 58, 1980
2026/08/29 20:11:08.361, 6, 494.10, 85, 49, 31278, 59, 1980
2026/08/29 20:11:08.363, 7, 493.94, 98, 59, 31038, 56, 1980
2026/08/29 20:11:13.363, 0, 507.11, 94, 47, 32338, 64, 1980
2026/08/29 20:11:13.364, 1, 484.44, 69, 33, 32158, 57, 1980
2026/08/29 20:11:13.366, 2, 491.05, 49, 24, 31940, 56, 1980
2026/08/29 20:11:13.368, 3, 502.51, 49, 24, 31758, 63, 1980
2026/08/29 20:11:13.369, 4, 482.55, 83, 36, 31538, 63, 1980
2026/08/29 20:11:13.370, 5, 492.73, 93, 43, 31620, 57, 1980
2026/08/29 20:11:13.372, 6, 506.09, 94, 45, 31278, 62, 1980
2026/08/29 20:11:13.374, 7, 490.07, 100, 55, 31038, 54, 1980
2026/08/29 20:11:18.376, 0, 475.58, 93, 53, 32340, 66, 1980
2026/08/29 20:11:18.377, 1, 458.23, 100, 57, 32160, 56, 1980
2026/08/29 20:11:18.379, 2, 485.42, 84, 47, 32060, 55, 1980
2026/08/29 20:11:18.381, 3, 463.47, 89, 48, 31998, 63, 1980
2026/08/29 20:11:18.382, 4, 471.37, 100, 57, 31978, 64, 1980
2026/08/29 20:11:18.383, 5, 465.14, 95, 49, 31620, 57, 1980
2026/08/29 20:11:18.384, 6, 491.90, 95, 46, 31278, 61, 1980
2026/08/29 20:11:18.387, 7, 460.92, 56, 30, 31040, 56, 1980
2026/08/29 20:11:23.388, 0, 492.63, 64, 31, 32340, 64, 1980
2026/08/29 20:11:23.389, 1, 477.08, 87, 45, 32160, 57, 1980
2026/08/29 20:11:23.389, 2, 474.91, 44, 26, 32060, 55, 1980
2026/08/29 20:11:23.389, 3, 477.02, 85, 38, 31998, 63, 1980
2026/08/29 20:11:23.389, 4, 470.85, 85, 39, 31978, 65, 1980
2026/08/29 20:11:23.389, 5, 472.75, 89, 46, 31620, 55, 1980
2026/08/29 20:11:23.389, 6, 479.01, 95, 54, 31278, 62, 1980
2026/08/29 20:11:23.389, 7, 464.45, 62, 30, 31040, 52, 1980
2026/08/29 20:11:28.389, 0, 480.56, 41, 24, 32340, 66, 1980
2026/08/29 20:11:28.389, 1, 453.23, 47, 29, 32160, 56, 1980
2026/08/29 20:11:28.389, 2, 454.85, 73, 40, 32060, 52, 1980
2026/08/29 20:11:28.389, 3, 453.76, 70, 38, 31998, 60, 1980
2026/08/29 20:11:28.389, 4, 463.49, 41, 23, 31978, 64, 1980
2026/08/29 20:11:28.390, 5, 453.88, 88, 43, 31620, 55, 1980
2026/08/29 20:11:28.390, 6, 460.48, 91, 54, 31278, 59, 1980
2026/08/29 20:11:28.390, 7, 461.58, 93, 50, 31040, 54, 1980
2026/08/29 20:11:33.390, 0, 480.42, 6, 2, 32340, 66, 1980
2026/08/29 20:11:33.390, 1, 456.67, 97, 22, 32160, 56, 1980
2026/08/29 20:11:33.392, 2, 462.57, 92, 30, 32060, 55, 1980
2026/08/29 20:11:33.393, 3, 473.59, 85, 29, 31998, 64, 1980
2026/08/29 20:11:33.395, 4, 462.33, 90, 17, 31978, 65, 1980
2026/08/29 20:11:33.396, 5, 456.15, 90, 15, 31620, 57, 1980
2026/08/29 20:11:33.397, 6, 476.39, 76, 29, 31278, 63, 1980
2026/08/29 20:11:33.398, 7, 465.62, 91, 16, 31040, 53, 1980
2026/08/29 20:11:38.401, 0, 503.03, 61, 29, 32340, 67, 1980
2026/08/29 20:11:38.401, 1, 467.90, 38, 19, 32160, 55, 1980
2026/08/29 20:11:38.402, 2, 486.11, 90, 47, 32060, 56, 1980
2026/08/29 20:11:38.404, 3, 494.73, 34, 21, 31998, 65, 1980
2026/08/29 20:11:38.404, 4, 486.49, 54, 23, 31978, 65, 1980
2026/08/29 20:11:38.406, 5, 488.96, 70, 28, 31620, 56, 1980
2026/08/29 20:11:38.407, 6, 497.60, 76, 38, 31280, 64, 1980
2026/08/29 20:11:38.407, 7, 481.43, 90, 49, 31040, 55, 1980
2026/08/29 20:11:43.409, 0, 357.69, 87, 43, 32340, 65, 1980
2026/08/29 20:11:43.410, 1, 301.03, 56, 27, 32160, 54, 1980
2026/08/29 20:11:43.410, 2, 324.90, 45, 27, 32060, 55, 1980
2026/08/29 20:11:43.412, 3, 322.64, 84, 45, 31998, 65, 1980
2026/08/29 20:11:43.414, 4, 316.58, 100, 55, 31978, 64, 1980
2026/08/29 20:11:43.414, 5, 304.41, 93, 49, 31620, 55, 1980
2026/08/29 20:11:43.415, 6, 333.11, 94, 46, 31280, 63, 1980
2026/08/29 20:11:43.417, 7, 293.34, 77, 35, 31040, 54, 1980
2026/08/29 20:11:48.417, 0, 501.20, 76, 38, 32340, 63, 1980
2026/08/29 20:11:48.419, 1, 477.71, 80, 25, 32160, 52, 1980
2026/08/29 20:11:48.421, 2, 455.49, 82, 49, 32060, 50, 1980
2026/08/29 20:11:48.422, 3, 475.44, 54, 25, 31998, 60, 1980
2026/08/29 20:11:48.423, 4, 472.84, 93, 27, 31980, 63, 1980
2026/08/29 20:11:48.424, 5, 479.70, 92, 52, 31620, 56, 1980
2026/08/29 20:11:48.427, 6, 474.24, 87, 28, 31280, 63, 1980
2026/08/29 20:11:48.428, 7, 464.15, 45, 27, 31040, 52, 1980
2026/08/29 20:11:53.430, 0, 503.03, 54, 26, 32340, 64, 1980
2026/08/29 20:11:53.430, 1, 480.23, 56, 27, 32160, 52, 1980
2026/08/29 20:11:53.430, 2, 487.38, 43, 25, 32060, 54, 1980
2026/08/29 20:11:53.430, 3, 486.79, 46, 27, 31998, 64, 1980
2026/08/29 20:11:53.430, 4, 488.19, 72, 32, 31980, 61, 1980
2026/08/29 20:11:53.430, 5, 488.25, 51, 30, 31620, 53, 1980
2026/08/29 20:11:53.430, 6, 494.23, 92, 24, 31280, 63, 1980
2026/08/29 20:11:53.430, 7, 489.46, 79, 30, 31040, 52, 1980
2026/08/29 20:11:58.431, 0, 490.27, 89, 51, 32340, 66, 1980
2026/08/29 20:11:58.431, 1, 453.08, 81, 29, 32160, 55, 1980
2026/08/29 20:11:58.431, 2, 460.91, 86, 53, 32060, 54, 1980
2026/08/29 20:11:58.431, 3, 495.00, 67, 39, 31998, 60, 1980
2026/08/29 20:11:58.431, 4, 460.03, 80, 31, 31980, 65, 1980
2026/08/29 20:11:58.431, 5, 465.92, 96, 41, 31620, 54, 1980
2026/08/29 20:11:58.431, 6, 483.32, 91, 27, 31280, 62, 1980
2026/08/29 20:11:58.431, 7, 487.45, 96, 46, 31040, 53, 1980
2026/08/29 20:12:03.431, 0, 496.70, 49, 22, 32340, 66, 1980
2026/08/29 20:12:03.432, 1, 457.66, 49, 16, 32160, 55, 1980
2026/08/29 20:12:03.434, 2, 471.15, 83, 49, 32060, 51, 1980
2026/08/29 20:12:03.434, 3, 459.79, 27, 14, 32000, 64, 1980
2026/08/29 20:12:03.434, 4, 480.31, 64, 18, 31980, 64, 1980
2026/08/29 20:12:03.436, 5, 468.01, 91, 48, 31700, 55, 1980
2026/08/29 20:12:03.437, 6, 479.00, 87, 26, 31280, 60, 1980
2026/08/29 20:12:03.438, 7, 459.58, 46, 28, 31040, 52, 1980
2026/08/29 20:12:08.440, 0, 499.70, 99, 60, 32340, 65, 1980
2026/08/29 20:12:08.440, 1, 478.61, 94, 55, 32160, 52, 1980
2026/08/29 20:12:08.443, 2, 477.32, 45, 26, 32060, 55, 1980
2026/08/29 20:12:08.444, 3, 481.94, 99, 57, 32000, 65, 1980
2026/08/29 20:12:08.446, 4, 478.74, 80, 47, 31980, 62, 1980
2026/08/29 20:12:08.446, 5, 480.96, 63, 36, 31700, 58, 1980
2026/08/29 20:12:08.448, 6, 500.59, 99, 56, 31280, 63, 1980
2026/08/29 20:12:08.450, 7, 478.59, 97, 57, 31040, 50, 1980
2026/08/29 20:12:13.452, 0, 493.94, 91, 52, 32340, 66, 1980
2026/08/29 20:12:13.456, 1, 469.33, 92, 54, 32160, 54, 1980
2026/08/29 20:12:13.458, 2, 476.70, 87, 40, 32060, 56, 1980
2026/08/29 20:12:13.459, 3, 487.05, 89, 41, 32000, 62, 1980
2026/08/29 20:12:13.461, 4, 473.80, 100, 57, 31980, 66, 1980
2026/08/29 20:12:13.463, 5, 469.75, 83, 22, 31700, 55, 1980
2026/08/29 20:12:13.463, 6, 477.27, 91, 47, 31280, 62, 1980
2026/08/29 20:12:13.463, 7, 470.37, 97, 54, 31040, 55, 1980
2026/08/29 20:12:18.465, 0, 512.82, 94, 55, 32360, 67, 1980
2026/08/29 20:12:18.467, 1, 489.93, 78, 46, 32160, 52, 1980
2026/08/29 20:12:18.468, 2, 486.93, 93, 51, 32060, 54, 1980
2026/08/29 20:12:18.469, 3, 478.07, 91, 48, 32000, 65, 1980
2026/08/29 20:12:18.471, 4, 487.42, 60, 33, 31980, 66, 1980
2026/08/29 20:12:18.473, 5, 491.47, 73, 33, 31700, 57, 1980
2026/08/29 20:12:18.475, 6, 496.45, 93, 49, 31280, 63, 1980
2026/08/29 20:12:18.476, 7, 471.44, 99, 57, 31040, 52, 1980
2026/08/29 20:12:23.477, 0, 499.25, 93, 51, 32360, 66, 1980
2026/08/29 20:12:23.477, 1, 466.54, 84, 42, 32180, 54, 1980
2026/08/29 20:12:23.477, 2, 467.12, 56, 27, 32060, 51, 1980
2026/08/29 20:12:23.477, 3, 475.60, 58, 28, 32160, 65, 1980
2026/08/29 20:12:23.478, 4, 465.03, 92, 49, 32040, 65, 1980
2026/08/29 20:12:23.478, 5, 466.17, 45, 26, 31700, 57, 1980
2026/08/29 20:12:23.478, 6, 477.26, 80, 41, 31280, 63, 1980
2026/08/29 20:12:23.478, 7, 468.46, 45, 23, 31040, 54, 1980
2026/08/29 20:12:28.478, 0, 502.94, 96, 60, 32360, 63, 1980
2026/08/29 20:12:28.478, 1, 468.07, 93, 58, 32180, 53, 1980
2026/08/29 20:12:28.478, 2, 471.94, 48, 29, 32060, 55, 1980
2026/08/29 20:12:28.478, 3, 497.60, 48, 30, 32160, 64, 1980
2026/08/29 20:12:28.478, 4, 484.47, 96, 51, 32040, 62, 1980
2026/08/29 20:12:28.478, 5, 477.92, 70, 43, 31700, 54, 1980
2026/08/29 20:12:28.478, 6, 491.14, 95, 59, 31280, 64, 1980
2026/08/29 20:12:28.478, 7, 473.32, 60, 29, 31040, 50, 1980
2026/08/29 20:12:33.479, 0, 513.53, 41, 20, 32360, 67, 1980
2026/08/29 20:12:33.483, 1, 480.93, 95, 38, 32180, 56, 1980
2026/08/29 20:12:33.485, 2, 478.96, 93, 52, 32060, 56, 1980
2026/08/29 20:12:33.486, 3, 486.50, 76, 31, 32160, 65, 1980
2026/08/29 20:12:33.487, 4, 477.05, 92, 28, 32040, 65, 1980
2026/08/29 20:12:33.489, 5, 478.99, 95, 52, 31700, 56, 1980
2026/08/29 20:12:33.491, 6, 491.95, 70, 31, 31280, 64, 1980
2026/08/29 20:12:33.493, 7, 478.75, 100, 58, 31040, 53, 1980
2026/08/29 20:12:38.495, 0, 506.93, 45, 22, 32360, 67, 1980
2026/08/29 20:12:38.496, 1, 476.36, 44, 27, 32180, 55, 1980
2026/08/29 20:12:38.497, 2, 484.34, 57, 33, 32060, 53, 1980
2026/08/29 20:12:38.499, 3, 489.89, 53, 32, 32160, 61, 1980
2026/08/29 20:12:38.499, 4, 485.12, 45, 24, 32040, 65, 1980
2026/08/29 20:12:38.500, 5, 492.44, 93, 31, 31700, 53, 1980
2026/08/29 20:12:38.503, 6, 499.86, 74, 29, 31280, 60, 1980
2026/08/29 20:12:38.505, 7, 480.79, 93, 51, 31040, 52, 1980
2026/08/29 20:12:43.506, 0, 510.02, 44, 23, 32360, 66, 1980
2026/08/29 20:12:43.507, 1, 486.26, 96, 29, 32180, 54, 1980
2026/08/29 20:12:43.510, 2, 490.08, 69, 39, 32060, 54, 1980
2026/08/29 20:12:43.518, 3, 509.04, 63, 29, 32160, 65, 1980
2026/08/29 20:12:43.519, 4, 488.69, 93, 30, 32040, 65, 1980
2026/08/29 20:12:43.520, 5, 491.37, 91, 49, 31700, 55, 1980
2026/08/29 20:12:43.521, 6, 509.01, 59, 28, 31280, 60, 1980
2026/08/29 20:12:43.527, 7, 492.01, 45, 26, 31040, 53, 1980
2026/08/29 20:12:48.537, 0, 502.88, 40, 24, 32360, 66, 1980
2026/08/29 20:12:48.538, 1, 484.91, 59, 35, 32180, 53, 1980
2026/08/29 20:12:48.538, 2, 487.56, 90, 54, 32060, 54, 1980
2026/08/29 20:12:48.540, 3, 518.99, 88, 53, 32160, 62, 1980
2026/08/29 20:12:48.542, 4, 504.62, 42, 27, 32040, 65, 1980
2026/08/29 20:12:48.544, 5, 488.15, 100, 54, 31700, 57, 1980
2026/08/29 20:12:48.545, 6, 523.48, 47, 23, 31280, 61, 1980
2026/08/29 20:12:48.545, 7, 493.44, 100, 54, 31040, 54, 1980
2026/08/29 20:12:53.547, 0, 518.43, 51, 25, 32360, 65, 1980
2026/08/29 20:12:53.547, 1, 499.06, 85, 47, 32180, 56, 1980
2026/08/29 20:12:53.547, 2, 521.08, 56, 34, 32060, 54, 1980
2026/08/29 20:12:53.548, 3, 518.25, 73, 34, 32160, 64, 1980
2026/08/29 20:12:53.548, 4, 515.07, 84, 45, 32040, 63, 1980
2026/08/29 20:12:53.548, 5, 502.35, 88, 49, 31700, 54, 1980
2026/08/29 20:12:53.548, 6, 523.64, 69, 33, 31280, 63, 1980
2026/08/29 20:12:53.548, 7, 507.16, 49, 25, 31040, 52, 1980
2026/08/29 20:12:58.548, 0, 439.64, 91, 52, 32364, 66, 1980
2026/08/29 20:12:58.548, 1, 383.51, 52, 31, 32182, 55, 1980
2026/08/29 20:12:58.548, 2, 406.86, 93, 55, 32068, 55, 1980
2026/08/29 20:12:58.548, 3, 431.60, 93, 55, 32166, 64, 1980
2026/08/29 20:12:58.548, 4, 403.61, 41, 24, 32046, 66, 1980
2026/08/29 20:12:58.548, 5, 430.67, 93, 51, 31706, 57, 1980
2026/08/29 20:12:58.548, 6, 422.83, 51, 25, 31286, 64, 1980
2026/08/29 20:12:58.548, 7, 422.39, 93, 47, 31044, 54, 1980
2026/08/29 20:13:03.549, 0, 517.89, 52, 32, 32364, 66, 1980
2026/08/29 20:13:03.550, 1, 490.61, 46, 22, 32182, 56, 1980
2026/08/29 20:13:03.552, 2, 490.42, 93, 45, 32108, 56, 1980
2026/08/29 20:13:03.554, 3, 506.27, 94, 49, 32166, 65, 1980
2026/08/29 20:13:03.555, 4, 476.77, 71, 27, 32046, 64, 1980
2026/08/29 20:13:03.555, 5, 488.52, 88, 36, 31706, 55, 1980
2026/08/29 20:13:03.557, 6, 501.16, 41, 23, 31286, 64, 1980
2026/08/29 20:13:03.559, 7, 490.72, 99, 56, 31044, 53, 1980
2026/08/29 20:13:08.561, 0, 486.26, 93, 54, 32364, 66, 1980
2026/08/29 20:13:08.562, 1, 469.83, 72, 44, 32182, 51, 1980
2026/08/29 20:13:08.564, 2, 477.23, 91, 51, 32108, 53, 1980
2026/08/29 20:13:08.566, 3, 474.96, 91, 52, 32166, 64, 1980
2026/08/29 20:13:08.569, 4, 479.52, 57, 33, 32046, 64, 1980
2026/08/29 20:13:08.571, 5, 470.38, 94, 46, 31706, 56, 1980
2026/08/29 20:13:08.572, 6, 489.24, 50, 29, 31286, 62, 1980
2026/08/29 20:13:08.574, 7, 485.67, 100, 56, 31044, 52, 1980
2026/08/29 20:13:13.574, 0, 516.45, 53, 32, 32364, 65, 1980
2026/08/29 20:13:13.576, 1, 483.47, 49, 24, 32182, 53, 1980
2026/08/29 20:13:13.577, 2, 484.05, 93, 54, 32108, 55, 1980
2026/08/29 20:13:13.579, 3, 495.98, 43, 25, 32166, 64, 1980
2026/08/29 20:13:13.579, 4, 483.99, 67, 39, 32046, 62, 1980
2026/08/29 20:13:13.581, 5, 482.84, 98, 56, 31706, 55, 1980
2026/08/29 20:13:13.583, 6, 494.65, 45, 24, 31286, 64, 1980
2026/08/29 20:13:13.583, 7, 472.80, 64, 35, 31044, 51, 1980
2026/08/29 20:13:18.585, 0, 522.57, 89, 50, 32364, 65, 1980
2026/08/29 20:13:18.587, 1, 465.40, 64, 38, 32182, 51, 1980
2026/08/29 20:13:18.588, 2, 479.49, 87, 52, 32108, 51, 1980
2026/08/29 20:13:18.589, 3, 515.19, 85, 51, 32166, 61, 1980
2026/08/29 20:13:18.590, 4, 482.04, 52, 30, 32046, 64, 1980
2026/08/29 20:13:18.591, 5, 500.07, 68, 31, 31706, 54, 1980
2026/08/29 20:13:18.593, 6, 498.31, 93, 48, 31286, 60, 1980
2026/08/29 20:13:18.593, 7, 480.23, 95, 47, 31044, 52, 1980
2026/08/29 20:13:23.595, 0, 506.03, 85, 49, 32364, 62, 1980
2026/08/29 20:13:23.595, 1, 472.14, 93, 53, 32182, 55, 1980
2026/08/29 20:13:23.595, 2, 498.38, 98, 58, 32108, 56, 1980
2026/08/29 20:13:23.595, 3, 513.26, 96, 57, 32166, 66, 1980
2026/08/29 20:13:23.595, 4, 481.81, 90, 53, 32046, 65, 1980
2026/08/29 20:13:23.595, 5, 470.53, 93, 54, 31706, 56, 1980
2026/08/29 20:13:23.595, 6, 502.59, 76, 38, 31286, 64, 1980
2026/08/29 20:13:23.595, 7, 483.06, 94, 53, 31044, 54, 1980
2026/08/29 20:13:28.595, 0, 469.06, 78, 42, 32364, 63, 1980
2026/08/29 20:13:28.596, 1, 432.55, 76, 45, 32182, 52, 1980
2026/08/29 20:13:28.596, 2, 449.75, 72, 41, 32108, 51, 1980
2026/08/29 20:13:28.596, 3, 463.23, 91, 47, 32166, 61, 1980
2026/08/29 20:13:28.596, 4, 444.28, 60, 34, 32046, 61, 1980
2026/08/29 20:13:28.596, 5, 448.70, 73, 34, 31706, 55, 1980
2026/08/29 20:13:28.596, 6, 471.72, 93, 47, 31286, 60, 1980
2026/08/29 20:13:28.596, 7, 450.02, 54, 27, 31044, 52, 1980
2026/08/29 20:13:33.596, 0, 327.86, 100, 0, 32364, 64, 1980
2026/08/29 20:13:33.603, 1, 315.44, 87, 32, 32182, 52, 1980
2026/08/29 20:13:33.605, 2, 325.01, 87, 13, 32108, 53, 1980
2026/08/29 20:13:33.607, 3, 334.58, 92, 53, 32166, 64, 1980
2026/08/29 20:13:33.609, 4, 322.73, 85, 41, 32046, 61, 1980
2026/08/29 20:13:33.610, 5, 311.09, 72, 39, 31706, 52, 1980
2026/08/29 20:13:33.611, 6, 327.95, 95, 53, 31286, 62, 1980
2026/08/29 20:13:33.613, 7, 311.25, 89, 49, 31044, 51, 1980
2026/08/29 20:13:38.615, 0, 510.01, 77, 45, 32364, 65, 1980
2026/08/29 20:13:38.618, 1, 482.07, 40, 24, 32182, 55, 1980
2026/08/29 20:13:38.619, 2, 483.60, 52, 29, 32108, 53, 1980
2026/08/29 20:13:38.622, 3, 492.40, 49, 29, 32166, 63, 1980
2026/08/29 20:13:38.624, 4, 481.69, 87, 49, 32046, 62, 1980
2026/08/29 20:13:38.625, 5, 481.24, 77, 42, 31706, 51, 1980
2026/08/29 20:13:38.625, 6, 501.13, 53, 30, 31286, 62, 1980
2026/08/29 20:13:38.627, 7, 498.00, 88, 49, 31044, 50, 1980
2026/08/29 20:13:43.630, 0, 523.45, 52, 32, 32364, 65, 1980
2026/08/29 20:13:43.630, 1, 506.20, 58, 28, 32182, 55, 1980
2026/08/29 20:13:43.632, 2, 504.12, 51, 30, 32108, 54, 1980
2026/08/29 20:13:43.633, 3, 503.10, 50, 29, 32166, 64, 1980
2026/08/29 20:13:43.634, 4, 507.38, 74, 33, 32046, 65, 1980
2026/08/29 20:13:43.635, 5, 492.72, 51, 29, 31706, 56, 1980
2026/08/29 20:13:43.637, 6, 504.59, 94, 48, 31286, 63, 1980
2026/08/29 20:13:43.639, 7, 496.77, 60, 32, 31184, 53, 1980
2026/08/29 20:13:48.641, 0, 515.83, 62, 36, 32364, 63, 1980
2026/08/29 20:13:48.646, 1, 488.71, 48, 23, 32182, 55, 1980
2026/08/29 20:13:48.650, 2, 489.67, 94, 51, 32248, 54, 1980
2026/08/29 20:13:48.658, 3, 488.62, 47, 25, 32166, 65, 1980
2026/08/29 20:13:48.660, 4, 480.52, 77, 42, 32046, 61, 1980
2026/08/29 20:13:48.660, 5, 491.02, 100, 58, 31706, 54, 1980
2026/08/29 20:13:48.664, 6, 506.92, 46, 26, 31286, 63, 1980
2026/08/29 20:13:48.667, 7, 496.76, 73, 40, 31184, 49, 1980
2026/08/29 20:13:53.669, 0, 521.19, 94, 50, 32364, 67, 1980
2026/08/29 20:13:53.669, 1, 504.58, 99, 60, 32182, 55, 1980
2026/08/29 20:13:53.669, 2, 505.08, 93, 54, 32248, 56, 1980
2026/08/29 20:13:53.669, 3, 521.80, 93, 54, 32166, 64, 1980
2026/08/29 20:13:53.669, 4, 514.28, 99, 59, 32046, 66, 1980
2026/08/29 20:13:53.669, 5, 506.99, 94, 46, 31706, 56, 1980
2026/08/29 20:13:53.669, 6, 516.92, 56, 28, 31286, 61, 1980
2026/08/29 20:13:53.669, 7, 506.51, 94, 45, 31184, 53, 1980
2026/08/29 20:13:58.670, 0, 525.19, 46, 29, 32444, 67, 1980
2026/08/29 20:13:58.670, 1, 513.07, 66, 31, 32182, 56, 1980
2026/08/29 20:13:58.670, 2, 506.75, 97, 61, 32248, 53, 1980
2026/08/29 20:13:58.670, 3, 526.62, 94, 54, 32166, 63, 1980
2026/08/29 20:13:58.670, 4, 518.17, 78, 37, 32046, 67, 1980
2026/08/29 20:13:58.670, 5, 513.40, 99, 61, 31706, 56, 1980
2026/08/29 20:13:58.670, 6, 526.87, 94, 54, 31286, 62, 1980
2026/08/29 20:13:58.670, 7, 512.39, 100, 62, 31184, 55, 1980
2026/08/29 20:14:03.670, 0, 507.67, 67, 40, 32484, 67, 1980
2026/08/29 20:14:03.672, 1, 485.67, 53, 26, 32182, 55, 1980
2026/08/29 20:14:03.673, 2, 491.71, 48, 30, 32248, 56, 1980
2026/08/29 20:14:03.676, 3, 525.04, 47, 29, 32166, 65, 1980
2026/08/29 20:14:03.678, 4, 498.57, 64, 31, 32046, 66, 1980
2026/08/29 20:14:03.682, 5, 510.89, 99, 58, 31706, 56, 1980
2026/08/29 20:14:03.682, 6, 511.52, 46, 27, 31286, 64, 1980
2026/08/29 20:14:03.687, 7, 502.73, 96, 55, 31184, 54, 1980
2026/08/29 20:14:08.688, 0, 519.31, 64, 37, 32484, 64, 1980
2026/08/29 20:14:08.689, 1, 508.26, 90, 53, 32182, 52, 1980
2026/08/29 20:14:08.690, 2, 503.85, 96, 55, 32248, 55, 1980
2026/08/29 20:14:08.691, 3, 532.65, 44, 26, 32166, 65, 1980
2026/08/29 20:14:08.692, 4, 517.48, 79, 45, 32046, 62, 1980
2026/08/29 20:14:08.693, 5, 505.74, 100, 57, 31706, 54, 1980
2026/08/29 20:14:08.696, 6, 512.91, 45, 25, 31286, 64, 1980
2026/08/29 20:14:08.697, 7, 506.71, 61, 27, 31184, 49, 1980
2026/08/29 20:14:13.699, 0, 516.08, 99, 56, 32484, 67, 1980
2026/08/29 20:14:13.700, 1, 479.09, 60, 33, 32182, 54, 1980
2026/08/29 20:14:13.701, 2, 505.15, 91, 50, 32248, 52, 1980
2026/08/29 20:14:13.702, 3, 523.41, 89, 49, 32166, 62, 1980
2026/08/29 20:14:13.703, 4, 501.96, 45, 25, 32046, 64, 1980
2026/08/29 20:14:13.704, 5, 494.71, 100, 54, 31706, 57, 1980
2026/08/29 20:14:13.706, 6, 522.74, 94, 52, 31286, 61, 1980
2026/08/29 20:14:13.707, 7, 497.19, 100, 54, 31184, 53, 1980
2026/08/29 20:14:18.709, 0, 531.05, 89, 53, 32484, 63, 1980
2026/08/29 20:14:18.710, 1, 501.98, 45, 26, 32182, 55, 1980
2026/08/29 20:14:18.712, 2, 499.62, 55, 31, 32248, 54, 1980
2026/08/29 20:14:18.712, 3, 505.00, 83, 40, 32166, 64, 1980
2026/08/29 20:14:18.714, 4, 496.82, 53, 26, 32046, 63, 1980
2026/08/29 20:14:18.716, 5, 499.96, 88, 48, 31706, 55, 1980
2026/08/29 20:14:18.717, 6, 516.61, 82, 36, 31286, 64, 1980
2026/08/29 20:14:18.719, 7, 507.81, 95, 52, 31184, 51, 1980
2026/08/29 20:14:23.719, 0, 520.09, 66, 32, 32484, 67, 1980
2026/08/29 20:14:23.720, 1, 501.15, 93, 54, 32182, 53, 1980
2026/08/29 20:14:23.720, 2, 503.05, 92, 49, 32248, 55, 1980
2026/08/29 20:14:23.720, 3, 525.97, 99, 57, 32166, 65, 1980
2026/08/29 20:14:23.720, 4, 507.10, 58, 28, 32046, 62, 1980
2026/08/29 20:14:23.720, 5, 510.82, 71, 33, 31706, 54, 1980
2026/08/29 20:14:23.720, 6, 524.70, 99, 58, 31286, 64, 1980
2026/08/29 20:14:23.720, 7, 496.37, 79, 43, 31184, 49, 1980
2026/08/29 20:14:28.720, 0, 542.33, 99, 61, 32484, 67, 1980
2026/08/29 20:14:28.720, 1, 501.14, 53, 26, 32182, 56, 1980
2026/08/29 20:14:28.720, 2, 519.41, 52, 30, 32248, 55, 1980
2026/08/29 20:14:28.720, 3, 524.90, 94, 47, 32166, 66, 1980
2026/08/29 20:14:28.720, 4, 520.95, 72, 31, 32046, 66, 1980
2026/08/29 20:14:28.720, 5, 512.09, 100, 58, 31746, 57, 1980
2026/08/29 20:14:28.720, 6, 531.30, 94, 46, 31286, 64, 1980
2026/08/29 20:14:28.721, 7, 511.60, 97, 58, 31184, 54, 1980
2026/08/29 20:14:33.721, 0, 519.02, 94, 50, 32484, 63, 1980
2026/08/29 20:14:33.723, 1, 480.61, 95, 56, 32182, 56, 1980
2026/08/29 20:14:33.725, 2, 492.38, 98, 61, 32248, 56, 1980
2026/08/29 20:14:33.730, 3, 487.31, 96, 59, 32166, 66, 1980
2026/08/29 20:14:33.733, 4, 478.75, 93, 48, 32046, 63, 1980
2026/08/29 20:14:33.736, 5, 476.78, 87, 49, 31746, 57, 1980
2026/08/29 20:14:33.739, 6, 494.50, 99, 61, 31286, 65, 1980
2026/08/29 20:14:33.741, 7, 479.94, 50, 25, 31184, 54, 1980
2026/08/29 20:14:38.744, 0, 544.96, 94, 48, 32484, 68, 1980
2026/08/29 20:14:38.746, 1, 491.32, 94, 58, 32182, 56, 1980
2026/08/29 20:14:38.746, 2, 516.01, 93, 54, 32248, 55, 1980
2026/08/29 20:14:38.748, 3, 520.23, 96, 49, 32166, 66, 1980
2026/08/29 20:14:38.750, 4, 500.17, 100, 58, 32046, 66, 1980
2026/08/29 20:14:38.751, 5, 522.73, 93, 45, 31746, 57, 1980
2026/08/29 20:14:38.753, 6, 531.14, 96, 53, 31286, 64, 1980
2026/08/29 20:14:38.753, 7, 490.90, 84, 38, 31184, 54, 1980
2026/08/29 20:14:43.755, 0, 539.88, 94, 52, 32484, 66, 1980
2026/08/29 20:14:43.756, 1, 518.37, 94, 49, 32182, 56, 1980
2026/08/29 20:14:43.757, 2, 529.28, 96, 60, 32248, 56, 1980
2026/08/29 20:14:43.759, 3, 537.30, 99, 61, 32166, 65, 1980
2026/08/29 20:14:43.760, 4, 524.33, 93, 51, 32046, 66, 1980
2026/08/29 20:14:43.762, 5, 525.62, 48, 24, 31746, 57, 1980
2026/08/29 20:14:43.762, 6, 534.57, 95, 57, 31286, 64, 1980
2026/08/29 20:14:43.764, 7, 517.58, 94, 52, 31184, 54, 1980
2026/08/29 20:14:48.766, 0, 496.73, 54, 32, 32484, 65, 1980
2026/08/29 20:14:48.766, 1, 487.28, 34, 17, 32182, 53, 1980
2026/08/29 20:14:48.767, 2, 482.30, 34, 20, 32248, 54, 1980
2026/08/29 20:14:48.769, 3, 498.30, 33, 21, 32166, 65, 1980
2026/08/29 20:14:48.769, 4, 487.47, 49, 21, 32046, 61, 1980
2026/08/29 20:14:48.771, 5, 488.58, 53, 30, 31746, 54, 1980
2026/08/29 20:14:48.773, 6, 482.77, 94, 52, 31286, 63, 1980
2026/08/29 20:14:48.775, 7, 485.97, 66, 35, 31184, 49, 1980
2026/08/29 20:14:53.776, 0, 520.42, 51, 25, 32484, 65, 1980
2026/08/29 20:14:53.776, 1, 500.70, 93, 57, 32182, 55, 1980
2026/08/29 20:14:53.776, 2, 502.83, 68, 32, 32248, 52, 1980
2026/08/29 20:14:53.777, 3, 502.85, 66, 35, 32166, 66, 1980
2026/08/29 20:14:53.777, 4, 501.33, 93, 50, 32046, 66, 1980
2026/08/29 20:14:53.777, 5, 486.77, 52, 26, 31746, 54, 1980
2026/08/29 20:14:53.777, 6, 522.73, 71, 38, 31286, 64, 1980
2026/08/29 20:14:53.777, 7, 482.95, 51, 29, 31184, 53, 1980
2026/08/29 20:14:58.777, 0, 526.56, 91, 51, 32484, 65, 1980
2026/08/29 20:14:58.777, 1, 492.85, 49, 29, 32182, 55, 1980
2026/08/29 20:14:58.777, 2, 504.82, 66, 38, 32248, 55, 1980
2026/08/29 20:14:58.777, 3, 535.94, 64, 37, 32166, 66, 1980
2026/08/29 20:14:58.777, 4, 501.89, 95, 53, 32046, 65, 1980
2026/08/29 20:14:58.777, 5, 504.50, 93, 46, 31746, 53, 1980
2026/08/29 20:14:58.777, 6, 526.14, 73, 31, 31286, 64, 1980
2026/08/29 20:14:58.777, 7, 503.41, 93, 46, 31184, 52, 1980
2026/08/29 20:15:03.778, 0, 498.87, 85, 46, 32484, 66, 1980
2026/08/29 20:15:03.780, 1, 458.06, 82, 49, 32182, 54, 1980
2026/08/29 20:15:03.781, 2, 476.58, 92, 51, 32248, 55, 1980
2026/08/29 20:15:03.783, 3, 492.50, 44, 26, 32166, 66, 1980
2026/08/29 20:15:03.783, 4, 474.09, 65, 38, 32046, 65, 1980
2026/08/29 20:15:03.784, 5, 486.59, 95, 47, 31746, 54, 1980
2026/08/29 20:15:03.787, 6, 482.62, 45, 25, 31286, 64, 1980
2026/08/29 20:15:03.788, 7, 478.30, 92, 44, 31184, 50, 1980
2026/08/29 20:15:08.790, 0, 348.99, 0, 0, 32484, 64, 1980
2026/08/29 20:15:08.791, 1, 319.20, 100, 0, 32182, 46, 1980
2026/08/29 20:15:08.791, 2, 327.55, 100, 0, 32248, 46, 1980
2026/08/29 20:15:08.793, 3, 369.08, 100, 0, 32166, 57, 1980
2026/08/29 20:15:08.796, 4, 337.73, 100, 0, 32046, 58, 1980
2026/08/29 20:15:08.797, 5, 352.03, 100, 0, 31746, 46, 1980
2026/08/29 20:15:08.798, 6, 348.17, 96, 18, 31286, 56, 1980
2026/08/29 20:15:08.799, 7, 339.57, 100, 0, 31184, 48, 1980
2026/08/29 20:15:13.801, 0, 527.66, 49, 25, 32484, 65, 1980
2026/08/29 20:15:13.803, 1, 496.45, 94, 51, 32182, 55, 1980
2026/08/29 20:15:13.804, 2, 507.58, 75, 38, 32248, 55, 1980
2026/08/29 20:15:13.806, 3, 533.71, 93, 53, 32166, 65, 1980
2026/08/29 20:15:13.806, 4, 511.71, 93, 51, 32046, 65, 1980
2026/08/29 20:15:13.807, 5, 513.71, 51, 25, 31746, 55, 1980
2026/08/29 20:15:13.810, 6, 538.15, 60, 33, 31286, 64, 1980
2026/08/29 20:15:13.812, 7, 515.15, 48, 24, 31184, 51, 1980
2026/08/29 20:15:18.814, 0, 518.46, 99, 60, 32484, 66, 1980
2026/08/29 20:15:18.814, 1, 508.79, 93, 53, 32182, 55, 1980
2026/08/29 20:15:18.816, 2, 510.90, 99, 56, 32248, 55, 1980
2026/08/29 20:15:18.818, 3, 527.76, 99, 56, 32166, 66, 1980
2026/08/29 20:15:18.819, 4, 502.90, 95, 57, 32046, 65, 1980
2026/08/29 20:15:18.819, 5, 501.95, 79, 38, 31746, 56, 1980
2026/08/29 20:15:18.821, 6, 520.86, 94, 50, 31286, 63, 1980
2026/08/29 20:15:18.822, 7, 504.77, 97, 56, 31184, 53, 1980
2026/08/29 20:15:23.823, 0, 531.88, 93, 53, 32484, 67, 1980
2026/08/29 20:15:23.823, 1, 502.38, 45, 26, 32182, 55, 1980
2026/08/29 20:15:23.823, 2, 499.89, 99, 60, 32248, 55, 1980
2026/08/29 20:15:23.823, 3, 522.41, 54, 31, 32166, 66, 1980
2026/08/29 20:15:23.823, 4, 498.48, 48, 26, 32046, 66, 1980
2026/08/29 20:15:23.823, 5, 506.56, 93, 53, 31746, 57, 1980
2026/08/29 20:15:23.823, 6, 533.76, 73, 35, 31286, 64, 1980
2026/08/29 20:15:23.823, 7, 512.39, 93, 53, 31184, 53, 1980
2026/08/29 20:15:28.823, 0, 522.39, 70, 35, 32484, 68, 1980
2026/08/29 20:15:28.824, 1, 503.43, 94, 50, 32182, 52, 1980
2026/08/29 20:15:28.824, 2, 507.89, 93, 47, 32248, 54, 1980
2026/08/29 20:15:28.824, 3, 516.68, 99, 55, 32166, 66, 1980
2026/08/29 20:15:28.824, 4, 501.31, 96, 54, 32046, 62, 1980
2026/08/29 20:15:28.824, 5, 499.46, 69, 36, 31746, 54, 1980
2026/08/29 20:15:28.824, 6, 519.03, 50, 26, 31286, 64, 1980
2026/08/29 20:15:28.824, 7, 517.83, 96, 56, 31184, 50, 1980
2026/08/29 20:15:33.824, 0, 528.27, 93, 47, 32484, 67, 1980
2026/08/29 20:15:33.825, 1, 494.00, 95, 52, 32182, 54, 1980
2026/08/29 20:15:33.826, 2, 501.90, 93, 48, 32248, 55, 1980
2026/08/29 20:15:33.826, 3, 522.29, 94, 49, 32166, 66, 1980
2026/08/29 20:15:33.828, 4, 497.08, 99, 58, 32046, 65, 1980
2026/08/29 20:15:33.830, 5, 501.12, 93, 46, 31746, 56, 1980
2026/08/29 20:15:33.831, 6, 510.69, 94, 51, 31286, 65, 1980
2026/08/29 20:15:33.833, 7, 502.92, 85, 39, 31184, 53, 1980
2026/08/29 20:15:38.834, 0, 507.54, 97, 60, 32504, 66, 1980
2026/08/29 20:15:38.835, 1, 471.40, 91, 49, 32182, 53, 1980
2026/08/29 20:15:38.837, 2, 482.82, 94, 51, 32248, 54, 1980
2026/08/29 20:15:38.838, 3, 486.53, 45, 26, 32166, 64, 1980
2026/08/29 20:15:38.839, 4, 475.41, 89, 49, 32046, 62, 1980
2026/08/29 20:15:38.840, 5, 473.69, 99, 58, 31746, 52, 1980
2026/08/29 20:15:38.843, 6, 492.30, 94, 52, 31286, 64, 1980
2026/08/29 20:15:38.844, 7, 481.95, 84, 46, 31184, 50, 1980
2026/08/29 20:15:43.846, 0, 516.16, 93, 51, 32504, 67, 1980
2026/08/29 20:15:43.847, 1, 504.28, 100, 59, 32182, 55, 1980
2026/08/29 20:15:43.849, 2, 493.86, 93, 55, 32248, 56, 1980
2026/08/29 20:15:43.850, 3, 516.62, 94, 55, 32166, 65, 1980
2026/08/29 20:15:43.850, 4, 502.89, 99, 57, 32046, 66, 1980
2026/08/29 20:15:43.852, 5, 491.20, 52, 30, 31746, 56, 1980
2026/08/29 20:15:43.854, 6, 516.67, 60, 28, 31286, 65, 1980
2026/08/29 20:15:43.856, 7, 503.13, 93, 46, 31184, 54, 1980
2026/08/29 20:15:48.857, 0, 509.71, 64, 30, 32504, 66, 1980
2026/08/29 20:15:48.858, 1, 489.87, 94, 51, 32182, 55, 1980
2026/08/29 20:15:48.863, 2, 491.75, 93, 47, 32248, 55, 1980
2026/08/29 20:15:48.864, 3, 514.47, 50, 30, 32166, 65, 1980
2026/08/29 20:15:48.866, 4, 487.28, 74, 40, 32046, 64, 1980
2026/08/29 20:15:48.885, 5, 487.95, 67, 32, 31746, 55, 1980
2026/08/29 20:15:48.886, 6, 514.03, 52, 30, 31286, 64, 1980
2026/08/29 20:15:48.897, 7, 493.07, 93, 48, 31184, 54, 1980
2026/08/29 20:15:53.903, 0, 512.55, 86, 52, 32504, 63, 1980
2026/08/29 20:15:53.904, 1, 471.66, 95, 56, 32182, 55, 1980
2026/08/29 20:15:53.904, 2, 485.46, 53, 32, 32248, 57, 1980
2026/08/29 20:15:53.904, 3, 508.67, 81, 41, 32166, 67, 1980
2026/08/29 20:15:53.904, 4, 475.85, 51, 27, 32046, 65, 1980
2026/08/29 20:15:53.904, 5, 486.01, 93, 51, 31746, 56, 1980
2026/08/29 20:15:53.904, 6, 486.78, 100, 60, 31286, 65, 1980
2026/08/29 20:15:53.904, 7, 473.08, 51, 26, 31184, 54, 1980
2026/08/29 20:15:58.904, 0, 505.69, 57, 28, 32504, 68, 1980
2026/08/29 20:15:58.904, 1, 494.84, 94, 53, 32182, 55, 1980
2026/08/29 20:15:58.904, 2, 484.77, 88, 40, 32248, 56, 1980
2026/08/29 20:15:58.904, 3, 514.39, 90, 41, 32166, 66, 1980
2026/08/29 20:15:58.904, 4, 505.92, 93, 48, 32046, 63, 1980
2026/08/29 20:15:58.904, 5, 507.05, 88, 49, 31746, 52, 1980
2026/08/29 20:15:58.904, 6, 501.77, 100, 61, 31286, 65, 1980
2026/08/29 20:15:58.904, 7, 493.56, 93, 50, 31184, 50, 1980
2026/08/29 20:16:03.905, 0, 472.64, 70, 41, 32504, 65, 1980
2026/08/29 20:16:03.906, 1, 452.93, 93, 55, 32182, 52, 1980
2026/08/29 20:16:03.906, 2, 469.19, 98, 57, 32248, 55, 1980
2026/08/29 20:16:03.908, 3, 483.11, 45, 27, 32166, 65, 1980
2026/08/29 20:16:03.911, 4, 456.90, 83, 47, 32046, 62, 1980
2026/08/29 20:16:03.911, 5, 463.64, 100, 58, 31746, 53, 1980
2026/08/29 20:16:03.915, 6, 477.17, 95, 28, 31286, 63, 1980
2026/08/29 20:16:03.917, 7, 467.20, 59, 27, 31184, 49, 1980
2026/08/29 20:16:08.921, 0, 504.59, 47, 23, 32504, 67, 1980
2026/08/29 20:16:08.922, 1, 486.51, 94, 28, 32182, 54, 1980
2026/08/29 20:16:08.924, 2, 482.30, 93, 25, 32248, 54, 1980
2026/08/29 20:16:08.925, 3, 495.02, 94, 25, 32166, 64, 1980
2026/08/29 20:16:08.925, 4, 486.74, 96, 35, 32046, 65, 1980
2026/08/29 20:16:08.927, 5, 473.37, 88, 31, 31746, 56, 1980
2026/08/29 20:16:08.929, 6, 507.53, 47, 25, 31286, 63, 1980
2026/08/29 20:16:08.931, 7, 488.55, 96, 37, 31184, 53, 1980
2026/08/29 20:16:13.932, 0, 527.20, 94, 54, 32504, 65, 1980
2026/08/29 20:16:13.935, 1, 494.39, 94, 37, 32222, 55, 1980
2026/08/29 20:16:13.937, 2, 506.40, 94, 34, 32248, 54, 1980
2026/08/29 20:16:13.939, 3, 515.83, 99, 60, 32166, 66, 1980
2026/08/29 20:16:13.940, 4, 503.96, 93, 38, 32046, 65, 1980
2026/08/29 20:16:13.941, 5, 503.52, 77, 30, 31746, 56, 1980
2026/08/29 20:16:13.942, 6, 508.52, 95, 29, 31286, 63, 1980
2026/08/29 20:16:13.945, 7, 499.21, 96, 36, 31184, 53, 1980
2026/08/29 20:16:18.947, 0, 486.35, 67, 39, 32504, 64, 1980
2026/08/29 20:16:18.948, 1, 469.85, 53, 26, 32222, 52, 1980
2026/08/29 20:16:18.949, 2, 467.96, 51, 29, 32248, 55, 1980
2026/08/29 20:16:18.949, 3, 483.04, 47, 27, 32166, 64, 1980
2026/08/29 20:16:18.951, 4, 483.17, 62, 29, 32046, 62, 1980
2026/08/29 20:16:18.954, 5, 485.96, 64, 35, 31746, 56, 1980
2026/08/29 20:16:18.954, 6, 476.26, 93, 51, 31286, 64, 1980
2026/08/29 20:16:18.955, 7, 469.87, 63, 29, 31184, 49, 1980
2026/08/29 20:16:23.957, 0, 498.85, 90, 53, 32504, 63, 1980
2026/08/29 20:16:23.957, 1, 479.95, 94, 36, 32222, 55, 1980
2026/08/29 20:16:23.957, 2, 487.40, 56, 31, 32248, 53, 1980
2026/08/29 20:16:23.957, 3, 492.02, 100, 56, 32166, 64, 1980
2026/08/29 20:16:23.957, 4, 468.11, 93, 45, 32046, 63, 1980
2026/08/29 20:16:23.957, 5, 466.57, 89, 49, 31746, 52, 1980
2026/08/29 20:16:23.957, 6, 496.76, 100, 57, 31286, 65, 1980
2026/08/29 20:16:23.957, 7, 479.08, 97, 47, 31184, 50, 1980
2026/08/29 20:16:28.958, 0, 472.40, 99, 56, 32504, 67, 1980
2026/08/29 20:16:28.958, 1, 458.63, 50, 32, 32222, 54, 1980
2026/08/29 20:16:28.958, 2, 478.12, 82, 49, 32248, 51, 1980
2026/08/29 20:16:28.958, 3, 480.71, 81, 49, 32166, 65, 1980
2026/08/29 20:16:28.958, 4, 465.06, 50, 31, 32046, 65, 1980
2026/08/29 20:16:28.958, 5, 472.60, 56, 32, 31746, 54, 1980
2026/08/29 20:16:28.958, 6, 480.10, 63, 29, 31286, 63, 1980
2026/08/29 20:16:28.958, 7, 465.48, 51, 28, 31184, 53, 1980
2026/08/29 20:16:33.958, 0, 505.50, 99, 58, 32504, 67, 1980
2026/08/29 20:16:33.960, 1, 475.46, 99, 61, 32282, 56, 1980
2026/08/29 20:16:33.961, 2, 495.87, 93, 55, 32248, 52, 1980
2026/08/29 20:16:33.964, 3, 507.00, 93, 54, 32166, 66, 1980
2026/08/29 20:16:33.966, 4, 477.61, 100, 56, 32046, 66, 1980
2026/08/29 20:16:33.968, 5, 477.50, 50, 28, 31746, 54, 1980
2026/08/29 20:16:33.969, 6, 497.13, 98, 54, 31286, 64, 1980
2026/08/29 20:16:33.971, 7, 484.51, 100, 55, 31184, 53, 1980
2026/08/29 20:16:38.972, 0, 525.47, 59, 36, 32504, 65, 1980
2026/08/29 20:16:38.972, 1, 474.80, 90, 56, 32282, 51, 1980
2026/08/29 20:16:38.974, 2, 500.37, 99, 60, 32248, 54, 1980
2026/08/29 20:16:38.977, 3, 509.81, 42, 26, 32166, 64, 1980
2026/08/29 20:16:38.977, 4, 489.24, 74, 45, 32046, 61, 1980
2026/08/29 20:16:38.978, 5, 496.48, 100, 64, 31746, 54, 1980
2026/08/29 20:16:38.979, 6, 508.08, 99, 59, 31286, 63, 1980
2026/08/29 20:16:38.980, 7, 485.04, 70, 42, 31184, 49, 1980
2026/08/29 20:16:43.982, 0, 411.70, 100, 0, 32504, 59, 1980
2026/08/29 20:16:43.983, 1, 381.23, 100, 0, 32282, 45, 1980
2026/08/29 20:16:43.985, 2, 374.69, 100, 0, 32248, 46, 1980
2026/08/29 20:16:43.986, 3, 393.84, 0, 0, 32166, 57, 1980
2026/08/29 20:16:43.987, 4, 380.04, 100, 0, 32046, 58, 1980
2026/08/29 20:16:43.988, 5, 381.81, 100, 0, 31746, 46, 1980
2026/08/29 20:16:43.989, 6, 397.73, 100, 0, 31286, 56, 1980
2026/08/29 20:16:43.991, 7, 381.52, 100, 0, 31184, 44, 1980
2026/08/29 20:16:48.993, 0, 531.20, 46, 23, 32504, 64, 1980
2026/08/29 20:16:48.995, 1, 499.04, 42, 26, 32282, 53, 1980
2026/08/29 20:16:48.996, 2, 492.42, 61, 33, 32248, 51, 1980
2026/08/29 20:16:48.997, 3, 521.14, 67, 31, 32166, 61, 1980
2026/08/29 20:16:48.998, 4, 502.07, 45, 26, 32046, 63, 1980
2026/08/29 20:16:48.999, 5, 502.84, 88, 48, 31746, 52, 1980
2026/08/29 20:16:49.002, 6, 517.70, 65, 36, 31286, 59, 1980
2026/08/29 20:16:49.002, 7, 502.37, 48, 27, 31184, 51, 1980
2026/08/29 20:16:54.003, 0, 471.99, 88, 44, 32504, 67, 1980
2026/08/29 20:16:54.004, 1, 463.70, 96, 52, 32282, 50, 1980
2026/08/29 20:16:54.004, 2, 448.08, 38, 22, 32248, 53, 1980
2026/08/29 20:16:54.004, 3, 488.11, 93, 46, 32166, 64, 1980
2026/08/29 20:16:54.004, 4, 474.17, 99, 57, 32046, 60, 1980
2026/08/29 20:16:54.004, 5, 466.80, 58, 32, 31746, 56, 1980
2026/08/29 20:16:54.004, 6, 488.36, 100, 55, 31286, 63, 1980
2026/08/29 20:16:54.004, 7, 460.97, 100, 58, 31184, 48, 1980
2026/08/29 20:16:59.004, 0, 514.01, 86, 50, 32504, 64, 1980
2026/08/29 20:16:59.004, 1, 486.48, 99, 55, 32282, 52, 1980
2026/08/29 20:16:59.004, 2, 495.92, 99, 58, 32248, 52, 1980
2026/08/29 20:16:59.004, 3, 512.85, 51, 31, 32166, 63, 1980
2026/08/29 20:16:59.004, 4, 494.60, 95, 55, 32046, 63, 1980
2026/08/29 20:16:59.005, 5, 500.62, 44, 18, 31746, 51, 1980
2026/08/29 20:16:59.005, 6, 514.44, 56, 32, 31286, 61, 1980
2026/08/29 20:16:59.005, 7, 496.77, 95, 55, 31184, 50, 1980
2026/08/29 20:17:04.005, 0, 549.77, 80, 39, 32504, 66, 1980
2026/08/29 20:17:04.007, 1, 520.15, 94, 56, 32282, 53, 1980
2026/08/29 20:17:04.009, 2, 526.64, 94, 46, 32248, 55, 1980
2026/08/29 20:17:04.010, 3, 539.93, 94, 46, 32166, 65, 1980
2026/08/29 20:17:04.010, 4, 517.71, 96, 56, 32046, 64, 1980
2026/08/29 20:17:04.010, 5, 517.81, 60, 36, 31746, 55, 1980
2026/08/29 20:17:04.014, 6, 532.63, 100, 54, 31286, 64, 1980
2026/08/29 20:17:04.016, 7, 510.68, 99, 58, 31184, 53, 1980
2026/08/29 20:17:09.018, 0, 524.62, 75, 34, 32504, 64, 1980
2026/08/29 20:17:09.020, 1, 495.83, 54, 27, 32282, 53, 1980
2026/08/29 20:17:09.023, 2, 507.57, 50, 30, 32248, 55, 1980
2026/08/29 20:17:09.032, 3, 502.06, 50, 29, 32166, 65, 1980
2026/08/29 20:17:09.041, 4, 495.14, 64, 31, 32046, 64, 1980
2026/08/29 20:17:09.045, 5, 500.37, 65, 36, 31746, 56, 1980
2026/08/29 20:17:09.052, 6, 523.69, 94, 49, 31286, 64, 1980
2026/08/29 20:17:09.060, 7, 501.64, 68, 29, 31184, 52, 1980
2026/08/29 20:17:14.062, 0, 506.23, 89, 52, 32504, 63, 1980
2026/08/29 20:17:14.063, 1, 480.05, 93, 53, 32282, 54, 1980
2026/08/29 20:17:14.064, 2, 477.46, 100, 60, 32248, 56, 1980
2026/08/29 20:17:14.065, 3, 487.65, 55, 32, 32166, 64, 1980
2026/08/29 20:17:14.067, 4, 473.67, 91, 49, 32046, 63, 1980
2026/08/29 20:17:14.068, 5, 468.31, 94, 50, 31826, 52, 1980
2026/08/29 20:17:14.070, 6, 492.91, 100, 58, 31286, 62, 1980
2026/08/29 20:17:14.070, 7, 472.72, 92, 51, 31184, 50, 1980
2026/08/29 20:17:19.072, 0, 504.18, 22, 11, 32504, 63, 1980
2026/08/29 20:17:19.074, 1, 471.36, 69, 35, 32282, 53, 1980
2026/08/29 20:17:19.075, 2, 464.31, 40, 20, 32248, 54, 1980
2026/08/29 20:17:19.077, 3, 497.29, 42, 20, 32166, 65, 1980
2026/08/29 20:17:19.077, 4, 478.09, 77, 41, 32046, 65, 1980
2026/08/29 20:17:19.079, 5, 484.14, 24, 12, 31826, 52, 1980
2026/08/29 20:17:19.081, 6, 498.97, 64, 34, 31286, 63, 1980
2026/08/29 20:17:19.083, 7, 486.08, 80, 41, 31184, 54, 1980
2026/08/29 20:17:24.084, 0, 526.80, 75, 39, 32504, 65, 1980
2026/08/29 20:17:24.085, 1, 510.64, 49, 24, 32282, 52, 1980
2026/08/29 20:17:24.086, 2, 502.17, 44, 27, 32248, 55, 1980
2026/08/29 20:17:24.086, 3, 532.18, 99, 56, 32166, 66, 1980
2026/08/29 20:17:24.086, 4, 513.21, 98, 61, 32046, 62, 1980
2026/08/29 20:17:24.086, 5, 515.94, 60, 36, 31826, 54, 1980
2026/08/29 20:17:24.086, 6, 526.02, 45, 28, 31286, 64, 1980
2026/08/29 20:17:24.086, 7, 508.22, 99, 57, 31184, 50, 1980
2026/08/29 20:17:29.086, 0, 520.89, 92, 52, 32504, 66, 1980
2026/08/29 20:17:29.087, 1, 494.84, 99, 61, 32282, 53, 1980
2026/08/29 20:17:29.088, 2, 486.39, 96, 59, 32248, 52, 1980
2026/08/29 20:17:29.090, 3, 494.07, 97, 57, 32166, 63, 1980
2026/08/29 20:17:29.090, 4, 477.65, 92, 50, 32046, 65, 1980
2026/08/29 20:17:29.092, 5, 473.63, 50, 27, 31826, 55, 1980
2026/08/29 20:17:29.094, 6, 498.53, 88, 48, 31286, 61, 1980
2026/08/29 20:17:29.095, 7, 473.60, 94, 51, 31184, 53, 1980
2026/08/29 20:17:34.097, 0, 504.40, 86, 51, 32504, 67, 1980
2026/08/29 20:17:34.100, 1, 483.81, 99, 55, 32282, 53, 1980
2026/08/29 20:17:34.101, 2, 491.16, 99, 59, 32248, 54, 1980
2026/08/29 20:17:34.105, 3, 500.44, 51, 30, 32166, 66, 1980
2026/08/29 20:17:34.108, 4, 490.92, 95, 55, 32046, 63, 1980
2026/08/29 20:17:34.112, 5, 479.36, 51, 21, 31826, 55, 1980
2026/08/29 20:17:34.114, 6, 498.88, 74, 39, 31286, 63, 1980
2026/08/29 20:17:34.114, 7, 491.51, 94, 53, 31184, 53, 1980
2026/08/29 20:17:39.117, 0, 530.45, 94, 53, 32504, 68, 1980
2026/08/29 20:17:39.117, 1, 497.46, 100, 58, 32282, 55, 1980
2026/08/29 20:17:39.118, 2, 507.61, 94, 52, 32248, 52, 1980
2026/08/29 20:17:39.120, 3, 513.29, 94, 52, 32166, 67, 1980
2026/08/29 20:17:39.120, 4, 493.72, 96, 53, 32046, 65, 1980
2026/08/29 20:17:39.122, 5, 489.29, 50, 29, 31826, 56, 1980
2026/08/29 20:17:39.124, 6, 514.48, 90, 49, 31286, 65, 1980
2026/08/29 20:17:39.126, 7, 489.04, 96, 53, 31184, 54, 1980
2026/08/29 20:17:44.128, 0, 500.48, 76, 39, 32504, 67, 1980
2026/08/29 20:17:44.130, 1, 471.17, 82, 26, 32282, 53, 1980
2026/08/29 20:17:44.132, 2, 493.86, 52, 25, 32248, 51, 1980
2026/08/29 20:17:44.132, 3, 503.86, 96, 34, 32166, 62, 1980
2026/08/29 20:17:44.133, 4, 479.30, 93, 28, 32046, 65, 1980
2026/08/29 20:17:44.135, 5, 474.70, 45, 25, 31826, 55, 1980
2026/08/29 20:17:44.135, 6, 492.90, 90, 49, 31286, 61, 1980
2026/08/29 20:17:44.137, 7, 479.50, 93, 28, 31184, 53, 1980
2026/08/29 20:17:49.139, 0, 497.47, 76, 45, 32504, 63, 1980
2026/08/29 20:17:49.140, 1, 471.01, 97, 58, 32282, 52, 1980
2026/08/29 20:17:49.143, 2, 494.58, 46, 27, 32248, 54, 1980
2026/08/29 20:17:49.143, 3, 488.70, 46, 25, 32166, 65, 1980
2026/08/29 20:17:49.144, 4, 476.33, 57, 28, 32046, 62, 1980
2026/08/29 20:17:49.146, 5, 469.09, 99, 58, 31826, 52, 1980
2026/08/29 20:17:49.146, 6, 486.11, 100, 55, 31286, 64, 1980
2026/08/29 20:17:49.148, 7, 471.85, 61, 29, 31184, 53, 1980
2026/08/29 20:17:54.150, 0, 518.89, 51, 29, 32504, 68, 1980
2026/08/29 20:17:54.151, 1, 491.69, 57, 34, 32282, 57, 1980
2026/08/29 20:17:54.151, 2, 499.05, 91, 54, 32248, 52, 1980
2026/08/29 20:17:54.151, 3, 510.92, 59, 29, 32166, 67, 1980
2026/08/29 20:17:54.151, 4, 494.24, 93, 46, 32046, 64, 1980
2026/08/29 20:17:54.151, 5, 483.96, 100, 55, 31826, 56, 1980
2026/08/29 20:17:54.151, 6, 504.84, 94, 50, 31286, 65, 1980
2026/08/29 20:17:54.151, 7, 500.30, 93, 47, 31184, 52, 1980
2026/08/29 20:17:59.151, 0, 544.83, 56, 27, 32504, 68, 1980
2026/08/29 20:17:59.152, 1, 517.19, 47, 28, 32282, 56, 1980
2026/08/29 20:17:59.153, 2, 521.30, 56, 34, 32248, 56, 1980
2026/08/29 20:17:59.154, 3, 542.16, 83, 42, 32166, 68, 1980
2026/08/29 20:17:59.156, 4, 518.71, 50, 25, 32046, 66, 1980
2026/08/29 20:17:59.157, 5, 520.81, 93, 54, 31826, 57, 1980
2026/08/29 20:17:59.159, 6, 539.42, 99, 61, 31286, 65, 1980
2026/08/29 20:17:59.159, 7, 509.60, 94, 48, 31184, 54, 1980
2026/08/29 20:18:04.161, 0, 527.78, 91, 53, 32504, 65, 1980
2026/08/29 20:18:04.167, 1, 502.65, 46, 26, 32282, 56, 1980
2026/08/29 20:18:04.169, 2, 502.35, 56, 33, 32248, 56, 1980
2026/08/29 20:18:04.171, 3, 512.43, 56, 31, 32166, 66, 1980
2026/08/29 20:18:04.172, 4, 500.00, 50, 25, 32046, 66, 1980
2026/08/29 20:18:04.175, 5, 495.55, 93, 48, 31826, 54, 1980
2026/08/29 20:18:04.180, 6, 517.09, 79, 35, 31286, 64, 1980
2026/08/29 20:18:04.186, 7, 507.46, 53, 26, 31184, 52, 1980
2026/08/29 20:18:09.190, 0, 498.63, 95, 58, 32508, 67, 1980
2026/08/29 20:18:09.194, 1, 466.28, 93, 49, 32288, 56, 1980
2026/08/29 20:18:09.198, 2, 484.25, 92, 45, 32250, 54, 1980
2026/08/29 20:18:09.202, 3, 487.19, 92, 53, 32166, 65, 1980
2026/08/29 20:18:09.205, 4, 473.24, 92, 52, 32046, 65, 1980
2026/08/29 20:18:09.207, 5, 475.74, 63, 35, 31826, 53, 1980
2026/08/29 20:18:09.210, 6, 476.84, 40, 23, 31286, 64, 1980
2026/08/29 20:18:09.212, 7, 476.41, 75, 41, 31184, 49, 1980
2026/08/29 20:18:14.216, 0, 505.80, 94, 52, 32508, 68, 1980
2026/08/29 20:18:14.217, 1, 504.07, 95, 56, 32288, 55, 1980
2026/08/29 20:18:14.219, 2, 501.52, 95, 58, 32250, 51, 1980
2026/08/29 20:18:14.221, 3, 503.01, 95, 58, 32166, 66, 1980
2026/08/29 20:18:14.222, 4, 485.46, 95, 52, 32046, 65, 1980
2026/08/29 20:18:14.223, 5, 479.94, 53, 31, 31826, 56, 1980
2026/08/29 20:18:14.225, 6, 507.85, 60, 28, 31286, 64, 1980
2026/08/29 20:18:14.227, 7, 496.82, 96, 53, 31184, 53, 1980
2026/08/29 20:18:19.229, 0, 529.07, 99, 61, 32508, 67, 1980
2026/08/29 20:18:19.230, 1, 499.69, 94, 55, 32288, 56, 1980
2026/08/29 20:18:19.231, 2, 510.10, 92, 50, 32250, 56, 1980
2026/08/29 20:18:19.233, 3, 528.19, 94, 54, 32166, 66, 1980
2026/08/29 20:18:19.234, 4, 499.59, 98, 60, 32046, 66, 1980
2026/08/29 20:18:19.234, 5, 499.06, 89, 38, 31826, 56, 1980
2026/08/29 20:18:19.236, 6, 504.05, 92, 45, 31446, 63, 1980
2026/08/29 20:18:19.238, 7, 500.53, 80, 44, 31184, 53, 1980
2026/08/29 20:18:24.239, 0, 363.21, 100, 0, 32508, 59, 1980
2026/08/29 20:18:24.240, 1, 327.68, 100, 0, 32288, 46, 1980
2026/08/29 20:18:24.240, 2, 348.70, 100, 0, 32250, 46, 1980
2026/08/29 20:18:24.240, 3, 354.93, 100, 0, 32166, 58, 1980
2026/08/29 20:18:24.240, 4, 323.61, 0, 0, 32046, 59, 1980
2026/08/29 20:18:24.240, 5, 341.35, 100, 0, 31826, 46, 1980
2026/08/29 20:18:24.240, 6, 361.33, 100, 0, 31446, 57, 1980
2026/08/29 20:18:24.240, 7, 356.24, 100, 0, 31184, 45, 1980
2026/08/29 20:18:29.240, 0, 544.46, 46, 28, 32508, 67, 1980
2026/08/29 20:18:29.243, 1, 504.54, 68, 39, 32288, 54, 1980
2026/08/29 20:18:29.244, 2, 516.57, 93, 52, 32250, 56, 1980
2026/08/29 20:18:29.247, 3, 536.89, 91, 53, 32166, 64, 1980
2026/08/29 20:18:29.252, 4, 518.16, 51, 31, 32046, 65, 1980
2026/08/29 20:18:29.254, 5, 512.39, 83, 43, 31826, 56, 1980
2026/08/29 20:18:29.256, 6, 519.56, 47, 24, 31446, 62, 1980
2026/08/29 20:18:29.257, 7, 501.03, 51, 29, 31184, 53, 1980
2026/08/29 20:18:34.260, 0, 329.58, 99, 60, 32508, 62, 1980
2026/08/29 20:18:34.260, 1, 325.60, 92, 54, 32288, 51, 1980
2026/08/29 20:18:34.263, 2, 347.15, 93, 51, 32250, 53, 1980
2026/08/29 20:18:34.263, 3, 337.58, 95, 55, 32166, 65, 1980
2026/08/29 20:18:34.265, 4, 333.69, 93, 56, 32046, 61, 1980
2026/08/29 20:18:34.267, 5, 325.38, 69, 40, 31826, 51, 1980
2026/08/29 20:18:34.267, 6, 332.58, 46, 26, 31446, 63, 1980
2026/08/29 20:18:34.272, 7, 341.94, 81, 44, 31184, 48, 1980
2026/08/29 20:18:39.274, 0, 490.33, 50, 32, 32508, 62, 1980
2026/08/29 20:18:39.276, 1, 461.66, 84, 48, 32288, 51, 1980
2026/08/29 20:18:39.277, 2, 475.12, 95, 53, 32250, 55, 1980
2026/08/29 20:18:39.277, 3, 496.82, 94, 53, 32166, 65, 1980
2026/08/29 20:18:39.279, 4, 476.40, 66, 38, 32046, 64, 1980
2026/08/29 20:18:39.282, 5, 480.65, 82, 29, 31826, 54, 1980
2026/08/29 20:18:39.283, 6, 493.69, 40, 21, 31446, 64, 1980
2026/08/29 20:18:39.285, 7, 476.84, 63, 33, 31184, 51, 1980
2026/08/29 20:18:44.286, 0, 522.91, 93, 53, 32508, 67, 1980
2026/08/29 20:18:44.286, 1, 483.54, 99, 55, 32288, 55, 1980
2026/08/29 20:18:44.289, 2, 510.91, 87, 44, 32250, 56, 1980
2026/08/29 20:18:44.290, 3, 520.71, 99, 59, 32166, 67, 1980
2026/08/29 20:18:44.292, 4, 490.98, 92, 53, 32046, 65, 1980
2026/08/29 20:18:44.292, 5, 496.67, 86, 50, 31826, 56, 1980
2026/08/29 20:18:44.294, 6, 510.85, 58, 31, 31446, 65, 1980
2026/08/29 20:18:44.296, 7, 508.69, 96, 53, 31184, 50, 1980
2026/08/29 20:18:49.299, 0, 505.45, 54, 30, 32508, 66, 1980
2026/08/29 20:18:49.300, 1, 484.37, 94, 48, 32288, 54, 1980
2026/08/29 20:18:49.302, 2, 502.32, 68, 31, 32250, 54, 1980
2026/08/29 20:18:49.304, 3, 492.35, 67, 32, 32166, 65, 1980
2026/08/29 20:18:49.308, 4, 480.92, 93, 50, 32046, 65, 1980
2026/08/29 20:18:49.309, 5, 500.53, 91, 52, 31826, 55, 1980
2026/08/29 20:18:49.311, 6, 502.83, 77, 45, 31446, 63, 1980
2026/08/29 20:18:49.313, 7, 493.43, 93, 46, 31184, 53, 1980
2026/08/29 20:18:54.313, 0, 509.95, 63, 37, 32508, 64, 1980
2026/08/29 20:18:54.313, 1, 473.85, 88, 51, 32288, 51, 1980
2026/08/29 20:18:54.313, 2, 493.22, 95, 52, 32250, 54, 1980
2026/08/29 20:18:54.313, 3, 489.94, 44, 24, 32166, 64, 1980
2026/08/29 20:18:54.313, 4, 472.40, 78, 43, 32046, 61, 1980
2026/08/29 20:18:54.313, 5, 479.88, 100, 58, 31826, 54, 1980
2026/08/29 20:18:54.313, 6, 495.70, 95, 51, 31446, 64, 1980
2026/08/29 20:18:54.313, 7, 497.94, 99, 58, 31184, 50, 1980
2026/08/29 20:18:59.314, 0, 532.79, 94, 51, 32508, 66, 1980
2026/08/29 20:18:59.314, 1, 506.30, 64, 38, 32288, 55, 1980
2026/08/29 20:18:59.316, 2, 513.09, 93, 54, 32250, 54, 1980
2026/08/29 20:18:59.318, 3, 530.78, 93, 50, 32166, 64, 1980
2026/08/29 20:18:59.319, 4, 519.17, 48, 30, 32046, 65, 1980
2026/08/29 20:18:59.320, 5, 520.95, 50, 30, 31826, 56, 1980
2026/08/29 20:18:59.321, 6, 525.68, 53, 26, 31446, 62, 1980
2026/08/29 20:18:59.323, 7, 496.43, 49, 28, 31184, 53, 1980
2026/08/29 20:19:04.325, 0, 542.89, 99, 61, 32508, 63, 1980
2026/08/29 20:19:04.330, 1, 492.18, 94, 54, 32288, 53, 1980
2026/08/29 20:19:04.332, 2, 502.74, 47, 30, 32250, 55, 1980
2026/08/29 20:19:04.334, 3, 512.53, 93, 44, 32166, 65, 1980
2026/08/29 20:19:04.337, 4, 492.44, 96, 53, 32046, 62, 1980
2026/08/29 20:19:04.340, 5, 505.00, 77, 43, 31826, 51, 1980
2026/08/29 20:19:04.342, 6, 510.70, 50, 30, 31446, 64, 1980
2026/08/29 20:19:04.343, 7, 494.75, 89, 50, 31184, 54, 1980
2026/08/29 20:19:09.347, 0, 516.34, 90, 53, 32508, 66, 1980
2026/08/29 20:19:09.349, 1, 498.30, 50, 29, 32288, 55, 1980
2026/08/29 20:19:09.351, 2, 509.36, 98, 61, 32250, 53, 1980
2026/08/29 20:19:09.352, 3, 515.61, 66, 39, 32166, 65, 1980
2026/08/29 20:19:09.352, 4, 497.06, 93, 50, 32046, 65, 1980
2026/08/29 20:19:09.354, 5, 495.47, 55, 27, 31826, 53, 1980
2026/08/29 20:19:09.356, 6, 517.42, 71, 31, 31446, 64, 1980
2026/08/29 20:19:09.358, 7, 501.27, 52, 30, 31184, 53, 1980
2026/08/29 20:19:14.361, 0, 511.83, 89, 53, 32508, 63, 1980
2026/08/29 20:19:14.364, 1, 480.60, 99, 55, 32288, 54, 1980
2026/08/29 20:19:14.367, 2, 493.00, 99, 59, 32250, 54, 1980
2026/08/29 20:19:14.370, 3, 508.30, 99, 60, 32166, 67, 1980
2026/08/29 20:19:14.373, 4, 500.42, 96, 56, 32046, 63, 1980
2026/08/29 20:19:14.375, 5, 490.44, 63, 30, 31826, 52, 1980
2026/08/29 20:19:14.378, 6, 514.22, 58, 33, 31446, 66, 1980
2026/08/29 20:19:14.378, 7, 490.41, 55, 27, 31184, 50, 1980
2026/08/29 20:19:19.379, 0, 544.68, 94, 51, 32508, 67, 1980
2026/08/29 20:19:19.380, 1, 515.55, 100, 60, 32288, 56, 1980
2026/08/29 20:19:19.381, 2, 526.82, 66, 32, 32250, 56, 1980
2026/08/29 20:19:19.382, 3, 540.77, 94, 56, 32166, 67, 1980
2026/08/29 20:19:19.383, 4, 521.29, 93, 50, 32046, 66, 1980
2026/08/29 20:19:19.385, 5, 527.95, 96, 55, 31826, 57, 1980
2026/08/29 20:19:19.386, 6, 535.16, 63, 30, 31446, 64, 1980
2026/08/29 20:19:19.388, 7, 524.65, 48, 28, 31184, 54, 1980
2026/08/29 20:19:24.388, 0, 513.38, 49, 30, 32508, 67, 1980
2026/08/29 20:19:24.388, 1, 495.55, 78, 36, 32288, 53, 1980
2026/08/29 20:19:24.389, 2, 504.90, 54, 26, 32250, 54, 1980
2026/08/29 20:19:24.389, 3, 509.17, 55, 27, 32166, 64, 1980
2026/08/29 20:19:24.389, 4, 498.53, 93, 46, 32046, 65, 1980
2026/08/29 20:19:24.389, 5, 489.15, 93, 51, 31826, 56, 1980
2026/08/29 20:19:24.389, 6, 515.25, 89, 50, 31446, 62, 1980
2026/08/29 20:19:24.389, 7, 498.42, 51, 29, 31184, 54, 1980
2026/08/29 20:19:29.389, 0, 527.40, 78, 47, 32508, 63, 1980
2026/08/29 20:19:29.391, 1, 485.18, 86, 49, 32288, 55, 1980
2026/08/29 20:19:29.393, 2, 509.33, 93, 55, 32250, 56, 1980
2026/08/29 20:19:29.394, 3, 511.74, 49, 31, 32166, 66, 1980
2026/08/29 20:19:29.394, 4, 488.11, 88, 53, 32046, 66, 1980
2026/08/29 20:19:29.396, 5, 502.23, 94, 57, 31826, 52, 1980
2026/08/29 20:19:29.398, 6, 508.47, 97, 57, 31446, 65, 1980
2026/08/29 20:19:29.400, 7, 485.38, 92, 53, 31184, 54, 1980
2026/08/29 20:19:34.402, 0, 532.00, 93, 53, 32508, 66, 1980
2026/08/29 20:19:34.403, 1, 499.81, 54, 32, 32288, 54, 1980
2026/08/29 20:19:34.403, 2, 509.08, 93, 49, 32250, 52, 1980
2026/08/29 20:19:34.404, 3, 521.65, 87, 52, 32166, 64, 1980
2026/08/29 20:19:34.408, 4, 508.01, 42, 28, 32046, 65, 1980
2026/08/29 20:19:34.409, 5, 505.28, 43, 23, 31826, 55, 1980
2026/08/29 20:19:34.410, 6, 513.00, 44, 21, 31446, 63, 1980
2026/08/29 20:19:34.411, 7, 508.36, 93, 43, 31184, 53, 1980
2026/08/29 20:19:39.414, 0, 498.69, 46, 27, 32508, 67, 1980
2026/08/29 20:19:39.415, 1, 487.05, 68, 34, 32288, 55, 1980
2026/08/29 20:19:39.417, 2, 489.43, 95, 52, 32250, 53, 1980
2026/08/29 20:19:39.419, 3, 489.45, 49, 25, 32166, 64, 1980
2026/08/29 20:19:39.420, 4, 486.34, 54, 31, 32046, 66, 1980
2026/08/29 20:19:39.420, 5, 478.68, 94, 47, 31826, 56, 1980
2026/08/29 20:19:39.422, 6, 496.66, 94, 50, 31446, 64, 1980
2026/08/29 20:19:39.425, 7, 481.28, 89, 44, 31184, 53, 1980
2026/08/29 20:19:44.426, 0, 512.28, 94, 47, 32508, 67, 1980
2026/08/29 20:19:44.428, 1, 479.08, 95, 57, 32288, 55, 1980
2026/08/29 20:19:44.430, 2, 492.80, 52, 28, 32250, 55, 1980
2026/08/29 20:19:44.430, 3, 519.08, 94, 52, 32166, 66, 1980
2026/08/29 20:19:44.435, 4, 498.02, 100, 58, 32046, 65, 1980
2026/08/29 20:19:44.437, 5, 497.28, 100, 57, 31826, 57, 1980
2026/08/29 20:19:44.438, 6, 505.32, 100, 55, 31446, 64, 1980
2026/08/29 20:19:44.441, 7, 491.67, 68, 38, 31184, 54, 1980
2026/08/29 20:19:49.444, 0, 519.82, 62, 36, 32508, 64, 1980
2026/08/29 20:19:49.444, 1, 475.81, 89, 53, 32288, 51, 1980
2026/08/29 20:19:49.445, 2, 478.05, 95, 53, 32250, 54, 1980
2026/08/29 20:19:49.446, 3, 513.33, 95, 53, 32166, 64, 1980
2026/08/29 20:19:49.449, 4, 484.29, 76, 42, 32046, 61, 1980
2026/08/29 20:19:49.450, 5, 484.52, 99, 58, 31826, 54, 1980
2026/08/29 20:19:49.452, 6, 488.36, 94, 52, 31446, 64, 1980
2026/08/29 20:19:49.452, 7, 486.87, 96, 57, 31184, 49, 1980
2026/08/29 20:19:54.454, 0, 531.43, 94, 49, 32508, 67, 1980
2026/08/29 20:19:54.454, 1, 513.34, 100, 60, 32288, 55, 1980
2026/08/29 20:19:54.454, 2, 512.33, 50, 25, 32250, 53, 1980
2026/08/29 20:19:54.454, 3, 523.75, 93, 54, 32166, 66, 1980
2026/08/29 20:19:54.454, 4, 516.00, 89, 42, 32046, 65, 1980
2026/08/29 20:19:54.454, 5, 511.46, 50, 28, 31826, 56, 1980
2026/08/29 20:19:54.454, 6, 518.78, 50, 25, 31446, 64, 1980
2026/08/29 20:19:54.454, 7, 508.67, 50, 29, 31184, 53, 1980
2026/08/29 20:19:59.455, 0, 331.08, 51, 31, 32508, 66, 1980
2026/08/29 20:19:59.455, 1, 315.32, 49, 24, 32288, 53, 1980
2026/08/29 20:19:59.457, 2, 328.72, 93, 51, 32250, 52, 1980
2026/08/29 20:19:59.459, 3, 335.42, 93, 52, 32166, 65, 1980
2026/08/29 20:19:59.460, 4, 321.94, 64, 37, 32046, 64, 1980
2026/08/29 20:19:59.461, 5, 312.01, 72, 35, 31826, 55, 1980
2026/08/29 20:19:59.462, 6, 332.75, 94, 51, 31466, 64, 1980
2026/08/29 20:19:59.465, 7, 322.55, 99, 60, 31184, 52, 1980
2026/08/29 20:20:04.467, 0, 539.29, 91, 53, 32508, 65, 1980
2026/08/29 20:20:04.469, 1, 506.16, 51, 29, 32288, 55, 1980
2026/08/29 20:20:04.470, 2, 518.28, 85, 43, 32250, 55, 1980
2026/08/29 20:20:04.472, 3, 533.61, 56, 32, 32166, 66, 1980
2026/08/29 20:20:04.473, 4, 515.60, 93, 54, 32046, 63, 1980
2026/08/29 20:20:04.474, 5, 518.32, 57, 28, 31826, 55, 1980
2026/08/29 20:20:04.476, 6, 525.88, 80, 40, 31466, 64, 1980
2026/08/29 20:20:04.478, 7, 519.29, 56, 28, 31184, 51, 1980
2026/08/29 20:20:09.480, 0, 541.35, 45, 27, 32508, 67, 1980
2026/08/29 20:20:09.482, 1, 500.65, 70, 37, 32288, 55, 1980
2026/08/29 20:20:09.484, 2, 503.63, 55, 32, 32250, 54, 1980
2026/08/29 20:20:09.487, 3, 524.16, 48, 24, 32166, 66, 1980
2026/08/29 20:20:09.488, 4, 512.40, 88, 45, 32046, 65, 1980
2026/08/29 20:20:09.491, 5, 511.98, 93, 49, 31826, 56, 1980
2026/08/29 20:20:09.495, 6, 531.81, 94, 51, 31466, 64, 1980
2026/08/29 20:20:09.495, 7, 515.79, 91, 52, 31184, 50, 1980
2026/08/29 20:20:14.495, 0, 532.73, 65, 38, 32508, 66, 1980
2026/08/29 20:20:14.497, 1, 504.34, 54, 26, 32288, 52, 1980
2026/08/29 20:20:14.498, 2, 493.10, 93, 53, 32250, 54, 1980
2026/08/29 20:20:14.500, 3, 525.38, 50, 30, 32166, 65, 1980
2026/08/29 20:20:14.500, 4, 501.38, 79, 44, 32046, 64, 1980
2026/08/29 20:20:14.502, 5, 499.56, 74, 36, 31826, 55, 1980
2026/08/29 20:20:14.504, 6, 527.70, 94, 50, 31466, 63, 1980
2026/08/29 20:20:14.505, 7, 512.76, 65, 30, 31184, 52, 1980
2026/08/29 20:20:19.507, 0, 513.05, 96, 57, 32508, 67, 1980
2026/08/29 20:20:19.508, 1, 503.68, 95, 54, 32288, 53, 1980
2026/08/29 20:20:19.508, 2, 498.92, 93, 49, 32250, 55, 1980
2026/08/29 20:20:19.510, 3, 500.43, 99, 58, 32166, 66, 1980
2026/08/29 20:20:19.512, 4, 489.89, 92, 55, 32046, 65, 1980
2026/08/29 20:20:19.512, 5, 485.41, 69, 32, 31826, 56, 1980
2026/08/29 20:20:19.514, 6, 512.21, 94, 44, 31466, 64, 1980
2026/08/29 20:20:19.515, 7, 478.01, 94, 49, 31184, 53, 1980
2026/08/29 20:20:24.516, 0, 524.01, 88, 51, 32508, 67, 1980
2026/08/29 20:20:24.516, 1, 500.30, 80, 45, 32288, 52, 1980
2026/08/29 20:20:24.517, 2, 503.45, 85, 44, 32250, 54, 1980
2026/08/29 20:20:24.517, 3, 518.62, 93, 48, 32166, 65, 1980
2026/08/29 20:20:24.517, 4, 508.62, 93, 50, 32046, 65, 1980
2026/08/29 20:20:24.517, 5, 504.15, 53, 25, 31826, 56, 1980
2026/08/29 20:20:24.517, 6, 519.96, 81, 41, 31466, 63, 1980
2026/08/29 20:20:24.517, 7, 495.36, 45, 22, 31184, 53, 1980
2026/08/29 20:20:29.517, 0, 500.18, 69, 37, 32508, 67, 1980
2026/08/29 20:20:29.517, 1, 494.60, 94, 53, 32288, 51, 1980
2026/08/29 20:20:29.518, 2, 492.93, 99, 57, 32250, 54, 1980
2026/08/29 20:20:29.519, 3, 500.37, 51, 26, 32166, 63, 1980
2026/08/29 20:20:29.521, 4, 486.93, 82, 44, 32046, 65, 1980
2026/08/29 20:20:29.523, 5, 490.32, 99, 61, 31826, 56, 1980
2026/08/29 20:20:29.524, 6, 491.82, 100, 54, 31466, 61, 1980
2026/08/29 20:20:29.524, 7, 478.12, 99, 57, 31184, 53, 1980
2026/08/29 20:20:34.526, 0, 522.51, 94, 55, 32508, 67, 1980
2026/08/29 20:20:34.528, 1, 507.83, 95, 54, 32288, 54, 1980
2026/08/29 20:20:34.529, 2, 504.83, 55, 33, 32250, 56, 1980
2026/08/29 20:20:34.529, 3, 536.56, 94, 48, 32166, 66, 1980
2026/08/29 20:20:34.534, 4, 515.91, 93, 47, 32046, 62, 1980
2026/08/29 20:20:34.536, 5, 487.01, 89, 50, 31826, 55, 1980
2026/08/29 20:20:34.538, 6, 523.13, 61, 34, 31466, 64, 1980
2026/08/29 20:20:34.538, 7, 489.38, 94, 53, 31184, 50, 1980
2026/08/29 20:20:39.540, 0, 536.51, 56, 27, 32508, 67, 1980
2026/08/29 20:20:39.541, 1, 518.99, 94, 51, 32288, 55, 1980
2026/08/29 20:20:39.543, 2, 526.10, 57, 33, 32250, 55, 1980
2026/08/29 20:20:39.543, 3, 545.33, 83, 41, 32166, 66, 1980
2026/08/29 20:20:39.544, 4, 529.50, 52, 26, 32046, 65, 1980
2026/08/29 20:20:39.548, 5, 512.67, 93, 48, 31826, 56, 1980
2026/08/29 20:20:39.550, 6, 539.30, 100, 58, 31466, 64, 1980
2026/08/29 20:20:39.550, 7, 518.59, 93, 47, 31184, 53, 1980
2026/08/29 20:20:44.552, 0, 538.52, 51, 25, 32508, 65, 1980
2026/08/29 20:20:44.552, 1, 499.96, 94, 50, 32288, 54, 1980
2026/08/29 20:20:44.554, 2, 521.53, 72, 34, 32250, 55, 1980
2026/08/29 20:20:44.556, 3, 530.93, 72, 33, 32166, 65, 1980
2026/08/29 20:20:44.557, 4, 501.79, 93, 51, 32046, 65, 1980
2026/08/29 20:20:44.559, 5, 508.62, 94, 52, 31826, 56, 1980
2026/08/29 20:20:44.561, 6, 530.54, 97, 59, 31466, 63, 1980
2026/08/29 20:20:44.563, 7, 502.32, 94, 50, 31184, 53, 1980
2026/08/29 20:20:49.566, 0, 526.89, 59, 34, 32508, 65, 1980
2026/08/29 20:20:49.566, 1, 493.55, 55, 27, 32288, 54, 1980
2026/08/29 20:20:49.569, 2, 500.01, 96, 54, 32250, 55, 1980
2026/08/29 20:20:49.570, 3, 519.34, 51, 29, 32166, 65, 1980
2026/08/29 20:20:49.571, 4, 503.24, 72, 42, 32046, 63, 1980
2026/08/29 20:20:49.572, 5, 504.91, 99, 60, 31826, 54, 1980
2026/08/29 20:20:49.573, 6, 507.13, 95, 52, 31466, 63, 1980
2026/08/29 20:20:49.576, 7, 496.56, 99, 57, 31184, 51, 1980
2026/08/29 20:20:54.578, 0, 522.64, 89, 55, 32508, 63, 1980
2026/08/29 20:20:54.578, 1, 476.65, 94, 50, 32288, 53, 1980
2026/08/29 20:20:54.578, 2, 486.22, 60, 33, 32250, 53, 1980
2026/08/29 20:20:54.578, 3, 511.81, 62, 34, 32166, 63, 1980
2026/08/29 20:20:54.578, 4, 481.30, 52, 29, 32046, 64, 1980
2026/08/29 20:20:54.578, 5, 482.97, 96, 53, 31826, 52, 1980
2026/08/29 20:20:54.578, 6, 498.77, 100, 60, 31466, 62, 1980
2026/08/29 20:20:54.578, 7, 486.01, 92, 51, 31184, 51, 1980
2026/08/29 20:20:59.579, 0, 538.32, 92, 52, 32508, 67, 1980
2026/08/29 20:20:59.579, 1, 498.02, 56, 28, 32288, 54, 1980
2026/08/29 20:20:59.581, 2, 510.48, 92, 54, 32250, 54, 1980
2026/08/29 20:20:59.581, 3, 528.47, 46, 27, 32166, 64, 1980
2026/08/29 20:20:59.583, 4, 517.38, 93, 54, 32046, 65, 1980
2026/08/29 20:20:59.585, 5, 503.84, 89, 47, 31826, 54, 1980
2026/08/29 20:20:59.587, 6, 527.58, 94, 54, 31466, 64, 1980
2026/08/29 20:20:59.589, 7, 519.47, 75, 40, 31184, 54, 1980
2026/08/29 20:21:04.590, 0, 506.80, 99, 58, 32508, 65, 1980
2026/08/29 20:21:04.592, 1, 496.65, 76, 45, 32288, 53, 1980
2026/08/29 20:21:04.594, 2, 502.77, 93, 47, 32250, 53, 1980
2026/08/29 20:21:04.596, 3, 508.93, 97, 54, 32166, 65, 1980
2026/08/29 20:21:04.599, 4, 501.98, 67, 36, 32046, 63, 1980
2026/08/29 20:21:04.613, 5, 489.28, 52, 29, 31826, 54, 1980
2026/08/29 20:21:04.615, 6, 518.28, 49, 29, 31466, 64, 1980
2026/08/29 20:21:04.618, 7, 500.90, 64, 35, 31184, 51, 1980
2026/08/29 20:21:09.621, 0, 530.18, 99, 58, 32508, 66, 1980
2026/08/29 20:21:09.624, 1, 502.11, 70, 40, 32288, 56, 1980
2026/08/29 20:21:09.628, 2, 500.31, 54, 27, 32250, 52, 1980
2026/08/29 20:21:09.630, 3, 508.33, 93, 49, 32166, 62, 1980
2026/08/29 20:21:09.633, 4, 492.33, 100, 56, 32046, 64, 1980
2026/08/29 20:21:09.636, 5, 503.17, 53, 29, 31826, 55, 1980
2026/08/29 20:21:09.640, 6, 507.83, 54, 27, 31466, 62, 1980
2026/08/29 20:21:09.643, 7, 505.67, 52, 29, 31184, 52, 1980
2026/08/29 20:21:14.647, 0, 536.04, 95, 55, 32508, 66, 1980
2026/08/29 20:21:14.647, 1, 497.56, 64, 38, 32288, 53, 1980
2026/08/29 20:21:14.649, 2, 513.16, 93, 55, 32250, 52, 1980
2026/08/29 20:21:14.650, 3, 523.93, 90, 54, 32166, 64, 1980
2026/08/29 20:21:14.651, 4, 500.54, 98, 54, 32046, 64, 1980
2026/08/29 20:21:14.652, 5, 493.20, 50, 29, 31826, 55, 1980
2026/08/29 20:21:14.655, 6, 525.42, 54, 27, 31466, 62, 1980
2026/08/29 20:21:14.656, 7, 504.45, 51, 29, 31184, 53, 1980
2026/08/29 20:21:19.658, 0, 513.33, 58, 34, 32508, 65, 1980
2026/08/29 20:21:19.659, 1, 488.79, 87, 51, 32288, 51, 1980
2026/08/29 20:21:19.659, 2, 499.51, 94, 51, 32250, 55, 1980
2026/08/29 20:21:19.661, 3, 506.63, 93, 51, 32166, 65, 1980
2026/08/29 20:21:19.664, 4, 491.79, 71, 40, 32046, 62, 1980
2026/08/29 20:21:19.664, 5, 484.36, 82, 36, 31826, 54, 1980
2026/08/29 20:21:19.665, 6, 507.27, 93, 50, 31466, 62, 1980
2026/08/29 20:21:19.667, 7, 491.57, 72, 30, 31184, 50, 1980
2026/08/29 20:21:24.668, 0, 519.77, 60, 34, 32508, 66, 1980
2026/08/29 20:21:24.668, 1, 488.58, 60, 29, 32288, 54, 1980
2026/08/29 20:21:24.668, 2, 502.28, 99, 56, 32250, 54, 1980
2026/08/29 20:21:24.668, 3, 527.31, 50, 28, 32166, 66, 1980
2026/08/29 20:21:24.668, 4, 501.83, 73, 40, 32046, 63, 1980
2026/08/29 20:21:24.668, 5, 494.01, 100, 57, 31826, 54, 1980
2026/08/29 20:21:24.668, 6, 503.10, 100, 55, 31466, 64, 1980
2026/08/29 20:21:24.668, 7, 494.95, 100, 58, 31184, 51, 1980
2026/08/29 20:21:29.668, 0, 518.22, 56, 33, 32508, 66, 1980
2026/08/29 20:21:29.671, 1, 507.05, 97, 58, 32288, 50, 1980
2026/08/29 20:21:29.673, 2, 490.31, 50, 30, 32250, 53, 1980
2026/08/29 20:21:29.675, 3, 509.66, 50, 29, 32166, 63, 1980
2026/08/29 20:21:29.675, 4, 487.16, 73, 38, 32046, 65, 1980
2026/08/29 20:21:29.677, 5, 489.50, 100, 56, 31826, 54, 1980
2026/08/29 20:21:29.681, 6, 521.07, 100, 55, 31466, 62, 1980
2026/08/29 20:21:29.685, 7, 505.74, 67, 36, 31184, 53, 1980
2026/08/29 20:21:34.688, 0, 516.84, 53, 32, 32508, 67, 1980
2026/08/29 20:21:34.690, 1, 518.09, 93, 53, 32288, 50, 1980
2026/08/29 20:21:34.694, 2, 515.08, 97, 55, 32250, 53, 1980
2026/08/29 20:21:34.696, 3, 525.97, 52, 30, 32166, 64, 1980
2026/08/29 20:21:34.697, 4, 493.30, 65, 36, 32046, 66, 1980
2026/08/29 20:21:34.699, 5, 487.77, 99, 55, 31826, 55, 1980
2026/08/29 20:21:34.701, 6, 509.66, 100, 53, 31466, 63, 1980
2026/08/29 20:21:34.702, 7, 496.44, 94, 52, 31184, 54, 1980
2026/08/29 20:21:39.703, 0, 527.17, 45, 28, 32508, 67, 1980
2026/08/29 20:21:39.703, 1, 493.42, 70, 30, 32288, 54, 1980
2026/08/29 20:21:39.705, 2, 509.63, 96, 51, 32250, 55, 1980
2026/08/29 20:21:39.707, 3, 521.59, 49, 25, 32166, 65, 1980
2026/08/29 20:21:39.709, 4, 505.14, 85, 38, 32046, 65, 1980
2026/08/29 20:21:39.710, 5, 496.47, 93, 44, 31826, 55, 1980
2026/08/29 20:21:39.712, 6, 517.44, 93, 49, 31466, 64, 1980
2026/08/29 20:21:39.712, 7, 504.19, 100, 59, 31184, 53, 1980
2026/08/29 20:21:44.714, 0, 538.15, 50, 30, 32508, 67, 1980
2026/08/29 20:21:44.715, 1, 513.14, 91, 47, 32288, 54, 1980
2026/08/29 20:21:44.717, 2, 528.85, 84, 51, 32250, 54, 1980
2026/08/29 20:21:44.718, 3, 538.28, 63, 29, 32166, 64, 1980
2026/08/29 20:21:44.718, 4, 525.81, 52, 32, 32046, 65, 1980
2026/08/29 20:21:44.720, 5, 502.43, 93, 46, 31826, 55, 1980
2026/08/29 20:21:44.723, 6, 530.72, 94, 50, 31466, 64, 1980
2026/08/29 20:21:44.724, 7, 516.35, 93, 46, 31184, 53, 1980
2026/08/29 20:21:49.726, 0, 504.22, 93, 54, 32508, 67, 1980
2026/08/29 20:21:49.727, 1, 503.75, 95, 54, 32288, 54, 1980
2026/08/29 20:21:49.727, 2, 513.98, 100, 59, 32250, 56, 1980
2026/08/29 20:21:49.729, 3, 505.58, 99, 60, 32166, 66, 1980
2026/08/29 20:21:49.731, 4, 487.96, 93, 55, 32046, 65, 1980
2026/08/29 20:21:49.732, 5, 494.49, 88, 51, 31826, 51, 1980
2026/08/29 20:21:49.734, 6, 512.33, 90, 45, 31466, 64, 1980
2026/08/29 20:21:49.734, 7, 483.31, 93, 48, 31184, 53, 1980
2026/08/29 20:21:54.736, 0, 359.08, 95, 57, 32508, 62, 1980
2026/08/29 20:21:54.736, 1, 324.89, 49, 28, 32288, 53, 1980
2026/08/29 20:21:54.736, 2, 328.58, 100, 61, 32250, 54, 1980
2026/08/29 20:21:54.736, 3, 362.11, 99, 61, 32166, 65, 1980
2026/08/29 20:21:54.736, 4, 349.35, 97, 57, 32046, 62, 1980
2026/08/29 20:21:54.736, 5, 334.19, 96, 47, 31826, 50, 1980
2026/08/29 20:21:54.736, 6, 351.43, 99, 57, 31466, 61, 1980
2026/08/29 20:21:54.737, 7, 341.38, 96, 36, 31184, 49, 1980
2026/08/29 20:21:59.737, 0, 522.74, 55, 28, 32508, 65, 1980
2026/08/29 20:21:59.738, 1, 513.42, 99, 56, 32288, 54, 1980
2026/08/29 20:21:59.738, 2, 504.12, 77, 38, 32250, 53, 1980
2026/08/29 20:21:59.740, 3, 516.26, 75, 37, 32166, 65, 1980
2026/08/29 20:21:59.743, 4, 493.25, 52, 30, 32046, 63, 1980
2026/08/29 20:21:59.744, 5, 493.92, 96, 53, 31826, 54, 1980
2026/08/29 20:21:59.745, 6, 532.33, 73, 41, 31466, 61, 1980
2026/08/29 20:21:59.746, 7, 513.91, 98, 53, 31184, 51, 1980
2026/08/29 20:22:04.747, 0, 455.43, 52, 27, 32508, 60, 1980
2026/08/29 20:22:04.749, 1, 429.06, 38, 24, 32288, 47, 1980
2026/08/29 20:22:04.752, 2, 460.11, 100, 0, 32250, 47, 1980
2026/08/29 20:22:04.754, 3, 456.22, 100, 0, 32166, 61, 1980
2026/08/29 20:22:04.755, 4, 438.05, 100, 0, 32046, 59, 1980
2026/08/29 20:22:04.758, 5, 429.77, 97, 8, 31826, 48, 1980
2026/08/29 20:22:04.760, 6, 444.86, 100, 0, 31466, 59, 1980
2026/08/29 20:22:04.763, 7, 423.87, 97, 14, 31184, 46, 1980
2026/08/29 20:22:09.765, 0, 542.89, 94, 49, 32508, 65, 1980
2026/08/29 20:22:09.772, 1, 503.27, 99, 60, 32288, 51, 1980
2026/08/29 20:22:09.774, 2, 490.18, 96, 53, 32250, 54, 1980
2026/08/29 20:22:09.778, 3, 506.45, 94, 48, 32166, 62, 1980
2026/08/29 20:22:09.784, 4, 495.39, 86, 39, 32046, 65, 1980
2026/08/29 20:22:09.786, 5, 498.10, 100, 55, 31826, 54, 1980
2026/08/29 20:22:09.790, 6, 497.24, 97, 53, 31466, 61, 1980
2026/08/29 20:22:09.793, 7, 496.49, 100, 56, 31184, 53, 1980
2026/08/29 20:22:14.797, 0, 529.67, 96, 57, 32508, 66, 1980
2026/08/29 20:22:14.799, 1, 482.69, 96, 38, 32288, 54, 1980
2026/08/29 20:22:14.800, 2, 486.07, 93, 34, 32250, 53, 1980
2026/08/29 20:22:14.802, 3, 521.96, 94, 34, 32166, 64, 1980
2026/08/29 20:22:14.805, 4, 506.98, 96, 48, 32046, 61, 1980
2026/08/29 20:22:14.807, 5, 505.65, 83, 45, 31826, 55, 1980
2026/08/29 20:22:14.809, 6, 519.05, 100, 55, 31466, 63, 1980
2026/08/29 20:22:14.809, 7, 512.78, 93, 51, 31184, 49, 1980
2026/08/29 20:22:19.811, 0, 517.06, 95, 56, 32508, 65, 1980
2026/08/29 20:22:19.816, 1, 486.97, 49, 30, 32288, 54, 1980
2026/08/29 20:22:19.817, 2, 486.59, 99, 58, 32250, 52, 1980
2026/08/29 20:22:19.820, 3, 512.41, 69, 38, 32166, 63, 1980
2026/08/29 20:22:19.822, 4, 487.58, 100, 52, 32046, 62, 1980
2026/08/29 20:22:19.825, 5, 494.77, 55, 27, 31826, 54, 1980
2026/08/29 20:22:19.838, 6, 520.11, 69, 34, 31466, 64, 1980
2026/08/29 20:22:19.841, 7, 487.90, 53, 31, 31184, 50, 1980
2026/08/29 20:22:24.846, 0, 523.80, 95, 56, 32508, 63, 1980
2026/08/29 20:22:24.846, 1, 481.78, 51, 29, 32288, 54, 1980
2026/08/29 20:22:24.846, 2, 505.63, 58, 33, 32250, 55, 1980
2026/08/29 20:22:24.846, 3, 522.28, 61, 33, 32166, 65, 1980
2026/08/29 20:22:24.846, 4, 501.80, 53, 27, 32046, 62, 1980
2026/08/29 20:22:24.846, 5, 500.06, 57, 28, 31826, 52, 1980
2026/08/29 20:22:24.846, 6, 514.92, 100, 58, 31466, 62, 1980
2026/08/29 20:22:24.846, 7, 493.49, 94, 47, 31184, 50, 1980
2026/08/29 20:22:29.846, 0, 513.39, 92, 53, 32508, 66, 1980
2026/08/29 20:22:29.847, 1, 478.55, 52, 32, 32288, 53, 1980
2026/08/29 20:22:29.849, 2, 488.81, 88, 50, 32250, 55, 1980
2026/08/29 20:22:29.851, 3, 497.19, 88, 47, 32166, 66, 1980
2026/08/29 20:22:29.853, 4, 499.18, 92, 52, 32046, 64, 1980
2026/08/29 20:22:29.855, 5, 501.39, 68, 33, 31826, 55, 1980
2026/08/29 20:22:29.856, 6, 522.51, 88, 47, 31466, 60, 1980
2026/08/29 20:22:29.857, 7, 487.51, 57, 26, 31184, 51, 1980
2026/08/29 20:22:34.858, 0, 535.92, 96, 62, 32508, 66, 1980
2026/08/29 20:22:34.869, 1, 504.10, 52, 26, 32288, 55, 1980
2026/08/29 20:22:34.873, 2, 496.02, 93, 56, 32250, 54, 1980
2026/08/29 20:22:34.877, 3, 537.09, 92, 57, 32166, 65, 1980
2026/08/29 20:22:34.879, 4, 519.59, 83, 51, 32046, 66, 1980
2026/08/29 20:22:34.881, 5, 512.46, 69, 31, 31826, 55, 1980
2026/08/29 20:22:34.890, 6, 534.30, 94, 49, 31466, 64, 1980
2026/08/29 20:22:34.897, 7, 511.56, 95, 54, 31184, 53, 1980
2026/08/29 20:22:39.899, 0, 540.03, 92, 53, 32508, 66, 1980
2026/08/29 20:22:39.900, 1, 514.34, 76, 37, 32288, 55, 1980
2026/08/29 20:22:39.901, 2, 513.58, 93, 54, 32250, 55, 1980
2026/08/29 20:22:39.903, 3, 538.19, 93, 54, 32166, 66, 1980
2026/08/29 20:22:39.904, 4, 522.89, 96, 57, 32046, 66, 1980
2026/08/29 20:22:39.906, 5, 519.84, 93, 50, 31826, 55, 1980
2026/08/29 20:22:39.906, 6, 535.51, 93, 48, 31466, 61, 1980
2026/08/29 20:22:39.908, 7, 511.24, 93, 45, 31184, 53, 1980
2026/08/29 20:22:44.910, 0, 515.68, 52, 30, 32508, 66, 1980
2026/08/29 20:22:44.912, 1, 493.08, 99, 59, 32288, 53, 1980
2026/08/29 20:22:44.914, 2, 495.27, 57, 28, 32250, 54, 1980
2026/08/29 20:22:44.915, 3, 520.15, 54, 26, 32166, 65, 1980
2026/08/29 20:22:44.916, 4, 505.60, 50, 30, 32046, 64, 1980
2026/08/29 20:22:44.919, 5, 497.39, 93, 53, 31826, 55, 1980
2026/08/29 20:22:44.921, 6, 511.12, 88, 50, 31466, 61, 1980
2026/08/29 20:22:44.922, 7, 495.38, 93, 52, 31184, 52, 1980
2026/08/29 20:22:49.923, 0, 517.45, 78, 46, 32508, 63, 1980
2026/08/29 20:22:49.924, 1, 475.13, 52, 29, 32288, 52, 1980
2026/08/29 20:22:49.926, 2, 498.14, 93, 54, 32250, 54, 1980
2026/08/29 20:22:49.928, 3, 523.78, 94, 54, 32166, 65, 1980
2026/08/29 20:22:49.929, 4, 487.57, 89, 52, 32046, 64, 1980
2026/08/29 20:22:49.929, 5, 509.98, 64, 31, 31826, 51, 1980
2026/08/29 20:22:49.931, 6, 496.62, 92, 42, 31466, 64, 1980
2026/08/29 20:22:49.933, 7, 486.17, 58, 28, 31184, 51, 1980
2026/08/29 20:22:54.935, 0, 527.14, 93, 49, 32508, 64, 1980
2026/08/29 20:22:54.935, 1, 474.28, 99, 56, 32288, 53, 1980
2026/08/29 20:22:54.935, 2, 509.23, 96, 58, 32250, 56, 1980
2026/08/29 20:22:54.935, 3, 522.62, 95, 56, 32226, 67, 1980
2026/08/29 20:22:54.935, 4, 498.15, 90, 50, 32046, 64, 1980
2026/08/29 20:22:54.935, 5, 503.85, 95, 54, 31826, 53, 1980
2026/08/29 20:22:54.936, 6, 496.67, 75, 42, 31466, 65, 1980
2026/08/29 20:22:54.936, 7, 489.20, 97, 55, 31184, 51, 1980
2026/08/29 20:22:59.936, 0, 527.50, 51, 29, 32508, 67, 1980
2026/08/29 20:22:59.938, 1, 497.38, 88, 32, 32288, 53, 1980
2026/08/29 20:22:59.940, 2, 511.43, 59, 29, 32250, 55, 1980
2026/08/29 20:22:59.941, 3, 525.15, 56, 27, 32226, 62, 1980
2026/08/29 20:22:59.941, 4, 514.93, 93, 37, 32046, 65, 1980
2026/08/29 20:22:59.943, 5, 503.13, 93, 39, 31826, 56, 1980
2026/08/29 20:22:59.946, 6, 509.11, 30, 14, 31466, 63, 1980
2026/08/29 20:22:59.947, 7, 501.95, 100, 57, 31184, 52, 1980
2026/08/29 20:23:04.949, 0, 519.62, 94, 58, 32508, 67, 1980
2026/08/29 20:23:04.950, 1, 492.23, 98, 51, 32288, 54, 1980
2026/08/29 20:23:04.955, 2, 505.45, 93, 46, 32250, 54, 1980
2026/08/29 20:23:04.957, 3, 522.13, 94, 46, 32226, 65, 1980
2026/08/29 20:23:04.958, 4, 512.25, 93, 50, 32046, 65, 1980
2026/08/29 20:23:04.959, 5, 496.34, 71, 31, 31826, 56, 1980
2026/08/29 20:23:04.961, 6, 520.13, 94, 46, 31466, 65, 1980
2026/08/29 20:23:04.962, 7, 495.35, 61, 30, 31184, 53, 1980
2026/08/29 20:23:09.963, 0, 512.40, 90, 53, 32508, 64, 1980
2026/08/29 20:23:09.964, 1, 493.26, 94, 49, 32288, 54, 1980
2026/08/29 20:23:09.965, 2, 504.51, 62, 35, 32250, 52, 1980
2026/08/29 20:23:09.966, 3, 512.24, 66, 38, 32226, 63, 1980
2026/08/29 20:23:09.967, 4, 486.02, 52, 30, 32046, 64, 1980
2026/08/29 20:23:09.969, 5, 483.90, 93, 48, 31826, 52, 1980
2026/08/29 20:23:09.971, 6, 493.52, 96, 55, 31466, 64, 1980
2026/08/29 20:23:09.972, 7, 478.21, 92, 48, 31184, 51, 1980
2026/08/29 20:23:14.973, 0, 541.70, 99, 58, 32508, 67, 1980
2026/08/29 20:23:14.974, 1, 517.52, 74, 37, 32288, 56, 1980
2026/08/29 20:23:14.975, 2, 512.35, 93, 55, 32250, 56, 1980
2026/08/29 20:23:14.977, 3, 534.01, 93, 48, 32226, 66, 1980
2026/08/29 20:23:14.977, 4, 513.38, 52, 32, 32046, 65, 1980
2026/08/29 20:23:14.979, 5, 521.60, 94, 45, 31826, 55, 1980
2026/08/29 20:23:14.981, 6, 526.02, 94, 49, 31466, 64, 1980
2026/08/29 20:23:14.981, 7, 513.90, 93, 45, 31184, 53, 1980
2026/08/29 20:23:19.983, 0, 508.23, 95, 55, 32508, 66, 1980
2026/08/29 20:23:19.984, 1, 472.27, 67, 40, 32288, 52, 1980
2026/08/29 20:23:19.986, 2, 474.94, 92, 55, 32250, 52, 1980
2026/08/29 20:23:19.986, 3, 485.93, 93, 56, 32226, 63, 1980
2026/08/29 20:23:19.987, 4, 486.14, 52, 32, 32046, 60, 1980
2026/08/29 20:23:19.989, 5, 471.52, 52, 31, 31826, 55, 1980
2026/08/29 20:23:19.990, 6, 500.48, 52, 27, 31466, 63, 1980
2026/08/29 20:23:19.992, 7, 471.55, 50, 30, 31184, 52, 1980
2026/08/29 20:23:24.992, 0, 515.53, 99, 57, 32508, 66, 1980
2026/08/29 20:23:24.992, 1, 496.89, 58, 34, 32288, 48, 1980
2026/08/29 20:23:24.992, 2, 497.80, 93, 54, 32250, 50, 1980
2026/08/29 20:23:24.992, 3, 508.87, 93, 54, 32226, 61, 1980
2026/08/29 20:23:24.992, 4, 492.14, 100, 56, 32046, 63, 1980
2026/08/29 20:23:24.992, 5, 491.04, 51, 27, 31826, 54, 1980
2026/08/29 20:23:24.992, 6, 507.86, 53, 26, 31466, 60, 1980
2026/08/29 20:23:24.993, 7, 487.89, 50, 27, 31184, 52, 1980
2026/08/29 20:23:29.993, 0, 509.14, 38, 22, 32508, 65, 1980
2026/08/29 20:23:29.994, 1, 483.98, 59, 29, 32288, 53, 1980
2026/08/29 20:23:29.995, 2, 494.08, 57, 28, 32250, 50, 1980
2026/08/29 20:23:29.995, 3, 509.71, 58, 28, 32226, 61, 1980
2026/08/29 20:23:29.997, 4, 483.89, 94, 25, 32046, 63, 1980
2026/08/29 20:23:30.000, 5, 475.79, 94, 26, 31826, 54, 1980
2026/08/29 20:23:30.001, 6, 505.23, 91, 51, 31466, 60, 1980
2026/08/29 20:23:30.003, 7, 483.21, 94, 26, 31184, 52, 1980
2026/08/29 20:23:35.003, 0, 524.10, 99, 57, 32508, 66, 1980
2026/08/29 20:23:35.005, 1, 499.94, 77, 38, 32288, 55, 1980
2026/08/29 20:23:35.006, 2, 494.73, 96, 46, 32250, 54, 1980
2026/08/29 20:23:35.008, 3, 520.97, 96, 44, 32226, 65, 1980
2026/08/29 20:23:35.009, 4, 518.02, 100, 60, 32046, 65, 1980
2026/08/29 20:23:35.009, 5, 502.71, 53, 26, 31826, 55, 1980
2026/08/29 20:23:35.011, 6, 535.66, 96, 42, 31466, 64, 1980
2026/08/29 20:23:35.013, 7, 507.78, 93, 28, 31184, 52, 1980
2026/08/29 20:23:40.014, 0, 510.27, 59, 35, 32528, 65, 1980
2026/08/29 20:23:40.025, 1, 482.82, 94, 57, 32288, 50, 1980
2026/08/29 20:23:40.031, 2, 485.44, 95, 55, 32250, 54, 1980
2026/08/29 20:23:40.032, 3, 507.75, 95, 55, 32226, 65, 1980
2026/08/29 20:23:40.034, 4, 507.61, 70, 32, 32046, 64, 1980
2026/08/29 20:23:40.038, 5, 488.58, 99, 62, 31826, 54, 1980
2026/08/29 20:23:40.039, 6, 524.68, 95, 55, 31466, 64, 1980
2026/08/29 20:23:40.040, 7, 490.37, 100, 62, 31184, 50, 1980
2026/08/29 20:23:45.042, 0, 514.01, 93, 55, 32528, 67, 1980
2026/08/29 20:23:45.043, 1, 490.70, 99, 56, 32288, 53, 1980
2026/08/29 20:23:45.044, 2, 505.70, 55, 32, 32250, 53, 1980
2026/08/29 20:23:45.045, 3, 528.89, 59, 34, 32226, 64, 1980
2026/08/29 20:23:45.046, 4, 509.74, 93, 53, 32046, 62, 1980
2026/08/29 20:23:45.048, 5, 490.41, 93, 55, 31826, 51, 1980
2026/08/29 20:23:45.049, 6, 486.91, 100, 57, 31466, 65, 1980
2026/08/29 20:23:45.051, 7, 484.42, 93, 48, 31184, 49, 1980
2026/08/29 20:23:50.051, 0, 533.22, 53, 31, 32528, 66, 1980
2026/08/29 20:23:50.052, 1, 499.28, 99, 60, 32288, 53, 1980
2026/08/29 20:23:50.053, 2, 517.06, 86, 52, 32250, 51, 1980
2026/08/29 20:23:50.054, 3, 533.32, 90, 54, 32226, 62, 1980
2026/08/29 20:23:50.055, 4, 516.93, 93, 37, 32046, 64, 1980
2026/08/29 20:23:50.061, 5, 516.02, 93, 38, 31826, 55, 1980
2026/08/29 20:23:50.064, 6, 519.65, 93, 54, 31466, 64, 1980
2026/08/29 20:23:50.067, 7, 501.91, 93, 38, 31184, 53, 1980
2026/08/29 20:23:55.069, 0, 504.18, 90, 53, 32528, 64, 1980
2026/08/29 20:23:55.070, 1, 501.97, 93, 49, 32288, 54, 1980
2026/08/29 20:23:55.070, 2, 482.65, 67, 39, 32250, 55, 1980
2026/08/29 20:23:55.070, 3, 498.33, 70, 41, 32226, 65, 1980
2026/08/29 20:23:55.070, 4, 514.69, 50, 29, 32046, 63, 1980
2026/08/29 20:23:55.070, 5, 481.12, 53, 28, 31826, 53, 1980
2026/08/29 20:23:55.070, 6, 518.77, 57, 29, 31466, 64, 1980
2026/08/29 20:23:55.070, 7, 502.92, 92, 50, 31184, 50, 1980
2026/08/29 20:24:00.070, 0, 516.89, 99, 57, 32528, 66, 1980
2026/08/29 20:24:00.071, 1, 508.67, 47, 25, 32288, 56, 1980
2026/08/29 20:24:00.072, 2, 503.81, 87, 50, 32250, 50, 1980
2026/08/29 20:24:00.074, 3, 518.04, 88, 49, 32226, 62, 1980
2026/08/29 20:24:00.074, 4, 512.28, 98, 58, 32046, 64, 1980
2026/08/29 20:24:00.076, 5, 504.23, 51, 28, 31826, 55, 1980
2026/08/29 20:24:00.077, 6, 517.33, 88, 49, 31466, 60, 1980
2026/08/29 20:24:00.079, 7, 495.05, 51, 29, 31184, 52, 1980
2026/08/29 20:24:05.081, 0, 540.63, 94, 51, 32528, 67, 1980
2026/08/29 20:24:05.084, 1, 512.71, 75, 38, 32288, 55, 1980
2026/08/29 20:24:05.092, 2, 517.71, 93, 55, 32250, 53, 1980
2026/08/29 20:24:05.095, 3, 526.92, 94, 48, 32226, 66, 1980
2026/08/29 20:24:05.098, 4, 505.28, 100, 55, 32046, 64, 1980
2026/08/29 20:24:05.099, 5, 510.53, 100, 54, 31826, 54, 1980
2026/08/29 20:24:05.102, 6, 519.44, 53, 27, 31466, 64, 1980
2026/08/29 20:24:05.104, 7, 513.05, 50, 30, 31184, 53, 1980
2026/08/29 20:24:10.104, 0, 498.16, 88, 47, 32528, 67, 1980
2026/08/29 20:24:10.111, 1, 497.61, 64, 29, 32288, 50, 1980
2026/08/29 20:24:10.113, 2, 505.37, 46, 23, 32250, 51, 1980
2026/08/29 20:24:10.115, 3, 494.45, 45, 25, 32226, 63, 1980
2026/08/29 20:24:10.119, 4, 501.37, 81, 37, 32046, 64, 1980
2026/08/29 20:24:10.122, 5, 491.69, 100, 55, 31826, 54, 1980
2026/08/29 20:24:10.124, 6, 514.10, 47, 27, 31466, 62, 1980
2026/08/29 20:24:10.126, 7, 482.00, 58, 30, 31244, 52, 1980
2026/08/29 20:24:15.130, 0, 521.65, 94, 51, 32528, 67, 1980
2026/08/29 20:24:15.131, 1, 485.98, 91, 46, 32288, 54, 1980
2026/08/29 20:24:15.132, 2, 487.69, 62, 30, 32250, 54, 1980
2026/08/29 20:24:15.133, 3, 517.15, 93, 55, 32226, 66, 1980
2026/08/29 20:24:15.134, 4, 513.80, 50, 28, 32046, 65, 1980
2026/08/29 20:24:15.135, 5, 487.16, 53, 29, 31826, 55, 1980
2026/08/29 20:24:15.138, 6, 514.19, 59, 28, 31466, 64, 1980
2026/08/29 20:24:15.139, 7, 497.73, 53, 29, 31244, 53, 1980
2026/08/29 20:24:20.141, 0, 539.12, 93, 53, 32528, 66, 1980
2026/08/29 20:24:20.142, 1, 504.32, 94, 49, 32288, 53, 1980
2026/08/29 20:24:20.145, 2, 517.36, 64, 30, 32250, 54, 1980
2026/08/29 20:24:20.146, 3, 532.12, 61, 30, 32226, 61, 1980
2026/08/29 20:24:20.147, 4, 506.78, 100, 54, 32046, 65, 1980
2026/08/29 20:24:20.148, 5, 508.28, 100, 53, 31826, 54, 1980
2026/08/29 20:24:20.149, 6, 523.00, 89, 50, 31466, 60, 1980
2026/08/29 20:24:20.153, 7, 501.08, 52, 29, 31244, 53, 1980
2026/08/29 20:24:25.155, 0, 534.39, 99, 60, 32528, 64, 1980
2026/08/29 20:24:25.155, 1, 496.72, 53, 28, 32288, 52, 1980
2026/08/29 20:24:25.155, 2, 497.80, 49, 30, 32250, 54, 1980
2026/08/29 20:24:25.155, 3, 520.40, 99, 58, 32226, 65, 1980
2026/08/29 20:24:25.155, 4, 505.07, 89, 53, 32046, 62, 1980
2026/08/29 20:24:25.155, 5, 506.44, 75, 45, 31826, 53, 1980
2026/08/29 20:24:25.155, 6, 511.79, 51, 29, 31466, 63, 1980
2026/08/29 20:24:25.155, 7, 489.75, 87, 49, 31244, 49, 1980
2026/08/29 20:24:30.156, 0, 504.81, 92, 53, 32528, 66, 1980
2026/08/29 20:24:30.167, 1, 476.31, 99, 59, 32288, 52, 1980
2026/08/29 20:24:30.167, 2, 493.61, 88, 51, 32250, 53, 1980
2026/08/29 20:24:30.169, 3, 503.10, 88, 52, 32226, 64, 1980
2026/08/29 20:24:30.172, 4, 505.81, 50, 29, 32046, 64, 1980
2026/08/29 20:24:30.173, 5, 482.35, 53, 28, 31826, 55, 1980
2026/08/29 20:24:30.178, 6, 499.54, 55, 27, 31466, 61, 1980
2026/08/29 20:24:30.182, 7, 486.16, 93, 44, 31244, 52, 1980
2026/08/29 20:24:35.185, 0, 537.90, 50, 30, 32528, 66, 1980
2026/08/29 20:24:35.185, 1, 511.93, 62, 36, 32288, 55, 1980
2026/08/29 20:24:35.187, 2, 513.33, 94, 56, 32250, 54, 1980
2026/08/29 20:24:35.188, 3, 536.83, 54, 28, 32226, 62, 1980
2026/08/29 20:24:35.190, 4, 500.68, 93, 51, 32046, 64, 1980
2026/08/29 20:24:35.190, 5, 507.92, 93, 52, 31826, 55, 1980
2026/08/29 20:24:35.192, 6, 534.36, 93, 56, 31466, 63, 1980
2026/08/29 20:24:35.194, 7, 514.15, 100, 55, 31244, 52, 1980
2026/08/29 20:24:40.194, 0, 540.86, 53, 26, 32528, 66, 1980
2026/08/29 20:24:40.195, 1, 506.85, 50, 29, 32288, 54, 1980
2026/08/29 20:24:40.196, 2, 514.06, 78, 34, 32250, 54, 1980
2026/08/29 20:24:40.197, 3, 528.45, 76, 32, 32226, 65, 1980
2026/08/29 20:24:40.197, 4, 507.78, 93, 48, 32046, 65, 1980
2026/08/29 20:24:40.200, 5, 513.38, 93, 49, 31826, 53, 1980
2026/08/29 20:24:40.202, 6, 516.33, 67, 37, 31466, 63, 1980
2026/08/29 20:24:40.203, 7, 498.85, 53, 30, 31244, 53, 1980
2026/08/29 20:24:45.205, 0, 528.67, 89, 52, 32528, 63, 1980
2026/08/29 20:24:45.205, 1, 503.29, 98, 50, 32288, 52, 1980
2026/08/29 20:24:45.207, 2, 508.39, 100, 55, 32250, 54, 1980
2026/08/29 20:24:45.209, 3, 520.05, 55, 31, 32226, 66, 1980
2026/08/29 20:24:45.209, 4, 514.96, 93, 47, 32046, 62, 1980
2026/08/29 20:24:45.211, 5, 511.06, 96, 54, 31826, 56, 1980
2026/08/29 20:24:45.213, 6, 517.86, 100, 57, 31466, 63, 1980
2026/08/29 20:24:45.215, 7, 488.10, 95, 52, 31244, 53, 1980
2026/08/29 20:24:50.217, 0, 536.57, 96, 56, 32528, 67, 1980
2026/08/29 20:24:50.217, 1, 510.92, 94, 55, 32288, 54, 1980
2026/08/29 20:24:50.219, 2, 517.20, 91, 52, 32250, 55, 1980
2026/08/29 20:24:50.220, 3, 519.88, 92, 51, 32226, 66, 1980
2026/08/29 20:24:50.222, 4, 511.82, 63, 30, 32046, 65, 1980
2026/08/29 20:24:50.226, 5, 509.89, 77, 38, 31826, 55, 1980
2026/08/29 20:24:50.227, 6, 516.45, 93, 51, 31466, 64, 1980
2026/08/29 20:24:50.229, 7, 509.21, 99, 56, 31244, 54, 1980
2026/08/29 20:24:55.230, 0, 529.11, 92, 46, 32528, 67, 1980
2026/08/29 20:24:55.230, 1, 511.94, 76, 44, 32288, 55, 1980
2026/08/29 20:24:55.230, 2, 516.88, 97, 57, 32250, 55, 1980
2026/08/29 20:24:55.230, 3, 536.35, 50, 29, 32226, 66, 1980
2026/08/29 20:24:55.230, 4, 511.38, 100, 61, 32046, 65, 1980
2026/08/29 20:24:55.230, 5, 513.06, 94, 48, 31826, 55, 1980
2026/08/29 20:24:55.230, 6, 528.99, 97, 54, 31466, 62, 1980
2026/08/29 20:24:55.230, 7, 505.77, 100, 56, 31244, 54, 1980
2026/08/29 20:25:00.230, 0, 531.23, 54, 30, 32528, 67, 1980
2026/08/29 20:25:00.234, 1, 506.29, 49, 27, 32288, 54, 1980
2026/08/29 20:25:00.235, 2, 515.54, 70, 38, 32250, 54, 1980
2026/08/29 20:25:00.237, 3, 532.28, 69, 33, 32226, 66, 1980
2026/08/29 20:25:00.237, 4, 514.41, 93, 50, 32046, 65, 1980
2026/08/29 20:25:00.239, 5, 514.71, 93, 52, 31826, 56, 1980
2026/08/29 20:25:00.241, 6, 531.71, 94, 56, 31466, 63, 1980
2026/08/29 20:25:00.243, 7, 514.18, 54, 29, 31244, 52, 1980
2026/08/29 20:25:05.245, 0, 534.16, 66, 32, 32528, 62, 1980
2026/08/29 20:25:05.246, 1, 508.17, 50, 25, 32288, 53, 1980
2026/08/29 20:25:05.256, 2, 508.22, 48, 30, 32250, 55, 1980
2026/08/29 20:25:05.261, 3, 539.79, 48, 30, 32226, 65, 1980
2026/08/29 20:25:05.262, 4, 514.04, 60, 29, 32046, 63, 1980
2026/08/29 20:25:05.264, 5, 517.14, 72, 29, 31826, 54, 1980
2026/08/29 20:25:05.264, 6, 537.38, 100, 55, 31466, 63, 1980
2026/08/29 20:25:05.271, 7, 509.62, 86, 52, 31244, 51, 1980
2026/08/29 20:25:10.273, 0, 541.40, 52, 30, 32528, 66, 1980
2026/08/29 20:25:10.274, 1, 502.52, 67, 39, 32288, 51, 1980
2026/08/29 20:25:10.275, 2, 513.04, 92, 54, 32250, 52, 1980
2026/08/29 20:25:10.277, 3, 519.31, 52, 26, 32226, 63, 1980
2026/08/29 20:25:10.280, 4, 514.16, 87, 44, 32046, 65, 1980
2026/08/29 20:25:10.283, 5, 516.68, 94, 49, 31826, 55, 1980
2026/08/29 20:25:10.284, 6, 503.67, 93, 49, 31466, 62, 1980
2026/08/29 20:25:10.285, 7, 501.06, 52, 30, 31244, 53, 1980
2026/08/29 20:25:15.286, 0, 343.97, 71, 39, 32528, 65, 1980
2026/08/29 20:25:15.287, 1, 309.71, 100, 61, 32288, 50, 1980
2026/08/29 20:25:15.289, 2, 332.88, 95, 50, 32250, 51, 1980
2026/08/29 20:25:15.290, 3, 347.91, 95, 47, 32226, 64, 1980
2026/08/29 20:25:15.291, 4, 349.20, 100, 0, 32046, 62, 1980
2026/08/29 20:25:15.292, 5, 335.06, 100, 0, 31826, 52, 1980
2026/08/29 20:25:15.294, 6, 343.84, 100, 0, 31466, 62, 1980
2026/08/29 20:25:15.295, 7, 341.92, 98, 54, 31244, 50, 1980
2026/08/29 20:25:20.297, 0, 533.83, 93, 51, 32528, 67, 1980
2026/08/29 20:25:20.297, 1, 500.57, 81, 42, 32288, 54, 1980
2026/08/29 20:25:20.300, 2, 508.88, 55, 27, 32250, 53, 1980
2026/08/29 20:25:20.300, 3, 523.54, 93, 50, 32226, 64, 1980
2026/08/29 20:25:20.302, 4, 508.91, 50, 29, 32046, 64, 1980
2026/08/29 20:25:20.304, 5, 501.94, 52, 30, 31826, 55, 1980
2026/08/29 20:25:20.307, 6, 518.52, 54, 27, 31466, 62, 1980
2026/08/29 20:25:20.309, 7, 502.33, 94, 47, 31244, 52, 1980
2026/08/29 20:25:25.310, 0, 415.95, 94, 31, 32528, 59, 1980
2026/08/29 20:25:25.310, 1, 357.70, 0, 0, 32288, 46, 1980
2026/08/29 20:25:25.310, 2, 401.54, 100, 0, 32250, 46, 1980
2026/08/29 20:25:25.310, 3, 433.31, 97, 17, 32226, 58, 1980
2026/08/29 20:25:25.310, 4, 394.11, 100, 0, 32046, 58, 1980
2026/08/29 20:25:25.310, 5, 391.52, 100, 0, 31826, 46, 1980
2026/08/29 20:25:25.310, 6, 430.11, 100, 0, 31466, 57, 1980
2026/08/29 20:25:25.310, 7, 391.20, 87, 29, 31244, 45, 1980
2026/08/29 20:25:30.311, 0, 294.65, 75, 37, 32528, 66, 1980
2026/08/29 20:25:30.311, 1, 273.79, 51, 29, 32288, 53, 1980
2026/08/29 20:25:30.311, 2, 299.38, 47, 31, 32250, 52, 1980
2026/08/29 20:25:30.313, 3, 302.74, 89, 45, 32226, 64, 1980
2026/08/29 20:25:30.316, 4, 325.98, 93, 53, 32046, 62, 1980
2026/08/29 20:25:30.316, 5, 311.29, 65, 30, 31826, 52, 1980
2026/08/29 20:25:30.318, 6, 307.49, 100, 57, 31466, 63, 1980
2026/08/29 20:25:30.319, 7, 284.99, 56, 27, 31244, 51, 1980
2026/08/29 20:25:35.320, 0, 537.20, 65, 37, 32528, 64, 1980
2026/08/29 20:25:35.320, 1, 499.07, 90, 53, 32288, 52, 1980
2026/08/29 20:25:35.321, 2, 512.07, 96, 54, 32250, 54, 1980
2026/08/29 20:25:35.323, 3, 525.04, 50, 29, 32226, 65, 1980
2026/08/29 20:25:35.323, 4, 517.60, 66, 32, 32046, 64, 1980
2026/08/29 20:25:35.325, 5, 505.11, 78, 37, 31826, 55, 1980
2026/08/29 20:25:35.328, 6, 529.64, 93, 49, 31466, 63, 1980
2026/08/29 20:25:35.330, 7, 512.36, 75, 40, 31244, 49, 1980
2026/08/29 20:25:40.331, 0, 510.56, 94, 49, 32528, 66, 1980
2026/08/29 20:25:40.332, 1, 496.17, 73, 36, 32288, 54, 1980
2026/08/29 20:25:40.335, 2, 503.67, 53, 26, 32250, 55, 1980
2026/08/29 20:25:40.335, 3, 495.05, 54, 27, 32226, 62, 1980
2026/08/29 20:25:40.337, 4, 493.49, 91, 42, 32046, 64, 1980
2026/08/29 20:25:40.339, 5, 494.23, 93, 45, 31826, 55, 1980
2026/08/29 20:25:40.339, 6, 502.38, 54, 28, 31466, 61, 1980
2026/08/29 20:25:40.340, 7, 504.75, 93, 43, 31244, 52, 1980
2026/08/29 20:25:45.343, 0, 525.50, 50, 31, 32528, 66, 1980
2026/08/29 20:25:45.346, 1, 495.90, 68, 41, 32288, 52, 1980
2026/08/29 20:25:45.347, 2, 515.34, 95, 58, 32250, 52, 1980
2026/08/29 20:25:45.349, 3, 522.19, 53, 27, 32226, 63, 1980
2026/08/29 20:25:45.349, 4, 515.24, 100, 61, 32046, 64, 1980
2026/08/29 20:25:45.351, 5, 499.81, 99, 58, 31826, 55, 1980
2026/08/29 20:25:45.354, 6, 520.26, 97, 59, 31466, 61, 1980
2026/08/29 20:25:45.356, 7, 500.09, 51, 31, 31244, 52, 1980
2026/08/29 20:25:50.357, 0, 530.78, 89, 45, 32528, 65, 1980
2026/08/29 20:25:50.357, 1, 496.57, 67, 30, 32288, 53, 1980
2026/08/29 20:25:50.360, 2, 499.39, 53, 29, 32250, 54, 1980
2026/08/29 20:25:50.363, 3, 533.26, 51, 29, 32226, 64, 1980
2026/08/29 20:25:50.365, 4, 506.76, 99, 60, 32046, 64, 1980
2026/08/29 20:25:50.366, 5, 496.40, 99, 58, 31826, 54, 1980
2026/08/29 20:25:50.366, 6, 526.22, 51, 29, 31466, 63, 1980
2026/08/29 20:25:50.368, 7, 504.69, 81, 37, 31244, 53, 1980
2026/08/29 20:25:55.375, 0, 536.96, 94, 51, 32528, 66, 1980
2026/08/29 20:25:55.375, 1, 484.82, 48, 31, 32288, 55, 1980
2026/08/29 20:25:55.375, 2, 498.74, 81, 49, 32250, 51, 1980
2026/08/29 20:25:55.375, 3, 518.57, 94, 56, 32226, 62, 1980
2026/08/29 20:25:55.375, 4, 496.28, 95, 55, 32046, 65, 1980
2026/08/29 20:25:55.375, 5, 497.88, 95, 55, 31826, 55, 1980
2026/08/29 20:25:55.375, 6, 516.46, 92, 49, 31466, 60, 1980
2026/08/29 20:25:55.375, 7, 491.35, 94, 46, 31244, 51, 1980
2026/08/29 20:26:00.376, 0, 507.13, 25, 16, 32528, 65, 1980
2026/08/29 20:26:00.376, 1, 475.98, 67, 30, 32288, 50, 1980
2026/08/29 20:26:00.378, 2, 499.20, 86, 38, 32250, 52, 1980
2026/08/29 20:26:00.379, 3, 510.41, 88, 41, 32226, 63, 1980
2026/08/29 20:26:00.379, 4, 493.17, 53, 23, 32046, 63, 1980
2026/08/29 20:26:00.381, 5, 486.82, 50, 20, 31826, 54, 1980
2026/08/29 20:26:00.383, 6, 491.44, 47, 21, 31466, 61, 1980
2026/08/29 20:26:00.383, 7, 479.73, 51, 19, 31244, 51, 1980
2026/08/29 20:26:05.385, 0, 539.12, 51, 31, 32528, 66, 1980
2026/08/29 20:26:05.388, 1, 502.72, 50, 32, 32288, 54, 1980
2026/08/29 20:26:05.389, 2, 509.96, 81, 48, 32250, 53, 1980
2026/08/29 20:26:05.390, 3, 532.96, 57, 28, 32226, 64, 1980
2026/08/29 20:26:05.391, 4, 506.32, 93, 46, 32046, 64, 1980
2026/08/29 20:26:05.392, 5, 500.76, 52, 31, 31826, 55, 1980
2026/08/29 20:26:05.395, 6, 529.46, 89, 53, 31466, 62, 1980
2026/08/29 20:26:05.396, 7, 503.34, 51, 29, 31244, 53, 1980
2026/08/29 20:26:10.398, 0, 520.38, 56, 27, 32528, 63, 1980
2026/08/29 20:26:10.398, 1, 509.71, 93, 53, 32288, 54, 1980
2026/08/29 20:26:10.399, 2, 506.26, 51, 32, 32250, 56, 1980
2026/08/29 20:26:10.400, 3, 511.68, 55, 33, 32226, 64, 1980
2026/08/29 20:26:10.401, 4, 510.72, 52, 26, 32046, 63, 1980
2026/08/29 20:26:10.404, 5, 495.84, 56, 28, 31826, 54, 1980
2026/08/29 20:26:10.406, 6, 513.87, 100, 56, 31466, 62, 1980
2026/08/29 20:26:10.408, 7, 504.25, 91, 50, 31244, 50, 1980
2026/08/29 20:26:15.409, 0, 509.25, 50, 30, 32528, 66, 1980
2026/08/29 20:26:15.411, 1, 482.41, 54, 32, 32288, 53, 1980
2026/08/29 20:26:15.412, 2, 484.45, 89, 52, 32250, 51, 1980
2026/08/29 20:26:15.414, 3, 502.32, 52, 25, 32226, 62, 1980
2026/08/29 20:26:15.414, 4, 494.92, 85, 42, 32046, 64, 1980
2026/08/29 20:26:15.416, 5, 491.83, 92, 48, 31826, 54, 1980
2026/08/29 20:26:15.418, 6, 504.71, 88, 49, 31466, 63, 1980
2026/08/29 20:26:15.420, 7, 490.35, 50, 29, 31244, 52, 1980
2026/08/29 20:26:20.422, 0, 496.22, 92, 53, 32528, 67, 1980
2026/08/29 20:26:20.424, 1, 475.59, 87, 49, 32288, 54, 1980
2026/08/29 20:26:20.426, 2, 486.07, 85, 49, 32250, 54, 1980
2026/08/29 20:26:20.428, 3, 511.41, 79, 48, 32226, 66, 1980
2026/08/29 20:26:20.431, 4, 484.25, 47, 23, 32046, 64, 1980
2026/08/29 20:26:20.433, 5, 487.08, 62, 30, 31826, 54, 1980
2026/08/29 20:26:20.434, 6, 497.41, 86, 46, 31466, 64, 1980
2026/08/29 20:26:20.435, 7, 477.70, 93, 52, 31244, 52, 1980
2026/08/29 20:26:25.437, 0, 544.36, 65, 30, 32528, 67, 1980
2026/08/29 20:26:25.437, 1, 507.99, 49, 25, 32288, 55, 1980
2026/08/29 20:26:25.437, 2, 513.74, 96, 53, 32250, 53, 1980
2026/08/29 20:26:25.437, 3, 533.87, 51, 28, 32226, 66, 1980
2026/08/29 20:26:25.437, 4, 520.25, 58, 28, 32046, 65, 1980
2026/08/29 20:26:25.437, 5, 519.24, 69, 28, 31826, 55, 1980
2026/08/29 20:26:25.437, 6, 535.02, 96, 53, 31466, 64, 1980
2026/08/29 20:26:25.437, 7, 507.46, 59, 29, 31244, 53, 1980
2026/08/29 20:26:30.437, 0, 515.13, 95, 54, 32528, 67, 1980
2026/08/29 20:26:30.439, 1, 483.08, 98, 57, 32288, 53, 1980
2026/08/29 20:26:30.439, 2, 500.47, 93, 53, 32250, 51, 1980
2026/08/29 20:26:30.440, 3, 503.78, 87, 51, 32226, 65, 1980
2026/08/29 20:26:30.443, 4, 511.04, 47, 28, 32046, 63, 1980
2026/08/29 20:26:30.444, 5, 504.89, 45, 26, 31826, 55, 1980
2026/08/29 20:26:30.446, 6, 506.35, 39, 18, 31466, 63, 1980
2026/08/29 20:26:30.446, 7, 492.60, 95, 54, 31244, 51, 1980
2026/08/29 20:26:35.448, 0, 502.48, 52, 31, 32528, 66, 1980
2026/08/29 20:26:35.449, 1, 488.18, 72, 41, 32288, 50, 1980
2026/08/29 20:26:35.450, 2, 491.79, 90, 49, 32250, 55, 1980
2026/08/29 20:26:35.452, 3, 516.11, 91, 50, 32226, 64, 1980
2026/08/29 20:26:35.452, 4, 497.37, 56, 32, 32046, 64, 1980
2026/08/29 20:26:35.454, 5, 482.59, 51, 30, 31826, 54, 1980
2026/08/29 20:26:35.456, 6, 511.13, 91, 50, 31466, 63, 1980
2026/08/29 20:26:35.457, 7, 496.66, 56, 31, 31244, 51, 1980
2026/08/29 20:26:40.459, 0, 540.09, 96, 56, 32528, 67, 1980
2026/08/29 20:26:40.460, 1, 488.04, 99, 60, 32288, 53, 1980
2026/08/29 20:26:40.460, 2, 508.65, 93, 53, 32250, 55, 1980
2026/08/29 20:26:40.462, 3, 534.91, 91, 52, 32226, 64, 1980
2026/08/29 20:26:40.464, 4, 515.47, 57, 34, 32046, 64, 1980
2026/08/29 20:26:40.466, 5, 511.97, 94, 55, 31826, 56, 1980
2026/08/29 20:26:40.468, 6, 532.99, 93, 52, 31466, 63, 1980
2026/08/29 20:26:40.468, 7, 497.80, 100, 57, 31244, 54, 1980
2026/08/29 20:26:45.470, 0, 529.99, 84, 49, 32528, 67, 1980
2026/08/29 20:26:45.471, 1, 512.32, 92, 51, 32288, 55, 1980
2026/08/29 20:26:45.471, 2, 510.36, 95, 55, 32250, 55, 1980
2026/08/29 20:26:45.473, 3, 521.76, 99, 58, 32226, 67, 1980
2026/08/29 20:26:45.474, 4, 505.07, 53, 29, 32046, 65, 1980
2026/08/29 20:26:45.476, 5, 507.65, 55, 27, 31826, 56, 1980
2026/08/29 20:26:45.477, 6, 530.00, 74, 37, 31466, 65, 1980
2026/08/29 20:26:45.477, 7, 510.67, 93, 54, 31244, 53, 1980
2026/08/29 20:26:50.479, 0, 346.65, 97, 57, 32528, 65, 1980
2026/08/29 20:26:50.480, 1, 341.11, 68, 29, 32288, 49, 1980
2026/08/29 20:26:50.482, 2, 352.24, 53, 29, 32250, 51, 1980
2026/08/29 20:26:50.484, 3, 368.32, 93, 50, 32226, 63, 1980
2026/08/29 20:26:50.486, 4, 350.12, 59, 34, 32046, 63, 1980
2026/08/29 20:26:50.486, 5, 337.69, 96, 57, 31826, 53, 1980
2026/08/29 20:26:50.488, 6, 388.99, 50, 29, 31466, 63, 1980
2026/08/29 20:26:50.491, 7, 364.82, 82, 39, 31244, 50, 1980
2026/08/29 20:26:55.492, 0, 534.68, 51, 32, 32528, 66, 1980
2026/08/29 20:26:55.493, 1, 519.20, 99, 61, 32288, 50, 1980
2026/08/29 20:26:55.493, 2, 520.15, 52, 28, 32250, 52, 1980
2026/08/29 20:26:55.493, 3, 514.49, 99, 52, 32226, 64, 1980
2026/08/29 20:26:55.493, 4, 507.74, 63, 36, 32046, 65, 1980
2026/08/29 20:26:55.493, 5, 508.50, 50, 30, 31826, 55, 1980
2026/08/29 20:26:55.493, 6, 516.04, 50, 29, 31466, 63, 1980
2026/08/29 20:26:55.493, 7, 504.19, 100, 57, 31244, 51, 1980
2026/08/29 20:27:00.493, 0, 527.90, 41, 26, 32528, 63, 1980
2026/08/29 20:27:00.495, 1, 494.67, 47, 30, 32288, 55, 1980
2026/08/29 20:27:00.496, 2, 519.38, 79, 48, 32250, 55, 1980
2026/08/29 20:27:00.498, 3, 529.30, 85, 51, 32226, 65, 1980
2026/08/29 20:27:00.505, 4, 507.36, 44, 28, 32046, 63, 1980
2026/08/29 20:27:00.509, 5, 509.57, 41, 25, 31826, 52, 1980
2026/08/29 20:27:00.511, 6, 527.60, 92, 50, 31466, 64, 1980
2026/08/29 20:27:00.513, 7, 508.83, 43, 27, 31244, 53, 1980
2026/08/29 20:27:05.513, 0, 518.19, 89, 44, 32528, 66, 1980
2026/08/29 20:27:05.516, 1, 496.86, 74, 43, 32288, 54, 1980
2026/08/29 20:27:05.517, 2, 496.26, 91, 51, 32250, 55, 1980
2026/08/29 20:27:05.519, 3, 525.01, 48, 29, 32226, 66, 1980
2026/08/29 20:27:05.519, 4, 491.40, 79, 35, 32046, 65, 1980
2026/08/29 20:27:05.521, 5, 489.38, 93, 43, 31826, 56, 1980
2026/08/29 20:27:05.523, 6, 522.64, 93, 51, 31466, 64, 1980
2026/08/29 20:27:05.523, 7, 508.83, 57, 32, 31244, 53, 1980
2026/08/29 20:27:10.525, 0, 541.41, 94, 51, 32528, 68, 1980
2026/08/29 20:27:10.527, 1, 515.03, 83, 42, 32288, 55, 1980
2026/08/29 20:27:10.534, 2, 509.36, 54, 27, 32250, 56, 1980
2026/08/29 20:27:10.540, 3, 533.72, 54, 27, 32226, 65, 1980
2026/08/29 20:27:10.541, 4, 508.78, 93, 46, 32046, 66, 1980
2026/08/29 20:27:10.545, 5, 506.11, 94, 47, 31826, 56, 1980
2026/08/29 20:27:10.547, 6, 527.16, 95, 52, 31466, 63, 1980
2026/08/29 20:27:10.549, 7, 506.44, 93, 46, 31244, 53, 1980
2026/08/29 20:27:15.552, 0, 540.14, 94, 53, 32528, 68, 1980
2026/08/29 20:27:15.554, 1, 498.05, 87, 46, 32288, 55, 1980
2026/08/29 20:27:15.555, 2, 513.67, 60, 29, 32250, 54, 1980
2026/08/29 20:27:15.555, 3, 528.14, 94, 52, 32226, 66, 1980
2026/08/29 20:27:15.557, 4, 510.15, 96, 55, 32046, 65, 1980
2026/08/29 20:27:15.558, 5, 508.53, 96, 54, 31826, 55, 1980
2026/08/29 20:27:15.558, 6, 529.37, 56, 28, 31466, 65, 1980
2026/08/29 20:27:15.560, 7, 502.71, 94, 48, 31244, 53, 1980
2026/08/29 20:27:20.563, 0, 540.01, 51, 31, 32528, 67, 1980
2026/08/29 20:27:20.564, 1, 518.38, 97, 58, 32288, 55, 1980
2026/08/29 20:27:20.564, 2, 519.21, 92, 55, 32250, 55, 1980
2026/08/29 20:27:20.566, 3, 543.25, 93, 55, 32226, 67, 1980
2026/08/29 20:27:20.568, 4, 519.26, 50, 32, 32046, 66, 1980
2026/08/29 20:27:20.569, 5, 524.59, 51, 31, 31826, 56, 1980
2026/08/29 20:27:20.571, 6, 524.80, 55, 29, 31466, 62, 1980
2026/08/29 20:27:20.573, 7, 506.67, 95, 52, 31244, 51, 1980
2026/08/29 20:27:25.575, 0, 526.76, 99, 57, 32528, 67, 1980
2026/08/29 20:27:25.575, 1, 506.48, 99, 60, 32288, 53, 1980
2026/08/29 20:27:25.575, 2, 503.28, 61, 30, 32250, 54, 1980
2026/08/29 20:27:25.575, 3, 525.55, 95, 52, 32226, 64, 1980
2026/08/29 20:27:25.575, 4, 492.91, 51, 27, 32046, 65, 1980
2026/08/29 20:27:25.575, 5, 497.52, 100, 55, 31826, 55, 1980
2026/08/29 20:27:25.575, 6, 506.18, 54, 26, 31466, 63, 1980
2026/08/29 20:27:25.575, 7, 492.03, 100, 54, 31244, 52, 1980
2026/08/29 20:27:30.576, 0, 541.44, 94, 50, 32528, 66, 1980
2026/08/29 20:27:30.581, 1, 507.72, 80, 40, 32288, 56, 1980
2026/08/29 20:27:30.582, 2, 524.61, 95, 56, 32250, 53, 1980
2026/08/29 20:27:30.584, 3, 535.28, 54, 27, 32226, 66, 1980
2026/08/29 20:27:30.588, 4, 516.18, 92, 48, 32046, 65, 1980
2026/08/29 20:27:30.588, 5, 508.02, 93, 46, 31826, 55, 1980
2026/08/29 20:27:30.589, 6, 520.64, 93, 48, 31466, 64, 1980
2026/08/29 20:27:30.594, 7, 506.35, 93, 45, 31244, 52, 1980
2026/08/29 20:27:35.596, 0, 515.28, 99, 59, 32528, 67, 1980
2026/08/29 20:27:35.597, 1, 506.30, 93, 54, 32288, 51, 1980
2026/08/29 20:27:35.597, 2, 513.48, 93, 50, 32250, 54, 1980
2026/08/29 20:27:35.599, 3, 523.47, 95, 54, 32226, 64, 1980
2026/08/29 20:27:35.601, 4, 482.07, 95, 57, 32046, 65, 1980
2026/08/29 20:27:35.603, 5, 492.72, 100, 60, 31826, 56, 1980
2026/08/29 20:27:35.604, 6, 511.77, 51, 30, 31466, 63, 1980
2026/08/29 20:27:35.605, 7, 497.70, 97, 59, 31244, 49, 1980
2026/08/29 20:27:40.607, 0, 530.48, 94, 39, 32528, 66, 1980
2026/08/29 20:27:40.609, 1, 503.41, 49, 31, 32288, 53, 1980
2026/08/29 20:27:40.609, 2, 504.49, 82, 49, 32250, 50, 1980
2026/08/29 20:27:40.612, 3, 529.54, 62, 30, 32226, 62, 1980
2026/08/29 20:27:40.619, 4, 506.81, 81, 42, 32046, 65, 1980
2026/08/29 20:27:40.627, 5, 498.18, 93, 35, 31826, 55, 1980
2026/08/29 20:27:40.635, 6, 528.54, 93, 38, 31466, 60, 1980
2026/08/29 20:27:40.637, 7, 498.62, 94, 35, 31244, 52, 1980
2026/08/29 20:27:45.638, 0, 482.55, 89, 28, 32528, 65, 1980
2026/08/29 20:27:45.640, 1, 468.29, 62, 28, 32288, 49, 1980
2026/08/29 20:27:45.642, 2, 472.19, 51, 30, 32250, 54, 1980
2026/08/29 20:27:45.642, 3, 495.63, 51, 29, 32226, 65, 1980
2026/08/29 20:27:45.644, 4, 479.19, 51, 25, 32046, 64, 1980
2026/08/29 20:27:45.645, 5, 465.58, 90, 29, 31826, 54, 1980
2026/08/29 20:27:45.645, 6, 482.14, 49, 28, 31466, 64, 1980
2026/08/29 20:27:45.647, 7, 462.28, 77, 28, 31244, 51, 1980
2026/08/29 20:27:50.650, 0, 482.83, 47, 29, 32528, 65, 1980
2026/08/29 20:27:50.651, 1, 477.30, 96, 45, 32288, 54, 1980
2026/08/29 20:27:50.654, 2, 452.64, 90, 30, 32250, 54, 1980
2026/08/29 20:27:50.656, 3, 495.27, 90, 53, 32226, 62, 1980
2026/08/29 20:27:50.659, 4, 463.00, 49, 31, 32046, 65, 1980
2026/08/29 20:27:50.662, 5, 457.00, 50, 28, 31826, 53, 1980
2026/08/29 20:27:50.665, 6, 486.76, 82, 28, 31466, 61, 1980
2026/08/29 20:27:50.667, 7, 470.78, 92, 49, 31244, 52, 1980
2026/08/29 20:27:55.668, 0, 506.11, 97, 54, 32528, 63, 1980
2026/08/29 20:27:55.669, 1, 488.23, 49, 29, 32288, 54, 1980
2026/08/29 20:27:55.669, 2, 473.99, 51, 32, 32250, 53, 1980
2026/08/29 20:27:55.669, 3, 514.17, 56, 34, 32226, 64, 1980
2026/08/29 20:27:55.669, 4, 472.95, 93, 54, 32046, 62, 1980
2026/08/29 20:27:55.669, 5, 482.11, 96, 55, 31826, 51, 1980
2026/08/29 20:27:55.669, 6, 496.93, 59, 33, 31466, 64, 1980
2026/08/29 20:27:55.669, 7, 478.40, 56, 28, 31244, 49, 1980
2026/08/29 20:28:00.669, 0, 506.53, 99, 62, 32528, 62, 1980
2026/08/29 20:28:00.675, 1, 483.58, 96, 47, 32288, 51, 1980
2026/08/29 20:28:00.684, 2, 494.39, 50, 30, 32250, 54, 1980
2026/08/29 20:28:00.684, 3, 502.40, 94, 48, 32226, 64, 1980
2026/08/29 20:28:00.689, 4, 482.11, 87, 52, 32046, 63, 1980
2026/08/29 20:28:00.689, 5, 481.36, 99, 61, 31826, 51, 1980
2026/08/29 20:28:00.691, 6, 505.76, 49, 31, 31466, 63, 1980
2026/08/29 20:28:00.694, 7, 487.65, 96, 57, 31244, 49, 1980
2026/08/29 20:28:05.696, 0, 489.61, 99, 57, 32528, 66, 1980
2026/08/29 20:28:05.698, 1, 474.42, 100, 60, 32288, 52, 1980
2026/08/29 20:28:05.701, 2, 480.73, 54, 26, 32250, 51, 1980
2026/08/29 20:28:05.701, 3, 506.83, 94, 53, 32226, 62, 1980
2026/08/29 20:28:05.702, 4, 464.92, 99, 58, 32046, 65, 1980
2026/08/29 20:28:05.704, 5, 472.91, 99, 57, 31826, 55, 1980
2026/08/29 20:28:05.704, 6, 494.60, 96, 57, 31466, 61, 1980
2026/08/29 20:28:05.706, 7, 471.03, 100, 54, 31244, 52, 1980
2026/08/29 20:28:10.709, 0, 522.02, 53, 32, 32528, 65, 1980
2026/08/29 20:28:10.711, 1, 480.49, 78, 43, 32288, 53, 1980
2026/08/29 20:28:10.712, 2, 488.34, 94, 49, 32250, 53, 1980
2026/08/29 20:28:10.713, 3, 502.98, 96, 51, 32226, 65, 1980
2026/08/29 20:28:10.714, 4, 511.53, 74, 36, 32046, 63, 1980
2026/08/29 20:28:10.716, 5, 492.09, 53, 31, 31826, 54, 1980
2026/08/29 20:28:10.719, 6, 505.45, 94, 53, 31466, 64, 1980
2026/08/29 20:28:10.720, 7, 488.46, 62, 33, 31244, 52, 1980
2026/08/29 20:28:15.722, 0, 527.84, 99, 53, 32528, 65, 1980
2026/08/29 20:28:15.722, 1, 502.25, 99, 57, 32288, 53, 1980
2026/08/29 20:28:15.723, 2, 500.34, 96, 57, 32250, 50, 1980
2026/08/29 20:28:15.725, 3, 515.82, 93, 55, 32226, 66, 1980
2026/08/29 20:28:15.727, 4, 506.41, 95, 54, 32046, 64, 1980
2026/08/29 20:28:15.729, 5, 504.87, 95, 53, 31826, 54, 1980
2026/08/29 20:28:15.730, 6, 502.41, 57, 27, 31466, 64, 1980
2026/08/29 20:28:15.731, 7, 486.36, 95, 54, 31244, 53, 1980
2026/08/29 20:28:20.733, 0, 517.44, 52, 32, 32528, 66, 1980
2026/08/29 20:28:20.737, 1, 479.93, 73, 44, 32288, 52, 1980
2026/08/29 20:28:20.738, 2, 500.48, 97, 58, 32250, 52, 1980
2026/08/29 20:28:20.739, 3, 522.65, 97, 57, 32226, 63, 1980
2026/08/29 20:28:20.742, 4, 487.35, 85, 43, 32046, 66, 1980
2026/08/29 20:28:20.744, 5, 493.64, 51, 31, 31826, 55, 1980
2026/08/29 20:28:20.747, 6, 493.04, 97, 52, 31466, 63, 1980
2026/08/29 20:28:20.750, 7, 475.19, 57, 32, 31244, 51, 1980
2026/08/29 20:28:25.752, 0, 495.56, 72, 43, 32528, 67, 1980
2026/08/29 20:28:25.752, 1, 468.39, 95, 57, 32288, 54, 1980
2026/08/29 20:28:25.752, 2, 479.61, 99, 56, 32250, 54, 1980
2026/08/29 20:28:25.752, 3, 502.39, 99, 57, 32226, 64, 1980
2026/08/29 20:28:25.752, 4, 480.86, 74, 32, 32046, 65, 1980
2026/08/29 20:28:25.752, 5, 475.46, 70, 39, 31826, 54, 1980
2026/08/29 20:28:25.752, 6, 496.87, 93, 44, 31466, 63, 1980
2026/08/29 20:28:25.753, 7, 481.54, 99, 58, 31244, 52, 1980
2026/08/29 20:28:30.753, 0, 518.98, 93, 57, 32528, 63, 1980
2026/08/29 20:28:30.757, 1, 493.15, 94, 55, 32288, 54, 1980
2026/08/29 20:28:30.761, 2, 483.26, 57, 32, 32250, 52, 1980
2026/08/29 20:28:30.763, 3, 499.21, 63, 34, 32226, 66, 1980
2026/08/29 20:28:30.767, 4, 492.03, 93, 50, 32046, 63, 1980
2026/08/29 20:28:30.770, 5, 497.35, 93, 51, 31826, 52, 1980
2026/08/29 20:28:30.773, 6, 504.88, 65, 35, 31466, 62, 1980
2026/08/29 20:28:30.774, 7, 487.88, 57, 29, 31244, 50, 1980
2026/08/29 20:28:35.776, 0, 516.12, 87, 43, 32528, 66, 1980
2026/08/29 20:28:35.777, 1, 486.52, 64, 30, 32288, 54, 1980
2026/08/29 20:28:35.779, 2, 489.62, 93, 52, 32250, 54, 1980
2026/08/29 20:28:35.780, 3, 517.26, 50, 28, 32226, 66, 1980
2026/08/29 20:28:35.780, 4, 500.86, 74, 36, 32046, 66, 1980
2026/08/29 20:28:35.782, 5, 484.67, 53, 31, 31826, 55, 1980
2026/08/29 20:28:35.784, 6, 506.51, 93, 51, 31466, 64, 1980
2026/08/29 20:28:35.786, 7, 483.30, 59, 33, 31244, 52, 1980
2026/08/29 20:28:40.787, 0, 526.77, 93, 51, 32528, 67, 1980
2026/08/29 20:28:40.789, 1, 500.59, 94, 50, 32288, 54, 1980
2026/08/29 20:28:40.795, 2, 506.87, 66, 31, 32250, 56, 1980
2026/08/29 20:28:40.799, 3, 533.00, 63, 30, 32226, 66, 1980
2026/08/29 20:28:40.802, 4, 509.35, 93, 51, 32046, 65, 1980
2026/08/29 20:28:40.807, 5, 519.16, 93, 52, 31826, 53, 1980
2026/08/29 20:28:40.816, 6, 526.78, 80, 46, 31466, 64, 1980
2026/08/29 20:28:40.819, 7, 507.30, 93, 46, 31244, 52, 1980
2026/08/29 20:28:45.825, 0, 478.38, 67, 39, 32528, 62, 1980
2026/08/29 20:28:45.826, 1, 443.83, 43, 22, 32288, 49, 1980
2026/08/29 20:28:45.827, 2, 429.67, 92, 53, 32250, 51, 1980
2026/08/29 20:28:45.828, 3, 452.67, 47, 28, 32226, 63, 1980
2026/08/29 20:28:45.829, 4, 469.43, 24, 13, 32046, 61, 1980
2026/08/29 20:28:45.831, 5, 477.05, 65, 38, 31826, 51, 1980
2026/08/29 20:28:45.833, 6, 451.12, 84, 30, 31466, 62, 1980
2026/08/29 20:28:45.834, 7, 443.84, 77, 43, 31244, 48, 1980
2026/08/29 20:28:50.835, 0, 512.81, 93, 54, 32528, 66, 1980
2026/08/29 20:28:50.835, 1, 478.43, 94, 52, 32288, 54, 1980
2026/08/29 20:28:50.839, 2, 498.67, 73, 37, 32250, 55, 1980
2026/08/29 20:28:50.841, 3, 509.95, 68, 34, 32226, 65, 1980
2026/08/29 20:28:50.844, 4, 503.18, 93, 53, 32046, 65, 1980
2026/08/29 20:28:50.846, 5, 505.62, 93, 49, 31826, 55, 1980
2026/08/29 20:28:50.850, 6, 512.71, 99, 58, 31466, 63, 1980
2026/08/29 20:28:50.854, 7, 496.06, 93, 48, 31244, 50, 1980
2026/08/29 20:28:55.856, 0, 504.42, 91, 54, 32528, 63, 1980
2026/08/29 20:28:55.856, 1, 471.17, 50, 27, 32288, 53, 1980
2026/08/29 20:28:55.856, 2, 474.26, 100, 58, 32250, 55, 1980
2026/08/29 20:28:55.856, 3, 497.47, 66, 36, 32226, 63, 1980
2026/08/29 20:28:55.856, 4, 468.20, 53, 30, 32046, 62, 1980
2026/08/29 20:28:55.856, 5, 474.33, 92, 51, 31826, 51, 1980
2026/08/29 20:28:55.857, 6, 488.34, 99, 57, 31466, 61, 1980
2026/08/29 20:28:55.857, 7, 486.24, 94, 51, 31244, 50, 1980
2026/08/29 20:29:00.857, 0, 480.01, 54, 26, 32528, 62, 1980
2026/08/29 20:29:00.858, 1, 455.80, 50, 30, 32288, 52, 1980
2026/08/29 20:29:00.860, 2, 474.36, 49, 31, 32250, 55, 1980
2026/08/29 20:29:00.861, 3, 475.18, 54, 33, 32226, 65, 1980
2026/08/29 20:29:00.862, 4, 470.84, 70, 39, 32046, 62, 1980
2026/08/29 20:29:00.866, 5, 464.87, 55, 26, 31826, 54, 1980
2026/08/29 20:29:00.871, 6, 475.18, 91, 51, 31466, 62, 1980
2026/08/29 20:29:00.874, 7, 462.67, 53, 27, 31244, 49, 1980
2026/08/29 20:29:05.876, 0, 517.54, 99, 57, 32528, 65, 1980
2026/08/29 20:29:05.877, 1, 490.75, 99, 60, 32288, 51, 1980
2026/08/29 20:29:05.880, 2, 495.86, 53, 26, 32250, 52, 1980
2026/08/29 20:29:05.881, 3, 524.62, 97, 57, 32226, 64, 1980
2026/08/29 20:29:05.883, 4, 508.23, 100, 61, 32046, 63, 1980
2026/08/29 20:29:05.883, 5, 509.64, 99, 58, 31826, 55, 1980
2026/08/29 20:29:05.885, 6, 507.57, 54, 30, 31466, 62, 1980
2026/08/29 20:29:05.887, 7, 480.52, 91, 42, 31244, 51, 1980
2026/08/29 20:29:10.887, 0, 495.24, 89, 52, 32528, 63, 1980
2026/08/29 20:29:10.888, 1, 476.64, 93, 53, 32288, 54, 1980
2026/08/29 20:29:10.889, 2, 483.25, 53, 32, 32250, 53, 1980
2026/08/29 20:29:10.893, 3, 481.22, 100, 57, 32226, 62, 1980
2026/08/29 20:29:10.897, 4, 466.67, 91, 49, 32046, 62, 1980
2026/08/29 20:29:10.900, 5, 469.69, 94, 50, 31826, 51, 1980
2026/08/29 20:29:10.902, 6, 490.23, 60, 33, 31466, 62, 1980
2026/08/29 20:29:10.906, 7, 478.30, 93, 48, 31244, 49, 1980
2026/08/29 20:29:15.911, 0, 511.48, 99, 58, 32528, 65, 1980
2026/08/29 20:29:15.911, 1, 495.82, 99, 62, 32288, 55, 1980
2026/08/29 20:29:15.913, 2, 491.60, 93, 48, 32250, 51, 1980
2026/08/29 20:29:15.914, 3, 511.74, 95, 52, 32226, 62, 1980
2026/08/29 20:29:15.914, 4, 494.21, 100, 55, 32046, 64, 1980
2026/08/29 20:29:15.916, 5, 489.76, 100, 55, 31826, 55, 1980
2026/08/29 20:29:15.919, 6, 516.24, 57, 28, 31466, 61, 1980
2026/08/29 20:29:15.920, 7, 496.66, 100, 55, 31244, 52, 1980
2026/08/29 20:29:20.922, 0, 524.35, 96, 58, 32528, 66, 1980
2026/08/29 20:29:20.923, 1, 496.53, 92, 53, 32288, 54, 1980
2026/08/29 20:29:20.924, 2, 491.81, 45, 26, 32250, 54, 1980
2026/08/29 20:29:20.926, 3, 513.34, 93, 48, 32226, 65, 1980
2026/08/29 20:29:20.928, 4, 496.58, 95, 49, 32046, 65, 1980
2026/08/29 20:29:20.932, 5, 498.69, 75, 29, 31826, 55, 1980
2026/08/29 20:29:20.936, 6, 514.73, 99, 55, 31466, 64, 1980
2026/08/29 20:29:20.938, 7, 492.50, 64, 29, 31244, 53, 1980
2026/08/29 20:29:25.940, 0, 491.63, 60, 29, 32528, 66, 1980
2026/08/29 20:29:25.940, 1, 469.65, 52, 27, 32288, 52, 1980
2026/08/29 20:29:25.940, 2, 471.95, 50, 28, 32250, 55, 1980
2026/08/29 20:29:25.940, 3, 482.89, 51, 29, 32226, 64, 1980
2026/08/29 20:29:25.940, 4, 467.19, 51, 24, 32046, 64, 1980
2026/08/29 20:29:25.940, 5, 462.04, 60, 30, 31826, 55, 1980
2026/08/29 20:29:25.940, 6, 483.26, 95, 53, 31466, 63, 1980
2026/08/29 20:29:25.940, 7, 473.45, 52, 24, 31244, 52, 1980
2026/08/29 20:29:30.941, 0, 518.73, 92, 52, 32528, 67, 1980
2026/08/29 20:29:30.942, 1, 497.97, 52, 32, 32288, 55, 1980
2026/08/29 20:29:30.943, 2, 487.68, 95, 58, 32250, 55, 1980
2026/08/29 20:29:30.944, 3, 520.00, 89, 50, 32226, 62, 1980
2026/08/29 20:29:30.946, 4, 494.48, 51, 29, 32046, 64, 1980
2026/08/29 20:29:30.948, 5, 491.43, 52, 29, 31826, 55, 1980
2026/08/29 20:29:30.950, 6, 523.59, 95, 50, 31466, 61, 1980
2026/08/29 20:29:30.951, 7, 505.65, 94, 50, 31244, 52, 1980
2026/08/29 20:29:35.952, 0, 532.11, 92, 56, 32528, 65, 1980
2026/08/29 20:29:35.952, 1, 497.66, 95, 54, 32288, 54, 1980
2026/08/29 20:29:35.953, 2, 504.47, 78, 36, 32250, 54, 1980
2026/08/29 20:29:35.954, 3, 528.62, 72, 31, 32226, 63, 1980
2026/08/29 20:29:35.957, 4, 513.36, 95, 50, 32046, 64, 1980
2026/08/29 20:29:35.958, 5, 493.96, 92, 51, 31826, 52, 1980
2026/08/29 20:29:35.960, 6, 522.78, 71, 39, 31466, 61, 1980
2026/08/29 20:29:35.960, 7, 504.41, 93, 49, 31244, 52, 1980
2026/08/29 20:29:40.962, 0, 528.26, 94, 51, 32528, 65, 1980
2026/08/29 20:29:40.970, 1, 505.31, 99, 58, 32288, 54, 1980
2026/08/29 20:29:40.972, 2, 503.90, 80, 48, 32250, 50, 1980
2026/08/29 20:29:40.975, 3, 518.93, 95, 57, 32226, 62, 1980
2026/08/29 20:29:40.975, 4, 488.50, 93, 46, 32046, 64, 1980
2026/08/29 20:29:40.978, 5, 489.04, 93, 47, 31826, 54, 1980
2026/08/29 20:29:40.980, 6, 510.29, 89, 50, 31466, 60, 1980
2026/08/29 20:29:40.982, 7, 490.10, 52, 29, 31244, 52, 1980
2026/08/29 20:29:45.985, 0, 517.41, 94, 55, 32528, 65, 1980
2026/08/29 20:29:45.987, 1, 477.86, 96, 51, 32288, 50, 1980
2026/08/29 20:29:45.989, 2, 479.45, 49, 29, 32250, 54, 1980
2026/08/29 20:29:45.990, 3, 495.06, 93, 34, 32226, 65, 1980
2026/08/29 20:29:45.991, 4, 483.25, 96, 59, 32046, 61, 1980
2026/08/29 20:29:45.993, 5, 472.12, 99, 59, 31826, 56, 1980
2026/08/29 20:29:45.995, 6, 504.15, 93, 51, 31466, 62, 1980
2026/08/29 20:29:45.997, 7, 492.37, 91, 25, 31244, 52, 1980
2026/08/29 20:29:50.998, 0, 505.13, 69, 27, 32528, 62, 1980
2026/08/29 20:29:50.999, 1, 486.03, 53, 27, 32288, 50, 1980
2026/08/29 20:29:51.000, 2, 461.08, 46, 27, 32250, 53, 1980
2026/08/29 20:29:51.002, 3, 501.89, 94, 32, 32226, 64, 1980
2026/08/29 20:29:51.002, 4, 492.07, 28, 13, 32046, 63, 1980
2026/08/29 20:29:51.003, 5, 484.66, 69, 28, 31826, 51, 1980
2026/08/29 20:29:51.006, 6, 495.81, 99, 61, 31466, 64, 1980
2026/08/29 20:29:51.007, 7, 472.77, 61, 26, 31244, 52, 1980
2026/08/29 20:29:56.009, 0, 498.94, 94, 50, 32528, 66, 1980
2026/08/29 20:29:56.009, 1, 470.03, 80, 40, 32288, 54, 1980
2026/08/29 20:29:56.009, 2, 482.99, 91, 54, 32250, 53, 1980
2026/08/29 20:29:56.009, 3, 515.88, 53, 27, 32226, 64, 1980
2026/08/29 20:29:56.009, 4, 484.39, 93, 49, 32046, 65, 1980
2026/08/29 20:29:56.009, 5, 494.72, 94, 51, 31826, 56, 1980
2026/08/29 20:29:56.009, 6, 525.68, 92, 54, 31466, 62, 1980
2026/08/29 20:29:56.009, 7, 498.52, 51, 28, 31244, 52, 1980
2026/08/29 20:30:01.010, 0, 489.56, 67, 32, 32528, 61, 1980
2026/08/29 20:30:01.010, 1, 460.36, 54, 27, 32288, 50, 1980
2026/08/29 20:30:01.013, 2, 470.63, 51, 31, 32250, 53, 1980
2026/08/29 20:30:01.015, 3, 490.15, 94, 46, 32226, 64, 1980
2026/08/29 20:30:01.017, 4, 471.12, 59, 29, 32046, 63, 1980
2026/08/29 20:30:01.018, 5, 461.42, 69, 30, 31826, 51, 1980
2026/08/29 20:30:01.022, 6, 481.89, 49, 30, 31466, 62, 1980
2026/08/29 20:30:01.027, 7, 470.31, 60, 29, 31244, 51, 1980
2026/08/29 20:30:06.032, 0, 509.55, 68, 32, 32608, 66, 1980
2026/08/29 20:30:06.032, 1, 485.80, 52, 28, 32288, 51, 1980
2026/08/29 20:30:06.034, 2, 517.62, 96, 56, 32250, 54, 1980
2026/08/29 20:30:06.035, 3, 517.65, 49, 31, 32226, 64, 1980
2026/08/29 20:30:06.035, 4, 497.13, 51, 25, 32046, 65, 1980
2026/08/29 20:30:06.037, 5, 494.13, 96, 58, 31826, 51, 1980
2026/08/29 20:30:06.039, 6, 511.31, 99, 59, 31466, 62, 1980
2026/08/29 20:30:06.040, 7, 484.94, 92, 52, 31244, 49, 1980
2026/08/29 20:30:11.042, 0, 518.07, 58, 28, 32608, 66, 1980
2026/08/29 20:30:11.043, 1, 489.97, 50, 29, 32288, 54, 1980
2026/08/29 20:30:11.046, 2, 507.55, 100, 60, 32250, 55, 1980
2026/08/29 20:30:11.046, 3, 512.77, 54, 32, 32226, 65, 1980
2026/08/29 20:30:11.048, 4, 497.77, 54, 27, 32046, 65, 1980
2026/08/29 20:30:11.050, 5, 498.87, 59, 28, 31826, 56, 1980
2026/08/29 20:30:11.053, 6, 506.33, 80, 40, 31466, 63, 1980
2026/08/29 20:30:11.057, 7, 488.84, 94, 52, 31244, 50, 1980
2026/08/29 20:30:16.059, 0, 513.66, 66, 30, 32608, 65, 1980
2026/08/29 20:30:16.062, 1, 493.61, 94, 36, 32288, 53, 1980
2026/08/29 20:30:16.062, 2, 498.95, 99, 60, 32250, 53, 1980
2026/08/29 20:30:16.064, 3, 514.70, 95, 31, 32226, 65, 1980
2026/08/29 20:30:16.066, 4, 494.36, 26, 12, 32046, 64, 1980
2026/08/29 20:30:16.076, 5, 496.05, 96, 42, 31826, 55, 1980
2026/08/29 20:30:16.082, 6, 498.05, 97, 56, 31466, 63, 1980
2026/08/29 20:30:16.083, 7, 481.02, 100, 51, 31244, 51, 1980
2026/08/29 20:30:21.087, 0, 321.37, 99, 61, 32608, 61, 1980
2026/08/29 20:30:21.090, 1, 289.48, 96, 46, 32288, 49, 1980
2026/08/29 20:30:21.093, 2, 287.29, 49, 27, 32250, 50, 1980
2026/08/29 20:30:21.095, 3, 313.06, 95, 21, 32226, 64, 1980
2026/08/29 20:30:21.099, 4, 303.48, 95, 54, 32046, 60, 1980
2026/08/29 20:30:21.100, 5, 279.55, 99, 59, 31826, 51, 1980
2026/08/29 20:30:21.102, 6, 315.83, 95, 53, 31466, 62, 1980
2026/08/29 20:30:21.104, 7, 285.74, 100, 0, 31244, 50, 1980
2026/08/29 20:30:26.106, 0, 526.65, 50, 30, 32608, 65, 1980
2026/08/29 20:30:26.106, 1, 492.20, 71, 33, 32288, 50, 1980
2026/08/29 20:30:26.106, 2, 497.50, 91, 51, 32250, 52, 1980
2026/08/29 20:30:26.106, 3, 515.00, 53, 29, 32226, 65, 1980
2026/08/29 20:30:26.106, 4, 503.41, 54, 31, 32046, 63, 1980
2026/08/29 20:30:26.106, 5, 482.47, 93, 45, 31826, 54, 1980
2026/08/29 20:30:26.106, 6, 505.96, 93, 47, 31466, 62, 1980
2026/08/29 20:30:26.106, 7, 482.06, 53, 31, 31244, 52, 1980
2026/08/29 20:30:31.107, 0, 543.42, 85, 51, 32608, 62, 1980
2026/08/29 20:30:31.109, 1, 510.21, 91, 52, 32288, 52, 1980
2026/08/29 20:30:31.109, 2, 503.02, 95, 58, 32250, 54, 1980
2026/08/29 20:30:31.113, 3, 511.58, 99, 61, 32226, 65, 1980
2026/08/29 20:30:31.115, 4, 511.91, 89, 51, 32046, 61, 1980
2026/08/29 20:30:31.121, 5, 494.70, 85, 48, 31826, 50, 1980
2026/08/29 20:30:31.122, 6, 513.23, 61, 26, 31466, 63, 1980
2026/08/29 20:30:31.125, 7, 490.68, 94, 51, 31244, 52, 1980
2026/08/29 20:30:36.127, 0, 516.07, 97, 57, 32608, 66, 1980
2026/08/29 20:30:36.129, 1, 493.27, 99, 60, 32288, 53, 1980
2026/08/29 20:30:36.130, 2, 488.48, 92, 53, 32250, 54, 1980
2026/08/29 20:30:36.131, 3, 501.80, 92, 52, 32226, 64, 1980
2026/08/29 20:30:36.132, 4, 496.60, 100, 60, 32046, 64, 1980
2026/08/29 20:30:36.134, 5, 484.59, 96, 52, 31826, 54, 1980
2026/08/29 20:30:36.135, 6, 503.75, 92, 46, 31466, 63, 1980
2026/08/29 20:30:36.137, 7, 482.38, 100, 57, 31244, 53, 1980
2026/08/29 20:30:41.137, 0, 515.65, 72, 32, 32608, 65, 1980
2026/08/29 20:30:41.137, 1, 482.60, 93, 54, 32288, 50, 1980
2026/08/29 20:30:41.139, 2, 491.90, 50, 29, 32250, 53, 1980
2026/08/29 20:30:41.149, 3, 511.57, 51, 30, 32226, 64, 1980
2026/08/29 20:30:41.156, 4, 501.39, 65, 31, 32046, 63, 1980
2026/08/29 20:30:41.164, 5, 494.47, 94, 52, 31826, 52, 1980
2026/08/29 20:30:41.167, 6, 516.26, 93, 53, 31466, 62, 1980
2026/08/29 20:30:41.169, 7, 496.34, 76, 43, 31244, 48, 1980
2026/08/29 20:30:46.173, 0, 507.24, 93, 53, 32608, 61, 1980
2026/08/29 20:30:46.176, 1, 488.88, 94, 53, 32288, 51, 1980
2026/08/29 20:30:46.177, 2, 490.55, 51, 30, 32250, 53, 1980
2026/08/29 20:30:46.178, 3, 506.99, 51, 29, 32226, 64, 1980
2026/08/29 20:30:46.179, 4, 487.52, 93, 49, 32046, 61, 1980
2026/08/29 20:30:46.180, 5, 484.57, 93, 50, 31826, 50, 1980
2026/08/29 20:30:46.182, 6, 502.70, 93, 52, 31466, 62, 1980
2026/08/29 20:30:46.184, 7, 491.72, 59, 28, 31244, 48, 1980
2026/08/29 20:30:51.186, 0, 512.86, 93, 54, 32608, 63, 1980
2026/08/29 20:30:51.186, 1, 487.95, 95, 55, 32288, 54, 1980
2026/08/29 20:30:51.187, 2, 487.78, 85, 43, 32250, 55, 1980
2026/08/29 20:30:51.188, 3, 509.32, 100, 58, 32226, 63, 1980
2026/08/29 20:30:51.189, 4, 486.11, 93, 48, 32046, 62, 1980
2026/08/29 20:30:51.192, 5, 489.55, 92, 51, 31826, 54, 1980
2026/08/29 20:30:51.193, 6, 511.20, 63, 34, 31466, 62, 1980
2026/08/29 20:30:51.194, 7, 482.48, 54, 27, 31244, 49, 1980
2026/08/29 20:30:56.195, 0, 531.23, 66, 39, 32608, 66, 1980
2026/08/29 20:30:56.195, 1, 500.18, 88, 51, 32288, 50, 1980
2026/08/29 20:30:56.195, 2, 497.16, 93, 53, 32250, 54, 1980
2026/08/29 20:30:56.195, 3, 512.44, 92, 54, 32226, 64, 1980
2026/08/29 20:30:56.195, 4, 497.08, 76, 44, 32046, 64, 1980
2026/08/29 20:30:56.195, 5, 498.33, 65, 37, 31826, 53, 1980
2026/08/29 20:30:56.195, 6, 499.33, 51, 28, 31506, 63, 1980
2026/08/29 20:30:56.196, 7, 480.86, 96, 55, 31244, 48, 1980
2026/08/29 20:31:01.196, 0, 542.57, 70, 32, 32608, 66, 1980
2026/08/29 20:31:01.200, 1, 503.22, 93, 54, 32288, 54, 1980
2026/08/29 20:31:01.201, 2, 510.52, 51, 30, 32250, 54, 1980
2026/08/29 20:31:01.203, 3, 529.02, 93, 49, 32226, 65, 1980
2026/08/29 20:31:01.205, 4, 511.02, 63, 30, 32046, 64, 1980
2026/08/29 20:31:01.212, 5, 508.92, 99, 60, 31826, 55, 1980
2026/08/29 20:31:01.214, 6, 527.48, 95, 56, 31506, 63, 1980
2026/08/29 20:31:01.214, 7, 511.39, 64, 31, 31244, 53, 1980
2026/08/29 20:31:06.216, 0, 511.90, 42, 20, 32608, 65, 1980
2026/08/29 20:31:06.217, 1, 490.38, 54, 31, 32288, 53, 1980
2026/08/29 20:31:06.219, 2, 497.04, 63, 36, 32250, 51, 1980
2026/08/29 20:31:06.221, 3, 508.48, 71, 41, 32226, 61, 1980
2026/08/29 20:31:06.222, 4, 489.49, 48, 28, 32046, 64, 1980
2026/08/29 20:31:06.223, 5, 483.05, 52, 26, 31826, 52, 1980
2026/08/29 20:31:06.224, 6, 505.90, 98, 60, 31506, 59, 1980
2026/08/29 20:31:06.226, 7, 488.56, 95, 52, 31244, 51, 1980
2026/08/29 20:31:11.227, 0, 515.59, 95, 56, 32608, 63, 1980
2026/08/29 20:31:11.229, 1, 489.23, 93, 52, 32288, 53, 1980
2026/08/29 20:31:11.229, 2, 499.71, 100, 60, 32250, 56, 1980
2026/08/29 20:31:11.238, 3, 533.57, 63, 36, 32226, 66, 1980
2026/08/29 20:31:11.241, 4, 502.83, 97, 57, 32046, 62, 1980
2026/08/29 20:31:11.243, 5, 487.63, 93, 49, 31826, 51, 1980
2026/08/29 20:31:11.248, 6, 510.30, 100, 57, 31506, 62, 1980
2026/08/29 20:31:11.250, 7, 480.28, 97, 53, 31244, 49, 1980
2026/08/29 20:31:16.252, 0, 521.12, 94, 50, 32608, 65, 1980
2026/08/29 20:31:16.254, 1, 508.73, 71, 36, 32288, 55, 1980
2026/08/29 20:31:16.255, 2, 518.77, 85, 47, 32250, 50, 1980
2026/08/29 20:31:16.256, 3, 515.11, 89, 50, 32226, 61, 1980
2026/08/29 20:31:16.257, 4, 500.62, 52, 29, 32046, 63, 1980
2026/08/29 20:31:16.260, 5, 509.85, 94, 48, 31826, 54, 1980
2026/08/29 20:31:16.261, 6, 509.48, 94, 50, 31506, 60, 1980
2026/08/29 20:31:16.262, 7, 507.11, 93, 51, 31244, 51, 1980
2026/08/29 20:31:21.263, 0, 510.86, 52, 31, 32608, 65, 1980
2026/08/29 20:31:21.264, 1, 482.58, 48, 23, 32288, 54, 1980
2026/08/29 20:31:21.264, 2, 493.38, 94, 35, 32250, 54, 1980
2026/08/29 20:31:21.266, 3, 492.26, 94, 34, 32226, 64, 1980
2026/08/29 20:31:21.268, 4, 497.38, 60, 35, 32046, 63, 1980
2026/08/29 20:31:21.268, 5, 492.27, 96, 30, 31826, 53, 1980
2026/08/29 20:31:21.269, 6, 501.78, 93, 34, 31506, 63, 1980
2026/08/29 20:31:21.271, 7, 488.40, 96, 54, 31244, 51, 1980
2026/08/29 20:31:26.271, 0, 521.67, 50, 31, 32608, 66, 1980
2026/08/29 20:31:26.271, 1, 501.26, 57, 34, 32288, 52, 1980
2026/08/29 20:31:26.271, 2, 507.17, 91, 55, 32250, 50, 1980
2026/08/29 20:31:26.271, 3, 503.94, 94, 57, 32226, 62, 1980
2026/08/29 20:31:26.271, 4, 491.91, 52, 32, 32046, 64, 1980
2026/08/29 20:31:26.271, 5, 488.97, 52, 29, 31826, 54, 1980
2026/08/29 20:31:26.271, 6, 490.59, 55, 27, 31506, 60, 1980
2026/08/29 20:31:26.271, 7, 496.52, 100, 55, 31244, 52, 1980
2026/08/29 20:31:31.272, 0, 503.49, 74, 45, 32608, 63, 1980
2026/08/29 20:31:31.275, 1, 472.17, 43, 20, 32288, 53, 1980
2026/08/29 20:31:31.281, 2, 476.81, 97, 55, 32250, 52, 1980
2026/08/29 20:31:31.284, 3, 493.43, 94, 51, 32226, 63, 1980
2026/08/29 20:31:31.288, 4, 483.40, 85, 50, 32046, 61, 1980
2026/08/29 20:31:31.288, 5, 462.11, 73, 43, 31826, 52, 1980
2026/08/29 20:31:31.290, 6, 486.82, 48, 30, 31506, 62, 1980
2026/08/29 20:31:31.294, 7, 473.36, 83, 46, 31244, 48, 1980
2026/08/29 20:31:36.294, 0, 522.99, 93, 50, 32608, 66, 1980
2026/08/29 20:31:36.296, 1, 503.30, 93, 54, 32288, 53, 1980
2026/08/29 20:31:36.300, 2, 502.98, 54, 26, 32250, 54, 1980
2026/08/29 20:31:36.301, 3, 523.60, 93, 54, 32226, 65, 1980
2026/08/29 20:31:36.304, 4, 496.38, 93, 50, 32046, 65, 1980
2026/08/29 20:31:36.307, 5, 496.21, 93, 52, 31826, 53, 1980
2026/08/29 20:31:36.307, 6, 511.57, 53, 27, 31506, 64, 1980
2026/08/29 20:31:36.309, 7, 499.40, 93, 46, 31244, 52, 1980
2026/08/29 20:31:41.316, 0, 519.93, 99, 60, 32608, 66, 1980
2026/08/29 20:31:41.325, 1, 498.25, 90, 53, 32288, 53, 1980
2026/08/29 20:31:41.329, 2, 502.66, 93, 50, 32250, 54, 1980
2026/08/29 20:31:41.330, 3, 522.23, 93, 51, 32226, 65, 1980
2026/08/29 20:31:41.332, 4, 500.98, 99, 60, 32046, 64, 1980
2026/08/29 20:31:41.343, 5, 496.82, 100, 57, 31826, 55, 1980
2026/08/29 20:31:41.347, 6, 514.55, 46, 27, 31506, 63, 1980
2026/08/29 20:31:41.351, 7, 515.69, 85, 34, 31244, 52, 1980
2026/08/29 20:31:46.361, 0, 527.79, 99, 57, 32608, 65, 1980
2026/08/29 20:31:46.363, 1, 492.45, 59, 35, 32288, 56, 1980
2026/08/29 20:31:46.364, 2, 482.96, 94, 55, 32250, 55, 1980
2026/08/29 20:31:46.366, 3, 508.71, 94, 57, 32226, 65, 1980
2026/08/29 20:31:46.366, 4, 496.30, 100, 55, 32046, 64, 1980
2026/08/29 20:31:46.368, 5, 482.93, 94, 46, 31826, 53, 1980
2026/08/29 20:31:46.370, 6, 521.16, 93, 48, 31506, 61, 1980
2026/08/29 20:31:46.372, 7, 491.30, 100, 55, 31244, 52, 1980
2026/08/29 20:31:51.373, 0, 446.10, 100, 0, 32608, 59, 1980
2026/08/29 20:31:51.374, 1, 436.49, 61, 30, 32288, 47, 1980
2026/08/29 20:31:51.376, 2, 451.83, 100, 0, 32250, 46, 1980
2026/08/29 20:31:51.377, 3, 452.16, 100, 0, 32226, 58, 1980
2026/08/29 20:31:51.379, 4, 396.17, 0, 0, 32046, 58, 1980
2026/08/29 20:31:51.379, 5, 438.88, 88, 28, 31826, 47, 1980
2026/08/29 20:31:51.381, 6, 437.14, 97, 19, 31506, 57, 1980
2026/08/29 20:31:51.382, 7, 403.92, 100, 0, 31244, 45, 1980
2026/08/29 20:31:56.384, 0, 518.60, 66, 38, 32608, 66, 1980
2026/08/29 20:31:56.384, 1, 510.31, 54, 27, 32288, 54, 1980
2026/08/29 20:31:56.384, 2, 500.52, 93, 48, 32250, 54, 1980
2026/08/29 20:31:56.384, 3, 534.11, 94, 48, 32226, 65, 1980
2026/08/29 20:31:56.384, 4, 517.69, 76, 44, 32046, 64, 1980
2026/08/29 20:31:56.384, 5, 515.00, 74, 33, 31826, 54, 1980
2026/08/29 20:31:56.384, 6, 526.13, 93, 47, 31506, 63, 1980
2026/08/29 20:31:56.384, 7, 503.02, 96, 55, 31244, 53, 1980
2026/08/29 20:32:01.385, 0, 517.82, 61, 36, 32608, 63, 1980
2026/08/29 20:32:01.385, 1, 506.90, 85, 51, 32288, 50, 1980
2026/08/29 20:32:01.386, 2, 500.09, 100, 53, 32250, 52, 1980
2026/08/29 20:32:01.387, 3, 514.97, 100, 56, 32226, 64, 1980
2026/08/29 20:32:01.390, 4, 489.55, 72, 39, 32046, 62, 1980
2026/08/29 20:32:01.391, 5, 494.57, 61, 32, 31826, 53, 1980
2026/08/29 20:32:01.393, 6, 498.91, 42, 23, 31506, 62, 1980
2026/08/29 20:32:01.393, 7, 502.52, 99, 59, 31244, 50, 1980
2026/08/29 20:32:06.395, 0, 521.89, 93, 53, 32608, 66, 1980
2026/08/29 20:32:06.397, 1, 512.29, 95, 53, 32288, 52, 1980
2026/08/29 20:32:06.399, 2, 527.41, 89, 45, 32250, 55, 1980
2026/08/29 20:32:06.402, 3, 529.73, 82, 40, 32226, 66, 1980
2026/08/29 20:32:06.403, 4, 497.17, 93, 53, 32046, 62, 1980
2026/08/29 20:32:06.405, 5, 505.84, 89, 51, 31826, 51, 1980
2026/08/29 20:32:06.405, 6, 521.23, 61, 33, 31506, 61, 1980
2026/08/29 20:32:06.405, 7, 502.91, 93, 47, 31244, 49, 1980
2026/08/29 20:32:11.407, 0, 512.86, 54, 31, 32608, 64, 1980
2026/08/29 20:32:11.412, 1, 484.39, 49, 29, 32288, 53, 1980
2026/08/29 20:32:11.423, 2, 498.10, 74, 43, 32250, 51, 1980
2026/08/29 20:32:11.432, 3, 496.92, 83, 45, 32226, 64, 1980
2026/08/29 20:32:11.440, 4, 479.02, 100, 54, 32046, 64, 1980
2026/08/29 20:32:11.449, 5, 487.49, 54, 30, 31826, 53, 1980
2026/08/29 20:32:11.457, 6, 496.06, 64, 27, 31506, 62, 1980
2026/08/29 20:32:11.463, 7, 507.22, 100, 54, 31244, 51, 1980
2026/08/29 20:32:16.469, 0, 526.87, 53, 27, 32608, 63, 1980
2026/08/29 20:32:16.470, 1, 498.37, 93, 48, 32288, 53, 1980
2026/08/29 20:32:16.471, 2, 509.52, 56, 34, 32250, 54, 1980
2026/08/29 20:32:16.471, 3, 530.60, 65, 39, 32226, 63, 1980
2026/08/29 20:32:16.473, 4, 516.35, 53, 29, 32046, 63, 1980
2026/08/29 20:32:16.476, 5, 508.16, 93, 49, 31826, 52, 1980
2026/08/29 20:32:16.476, 6, 536.98, 99, 59, 31506, 61, 1980
2026/08/29 20:32:16.477, 7, 508.74, 52, 28, 31244, 52, 1980
2026/08/29 20:32:21.479, 0, 535.31, 93, 56, 32608, 66, 1980
2026/08/29 20:32:21.481, 1, 505.30, 93, 52, 32288, 54, 1980
2026/08/29 20:32:21.483, 2, 519.71, 59, 31, 32250, 54, 1980
2026/08/29 20:32:21.484, 3, 532.50, 76, 39, 32226, 64, 1980
2026/08/29 20:32:21.484, 4, 498.33, 53, 28, 32046, 62, 1980
2026/08/29 20:32:21.487, 5, 502.78, 93, 47, 31826, 54, 1980
2026/08/29 20:32:21.491, 6, 518.93, 69, 33, 31506, 63, 1980
2026/08/29 20:32:21.493, 7, 509.16, 52, 26, 31244, 51, 1980
2026/08/29 20:32:26.495, 0, 530.33, 94, 49, 32608, 65, 1980
2026/08/29 20:32:26.495, 1, 510.62, 100, 61, 32288, 52, 1980
2026/08/29 20:32:26.495, 2, 515.67, 53, 26, 32250, 52, 1980
2026/08/29 20:32:26.495, 3, 521.63, 53, 26, 32226, 63, 1980
2026/08/29 20:32:26.495, 4, 503.53, 93, 44, 32046, 64, 1980
2026/08/29 20:32:26.495, 5, 506.86, 53, 30, 31826, 55, 1980
2026/08/29 20:32:26.495, 6, 521.29, 97, 54, 31506, 61, 1980
2026/08/29 20:32:26.495, 7, 496.27, 93, 44, 31244, 52, 1980
2026/08/29 20:32:31.495, 0, 505.45, 60, 29, 32608, 65, 1980
2026/08/29 20:32:31.497, 1, 483.29, 55, 30, 32288, 54, 1980
2026/08/29 20:32:31.499, 2, 493.48, 92, 47, 32250, 54, 1980
2026/08/29 20:32:31.499, 3, 513.17, 99, 60, 32226, 65, 1980
2026/08/29 20:32:31.501, 4, 498.16, 92, 47, 32046, 62, 1980
2026/08/29 20:32:31.503, 5, 507.20, 64, 30, 31826, 53, 1980
2026/08/29 20:32:31.505, 6, 509.60, 87, 38, 31506, 63, 1980
2026/08/29 20:32:31.506, 7, 494.30, 93, 46, 31244, 50, 1980
2026/08/29 20:32:36.507, 0, 505.75, 49, 31, 32608, 66, 1980
2026/08/29 20:32:36.508, 1, 476.08, 68, 41, 32288, 51, 1980
2026/08/29 20:32:36.509, 2, 487.41, 93, 48, 32250, 53, 1980
2026/08/29 20:32:36.509, 3, 505.71, 93, 50, 32226, 65, 1980
2026/08/29 20:32:36.511, 4, 493.64, 55, 33, 32046, 64, 1980
2026/08/29 20:32:36.513, 5, 478.42, 94, 44, 31826, 55, 1980
2026/08/29 20:32:36.513, 6, 507.89, 51, 30, 31506, 64, 1980
2026/08/29 20:32:36.515, 7, 502.77, 54, 32, 31244, 51, 1980
2026/08/29 20:32:41.516, 0, 485.32, 99, 60, 32608, 67, 1980
2026/08/29 20:32:41.518, 1, 465.46, 83, 49, 32288, 50, 1980
2026/08/29 20:32:41.520, 2, 467.38, 93, 50, 32250, 53, 1980
2026/08/29 20:32:41.522, 3, 493.70, 99, 57, 32226, 65, 1980
2026/08/29 20:32:41.524, 4, 465.78, 99, 60, 32046, 62, 1980
2026/08/29 20:32:41.525, 5, 471.16, 59, 35, 31826, 53, 1980
2026/08/29 20:32:41.531, 6, 480.49, 45, 28, 31506, 63, 1980
2026/08/29 20:32:41.539, 7, 471.38, 99, 60, 31244, 50, 1980
2026/08/29 20:32:46.542, 0, 534.23, 93, 51, 32608, 67, 1980
2026/08/29 20:32:46.544, 1, 506.90, 93, 50, 32288, 54, 1980
2026/08/29 20:32:46.546, 2, 523.15, 66, 31, 32250, 55, 1980
2026/08/29 20:32:46.547, 3, 532.85, 63, 30, 32226, 66, 1980
2026/08/29 20:32:46.547, 4, 506.79, 93, 51, 32046, 65, 1980
2026/08/29 20:32:46.549, 5, 501.92, 97, 50, 31826, 55, 1980
2026/08/29 20:32:46.551, 6, 522.14, 96, 54, 31506, 63, 1980
2026/08/29 20:32:46.553, 7, 509.26, 94, 47, 31244, 53, 1980
2026/08/29 20:32:51.555, 0, 533.85, 94, 51, 32608, 67, 1980
2026/08/29 20:32:51.555, 1, 502.23, 99, 58, 32288, 54, 1980
2026/08/29 20:32:51.557, 2, 514.53, 70, 32, 32250, 55, 1980
2026/08/29 20:32:51.558, 3, 535.41, 66, 31, 32226, 65, 1980
2026/08/29 20:32:51.559, 4, 522.39, 93, 51, 32046, 65, 1980
2026/08/29 20:32:51.564, 5, 515.10, 53, 28, 31826, 56, 1980
2026/08/29 20:32:51.565, 6, 523.67, 66, 29, 31506, 64, 1980
2026/08/29 20:32:51.572, 7, 508.87, 93, 46, 31244, 53, 1980
2026/08/29 20:32:56.574, 0, 532.99, 86, 53, 32608, 67, 1980
2026/08/29 20:32:56.574, 1, 504.87, 54, 26, 32288, 55, 1980
2026/08/29 20:32:56.574, 2, 516.32, 94, 50, 32250, 55, 1980
2026/08/29 20:32:56.574, 3, 540.40, 99, 62, 32226, 67, 1980
2026/08/29 20:32:56.574, 4, 526.50, 93, 56, 32046, 66, 1980
2026/08/29 20:32:56.574, 5, 518.38, 97, 58, 31826, 56, 1980
2026/08/29 20:32:56.574, 6, 529.88, 93, 45, 31506, 65, 1980
2026/08/29 20:32:56.575, 7, 508.69, 95, 52, 31244, 53, 1980
2026/08/29 20:33:01.575, 0, 514.04, 99, 61, 32608, 65, 1980
2026/08/29 20:33:01.575, 1, 487.36, 83, 50, 32288, 50, 1980
2026/08/29 20:33:01.577, 2, 500.75, 50, 29, 32250, 54, 1980
2026/08/29 20:33:01.580, 3, 506.76, 50, 30, 32226, 66, 1980
2026/08/29 20:33:01.582, 4, 488.68, 74, 33, 32046, 65, 1980
2026/08/29 20:33:01.587, 5, 491.51, 58, 35, 31826, 54, 1980
2026/08/29 20:33:01.591, 6, 504.32, 49, 30, 31506, 64, 1980
2026/08/29 20:33:01.592, 7, 480.32, 74, 34, 31244, 53, 1980
2026/08/29 20:33:06.596, 0, 510.47, 97, 56, 32608, 65, 1980
2026/08/29 20:33:06.597, 1, 489.19, 99, 58, 32288, 54, 1980
2026/08/29 20:33:06.599, 2, 506.02, 74, 44, 32250, 52, 1980
2026/08/29 20:33:06.600, 3, 521.67, 66, 32, 32226, 62, 1980
2026/08/29 20:33:06.600, 4, 491.95, 93, 46, 32046, 65, 1980
2026/08/29 20:33:06.602, 5, 490.66, 97, 54, 31826, 53, 1980
2026/08/29 20:33:06.605, 6, 528.39, 83, 47, 31506, 60, 1980
2026/08/29 20:33:06.606, 7, 493.53, 100, 54, 31244, 52, 1980
2026/08/29 20:33:11.608, 0, 542.99, 67, 31, 32608, 67, 1980
2026/08/29 20:33:11.611, 1, 511.26, 93, 53, 32288, 52, 1980
2026/08/29 20:33:11.612, 2, 514.57, 96, 56, 32250, 55, 1980
2026/08/29 20:33:11.614, 3, 532.52, 50, 30, 32226, 66, 1980
2026/08/29 20:33:11.616, 4, 509.22, 58, 28, 32046, 66, 1980
2026/08/29 20:33:11.617, 5, 502.46, 96, 59, 31826, 56, 1980
2026/08/29 20:33:11.619, 6, 531.44, 99, 60, 31506, 64, 1980
2026/08/29 20:33:11.622, 7, 511.86, 62, 29, 31244, 53, 1980
2026/08/29 20:33:16.624, 0, 521.61, 64, 38, 32608, 65, 1980
2026/08/29 20:33:16.624, 1, 488.31, 58, 29, 32288, 50, 1980
2026/08/29 20:33:16.626, 2, 500.44, 99, 57, 32250, 55, 1980
2026/08/29 20:33:16.627, 3, 512.38, 46, 28, 32226, 65, 1980
2026/08/29 20:33:16.627, 4, 494.36, 74, 44, 32046, 61, 1980
2026/08/29 20:33:16.629, 5, 501.46, 86, 28, 31826, 52, 1980
2026/08/29 20:33:16.632, 6, 503.07, 73, 35, 31506, 63, 1980
2026/08/29 20:33:16.633, 7, 493.45, 73, 43, 31244, 50, 1980
2026/08/29 20:33:21.635, 0, 501.04, 50, 31, 32608, 66, 1980
2026/08/29 20:33:21.639, 1, 477.41, 72, 42, 32288, 51, 1980
2026/08/29 20:33:21.645, 2, 480.30, 97, 58, 32250, 52, 1980
2026/08/29 20:33:21.646, 3, 497.18, 98, 51, 32226, 65, 1980
2026/08/29 20:33:21.648, 4, 479.61, 60, 33, 32046, 64, 1980
2026/08/29 20:33:21.652, 5, 466.54, 94, 30, 31826, 54, 1980
2026/08/29 20:33:21.655, 6, 481.41, 21, 14, 31506, 62, 1980
2026/08/29 20:33:21.658, 7, 468.82, 59, 32, 31244, 51, 1980
2026/08/29 20:33:26.660, 0, 508.09, 51, 31, 32608, 66, 1980
2026/08/29 20:33:26.660, 1, 484.34, 91, 48, 32288, 53, 1980
2026/08/29 20:33:26.660, 2, 495.58, 84, 51, 32250, 54, 1980
2026/08/29 20:33:26.660, 3, 518.58, 90, 54, 32226, 62, 1980
2026/08/29 20:33:26.660, 4, 491.45, 51, 31, 32046, 64, 1980
2026/08/29 20:33:26.660, 5, 489.98, 95, 55, 31826, 54, 1980
2026/08/29 20:33:26.660, 6, 504.29, 92, 52, 31506, 64, 1980
2026/08/29 20:33:26.660, 7, 477.22, 53, 30, 31244, 52, 1980
2026/08/29 20:33:31.660, 0, 539.08, 87, 53, 32608, 65, 1980
2026/08/29 20:33:31.663, 1, 495.48, 97, 58, 32288, 53, 1980
2026/08/29 20:33:31.666, 2, 525.26, 49, 30, 32250, 54, 1980
2026/08/29 20:33:31.669, 3, 529.78, 88, 44, 32226, 66, 1980
2026/08/29 20:33:31.670, 4, 506.43, 93, 47, 32046, 62, 1980
2026/08/29 20:33:31.673, 5, 506.33, 66, 31, 31826, 54, 1980
2026/08/29 20:33:31.680, 6, 523.66, 56, 31, 31506, 63, 1980
2026/08/29 20:33:31.686, 7, 508.04, 93, 48, 31244, 53, 1980
2026/08/29 20:33:36.691, 0, 538.15, 84, 42, 32608, 68, 1980
2026/08/29 20:33:36.692, 1, 502.96, 96, 55, 32288, 50, 1980
2026/08/29 20:33:36.694, 2, 494.66, 100, 51, 32250, 53, 1980
2026/08/29 20:33:36.696, 3, 517.24, 100, 54, 32226, 65, 1980
2026/08/29 20:33:36.697, 4, 495.33, 72, 39, 32046, 63, 1980
2026/08/29 20:33:36.697, 5, 492.27, 100, 57, 31826, 56, 1980
2026/08/29 20:33:36.699, 6, 501.94, 100, 54, 31506, 63, 1980
2026/08/29 20:33:36.701, 7, 488.91, 70, 38, 31244, 53, 1980
2026/08/29 20:33:41.703, 0, 518.40, 53, 30, 32608, 66, 1980
2026/08/29 20:33:41.704, 1, 498.57, 50, 31, 32288, 54, 1980
2026/08/29 20:33:41.707, 2, 501.98, 74, 28, 32250, 51, 1980
2026/08/29 20:33:41.710, 3, 525.49, 96, 42, 32226, 61, 1980
2026/08/29 20:33:41.713, 4, 511.68, 95, 54, 32046, 64, 1980
2026/08/29 20:33:41.714, 5, 511.49, 52, 28, 31826, 53, 1980
2026/08/29 20:33:41.717, 6, 507.85, 31, 15, 31506, 62, 1980
2026/08/29 20:33:41.719, 7, 491.57, 52, 28, 31244, 52, 1980
2026/08/29 20:33:46.722, 0, 530.79, 45, 27, 32608, 64, 1980
2026/08/29 20:33:46.723, 1, 505.00, 88, 44, 32288, 54, 1980
2026/08/29 20:33:46.724, 2, 520.89, 99, 59, 32250, 53, 1980
2026/08/29 20:33:46.726, 3, 531.96, 88, 51, 32226, 64, 1980
2026/08/29 20:33:46.728, 4, 498.17, 49, 29, 32046, 65, 1980
2026/08/29 20:33:46.729, 5, 503.75, 88, 46, 31826, 55, 1980
2026/08/29 20:33:46.731, 6, 517.45, 96, 52, 31506, 62, 1980
2026/08/29 20:33:46.733, 7, 497.39, 49, 29, 31244, 53, 1980
2026/08/29 20:33:51.735, 0, 537.23, 99, 58, 32608, 66, 1980
2026/08/29 20:33:51.735, 1, 512.55, 98, 60, 32288, 55, 1980
2026/08/29 20:33:51.736, 2, 495.55, 53, 28, 32250, 54, 1980
2026/08/29 20:33:51.738, 3, 531.91, 94, 48, 32226, 63, 1980
2026/08/29 20:33:51.740, 4, 515.53, 81, 37, 32046, 66, 1980
2026/08/29 20:33:51.742, 5, 510.53, 100, 55, 31826, 54, 1980
2026/08/29 20:33:51.743, 6, 536.50, 99, 52, 31506, 62, 1980
2026/08/29 20:33:51.743, 7, 502.19, 100, 58, 31244, 54, 1980
2026/08/29 20:33:56.745, 0, 515.84, 90, 53, 32608, 63, 1980
2026/08/29 20:33:56.745, 1, 487.08, 51, 28, 32288, 53, 1980
2026/08/29 20:33:56.745, 2, 503.66, 96, 56, 32250, 52, 1980
2026/08/29 20:33:56.745, 3, 511.34, 93, 52, 32226, 64, 1980
2026/08/29 20:33:56.746, 4, 489.10, 93, 50, 32046, 63, 1980
2026/08/29 20:33:56.746, 5, 486.72, 94, 51, 31826, 52, 1980
2026/08/29 20:33:56.746, 6, 504.52, 52, 27, 31506, 63, 1980
2026/08/29 20:33:56.746, 7, 516.66, 93, 50, 31244, 50, 1980
2026/08/29 20:34:01.746, 0, 509.51, 93, 52, 32608, 63, 1980
2026/08/29 20:34:01.750, 1, 510.22, 93, 51, 32288, 53, 1980
2026/08/29 20:34:01.751, 2, 481.61, 97, 54, 32250, 55, 1980
2026/08/29 20:34:01.751, 3, 506.00, 58, 32, 32226, 66, 1980
2026/08/29 20:34:01.753, 4, 495.01, 91, 51, 32046, 62, 1980
2026/08/29 20:34:01.755, 5, 480.61, 93, 49, 31826, 51, 1980
2026/08/29 20:34:01.757, 6, 507.29, 99, 58, 31506, 62, 1980
2026/08/29 20:34:01.758, 7, 488.64, 90, 51, 31244, 50, 1980
2026/08/29 20:34:06.759, 0, 520.65, 93, 54, 32608, 63, 1980
2026/08/29 20:34:06.760, 1, 489.19, 99, 57, 32288, 53, 1980
2026/08/29 20:34:06.762, 2, 500.11, 56, 33, 32250, 56, 1980
2026/08/29 20:34:06.764, 3, 511.75, 64, 39, 32226, 63, 1980
2026/08/29 20:34:06.765, 4, 493.15, 41, 22, 32046, 63, 1980
2026/08/29 20:34:06.765, 5, 482.44, 94, 57, 31826, 56, 1980
2026/08/29 20:34:06.767, 6, 513.91, 99, 61, 31506, 65, 1980
2026/08/29 20:34:06.770, 7, 489.05, 43, 22, 31244, 50, 1980
2026/08/29 20:34:11.771, 0, 541.68, 94, 51, 32608, 67, 1980
2026/08/29 20:34:11.773, 1, 514.80, 94, 49, 32288, 54, 1980
2026/08/29 20:34:11.776, 2, 513.72, 96, 56, 32250, 55, 1980
2026/08/29 20:34:11.778, 3, 533.11, 96, 51, 32226, 64, 1980
2026/08/29 20:34:11.779, 4, 513.65, 51, 30, 32046, 65, 1980
2026/08/29 20:34:11.782, 5, 502.93, 94, 47, 31826, 55, 1980
2026/08/29 20:34:11.784, 6, 528.78, 95, 50, 31506, 64, 1980
2026/08/29 20:34:11.786, 7, 504.10, 51, 28, 31244, 53, 1980
2026/08/29 20:34:16.788, 0, 520.30, 94, 51, 32608, 67, 1980
2026/08/29 20:34:16.790, 1, 498.54, 85, 43, 32288, 54, 1980
2026/08/29 20:34:16.792, 2, 510.22, 95, 56, 32250, 54, 1980
2026/08/29 20:34:16.792, 3, 513.89, 53, 26, 32226, 66, 1980
2026/08/29 20:34:16.794, 4, 496.07, 92, 43, 32046, 65, 1980
2026/08/29 20:34:16.795, 5, 493.58, 98, 54, 31826, 55, 1980
2026/08/29 20:34:16.795, 6, 497.00, 92, 48, 31506, 64, 1980
2026/08/29 20:34:16.797, 7, 486.27, 93, 44, 31244, 52, 1980
2026/08/29 20:34:21.798, 0, 524.09, 68, 34, 32608, 64, 1980
2026/08/29 20:34:21.799, 1, 500.58, 57, 26, 32288, 53, 1980
2026/08/29 20:34:21.800, 2, 517.87, 99, 57, 32250, 54, 1980
2026/08/29 20:34:21.803, 3, 531.23, 99, 56, 32226, 66, 1980
2026/08/29 20:34:21.804, 4, 522.82, 77, 46, 32046, 64, 1980
2026/08/29 20:34:21.806, 5, 502.68, 80, 34, 31826, 55, 1980
2026/08/29 20:34:21.806, 6, 523.91, 92, 46, 31506, 64, 1980
2026/08/29 20:34:21.808, 7, 508.96, 76, 42, 31244, 50, 1980
2026/08/29 20:34:26.811, 0, 511.83, 53, 27, 32608, 64, 1980
2026/08/29 20:34:26.811, 1, 487.33, 49, 30, 32288, 54, 1980
2026/08/29 20:34:26.811, 2, 498.11, 89, 52, 32250, 53, 1980
2026/08/29 20:34:26.811, 3, 511.08, 65, 39, 32226, 65, 1980
2026/08/29 20:34:26.811, 4, 481.88, 90, 51, 32046, 63, 1980
2026/08/29 20:34:26.811, 5, 484.90, 68, 35, 31826, 52, 1980
2026/08/29 20:34:26.811, 6, 502.39, 87, 48, 31506, 61, 1980
2026/08/29 20:34:26.811, 7, 482.71, 55, 30, 31244, 51, 1980
2026/08/29 20:34:31.811, 0, 506.33, 99, 61, 32608, 65, 1980
2026/08/29 20:34:31.814, 1, 474.43, 81, 45, 32288, 53, 1980
2026/08/29 20:34:31.818, 2, 486.39, 46, 27, 32250, 54, 1980
2026/08/29 20:34:31.821, 3, 499.66, 44, 23, 32226, 65, 1980
2026/08/29 20:34:31.822, 4, 464.45, 72, 30, 32046, 65, 1980
2026/08/29 20:34:31.825, 5, 459.52, 59, 32, 31826, 55, 1980
2026/08/29 20:34:31.830, 6, 482.65, 49, 26, 31506, 64, 1980
2026/08/29 20:34:31.834, 7, 474.47, 74, 32, 31244, 52, 1980
2026/08/29 20:34:36.842, 0, 491.13, 63, 37, 32608, 67, 1980
2026/08/29 20:34:36.844, 1, 463.93, 86, 51, 32288, 53, 1980
2026/08/29 20:34:36.846, 2, 490.95, 49, 29, 32250, 54, 1980
2026/08/29 20:34:36.847, 3, 497.52, 94, 52, 32226, 65, 1980
2026/08/29 20:34:36.849, 4, 482.21, 73, 31, 32046, 64, 1980
2026/08/29 20:34:36.849, 5, 481.56, 61, 36, 31826, 55, 1980
2026/08/29 20:34:36.851, 6, 494.26, 51, 28, 31506, 64, 1980
2026/08/29 20:34:36.853, 7, 485.50, 99, 58, 31244, 50, 1980
2026/08/29 20:34:41.854, 0, 545.12, 69, 40, 32608, 67, 1980
2026/08/29 20:34:41.855, 1, 509.25, 59, 29, 32288, 53, 1980
2026/08/29 20:34:41.856, 2, 513.37, 93, 48, 32250, 55, 1980
2026/08/29 20:34:41.858, 3, 527.70, 94, 47, 32226, 65, 1980
2026/08/29 20:34:41.864, 4, 514.98, 96, 56, 32046, 65, 1980
2026/08/29 20:34:41.869, 5, 520.15, 77, 36, 31826, 55, 1980
2026/08/29 20:34:41.870, 6, 531.60, 93, 48, 31506, 64, 1980
2026/08/29 20:34:41.872, 7, 518.42, 78, 43, 31244, 52, 1980
2026/08/29 20:34:46.874, 0, 525.80, 93, 54, 32608, 67, 1980
2026/08/29 20:34:46.874, 1, 501.11, 93, 52, 32288, 55, 1980
2026/08/29 20:34:46.876, 2, 511.95, 100, 58, 32250, 56, 1980
2026/08/29 20:34:46.877, 3, 523.63, 72, 39, 32226, 65, 1980
2026/08/29 20:34:46.879, 4, 502.48, 54, 27, 32046, 65, 1980
2026/08/29 20:34:46.879, 5, 498.87, 93, 49, 31826, 55, 1980
2026/08/29 20:34:46.880, 6, 525.60, 100, 58, 31506, 65, 1980
2026/08/29 20:34:46.882, 7, 512.43, 55, 28, 31244, 53, 1980
2026/08/29 20:34:51.884, 0, 536.68, 94, 52, 32608, 67, 1980
2026/08/29 20:34:51.889, 1, 516.14, 93, 56, 32288, 55, 1980
2026/08/29 20:34:51.890, 2, 517.41, 53, 26, 32250, 55, 1980
2026/08/29 20:34:51.891, 3, 535.20, 52, 26, 32226, 65, 1980
2026/08/29 20:34:51.893, 4, 514.85, 93, 49, 32046, 64, 1980
2026/08/29 20:34:51.897, 5, 519.84, 91, 51, 31826, 56, 1980
2026/08/29 20:34:51.898, 6, 532.44, 93, 53, 31506, 63, 1980
2026/08/29 20:34:51.900, 7, 510.11, 93, 49, 31244, 52, 1980
2026/08/29 20:34:56.904, 0, 533.89, 91, 54, 32608, 63, 1980
2026/08/29 20:34:56.904, 1, 505.27, 95, 53, 32288, 53, 1980
2026/08/29 20:34:56.904, 2, 529.50, 84, 43, 32250, 56, 1980
2026/08/29 20:34:56.904, 3, 523.33, 78, 35, 32226, 66, 1980
2026/08/29 20:34:56.904, 4, 492.76, 93, 48, 32046, 65, 1980
2026/08/29 20:34:56.904, 5, 500.29, 92, 51, 31826, 56, 1980
2026/08/29 20:34:56.904, 6, 501.91, 64, 35, 31506, 64, 1980
2026/08/29 20:34:56.904, 7, 480.89, 93, 48, 31244, 53, 1980
2026/08/29 20:35:01.904, 0, 519.95, 53, 28, 32608, 67, 1980
2026/08/29 20:35:01.905, 1, 491.40, 93, 53, 32288, 55, 1980
2026/08/29 20:35:01.907, 2, 509.35, 100, 62, 32250, 55, 1980
2026/08/29 20:35:01.908, 3, 514.12, 99, 61, 32226, 65, 1980
2026/08/29 20:35:01.913, 4, 511.53, 92, 51, 32046, 63, 1980
2026/08/29 20:35:01.916, 5, 486.95, 54, 27, 31826, 55, 1980
2026/08/29 20:35:01.920, 6, 531.43, 67, 29, 31506, 63, 1980
2026/08/29 20:35:01.922, 7, 505.96, 92, 48, 31244, 51, 1980
2026/08/29 20:35:06.924, 0, 532.47, 51, 31, 32608, 66, 1980
2026/08/29 20:35:06.932, 1, 501.54, 49, 29, 32288, 55, 1980
2026/08/29 20:35:06.939, 2, 506.10, 61, 30, 32250, 55, 1980
2026/08/29 20:35:06.940, 3, 523.29, 50, 25, 32226, 65, 1980
2026/08/29 20:35:06.949, 4, 504.04, 87, 51, 32046, 64, 1980
2026/08/29 20:35:06.953, 5, 490.11, 49, 29, 31826, 55, 1980
2026/08/29 20:35:06.954, 6, 517.58, 49, 24, 31506, 63, 1980
2026/08/29 20:35:06.956, 7, 503.52, 89, 48, 31244, 52, 1980
2026/08/29 20:35:11.956, 0, 522.43, 93, 50, 32608, 65, 1980
2026/08/29 20:35:11.957, 1, 494.24, 91, 46, 32288, 55, 1980
2026/08/29 20:35:11.964, 2, 485.10, 91, 54, 32250, 55, 1980
2026/08/29 20:35:11.967, 3, 501.87, 90, 55, 32226, 62, 1980
2026/08/29 20:35:11.972, 4, 493.47, 48, 30, 32046, 65, 1980
2026/08/29 20:35:11.973, 5, 507.23, 93, 48, 31826, 54, 1980
2026/08/29 20:35:11.980, 6, 508.56, 93, 47, 31506, 61, 1980
2026/08/29 20:35:11.982, 7, 486.72, 48, 28, 31244, 51, 1980
2026/08/29 20:35:16.985, 0, 516.91, 55, 27, 32608, 67, 1980
2026/08/29 20:35:16.986, 1, 487.79, 50, 29, 32288, 54, 1980
2026/08/29 20:35:16.987, 2, 494.83, 88, 46, 32250, 55, 1980
2026/08/29 20:35:16.989, 3, 504.33, 78, 39, 32226, 65, 1980
2026/08/29 20:35:16.989, 4, 497.29, 93, 48, 32046, 62, 1980
2026/08/29 20:35:16.991, 5, 497.05, 58, 28, 31826, 55, 1980
2026/08/29 20:35:16.993, 6, 523.18, 80, 37, 31506, 63, 1980
2026/08/29 20:35:16.995, 7, 498.18, 93, 49, 31244, 50, 1980
2026/08/29 20:35:21.996, 0, 526.96, 50, 32, 32608, 65, 1980
2026/08/29 20:35:21.997, 1, 500.25, 70, 42, 32288, 50, 1980
2026/08/29 20:35:22.004, 2, 506.35, 93, 48, 32250, 53, 1980
2026/08/29 20:35:22.008, 3, 520.04, 93, 47, 32226, 65, 1980
2026/08/29 20:35:22.010, 4, 511.82, 100, 57, 32046, 63, 1980
2026/08/29 20:35:22.015, 5, 507.49, 51, 30, 31826, 54, 1980
2026/08/29 20:35:22.021, 6, 517.22, 51, 28, 31506, 63, 1980
2026/08/29 20:35:22.027, 7, 508.86, 57, 32, 31244, 52, 1980
2026/08/29 20:35:27.029, 0, 509.14, 59, 30, 32608, 66, 1980
2026/08/29 20:35:27.029, 1, 497.30, 38, 18, 32288, 53, 1980
2026/08/29 20:35:27.029, 2, 511.12, 83, 48, 32250, 52, 1980
2026/08/29 20:35:27.029, 3, 520.21, 80, 46, 32226, 63, 1980
2026/08/29 20:35:27.029, 4, 476.95, 75, 44, 32046, 65, 1980
2026/08/29 20:35:27.029, 5, 500.96, 57, 30, 31826, 52, 1980
2026/08/29 20:35:27.029, 6, 501.27, 47, 27, 31506, 61, 1980
2026/08/29 20:35:27.029, 7, 493.24, 74, 42, 31244, 53, 1980
2026/08/29 20:35:32.029, 0, 542.80, 93, 52, 32608, 66, 1980
2026/08/29 20:35:32.030, 1, 509.59, 94, 51, 32288, 55, 1980
2026/08/29 20:35:32.033, 2, 512.24, 66, 35, 32250, 55, 1980
2026/08/29 20:35:32.034, 3, 532.46, 76, 40, 32226, 65, 1980
2026/08/29 20:35:32.036, 4, 509.54, 52, 30, 32046, 65, 1980
2026/08/29 20:35:32.039, 5, 506.45, 93, 53, 31826, 56, 1980
2026/08/29 20:35:32.042, 6, 535.62, 99, 60, 31506, 63, 1980
2026/08/29 20:35:32.043, 7, 516.22, 52, 30, 31244, 53, 1980
2026/08/29 20:35:37.045, 0, 518.46, 87, 45, 32608, 67, 1980
2026/08/29 20:35:37.046, 1, 488.21, 67, 30, 32288, 54, 1980
2026/08/29 20:35:37.049, 2, 499.51, 93, 53, 32250, 52, 1980
2026/08/29 20:35:37.051, 3, 512.90, 95, 51, 32226, 64, 1980
2026/08/29 20:35:37.053, 4, 500.98, 61, 33, 32046, 63, 1980
2026/08/29 20:35:37.053, 5, 494.87, 52, 30, 31826, 54, 1980
2026/08/29 20:35:37.055, 6, 497.61, 50, 28, 31506, 63, 1980
2026/08/29 20:35:37.057, 7, 499.28, 60, 33, 31244, 51, 1980
2026/08/29 20:35:42.059, 0, 523.86, 91, 54, 32608, 64, 1980
2026/08/29 20:35:42.062, 1, 512.00, 95, 55, 32288, 54, 1980
2026/08/29 20:35:42.062, 2, 526.06, 59, 34, 32250, 53, 1980
2026/08/29 20:35:42.064, 3, 534.97, 69, 40, 32226, 63, 1980
2026/08/29 20:35:42.066, 4, 498.08, 53, 30, 32046, 63, 1980
2026/08/29 20:35:42.068, 5, 516.33, 90, 53, 31826, 54, 1980
2026/08/29 20:35:42.070, 6, 527.03, 69, 40, 31506, 64, 1980
2026/08/29 20:35:42.072, 7, 489.12, 55, 30, 31244, 50, 1980
2026/08/29 20:35:47.074, 0, 529.24, 74, 43, 32608, 65, 1980
2026/08/29 20:35:47.074, 1, 496.70, 93, 53, 32288, 52, 1980
2026/08/29 20:35:47.074, 2, 493.86, 93, 44, 32250, 53, 1980
2026/08/29 20:35:47.076, 3, 513.19, 91, 42, 32226, 64, 1980
2026/08/29 20:35:47.078, 4, 492.65, 93, 47, 32046, 64, 1980
2026/08/29 20:35:47.080, 5, 498.71, 74, 40, 31826, 53, 1980
2026/08/29 20:35:47.081, 6, 515.98, 48, 28, 31506, 63, 1980
2026/08/29 20:35:47.081, 7, 495.32, 94, 47, 31244, 53, 1980
2026/08/29 20:35:52.083, 0, 519.09, 92, 56, 32608, 65, 1980
2026/08/29 20:35:52.083, 1, 496.64, 99, 64, 32288, 52, 1980
2026/08/29 20:35:52.083, 2, 505.11, 89, 53, 32250, 51, 1980
2026/08/29 20:35:52.084, 3, 527.24, 90, 55, 32226, 62, 1980
2026/08/29 20:35:52.084, 4, 496.29, 51, 30, 32046, 65, 1980
2026/08/29 20:35:52.084, 5, 504.53, 93, 56, 31826, 55, 1980
2026/08/29 20:35:52.084, 6, 517.58, 91, 53, 31506, 64, 1980
2026/08/29 20:35:52.084, 7, 495.50, 80, 38, 31244, 52, 1980
2026/08/29 20:35:57.084, 0, 513.00, 75, 44, 32608, 62, 1980
2026/08/29 20:35:57.084, 1, 479.74, 89, 53, 32288, 51, 1980
2026/08/29 20:35:57.084, 2, 493.63, 93, 54, 32250, 54, 1980
2026/08/29 20:35:57.084, 3, 495.23, 93, 45, 32226, 65, 1980
2026/08/29 20:35:57.084, 4, 482.91, 93, 50, 32046, 61, 1980
2026/08/29 20:35:57.084, 5, 484.86, 74, 41, 31826, 51, 1980
2026/08/29 20:35:57.084, 6, 495.39, 51, 29, 31506, 63, 1980
2026/08/29 20:35:57.084, 7, 482.93, 85, 47, 31244, 49, 1980
2026/08/29 20:36:02.085, 0, 532.65, 94, 51, 32608, 66, 1980
2026/08/29 20:36:02.086, 1, 504.15, 92, 47, 32288, 54, 1980
2026/08/29 20:36:02.093, 2, 523.67, 87, 52, 32250, 54, 1980
2026/08/29 20:36:02.098, 3, 528.52, 94, 57, 32226, 64, 1980
2026/08/29 20:36:02.100, 4, 509.01, 50, 30, 32046, 65, 1980
2026/08/29 20:36:02.106, 5, 511.79, 94, 45, 31826, 55, 1980
2026/08/29 20:36:02.112, 6, 519.43, 57, 28, 31506, 62, 1980
2026/08/29 20:36:02.115, 7, 500.64, 53, 29, 31244, 53, 1980
2026/08/29 20:36:07.116, 0, 528.21, 97, 57, 32608, 67, 1980
2026/08/29 20:36:07.117, 1, 513.60, 99, 57, 32288, 54, 1980
2026/08/29 20:36:07.119, 2, 516.84, 99, 60, 32250, 56, 1980
2026/08/29 20:36:07.121, 3, 540.49, 97, 59, 32226, 66, 1980
2026/08/29 20:36:07.121, 4, 507.07, 93, 52, 32046, 65, 1980
2026/08/29 20:36:07.123, 5, 519.22, 97, 57, 31826, 53, 1980
2026/08/29 20:36:07.125, 6, 524.65, 81, 45, 31506, 63, 1980
2026/08/29 20:36:07.127, 7, 498.70, 93, 46, 31244, 53, 1980
2026/08/29 20:36:12.129, 0, 519.23, 92, 52, 32608, 65, 1980
2026/08/29 20:36:12.131, 1, 506.55, 93, 50, 32288, 54, 1980
2026/08/29 20:36:12.133, 2, 496.71, 69, 40, 32250, 52, 1980
2026/08/29 20:36:12.134, 3, 511.57, 78, 46, 32226, 61, 1980
2026/08/29 20:36:12.135, 4, 503.80, 51, 29, 32046, 65, 1980
2026/08/29 20:36:12.136, 5, 506.02, 53, 31, 31826, 54, 1980
2026/08/29 20:36:12.139, 6, 531.68, 93, 56, 31506, 60, 1980
2026/08/29 20:36:12.139, 7, 492.26, 52, 28, 31244, 53, 1980
2026/08/29 20:36:17.141, 0, 522.68, 94, 51, 32608, 64, 1980
2026/08/29 20:36:17.142, 1, 514.96, 94, 50, 32288, 54, 1980
2026/08/29 20:36:17.142, 2, 519.23, 67, 39, 32250, 53, 1980
2026/08/29 20:36:17.144, 3, 513.93, 96, 57, 32226, 66, 1980
2026/08/29 20:36:17.146, 4, 502.08, 99, 55, 32046, 64, 1980
2026/08/29 20:36:17.147, 5, 517.10, 93, 52, 31826, 53, 1980
2026/08/29 20:36:17.149, 6, 521.97, 95, 57, 31506, 61, 1980
2026/08/29 20:36:17.149, 7, 501.61, 99, 55, 31244, 52, 1980
2026/08/29 20:36:22.151, 0, 532.03, 96, 57, 32608, 66, 1980
2026/08/29 20:36:22.151, 1, 496.33, 93, 54, 32288, 51, 1980
2026/08/29 20:36:22.151, 2, 508.98, 95, 55, 32250, 55, 1980
2026/08/29 20:36:22.151, 3, 528.17, 95, 56, 32226, 65, 1980
2026/08/29 20:36:22.151, 4, 514.02, 78, 46, 32046, 65, 1980
2026/08/29 20:36:22.151, 5, 515.65, 60, 28, 31826, 56, 1980
2026/08/29 20:36:22.151, 6, 524.00, 86, 41, 31506, 64, 1980
2026/08/29 20:36:22.151, 7, 507.73, 79, 44, 31244, 52, 1980
2026/08/29 20:36:27.152, 0, 492.95, 46, 29, 32608, 66, 1980
2026/08/29 20:36:27.152, 1, 477.79, 55, 33, 32288, 53, 1980
2026/08/29 20:36:27.152, 2, 474.51, 91, 55, 32250, 51, 1980
2026/08/29 20:36:27.152, 3, 495.43, 51, 25, 32226, 63, 1980
2026/08/29 20:36:27.152, 4, 472.17, 99, 58, 32046, 62, 1980
2026/08/29 20:36:27.152, 5, 478.08, 52, 29, 31826, 55, 1980
2026/08/29 20:36:27.152, 6, 485.63, 50, 25, 31506, 61, 1980
2026/08/29 20:36:27.152, 7, 482.12, 100, 54, 31244, 52, 1980
2026/08/29 20:36:32.152, 0, 494.31, 50, 32, 32608, 65, 1980
2026/08/29 20:36:32.154, 1, 464.67, 69, 32, 32288, 50, 1980
2026/08/29 20:36:32.159, 2, 478.83, 91, 52, 32250, 54, 1980
2026/08/29 20:36:32.160, 3, 491.74, 93, 53, 32226, 65, 1980
2026/08/29 20:36:32.163, 4, 474.56, 91, 53, 32046, 63, 1980
2026/08/29 20:36:32.166, 5, 484.36, 50, 31, 31826, 54, 1980
2026/08/29 20:36:32.167, 6, 494.34, 52, 30, 31506, 63, 1980
2026/08/29 20:36:32.169, 7, 484.43, 58, 34, 31244, 51, 1980
2026/08/29 20:36:37.169, 0, 521.19, 88, 55, 32608, 65, 1980
2026/08/29 20:36:37.171, 1, 481.91, 94, 51, 32288, 54, 1980
2026/08/29 20:36:37.172, 2, 503.63, 81, 40, 32250, 53, 1980
2026/08/29 20:36:37.173, 3, 496.22, 66, 39, 32226, 65, 1980
2026/08/29 20:36:37.174, 4, 489.43, 52, 29, 32046, 65, 1980
2026/08/29 20:36:37.176, 5, 477.92, 93, 47, 31826, 55, 1980
2026/08/29 20:36:37.178, 6, 502.68, 97, 57, 31506, 62, 1980
2026/08/29 20:36:37.179, 7, 495.61, 55, 29, 31244, 51, 1980
2026/08/29 20:36:42.180, 0, 529.06, 51, 26, 32608, 67, 1980
2026/08/29 20:36:42.181, 1, 490.10, 51, 30, 32288, 54, 1980
2026/08/29 20:36:42.181, 2, 501.32, 99, 57, 32250, 56, 1980
2026/08/29 20:36:42.186, 3, 507.44, 96, 56, 32226, 65, 1980
2026/08/29 20:36:42.190, 4, 483.36, 93, 48, 32046, 65, 1980
2026/08/29 20:36:42.192, 5, 494.68, 97, 51, 31826, 56, 1980
2026/08/29 20:36:42.195, 6, 518.44, 67, 30, 31506, 64, 1980
2026/08/29 20:36:42.198, 7, 482.00, 94, 48, 31244, 53, 1980
2026/08/29 20:36:47.199, 0, 519.42, 90, 53, 32608, 65, 1980
2026/08/29 20:36:47.200, 1, 484.97, 93, 51, 32288, 54, 1980
2026/08/29 20:36:47.201, 2, 494.21, 60, 33, 32250, 53, 1980
2026/08/29 20:36:47.202, 3, 505.24, 70, 39, 32226, 63, 1980
2026/08/29 20:36:47.203, 4, 500.60, 53, 30, 32046, 64, 1980
2026/08/29 20:36:47.206, 5, 499.74, 90, 51, 31826, 53, 1980
2026/08/29 20:36:47.207, 6, 514.40, 70, 39, 31506, 61, 1980
2026/08/29 20:36:47.208, 7, 493.02, 53, 30, 31244, 52, 1980
2026/08/29 20:36:52.209, 0, 508.74, 99, 61, 32608, 66, 1980
2026/08/29 20:36:52.209, 1, 497.03, 93, 56, 32288, 51, 1980
2026/08/29 20:36:52.209, 2, 486.21, 93, 47, 32250, 53, 1980
2026/08/29 20:36:52.209, 3, 516.95, 93, 51, 32226, 64, 1980
2026/08/29 20:36:52.209, 4, 487.27, 81, 44, 32046, 64, 1980
2026/08/29 20:36:52.209, 5, 494.45, 100, 58, 31826, 52, 1980
2026/08/29 20:36:52.209, 6, 508.11, 93, 51, 31506, 63, 1980
2026/08/29 20:36:52.210, 7, 489.85, 82, 44, 31244, 52, 1980
2026/08/29 20:36:57.210, 0, 513.29, 50, 30, 32608, 66, 1980
2026/08/29 20:36:57.211, 1, 486.74, 48, 29, 32288, 54, 1980
2026/08/29 20:36:57.211, 2, 493.84, 94, 56, 32250, 50, 1980
2026/08/29 20:36:57.211, 3, 497.43, 61, 29, 32226, 62, 1980
2026/08/29 20:36:57.211, 4, 490.46, 99, 57, 32046, 65, 1980
2026/08/29 20:36:57.211, 5, 489.27, 99, 58, 31826, 54, 1980
2026/08/29 20:36:57.211, 6, 513.13, 89, 54, 31506, 60, 1980
2026/08/29 20:36:57.211, 7, 494.07, 99, 57, 31244, 53, 1980
2026/08/29 20:37:02.211, 0, 499.19, 58, 29, 32608, 62, 1980
2026/08/29 20:37:02.217, 1, 462.16, 49, 25, 32288, 52, 1980
2026/08/29 20:37:02.219, 2, 487.72, 45, 28, 32250, 53, 1980
2026/08/29 20:37:02.224, 3, 513.50, 95, 57, 32226, 64, 1980
2026/08/29 20:37:02.230, 4, 476.32, 83, 51, 32046, 62, 1980
2026/08/29 20:37:02.233, 5, 476.95, 64, 29, 31826, 54, 1980
2026/08/29 20:37:02.238, 6, 495.15, 85, 39, 31506, 63, 1980
2026/08/29 20:37:02.245, 7, 479.94, 85, 51, 31244, 50, 1980
2026/08/29 20:37:07.248, 0, 544.91, 99, 56, 32608, 66, 1980
2026/08/29 20:37:07.249, 1, 505.11, 94, 45, 32288, 54, 1980
2026/08/29 20:37:07.250, 2, 512.79, 64, 30, 32250, 53, 1980
2026/08/29 20:37:07.250, 3, 512.14, 56, 27, 32226, 65, 1980
2026/08/29 20:37:07.252, 4, 502.14, 52, 30, 32046, 64, 1980
2026/08/29 20:37:07.256, 5, 510.20, 93, 47, 31826, 55, 1980
2026/08/29 20:37:07.258, 6, 523.87, 93, 50, 31506, 62, 1980
2026/08/29 20:37:07.259, 7, 507.90, 93, 47, 31244, 53, 1980
2026/08/29 20:37:12.260, 0, 524.11, 93, 55, 32608, 63, 1980
2026/08/29 20:37:12.264, 1, 477.31, 50, 27, 32288, 53, 1980
2026/08/29 20:37:12.267, 2, 505.95, 61, 33, 32250, 52, 1980
2026/08/29 20:37:12.269, 3, 521.05, 100, 58, 32226, 62, 1980
2026/08/29 20:37:12.270, 4, 497.79, 95, 49, 32046, 63, 1980
2026/08/29 20:37:12.271, 5, 500.78, 54, 27, 31826, 53, 1980
2026/08/29 20:37:12.275, 6, 525.52, 100, 59, 31506, 60, 1980
2026/08/29 20:37:12.281, 7, 503.51, 94, 49, 31244, 51, 1980
2026/08/29 20:37:17.282, 0, 346.20, 100, 0, 32608, 58, 1980
2026/08/29 20:37:17.284, 1, 302.32, 100, 0, 32288, 45, 1980
2026/08/29 20:37:17.285, 2, 336.49, 100, 0, 32250, 45, 1980
2026/08/29 20:37:17.286, 3, 328.59, 100, 0, 32226, 57, 1980
2026/08/29 20:37:17.288, 4, 351.49, 100, 0, 32046, 57, 1980
2026/08/29 20:37:17.288, 5, 299.49, 100, 0, 31826, 45, 1980
2026/08/29 20:37:17.290, 6, 349.22, 100, 0, 31506, 56, 1980
2026/08/29 20:37:17.291, 7, 308.77, 0, 0, 31244, 43, 1980
2026/08/29 20:37:22.293, 0, 527.95, 63, 30, 32608, 67, 1980
2026/08/29 20:37:22.293, 1, 506.01, 54, 28, 32288, 53, 1980
2026/08/29 20:37:22.293, 2, 516.77, 90, 52, 32250, 54, 1980
2026/08/29 20:37:22.293, 3, 525.39, 93, 49, 32226, 65, 1980
2026/08/29 20:37:22.293, 4, 523.75, 96, 59, 32046, 65, 1980
2026/08/29 20:37:22.293, 5, 497.79, 74, 43, 31826, 55, 1980
2026/08/29 20:37:22.293, 6, 524.29, 92, 49, 31506, 64, 1980
2026/08/29 20:37:22.293, 7, 504.27, 97, 59, 31244, 52, 1980
2026/08/29 20:37:27.293, 0, 539.56, 54, 27, 32608, 63, 1980
2026/08/29 20:37:27.294, 1, 500.05, 49, 29, 32288, 53, 1980
2026/08/29 20:37:27.294, 2, 499.76, 53, 32, 32250, 54, 1980
2026/08/29 20:37:27.294, 3, 495.58, 74, 37, 32226, 64, 1980
2026/08/29 20:37:27.294, 4, 514.71, 91, 50, 32046, 62, 1980
2026/08/29 20:37:27.294, 5, 491.44, 57, 28, 31826, 52, 1980
2026/08/29 20:37:27.294, 6, 511.74, 77, 34, 31506, 63, 1980
2026/08/29 20:37:27.294, 7, 465.26, 54, 27, 31244, 49, 1980
2026/08/29 20:37:32.294, 0, 535.43, 93, 53, 32608, 66, 1980
2026/08/29 20:37:32.300, 1, 505.69, 94, 52, 32288, 54, 1980
2026/08/29 20:37:32.301, 2, 511.33, 56, 32, 32250, 54, 1980
2026/08/29 20:37:32.303, 3, 529.68, 99, 58, 32226, 64, 1980
2026/08/29 20:37:32.309, 4, 501.56, 53, 29, 32046, 62, 1980
2026/08/29 20:37:32.312, 5, 502.39, 56, 28, 31826, 52, 1980
2026/08/29 20:37:32.316, 6, 519.21, 70, 31, 31506, 63, 1980
2026/08/29 20:37:32.319, 7, 498.74, 54, 30, 31244, 52, 1980
2026/08/29 20:37:37.324, 0, 511.01, 46, 27, 32608, 66, 1980
2026/08/29 20:37:37.331, 1, 486.97, 44, 26, 32288, 53, 1980
2026/08/29 20:37:37.333, 2, 509.45, 72, 43, 32250, 51, 1980
2026/08/29 20:37:37.336, 3, 517.73, 95, 57, 32226, 61, 1980
2026/08/29 20:37:37.340, 4, 493.24, 99, 57, 32046, 64, 1980
2026/08/29 20:37:37.343, 5, 484.53, 52, 29, 31826, 55, 1980
2026/08/29 20:37:37.346, 6, 513.63, 62, 30, 31506, 62, 1980
2026/08/29 20:37:37.348, 7, 484.93, 100, 54, 31244, 52, 1980
2026/08/29 20:37:42.351, 0, 535.69, 68, 39, 32608, 66, 1980
2026/08/29 20:37:42.354, 1, 516.41, 88, 52, 32288, 50, 1980
2026/08/29 20:37:42.356, 2, 499.74, 93, 51, 32250, 55, 1980
2026/08/29 20:37:42.357, 3, 529.59, 94, 50, 32226, 64, 1980
2026/08/29 20:37:42.359, 4, 510.06, 94, 57, 32046, 65, 1980
2026/08/29 20:37:42.364, 5, 516.68, 99, 61, 31826, 56, 1980
2026/08/29 20:37:42.366, 6, 522.02, 100, 54, 31506, 62, 1980
2026/08/29 20:37:42.369, 7, 497.12, 96, 54, 31244, 53, 1980
2026/08/29 20:37:47.369, 0, 535.39, 49, 29, 32608, 67, 1980
2026/08/29 20:37:47.370, 1, 507.76, 99, 61, 32288, 54, 1980
2026/08/29 20:37:47.373, 2, 497.88, 96, 51, 32250, 55, 1980
2026/08/29 20:37:47.376, 3, 516.82, 56, 27, 32226, 65, 1980
2026/08/29 20:37:47.379, 4, 499.48, 93, 46, 32046, 64, 1980
2026/08/29 20:37:47.381, 5, 506.60, 98, 53, 31846, 54, 1980
2026/08/29 20:37:47.382, 6, 521.64, 93, 52, 31506, 61, 1980
2026/08/29 20:37:47.385, 7, 504.84, 93, 46, 31244, 53, 1980
2026/08/29 20:37:52.388, 0, 522.63, 90, 45, 32608, 68, 1980
2026/08/29 20:37:52.388, 1, 501.33, 99, 61, 32288, 55, 1980
2026/08/29 20:37:52.388, 2, 493.56, 97, 56, 32250, 52, 1980
2026/08/29 20:37:52.388, 3, 512.04, 99, 55, 32226, 64, 1980
2026/08/29 20:37:52.388, 4, 515.19, 100, 61, 32046, 66, 1980
2026/08/29 20:37:52.388, 5, 491.28, 93, 43, 31846, 55, 1980
2026/08/29 20:37:52.388, 6, 520.59, 93, 47, 31506, 63, 1980
2026/08/29 20:37:52.388, 7, 497.07, 63, 33, 31244, 51, 1980
2026/08/29 20:37:57.389, 0, 537.63, 58, 27, 32608, 66, 1980
2026/08/29 20:37:57.389, 1, 507.71, 52, 28, 32288, 55, 1980
2026/08/29 20:37:57.389, 2, 515.28, 51, 29, 32250, 55, 1980
2026/08/29 20:37:57.389, 3, 522.76, 84, 44, 32226, 66, 1980
2026/08/29 20:37:57.389, 4, 506.43, 93, 54, 32046, 64, 1980
2026/08/29 20:37:57.389, 5, 515.54, 59, 27, 31846, 55, 1980
2026/08/29 20:37:57.389, 6, 527.43, 54, 31, 31506, 64, 1980
2026/08/29 20:37:57.389, 7, 509.45, 93, 55, 31244, 52, 1980
2026/08/29 20:38:02.389, 0, 516.12, 64, 39, 32608, 65, 1980
2026/08/29 20:38:02.390, 1, 511.07, 85, 51, 32288, 51, 1980
2026/08/29 20:38:02.392, 2, 508.01, 99, 57, 32250, 55, 1980
2026/08/29 20:38:02.395, 3, 512.15, 49, 31, 32226, 65, 1980
2026/08/29 20:38:02.397, 4, 501.85, 100, 57, 32046, 63, 1980
2026/08/29 20:38:02.398, 5, 494.81, 63, 35, 31846, 54, 1980
2026/08/29 20:38:02.399, 6, 519.04, 51, 29, 31506, 64, 1980
2026/08/29 20:38:02.400, 7, 491.51, 100, 57, 31244, 51, 1980
2026/08/29 20:38:07.403, 0, 513.75, 54, 27, 32608, 66, 1980
2026/08/29 20:38:07.405, 1, 491.29, 49, 28, 32288, 52, 1980
2026/08/29 20:38:07.407, 2, 485.81, 55, 32, 32250, 53, 1980
2026/08/29 20:38:07.408, 3, 509.83, 66, 35, 32226, 63, 1980
2026/08/29 20:38:07.410, 4, 496.52, 93, 53, 32046, 63, 1980
2026/08/29 20:38:07.410, 5, 495.42, 90, 53, 31846, 52, 1980
2026/08/29 20:38:07.412, 6, 515.59, 67, 36, 31506, 62, 1980
2026/08/29 20:38:07.414, 7, 496.98, 93, 50, 31244, 51, 1980
2026/08/29 20:38:12.416, 0, 532.10, 58, 28, 32608, 63, 1980
2026/08/29 20:38:12.416, 1, 499.42, 53, 30, 32288, 52, 1980
2026/08/29 20:38:12.417, 2, 514.57, 50, 29, 32250, 54, 1980
2026/08/29 20:38:12.418, 3, 522.65, 100, 57, 32226, 64, 1980
2026/08/29 20:38:12.421, 4, 510.58, 92, 50, 32046, 63, 1980
2026/08/29 20:38:12.423, 5, 498.54, 58, 28, 31846, 55, 1980
2026/08/29 20:38:12.424, 6, 524.56, 80, 41, 31506, 64, 1980
2026/08/29 20:38:12.424, 7, 505.32, 92, 51, 31244, 50, 1980
2026/08/29 20:38:17.426, 0, 516.23, 59, 29, 32608, 66, 1980
2026/08/29 20:38:17.427, 1, 495.11, 49, 25, 32288, 55, 1980
2026/08/29 20:38:17.429, 2, 496.27, 93, 48, 32250, 55, 1980
2026/08/29 20:38:17.431, 3, 516.73, 83, 43, 32226, 66, 1980
2026/08/29 20:38:17.432, 4, 499.29, 92, 55, 32046, 66, 1980
2026/08/29 20:38:17.435, 5, 494.25, 96, 53, 31846, 54, 1980
2026/08/29 20:38:17.437, 6, 521.67, 100, 56, 31506, 64, 1980
2026/08/29 20:38:17.439, 7, 496.96, 94, 48, 31244, 53, 1980
2026/08/29 20:38:22.442, 0, 505.83, 53, 27, 32608, 67, 1980
2026/08/29 20:38:22.442, 1, 477.37, 48, 28, 32288, 55, 1980
2026/08/29 20:38:22.442, 2, 499.36, 100, 59, 32250, 55, 1980
2026/08/29 20:38:22.442, 3, 514.73, 75, 33, 32226, 65, 1980
2026/08/29 20:38:22.442, 4, 476.73, 93, 48, 32046, 65, 1980
2026/08/29 20:38:22.442, 5, 479.33, 56, 28, 31846, 56, 1980
2026/08/29 20:38:22.442, 6, 495.82, 74, 32, 31506, 64, 1980
2026/08/29 20:38:22.442, 7, 488.19, 93, 48, 31244, 53, 1980
2026/08/29 20:38:27.442, 0, 514.72, 52, 30, 32608, 67, 1980
2026/08/29 20:38:27.443, 1, 490.14, 52, 31, 32288, 54, 1980
2026/08/29 20:38:27.443, 2, 506.18, 96, 59, 32250, 51, 1980
2026/08/29 20:38:27.443, 3, 501.26, 58, 28, 32226, 65, 1980
2026/08/29 20:38:27.443, 4, 490.32, 93, 50, 32046, 64, 1980
2026/08/29 20:38:27.443, 5, 486.34, 99, 57, 31846, 55, 1980
2026/08/29 20:38:27.443, 6, 509.97, 92, 55, 31506, 64, 1980
2026/08/29 20:38:27.443, 7, 496.61, 94, 50, 31244, 52, 1980
2026/08/29 20:38:32.443, 0, 324.11, 99, 61, 32608, 66, 1980
2026/08/29 20:38:32.443, 1, 316.02, 96, 58, 32288, 54, 1980
2026/08/29 20:38:32.445, 2, 308.02, 93, 51, 32250, 53, 1980
2026/08/29 20:38:32.446, 3, 335.16, 95, 54, 32226, 65, 1980
2026/08/29 20:38:32.448, 4, 317.75, 74, 36, 32046, 64, 1980
2026/08/29 20:38:32.448, 5, 326.58, 100, 61, 31846, 55, 1980
2026/08/29 20:38:32.450, 6, 340.97, 93, 51, 31606, 64, 1980
2026/08/29 20:38:32.452, 7, 301.83, 77, 34, 31244, 52, 1980
2026/08/29 20:38:37.454, 0, 517.90, 80, 48, 32608, 63, 1980
2026/08/29 20:38:37.455, 1, 488.43, 89, 54, 32288, 51, 1980
2026/08/29 20:38:37.457, 2, 504.13, 93, 54, 32250, 54, 1980
2026/08/29 20:38:37.459, 3, 510.10, 97, 57, 32226, 66, 1980
2026/08/29 20:38:37.460, 4, 484.37, 96, 53, 32046, 62, 1980
2026/08/29 20:38:37.461, 5, 483.95, 79, 44, 31846, 51, 1980
2026/08/29 20:38:37.462, 6, 502.64, 50, 30, 31606, 63, 1980
2026/08/29 20:38:37.465, 7, 488.24, 89, 50, 31244, 49, 1980
2026/08/29 20:38:42.467, 0, 535.43, 52, 30, 32608, 67, 1980
2026/08/29 20:38:42.467, 1, 506.66, 99, 60, 32288, 56, 1980
2026/08/29 20:38:42.477, 2, 518.55, 96, 60, 32250, 55, 1980
2026/08/29 20:38:42.478, 3, 532.26, 65, 31, 32226, 65, 1980
2026/08/29 20:38:42.480, 4, 522.58, 93, 46, 32046, 64, 1980
2026/08/29 20:38:42.489, 5, 510.05, 96, 52, 31846, 55, 1980
2026/08/29 20:38:42.495, 6, 523.42, 94, 51, 31606, 64, 1980
2026/08/29 20:38:42.497, 7, 509.63, 93, 46, 31244, 52, 1980
2026/08/29 20:38:47.499, 0, 541.39, 50, 31, 32608, 67, 1980
2026/08/29 20:38:47.501, 1, 502.51, 93, 55, 32288, 54, 1980
2026/08/29 20:38:47.503, 2, 511.92, 93, 54, 32250, 54, 1980
2026/08/29 20:38:47.504, 3, 515.53, 53, 30, 32226, 65, 1980
2026/08/29 20:38:47.504, 4, 494.02, 86, 43, 32046, 65, 1980
2026/08/29 20:38:47.506, 5, 503.93, 91, 49, 31846, 55, 1980
2026/08/29 20:38:47.508, 6, 510.02, 81, 45, 31606, 63, 1980
2026/08/29 20:38:47.510, 7, 487.34, 86, 43, 31244, 53, 1980
2026/08/29 20:38:52.511, 0, 526.05, 82, 39, 32608, 67, 1980
2026/08/29 20:38:52.512, 1, 499.88, 65, 31, 32288, 54, 1980
2026/08/29 20:38:52.512, 2, 508.14, 92, 52, 32250, 55, 1980
2026/08/29 20:38:52.512, 3, 520.70, 93, 51, 32226, 65, 1980
2026/08/29 20:38:52.512, 4, 500.07, 99, 64, 32046, 65, 1980
2026/08/29 20:38:52.512, 5, 488.25, 53, 30, 31846, 55, 1980
2026/08/29 20:38:52.512, 6, 514.19, 45, 24, 31606, 64, 1980
2026/08/29 20:38:52.512, 7, 502.53, 99, 64, 31244, 53, 1980
2026/08/29 20:38:57.512, 0, 335.86, 93, 53, 32608, 66, 1980
2026/08/29 20:38:57.512, 1, 313.82, 94, 51, 32288, 54, 1980
2026/08/29 20:38:57.512, 2, 314.26, 60, 29, 32250, 54, 1980
2026/08/29 20:38:57.512, 3, 330.38, 94, 59, 32226, 64, 1980
2026/08/29 20:38:57.512, 4, 316.19, 52, 31, 32046, 64, 1980
2026/08/29 20:38:57.512, 5, 309.10, 93, 51, 31846, 50, 1980
2026/08/29 20:38:57.512, 6, 328.60, 96, 56, 31606, 63, 1980
2026/08/29 20:38:57.512, 7, 309.51, 91, 51, 31244, 51, 1980
2026/08/29 20:39:02.513, 0, 528.98, 94, 50, 32608, 66, 1980
2026/08/29 20:39:02.513, 1, 483.41, 79, 37, 32288, 53, 1980
2026/08/29 20:39:02.516, 2, 499.19, 89, 49, 32250, 51, 1980
2026/08/29 20:39:02.523, 3, 523.44, 93, 49, 32226, 64, 1980
2026/08/29 20:39:02.529, 4, 514.50, 52, 30, 32046, 64, 1980
2026/08/29 20:39:02.530, 5, 511.43, 51, 29, 31846, 54, 1980
2026/08/29 20:39:02.532, 6, 522.67, 53, 29, 31606, 61, 1980
2026/08/29 20:39:02.534, 7, 515.65, 52, 30, 31244, 51, 1980
2026/08/29 20:39:07.537, 0, 520.51, 55, 27, 32608, 64, 1980
2026/08/29 20:39:07.538, 1, 484.92, 50, 29, 32288, 53, 1980
2026/08/29 20:39:07.540, 2, 516.64, 55, 32, 32250, 54, 1980
2026/08/29 20:39:07.543, 3, 522.35, 99, 61, 32226, 63, 1980
2026/08/29 20:39:07.544, 4, 487.16, 97, 54, 32046, 62, 1980
2026/08/29 20:39:07.545, 5, 499.35, 55, 27, 31846, 53, 1980
2026/08/29 20:39:07.548, 6, 516.88, 65, 35, 31606, 62, 1980
2026/08/29 20:39:07.550, 7, 486.87, 97, 54, 31244, 49, 1980
2026/08/29 20:39:12.551, 0, 525.05, 92, 53, 32608, 65, 1980
2026/08/29 20:39:12.558, 1, 485.57, 88, 41, 32288, 53, 1980
2026/08/29 20:39:12.560, 2, 505.59, 85, 52, 32250, 50, 1980
2026/08/29 20:39:12.568, 3, 513.38, 88, 53, 32226, 62, 1980
2026/08/29 20:39:12.572, 4, 499.91, 51, 29, 32046, 64, 1980
2026/08/29 20:39:12.577, 5, 489.28, 51, 29, 31846, 54, 1980
2026/08/29 20:39:12.581, 6, 520.15, 54, 27, 31606, 61, 1980
2026/08/29 20:39:12.586, 7, 489.17, 94, 51, 31244, 52, 1980
2026/08/29 20:39:17.589, 0, 515.93, 99, 60, 32608, 62, 1980
2026/08/29 20:39:17.590, 1, 499.62, 52, 26, 32288, 51, 1980
2026/08/29 20:39:17.591, 2, 509.53, 51, 31, 32250, 54, 1980
2026/08/29 20:39:17.591, 3, 499.90, 97, 57, 32226, 64, 1980
2026/08/29 20:39:17.593, 4, 497.42, 86, 48, 32046, 61, 1980
2026/08/29 20:39:17.596, 5, 497.72, 69, 30, 31846, 51, 1980
2026/08/29 20:39:17.597, 6, 507.53, 50, 29, 31606, 62, 1980
2026/08/29 20:39:17.598, 7, 496.93, 86, 48, 31244, 51, 1980
2026/08/29 20:39:22.599, 0, 503.45, 54, 31, 32608, 66, 1980
2026/08/29 20:39:22.599, 1, 495.78, 49, 30, 32288, 53, 1980
2026/08/29 20:39:22.599, 2, 493.35, 72, 35, 32250, 54, 1980
2026/08/29 20:39:22.599, 3, 509.62, 65, 31, 32226, 64, 1980
2026/08/29 20:39:22.599, 4, 479.77, 93, 52, 32046, 64, 1980
2026/08/29 20:39:22.599, 5, 496.29, 93, 53, 31846, 54, 1980
2026/08/29 20:39:22.600, 6, 515.53, 95, 58, 31606, 63, 1980
2026/08/29 20:39:22.600, 7, 507.07, 52, 30, 31244, 52, 1980
2026/08/29 20:39:27.600, 0, 536.34, 57, 34, 32608, 64, 1980
2026/08/29 20:39:27.600, 1, 494.45, 77, 46, 32288, 53, 1980
2026/08/29 20:39:27.600, 2, 517.69, 93, 52, 32250, 52, 1980
2026/08/29 20:39:27.600, 3, 520.54, 51, 30, 32226, 64, 1980
2026/08/29 20:39:27.600, 4, 493.87, 78, 38, 32046, 64, 1980
2026/08/29 20:39:27.600, 5, 488.75, 100, 57, 31846, 53, 1980
2026/08/29 20:39:27.600, 6, 515.39, 100, 54, 31606, 63, 1980
2026/08/29 20:39:27.600, 7, 499.86, 81, 36, 31244, 52, 1980
2026/08/29 20:39:32.601, 0, 536.20, 99, 59, 32608, 66, 1980
2026/08/29 20:39:32.601, 1, 500.50, 70, 33, 32288, 53, 1980
2026/08/29 20:39:32.605, 2, 509.02, 53, 29, 32250, 54, 1980
2026/08/29 20:39:32.610, 3, 526.00, 97, 56, 32226, 63, 1980
2026/08/29 20:39:32.612, 4, 515.83, 100, 61, 32046, 64, 1980
2026/08/29 20:39:32.618, 5, 512.45, 90, 45, 31846, 55, 1980
2026/08/29 20:39:32.623, 6, 526.43, 93, 52, 31606, 61, 1980
2026/08/29 20:39:32.630, 7, 508.72, 99, 61, 31244, 54, 1980
2026/08/29 20:39:37.632, 0, 538.93, 99, 57, 32608, 64, 1980
2026/08/29 20:39:37.634, 1, 489.79, 99, 60, 32288, 55, 1980
2026/08/29 20:39:37.635, 2, 520.26, 55, 27, 32250, 55, 1980
2026/08/29 20:39:37.636, 3, 514.80, 94, 56, 32226, 65, 1980
2026/08/29 20:39:37.637, 4, 509.84, 93, 49, 32046, 64, 1980
2026/08/29 20:39:37.639, 5, 509.21, 93, 45, 31846, 53, 1980
2026/08/29 20:39:37.641, 6, 517.71, 94, 48, 31606, 63, 1980
2026/08/29 20:39:37.643, 7, 490.78, 51, 28, 31244, 52, 1980
2026/08/29 20:39:42.645, 0, 537.31, 96, 58, 32608, 62, 1980
2026/08/29 20:39:42.645, 1, 499.73, 53, 27, 32288, 52, 1980
2026/08/29 20:39:42.647, 2, 509.85, 49, 31, 32250, 54, 1980
2026/08/29 20:39:42.650, 3, 515.24, 57, 34, 32226, 63, 1980
2026/08/29 20:39:42.655, 4, 494.39, 96, 54, 32046, 63, 1980
2026/08/29 20:39:42.657, 5, 511.12, 59, 27, 31846, 51, 1980
2026/08/29 20:39:42.660, 6, 525.27, 85, 45, 31606, 62, 1980
2026/08/29 20:39:42.662, 7, 503.10, 96, 54, 31244, 51, 1980
2026/08/29 20:39:47.665, 0, 524.60, 51, 32, 32608, 66, 1980
2026/08/29 20:39:47.668, 1, 508.77, 99, 60, 32288, 54, 1980
2026/08/29 20:39:47.669, 2, 511.82, 52, 28, 32250, 52, 1980
2026/08/29 20:39:47.671, 3, 536.42, 50, 30, 32226, 65, 1980
2026/08/29 20:39:47.671, 4, 520.06, 79, 40, 32046, 64, 1980
2026/08/29 20:39:47.672, 5, 513.75, 92, 47, 31846, 55, 1980
2026/08/29 20:39:47.674, 6, 540.60, 93, 52, 31606, 63, 1980
2026/08/29 20:39:47.676, 7, 516.62, 61, 33, 31244, 53, 1980
2026/08/29 20:39:52.677, 0, 529.78, 61, 32, 32608, 66, 1980
2026/08/29 20:39:52.677, 1, 500.06, 89, 52, 32288, 54, 1980
2026/08/29 20:39:52.677, 2, 507.99, 86, 48, 32250, 54, 1980
2026/08/29 20:39:52.677, 3, 519.04, 82, 46, 32226, 62, 1980
2026/08/29 20:39:52.677, 4, 508.76, 51, 26, 32046, 64, 1980
2026/08/29 20:39:52.678, 5, 500.00, 90, 54, 31846, 55, 1980
2026/08/29 20:39:52.678, 6, 520.56, 83, 47, 31606, 61, 1980
2026/08/29 20:39:52.678, 7, 506.06, 53, 26, 31244, 52, 1980
2026/08/29 20:39:57.678, 0, 532.80, 52, 31, 32608, 66, 1980
2026/08/29 20:39:57.678, 1, 497.87, 50, 31, 32288, 53, 1980
2026/08/29 20:39:57.678, 2, 511.88, 66, 30, 32250, 54, 1980
2026/08/29 20:39:57.678, 3, 525.96, 59, 29, 32226, 64, 1980
2026/08/29 20:39:57.678, 4, 503.64, 50, 31, 32046, 64, 1980
2026/08/29 20:39:57.678, 5, 508.92, 93, 51, 31846, 55, 1980
2026/08/29 20:39:57.678, 6, 522.85, 91, 51, 31606, 63, 1980
2026/08/29 20:39:57.678, 7, 501.23, 53, 30, 31244, 52, 1980
2026/08/29 20:40:02.679, 0, 510.55, 49, 29, 32608, 65, 1980
2026/08/29 20:40:02.680, 1, 502.22, 60, 34, 32288, 52, 1980
2026/08/29 20:40:02.681, 2, 503.66, 91, 52, 32250, 51, 1980
2026/08/29 20:40:02.684, 3, 508.77, 54, 30, 32226, 64, 1980
2026/08/29 20:40:02.688, 4, 502.67, 91, 42, 32046, 64, 1980
2026/08/29 20:40:02.690, 5, 485.92, 96, 56, 31846, 54, 1980
2026/08/29 20:40:02.691, 6, 517.44, 93, 51, 31606, 63, 1980
2026/08/29 20:40:02.692, 7, 499.46, 91, 42, 31244, 52, 1980
2026/08/29 20:40:07.697, 0, 529.12, 99, 61, 32608, 66, 1980
2026/08/29 20:40:07.697, 1, 494.68, 77, 36, 32288, 53, 1980
2026/08/29 20:40:07.698, 2, 500.94, 54, 26, 32250, 54, 1980
2026/08/29 20:40:07.700, 3, 509.91, 48, 24, 32226, 65, 1980
2026/08/29 20:40:07.700, 4, 499.95, 49, 29, 32046, 64, 1980
2026/08/29 20:40:07.701, 5, 503.06, 89, 42, 31846, 56, 1980
2026/08/29 20:40:07.704, 6, 506.15, 93, 46, 31606, 62, 1980
2026/08/29 20:40:07.705, 7, 492.41, 100, 58, 31244, 52, 1980
2026/08/29 20:40:12.707, 0, 528.13, 50, 31, 32608, 66, 1980
2026/08/29 20:40:12.708, 1, 492.20, 100, 59, 32288, 54, 1980
2026/08/29 20:40:12.713, 2, 514.17, 93, 50, 32250, 51, 1980
2026/08/29 20:40:12.716, 3, 518.80, 54, 27, 32226, 65, 1980
2026/08/29 20:40:12.721, 4, 504.96, 93, 46, 32046, 65, 1980
2026/08/29 20:40:12.723, 5, 506.45, 93, 47, 31846, 55, 1980
2026/08/29 20:40:12.727, 6, 531.13, 94, 50, 31606, 63, 1980
2026/08/29 20:40:12.730, 7, 502.11, 93, 46, 31244, 52, 1980
2026/08/29 20:40:17.735, 0, 535.87, 51, 30, 32608, 66, 1980
2026/08/29 20:40:17.735, 1, 513.18, 93, 51, 32288, 54, 1980
2026/08/29 20:40:17.739, 2, 517.01, 66, 31, 32250, 54, 1980
2026/08/29 20:40:17.741, 3, 526.53, 58, 28, 32226, 65, 1980
2026/08/29 20:40:17.742, 4, 513.13, 50, 30, 32046, 65, 1980
2026/08/29 20:40:17.743, 5, 517.59, 93, 53, 31846, 56, 1980
2026/08/29 20:40:17.744, 6, 518.87, 96, 53, 31606, 62, 1980
2026/08/29 20:40:17.746, 7, 510.43, 51, 29, 31244, 53, 1980
2026/08/29 20:40:22.748, 0, 537.57, 91, 45, 32608, 65, 1980
2026/08/29 20:40:22.748, 1, 496.03, 59, 34, 32288, 54, 1980
2026/08/29 20:40:22.748, 2, 514.04, 89, 52, 32250, 51, 1980
2026/08/29 20:40:22.748, 3, 521.39, 94, 52, 32226, 65, 1980
2026/08/29 20:40:22.748, 4, 513.19, 96, 57, 32046, 65, 1980
2026/08/29 20:40:22.748, 5, 528.92, 93, 54, 31846, 55, 1980
2026/08/29 20:40:22.748, 6, 532.11, 90, 51, 31606, 61, 1980
2026/08/29 20:40:22.749, 7, 513.53, 97, 57, 31244, 53, 1980
2026/08/29 20:40:27.749, 0, 517.78, 82, 48, 32608, 61, 1980
2026/08/29 20:40:27.749, 1, 500.49, 94, 54, 32288, 50, 1980
2026/08/29 20:40:27.749, 2, 497.62, 49, 29, 32250, 53, 1980
2026/08/29 20:40:27.749, 3, 517.06, 51, 31, 32226, 64, 1980
2026/08/29 20:40:27.749, 4, 508.08, 91, 53, 32046, 61, 1980
2026/08/29 20:40:27.749, 5, 489.40, 64, 29, 31846, 55, 1980
2026/08/29 20:40:27.749, 6, 505.64, 89, 45, 31606, 64, 1980
2026/08/29 20:40:27.749, 7, 492.33, 91, 50, 31244, 48, 1980
2026/08/29 20:40:32.749, 0, 506.50, 52, 26, 32608, 65, 1980
2026/08/29 20:40:32.750, 1, 486.97, 48, 25, 32288, 54, 1980
2026/08/29 20:40:32.752, 2, 497.56, 100, 57, 32250, 52, 1980
2026/08/29 20:40:32.752, 3, 503.80, 71, 32, 32226, 64, 1980
2026/08/29 20:40:32.753, 4, 488.05, 93, 47, 32046, 64, 1980
2026/08/29 20:40:32.756, 5, 488.68, 97, 54, 31846, 53, 1980
2026/08/29 20:40:32.757, 6, 500.14, 78, 43, 31606, 63, 1980
2026/08/29 20:40:32.758, 7, 498.18, 52, 30, 31244, 52, 1980
2026/08/29 20:40:37.759, 0, 521.22, 67, 41, 32608, 65, 1980
2026/08/29 20:40:37.760, 1, 493.90, 85, 47, 32288, 54, 1980
2026/08/29 20:40:37.760, 2, 503.48, 50, 24, 32250, 54, 1980
2026/08/29 20:40:37.762, 3, 500.47, 43, 20, 32226, 64, 1980
2026/08/29 20:40:37.764, 4, 504.32, 48, 29, 32046, 64, 1980
2026/08/29 20:40:37.765, 5, 510.01, 44, 26, 31846, 55, 1980
2026/08/29 20:40:37.767, 6, 522.09, 42, 20, 31606, 63, 1980
2026/08/29 20:40:37.767, 7, 501.50, 75, 45, 31244, 52, 1980
2026/08/29 20:40:42.769, 0, 481.81, 88, 49, 32608, 64, 1980
2026/08/29 20:40:42.769, 1, 469.97, 43, 25, 32288, 52, 1980
2026/08/29 20:40:42.771, 2, 468.33, 96, 53, 32250, 54, 1980
2026/08/29 20:40:42.772, 3, 486.24, 93, 50, 32226, 61, 1980
2026/08/29 20:40:42.774, 4, 487.42, 92, 44, 32046, 64, 1980
2026/08/29 20:40:42.775, 5, 454.63, 90, 48, 31846, 53, 1980
2026/08/29 20:40:42.776, 6, 476.40, 77, 44, 31606, 60, 1980
2026/08/29 20:40:42.777, 7, 476.09, 92, 44, 31244, 52, 1980
2026/08/29 20:40:47.779, 0, 352.68, 100, 0, 32608, 58, 1980
2026/08/29 20:40:47.780, 1, 324.37, 100, 0, 32288, 45, 1980
2026/08/29 20:40:47.780, 2, 351.57, 100, 0, 32250, 45, 1980
2026/08/29 20:40:47.782, 3, 341.04, 100, 0, 32226, 57, 1980
2026/08/29 20:40:47.783, 4, 333.17, 100, 0, 32046, 57, 1980
2026/08/29 20:40:47.785, 5, 347.18, 100, 0, 31846, 46, 1980
2026/08/29 20:40:47.786, 6, 360.80, 100, 0, 31606, 56, 1980
2026/08/29 20:40:47.787, 7, 332.48, 0, 0, 31244, 44, 1980
2026/08/29 20:40:52.788, 0, 540.43, 94, 51, 32608, 66, 1980
2026/08/29 20:40:52.789, 1, 507.40, 50, 31, 32288, 54, 1980
2026/08/29 20:40:52.789, 2, 512.40, 94, 52, 32250, 55, 1980
2026/08/29 20:40:52.789, 3, 517.97, 93, 49, 32226, 65, 1980
2026/08/29 20:40:52.789, 4, 499.94, 93, 47, 32046, 64, 1980
2026/08/29 20:40:52.789, 5, 511.16, 100, 54, 31846, 54, 1980
2026/08/29 20:40:52.789, 6, 526.45, 95, 52, 31606, 63, 1980
2026/08/29 20:40:52.789, 7, 510.40, 94, 47, 31244, 53, 1980
2026/08/29 20:40:57.789, 0, 514.17, 79, 42, 32608, 65, 1980
2026/08/29 20:40:57.789, 1, 485.04, 76, 43, 32288, 51, 1980
2026/08/29 20:40:57.789, 2, 487.93, 48, 25, 32250, 51, 1980
2026/08/29 20:40:57.789, 3, 512.79, 90, 50, 32226, 62, 1980
2026/08/29 20:40:57.790, 4, 487.57, 48, 31, 32046, 63, 1980
2026/08/29 20:40:57.790, 5, 468.58, 33, 20, 31846, 54, 1980
2026/08/29 20:40:57.790, 6, 491.82, 35, 18, 31606, 61, 1980
2026/08/29 20:40:57.790, 7, 485.44, 48, 30, 31244, 50, 1980
2026/08/29 20:41:02.791, 0, 515.33, 51, 29, 32608, 65, 1980
2026/08/29 20:41:02.792, 1, 480.62, 96, 52, 32288, 52, 1980
2026/08/29 20:41:02.792, 2, 487.66, 99, 58, 32250, 50, 1980
2026/08/29 20:41:02.794, 3, 502.01, 56, 27, 32226, 61, 1980
2026/08/29 20:41:02.796, 4, 489.98, 50, 27, 32046, 63, 1980
2026/08/29 20:41:02.797, 5, 488.70, 96, 50, 31846, 55, 1980
2026/08/29 20:41:02.799, 6, 507.13, 96, 53, 31606, 59, 1980
2026/08/29 20:41:02.799, 7, 488.92, 54, 29, 31244, 51, 1980
2026/08/29 20:41:07.801, 0, 518.95, 54, 27, 32608, 66, 1980
2026/08/29 20:41:07.802, 1, 508.32, 92, 55, 32288, 51, 1980
2026/08/29 20:41:07.803, 2, 502.62, 95, 53, 32250, 53, 1980
2026/08/29 20:41:07.804, 3, 524.07, 78, 36, 32226, 65, 1980
2026/08/29 20:41:07.805, 4, 506.78, 93, 50, 32046, 64, 1980
2026/08/29 20:41:07.806, 5, 490.40, 94, 51, 31846, 55, 1980
2026/08/29 20:41:07.809, 6, 499.40, 98, 56, 31606, 64, 1980
2026/08/29 20:41:07.810, 7, 483.14, 53, 27, 31244, 53, 1980
2026/08/29 20:41:12.812, 0, 506.27, 87, 53, 32608, 65, 1980
2026/08/29 20:41:12.814, 1, 475.89, 49, 25, 32288, 51, 1980
2026/08/29 20:41:12.823, 2, 499.18, 47, 31, 32250, 53, 1980
2026/08/29 20:41:12.825, 3, 494.80, 56, 34, 32226, 65, 1980
2026/08/29 20:41:12.832, 4, 485.98, 89, 53, 32046, 63, 1980
2026/08/29 20:41:12.836, 5, 492.95, 57, 24, 31846, 51, 1980
2026/08/29 20:41:12.841, 6, 508.49, 56, 34, 31606, 62, 1980
2026/08/29 20:41:12.844, 7, 475.95, 89, 52, 31244, 51, 1980
2026/08/29 20:41:17.849, 0, 520.95, 69, 40, 32608, 66, 1980
2026/08/29 20:41:17.851, 1, 503.39, 94, 55, 32288, 53, 1980
2026/08/29 20:41:17.852, 2, 514.95, 49, 29, 32250, 54, 1980
2026/08/29 20:41:17.852, 3, 523.90, 48, 27, 32226, 65, 1980
2026/08/29 20:41:17.854, 4, 499.10, 77, 43, 32046, 64, 1980
2026/08/29 20:41:17.856, 5, 489.03, 72, 32, 31846, 55, 1980
2026/08/29 20:41:17.858, 6, 519.03, 93, 47, 31606, 63, 1980
2026/08/29 20:41:17.859, 7, 503.38, 77, 43, 31244, 52, 1980
2026/08/29 20:41:22.860, 0, 509.93, 93, 53, 32608, 64, 1980
2026/08/29 20:41:22.860, 1, 502.89, 94, 52, 32288, 53, 1980
2026/08/29 20:41:22.860, 2, 494.78, 64, 36, 32250, 52, 1980
2026/08/29 20:41:22.860, 3, 488.45, 78, 43, 32226, 64, 1980
2026/08/29 20:41:22.860, 4, 485.68, 93, 50, 32046, 64, 1980
2026/08/29 20:41:22.860, 5, 483.12, 91, 49, 31846, 53, 1980
2026/08/29 20:41:22.860, 6, 497.14, 76, 42, 31606, 59, 1980
2026/08/29 20:41:22.860, 7, 503.82, 93, 49, 31244, 52, 1980
2026/08/29 20:41:27.860, 0, 544.79, 81, 39, 32608, 66, 1980
2026/08/29 20:41:27.860, 1, 511.14, 65, 32, 32288, 55, 1980
2026/08/29 20:41:27.862, 2, 525.42, 93, 53, 32250, 54, 1980
2026/08/29 20:41:27.862, 3, 529.08, 93, 46, 32226, 65, 1980
2026/08/29 20:41:27.862, 4, 508.69, 75, 32, 32046, 64, 1980
2026/08/29 20:41:27.862, 5, 515.23, 57, 31, 31846, 55, 1980
2026/08/29 20:41:27.862, 6, 528.53, 49, 27, 31606, 63, 1980
2026/08/29 20:41:27.862, 7, 514.02, 75, 33, 31244, 52, 1980
2026/08/29 20:41:32.862, 0, 513.75, 55, 27, 32608, 65, 1980
2026/08/29 20:41:32.864, 1, 500.23, 51, 30, 32288, 53, 1980
2026/08/29 20:41:32.864, 2, 489.61, 54, 32, 32250, 55, 1980
2026/08/29 20:41:32.866, 3, 514.98, 76, 38, 32226, 63, 1980
2026/08/29 20:41:32.868, 4, 486.40, 93, 55, 32046, 63, 1980
2026/08/29 20:41:32.869, 5, 488.04, 95, 54, 31846, 54, 1980
2026/08/29 20:41:32.870, 6, 508.04, 66, 37, 31606, 63, 1980
2026/08/29 20:41:32.871, 7, 503.96, 93, 49, 31244, 50, 1980
2026/08/29 20:41:37.873, 0, 528.78, 92, 57, 32608, 66, 1980
2026/08/29 20:41:37.874, 1, 500.70, 97, 59, 32288, 54, 1980
2026/08/29 20:41:37.875, 2, 499.86, 93, 32, 32250, 55, 1980
2026/08/29 20:41:37.876, 3, 522.73, 73, 35, 32226, 66, 1980
2026/08/29 20:41:37.877, 4, 503.58, 67, 31, 32046, 65, 1980
2026/08/29 20:41:37.879, 5, 497.10, 96, 49, 31846, 52, 1980
2026/08/29 20:41:37.879, 6, 511.41, 99, 64, 31606, 64, 1980
2026/08/29 20:41:37.881, 7, 501.91, 96, 41, 31244, 53, 1980
2026/08/29 20:41:42.883, 0, 522.03, 61, 37, 32608, 67, 1980
2026/08/29 20:41:42.884, 1, 490.11, 96, 55, 32288, 54, 1980
2026/08/29 20:41:42.890, 2, 508.32, 93, 48, 32250, 54, 1980
2026/08/29 20:41:42.894, 3, 512.67, 50, 30, 32226, 65, 1980
2026/08/29 20:41:42.900, 4, 495.23, 75, 33, 32046, 65, 1980
2026/08/29 20:41:42.903, 5, 502.03, 84, 39, 31846, 55, 1980
2026/08/29 20:41:42.908, 6, 512.12, 93, 48, 31606, 64, 1980
2026/08/29 20:41:42.911, 7, 502.13, 75, 34, 31244, 53, 1980
2026/08/29 20:41:47.916, 0, 541.93, 83, 40, 32608, 68, 1980
2026/08/29 20:41:47.916, 1, 499.64, 97, 59, 32288, 54, 1980
2026/08/29 20:41:47.917, 2, 508.08, 93, 52, 32250, 55, 1980
2026/08/29 20:41:47.919, 3, 519.70, 94, 51, 32226, 65, 1980
2026/08/29 20:41:47.919, 4, 503.36, 73, 36, 32046, 65, 1980
2026/08/29 20:41:47.921, 5, 505.86, 99, 59, 31846, 56, 1980
2026/08/29 20:41:47.922, 6, 525.30, 95, 54, 31606, 64, 1980
2026/08/29 20:41:47.924, 7, 513.50, 73, 36, 31244, 53, 1980
2026/08/29 20:41:52.925, 0, 494.69, 91, 56, 32608, 66, 1980
2026/08/29 20:41:52.926, 1, 477.37, 97, 60, 32288, 52, 1980
2026/08/29 20:41:52.926, 2, 488.83, 50, 31, 32250, 54, 1980
2026/08/29 20:41:52.926, 3, 525.22, 60, 36, 32226, 64, 1980
2026/08/29 20:41:52.926, 4, 484.96, 96, 59, 32046, 62, 1980
2026/08/29 20:41:52.926, 5, 478.88, 60, 28, 31846, 54, 1980
2026/08/29 20:41:52.926, 6, 514.05, 100, 65, 31606, 63, 1980
2026/08/29 20:41:52.926, 7, 472.69, 55, 27, 31244, 51, 1980
2026/08/29 20:41:57.926, 0, 512.11, 91, 53, 32608, 67, 1980
2026/08/29 20:41:57.926, 1, 497.67, 93, 48, 32288, 55, 1980
2026/08/29 20:41:57.926, 2, 500.37, 87, 49, 32250, 55, 1980
2026/08/29 20:41:57.926, 3, 509.40, 89, 50, 32226, 66, 1980
2026/08/29 20:41:57.927, 4, 496.26, 91, 54, 32046, 64, 1980
2026/08/29 20:41:57.927, 5, 490.61, 52, 29, 31846, 56, 1980
2026/08/29 20:41:57.927, 6, 513.26, 93, 54, 31606, 64, 1980
2026/08/29 20:41:57.927, 7, 495.05, 92, 55, 31244, 53, 1980
2026/08/29 20:42:02.927, 0, 538.09, 75, 35, 32608, 66, 1980
2026/08/29 20:42:02.927, 1, 504.63, 59, 29, 32288, 53, 1980
2026/08/29 20:42:02.929, 2, 505.03, 99, 57, 32250, 54, 1980
2026/08/29 20:42:02.929, 3, 528.17, 94, 50, 32226, 65, 1980
2026/08/29 20:42:02.931, 4, 511.59, 71, 31, 32046, 64, 1980
2026/08/29 20:42:02.934, 5, 502.92, 69, 37, 31846, 55, 1980
2026/08/29 20:42:02.935, 6, 528.27, 52, 29, 31606, 64, 1980
2026/08/29 20:42:02.937, 7, 500.52, 77, 42, 31244, 52, 1980
2026/08/29 20:42:07.937, 0, 338.00, 89, 53, 32608, 66, 1980
2026/08/29 20:42:07.939, 1, 300.72, 92, 54, 32288, 53, 1980
2026/08/29 20:42:07.940, 2, 306.66, 96, 58, 32250, 51, 1980
2026/08/29 20:42:07.942, 3, 320.90, 52, 27, 32226, 64, 1980
2026/08/29 20:42:07.942, 4, 345.95, 52, 29, 32046, 62, 1980
2026/08/29 20:42:07.944, 5, 308.85, 93, 51, 31846, 51, 1980
2026/08/29 20:42:07.946, 6, 324.61, 68, 39, 31606, 64, 1980
2026/08/29 20:42:07.947, 7, 311.71, 93, 50, 31244, 50, 1980
2026/08/29 20:42:12.949, 0, 534.60, 52, 26, 32608, 67, 1980
2026/08/29 20:42:12.954, 1, 505.49, 99, 56, 32288, 54, 1980
2026/08/29 20:42:12.956, 2, 515.31, 79, 39, 32250, 56, 1980
2026/08/29 20:42:12.962, 3, 530.71, 66, 32, 32226, 66, 1980
2026/08/29 20:42:12.964, 4, 499.55, 54, 31, 32046, 65, 1980
2026/08/29 20:42:12.965, 5, 511.46, 94, 48, 31846, 55, 1980
2026/08/29 20:42:12.968, 6, 516.82, 99, 58, 31606, 64, 1980
2026/08/29 20:42:12.969, 7, 508.40, 93, 48, 31244, 52, 1980
2026/08/29 20:42:17.972, 0, 531.65, 99, 55, 32608, 66, 1980
2026/08/29 20:42:17.972, 1, 503.35, 94, 51, 32288, 53, 1980
2026/08/29 20:42:17.973, 2, 517.26, 67, 32, 32250, 51, 1980
2026/08/29 20:42:17.974, 3, 531.40, 89, 49, 32226, 64, 1980
2026/08/29 20:42:17.975, 4, 510.95, 50, 27, 32046, 64, 1980
2026/08/29 20:42:17.978, 5, 499.66, 52, 30, 31846, 53, 1980
2026/08/29 20:42:17.979, 6, 526.26, 60, 28, 31606, 63, 1980
2026/08/29 20:42:17.981, 7, 497.18, 51, 27, 31244, 52, 1980
2026/08/29 20:42:22.981, 0, 326.35, 55, 26, 32608, 66, 1980
2026/08/29 20:42:22.981, 1, 292.77, 98, 57, 32288, 53, 1980
2026/08/29 20:42:22.981, 2, 300.54, 89, 45, 32250, 53, 1980
2026/08/29 20:42:22.981, 3, 321.58, 75, 37, 32226, 65, 1980
2026/08/29 20:42:22.981, 4, 311.24, 55, 27, 32046, 62, 1980
2026/08/29 20:42:22.981, 5, 303.27, 94, 50, 31846, 54, 1980
2026/08/29 20:42:22.981, 6, 298.79, 67, 38, 31606, 63, 1980
2026/08/29 20:42:22.981, 7, 313.68, 93, 50, 31244, 52, 1980
2026/08/29 20:42:27.982, 0, 524.61, 75, 44, 32608, 63, 1980
2026/08/29 20:42:27.982, 1, 489.59, 95, 56, 32288, 52, 1980
2026/08/29 20:42:27.982, 2, 508.41, 49, 29, 32250, 54, 1980
2026/08/29 20:42:27.982, 3, 513.98, 49, 28, 32226, 64, 1980
2026/08/29 20:42:27.982, 4, 498.74, 85, 46, 32046, 61, 1980
2026/08/29 20:42:27.982, 5, 509.40, 98, 58, 31846, 52, 1980
2026/08/29 20:42:27.982, 6, 508.08, 100, 55, 31606, 63, 1980
2026/08/29 20:42:27.982, 7, 496.12, 96, 52, 31244, 48, 1980
2026/08/29 20:42:32.982, 0, 519.60, 77, 38, 32608, 64, 1980
2026/08/29 20:42:32.983, 1, 485.89, 76, 45, 32288, 49, 1980
2026/08/29 20:42:32.985, 2, 495.33, 94, 53, 32250, 54, 1980
2026/08/29 20:42:32.987, 3, 520.95, 95, 54, 32226, 64, 1980
2026/08/29 20:42:32.989, 4, 503.67, 74, 30, 32046, 64, 1980
2026/08/29 20:42:32.989, 5, 493.99, 57, 31, 31846, 53, 1980
2026/08/29 20:42:32.991, 6, 505.63, 50, 27, 31606, 63, 1980
2026/08/29 20:42:32.993, 7, 494.41, 66, 36, 31244, 52, 1980
2026/08/29 20:42:37.996, 0, 534.12, 92, 54, 32608, 66, 1980
2026/08/29 20:42:37.997, 1, 517.91, 100, 61, 32288, 54, 1980
2026/08/29 20:42:37.998, 2, 522.42, 53, 26, 32250, 55, 1980
2026/08/29 20:42:38.000, 3, 538.78, 51, 28, 32226, 65, 1980
2026/08/29 20:42:38.000, 4, 501.98, 51, 30, 32046, 64, 1980
2026/08/29 20:42:38.001, 5, 502.42, 94, 46, 31846, 54, 1980
2026/08/29 20:42:38.003, 6, 523.78, 93, 49, 31606, 63, 1980
2026/08/29 20:42:38.005, 7, 501.68, 92, 44, 31244, 52, 1980
2026/08/29 20:42:43.006, 0, 518.86, 55, 27, 32608, 67, 1980
2026/08/29 20:42:43.007, 1, 499.85, 97, 58, 32288, 54, 1980
2026/08/29 20:42:43.010, 2, 507.69, 99, 58, 32250, 54, 1980
2026/08/29 20:42:43.011, 3, 532.18, 99, 61, 32226, 64, 1980
2026/08/29 20:42:43.016, 4, 520.63, 93, 54, 32046, 61, 1980
2026/08/29 20:42:43.016, 5, 488.72, 94, 50, 31846, 55, 1980
2026/08/29 20:42:43.019, 6, 525.16, 57, 31, 31606, 63, 1980
2026/08/29 20:42:43.022, 7, 516.16, 96, 53, 31244, 49, 1980
2026/08/29 20:42:48.024, 0, 533.72, 54, 27, 32608, 66, 1980
2026/08/29 20:42:48.028, 1, 506.28, 35, 16, 32288, 54, 1980
2026/08/29 20:42:48.031, 2, 507.92, 80, 40, 32250, 55, 1980
2026/08/29 20:42:48.038, 3, 525.73, 67, 32, 32226, 65, 1980
2026/08/29 20:42:48.039, 4, 508.69, 52, 29, 32046, 65, 1980
2026/08/29 20:42:48.044, 5, 503.49, 93, 48, 31846, 55, 1980
2026/08/29 20:42:48.045, 6, 530.79, 99, 57, 31606, 63, 1980
2026/08/29 20:42:48.047, 7, 509.12, 93, 48, 31244, 53, 1980
2026/08/29 20:42:53.048, 0, 522.98, 61, 27, 32608, 67, 1980
2026/08/29 20:42:53.048, 1, 491.97, 53, 27, 32288, 54, 1980
2026/08/29 20:42:53.048, 2, 498.10, 99, 56, 32250, 54, 1980
2026/08/29 20:42:53.048, 3, 511.90, 89, 46, 32226, 65, 1980
2026/08/29 20:42:53.049, 4, 502.17, 94, 57, 32046, 64, 1980
2026/08/29 20:42:53.049, 5, 499.38, 99, 62, 31846, 55, 1980
2026/08/29 20:42:53.049, 6, 523.75, 89, 47, 31606, 63, 1980
2026/08/29 20:42:53.049, 7, 496.95, 72, 40, 31244, 53, 1980
2026/08/29 20:42:58.049, 0, 537.02, 82, 39, 32608, 66, 1980
2026/08/29 20:42:58.049, 1, 509.31, 65, 30, 32288, 53, 1980
2026/08/29 20:42:58.049, 2, 516.62, 93, 52, 32250, 54, 1980
2026/08/29 20:42:58.049, 3, 537.90, 94, 51, 32226, 65, 1980
2026/08/29 20:42:58.049, 4, 495.12, 72, 35, 32046, 65, 1980
2026/08/29 20:42:58.049, 5, 489.75, 63, 34, 31846, 55, 1980
2026/08/29 20:42:58.049, 6, 527.04, 50, 27, 31606, 64, 1980
2026/08/29 20:42:58.049, 7, 495.52, 73, 39, 31244, 52, 1980
2026/08/29 20:43:03.050, 0, 530.11, 94, 49, 32608, 66, 1980
2026/08/29 20:43:03.050, 1, 516.83, 87, 43, 32288, 54, 1980
2026/08/29 20:43:03.050, 2, 510.54, 91, 54, 32250, 53, 1980
2026/08/29 20:43:03.052, 3, 536.74, 93, 53, 32226, 64, 1980
2026/08/29 20:43:03.054, 4, 508.99, 100, 56, 32046, 64, 1980
2026/08/29 20:43:03.056, 5, 502.16, 48, 29, 31846, 55, 1980
2026/08/29 20:43:03.057, 6, 524.09, 93, 47, 31606, 61, 1980
2026/08/29 20:43:03.057, 7, 504.47, 51, 29, 31244, 52, 1980
2026/08/29 20:43:08.059, 0, 538.40, 95, 53, 32608, 67, 1980
2026/08/29 20:43:08.060, 1, 509.88, 94, 50, 32288, 54, 1980
2026/08/29 20:43:08.061, 2, 523.67, 64, 30, 32250, 55, 1980
2026/08/29 20:43:08.063, 3, 532.76, 55, 27, 32226, 66, 1980
2026/08/29 20:43:08.064, 4, 504.88, 50, 27, 32046, 65, 1980
2026/08/29 20:43:08.065, 5, 502.40, 93, 48, 31846, 55, 1980
2026/08/29 20:43:08.066, 6, 533.45, 96, 51, 31606, 64, 1980
2026/08/29 20:43:08.068, 7, 509.45, 93, 47, 31244, 53, 1980
2026/08/29 20:43:13.068, 0, 512.92, 92, 53, 32608, 64, 1980
2026/08/29 20:43:13.070, 1, 468.93, 49, 28, 32288, 54, 1980
2026/08/29 20:43:13.072, 2, 468.31, 100, 58, 32250, 55, 1980
2026/08/29 20:43:13.074, 3, 482.17, 99, 57, 32226, 61, 1980
2026/08/29 20:43:13.077, 4, 467.25, 93, 46, 32046, 63, 1980
2026/08/29 20:43:13.084, 5, 464.21, 91, 51, 31846, 52, 1980
2026/08/29 20:43:13.093, 6, 486.47, 72, 39, 31606, 61, 1980
2026/08/29 20:43:13.098, 7, 473.48, 53, 30, 31244, 51, 1980
2026/08/29 20:43:18.100, 0, 508.25, 38, 24, 32608, 62, 1980
2026/08/29 20:43:18.101, 1, 490.45, 81, 43, 32288, 51, 1980
2026/08/29 20:43:18.102, 2, 513.04, 47, 23, 32250, 55, 1980
2026/08/29 20:43:18.103, 3, 522.01, 33, 15, 32226, 65, 1980
2026/08/29 20:43:18.105, 4, 494.45, 41, 25, 32046, 66, 1980
2026/08/29 20:43:18.106, 5, 490.14, 88, 45, 31846, 51, 1980
2026/08/29 20:43:18.108, 6, 528.20, 90, 52, 31606, 63, 1980
2026/08/29 20:43:18.108, 7, 492.03, 84, 45, 31246, 54, 1980
2026/08/29 20:43:23.110, 0, 518.25, 96, 58, 32608, 63, 1980
2026/08/29 20:43:23.112, 1, 511.27, 93, 55, 32288, 51, 1980
2026/08/29 20:43:23.113, 2, 516.59, 99, 58, 32250, 54, 1980
2026/08/29 20:43:23.113, 3, 508.67, 99, 61, 32226, 67, 1980
2026/08/29 20:43:23.115, 4, 499.31, 96, 51, 32046, 65, 1980
2026/08/29 20:43:23.117, 5, 508.60, 84, 47, 31846, 51, 1980
2026/08/29 20:43:23.119, 6, 525.33, 94, 44, 31606, 65, 1980
2026/08/29 20:43:23.120, 7, 487.95, 96, 50, 31246, 53, 1980
2026/08/29 20:43:28.121, 0, 531.12, 94, 49, 32608, 67, 1980
2026/08/29 20:43:28.121, 1, 511.65, 81, 40, 32288, 56, 1980
2026/08/29 20:43:28.121, 2, 520.16, 91, 54, 32250, 56, 1980
2026/08/29 20:43:28.121, 3, 538.70, 93, 52, 32226, 66, 1980
2026/08/29 20:43:28.121, 4, 525.57, 97, 57, 32046, 66, 1980
2026/08/29 20:43:28.121, 5, 500.96, 51, 28, 31846, 56, 1980
2026/08/29 20:43:28.121, 6, 522.76, 94, 47, 31606, 62, 1980
2026/08/29 20:43:28.121, 7, 515.59, 93, 43, 31246, 53, 1980
2026/08/29 20:43:33.121, 0, 515.56, 54, 25, 32608, 67, 1980
2026/08/29 20:43:33.123, 1, 497.21, 42, 20, 32288, 51, 1980
2026/08/29 20:43:33.123, 2, 493.95, 93, 53, 32250, 53, 1980
2026/08/29 20:43:33.125, 3, 517.86, 80, 43, 32226, 64, 1980
2026/08/29 20:43:33.127, 4, 493.11, 47, 21, 32046, 65, 1980
2026/08/29 20:43:33.128, 5, 481.36, 74, 40, 31846, 55, 1980
2026/08/29 20:43:33.130, 6, 524.99, 49, 29, 31606, 62, 1980
2026/08/29 20:43:33.130, 7, 504.02, 83, 46, 31246, 49, 1980
2026/08/29 20:43:38.132, 0, 520.80, 97, 56, 32608, 64, 1980
2026/08/29 20:43:38.133, 1, 501.64, 99, 57, 32288, 54, 1980
2026/08/29 20:43:38.136, 2, 512.39, 100, 61, 32250, 53, 1980
2026/08/29 20:43:38.145, 3, 505.18, 64, 31, 32226, 66, 1980
2026/08/29 20:43:38.153, 4, 488.41, 52, 30, 32046, 64, 1980
2026/08/29 20:43:38.157, 5, 497.46, 93, 52, 31846, 53, 1980
2026/08/29 20:43:38.159, 6, 507.52, 79, 43, 31606, 61, 1980
2026/08/29 20:43:38.162, 7, 480.89, 100, 51, 31246, 51, 1980
2026/08/29 20:43:43.164, 0, 525.95, 51, 30, 32608, 66, 1980
2026/08/29 20:43:43.164, 1, 506.52, 58, 33, 32288, 55, 1980
2026/08/29 20:43:43.166, 2, 509.70, 92, 52, 32250, 52, 1980
2026/08/29 20:43:43.166, 3, 524.02, 86, 47, 32226, 64, 1980
2026/08/29 20:43:43.168, 4, 480.28, 52, 24, 32046, 66, 1980
2026/08/29 20:43:43.170, 5, 498.25, 93, 55, 31846, 55, 1980
2026/08/29 20:43:43.172, 6, 514.68, 90, 51, 31606, 62, 1980
2026/08/29 20:43:43.174, 7, 513.32, 94, 57, 31246, 54, 1980
2026/08/29 20:43:48.175, 0, 453.35, 84, 27, 32608, 60, 1980
2026/08/29 20:43:48.175, 1, 410.72, 100, 0, 32288, 47, 1980
2026/08/29 20:43:48.175, 2, 402.28, 100, 0, 32250, 48, 1980
2026/08/29 20:43:48.177, 3, 423.12, 29, 15, 32226, 58, 1980
2026/08/29 20:43:48.178, 4, 433.39, 78, 27, 32046, 59, 1980
2026/08/29 20:43:48.180, 5, 428.67, 100, 0, 31846, 47, 1980
2026/08/29 20:43:48.181, 6, 403.49, 96, 15, 31606, 57, 1980
2026/08/29 20:43:48.182, 7, 416.52, 100, 0, 31246, 45, 1980
2026/08/29 20:43:53.184, 0, 529.02, 99, 61, 32608, 65, 1980
2026/08/29 20:43:53.184, 1, 506.25, 66, 31, 32288, 55, 1980
2026/08/29 20:43:53.184, 2, 512.53, 97, 55, 32250, 53, 1980
2026/08/29 20:43:53.186, 3, 520.24, 99, 57, 32226, 65, 1980
2026/08/29 20:43:53.189, 4, 497.45, 100, 58, 32046, 63, 1980
2026/08/29 20:43:53.190, 5, 492.02, 88, 40, 31846, 57, 1980
2026/08/29 20:43:53.191, 6, 526.95, 93, 47, 31606, 63, 1980
2026/08/29 20:43:53.192, 7, 490.67, 68, 37, 31246, 54, 1980
2026/08/29 20:43:58.194, 0, 502.06, 64, 37, 32608, 64, 1980
2026/08/29 20:43:58.194, 1, 453.30, 80, 47, 32288, 53, 1980
2026/08/29 20:43:58.194, 2, 467.06, 49, 29, 32250, 52, 1980
2026/08/29 20:43:58.194, 3, 478.52, 48, 29, 32226, 65, 1980
2026/08/29 20:43:58.194, 4, 505.52, 70, 41, 32046, 62, 1980
2026/08/29 20:43:58.194, 5, 453.00, 62, 36, 31846, 53, 1980
2026/08/29 20:43:58.194, 6, 495.27, 50, 30, 31606, 62, 1980
2026/08/29 20:43:58.194, 7, 461.62, 72, 41, 31246, 50, 1980
2026/08/29 20:44:03.195, 0, 518.50, 50, 29, 32608, 66, 1980
2026/08/29 20:44:03.195, 1, 515.31, 46, 28, 32288, 53, 1980
2026/08/29 20:44:03.196, 2, 500.26, 83, 49, 32250, 54, 1980
2026/08/29 20:44:03.197, 3, 511.08, 95, 53, 32226, 63, 1980
2026/08/29 20:44:03.200, 4, 493.87, 93, 48, 32046, 65, 1980
2026/08/29 20:44:03.200, 5, 500.93, 50, 26, 31846, 55, 1980
2026/08/29 20:44:03.202, 6, 516.47, 57, 27, 31606, 61, 1980
2026/08/29 20:44:03.203, 7, 502.46, 53, 29, 31246, 53, 1980
2026/08/29 20:44:08.204, 0, 521.85, 51, 29, 32608, 66, 1980
2026/08/29 20:44:08.205, 1, 495.21, 50, 30, 32288, 54, 1980
2026/08/29 20:44:08.205, 2, 503.86, 93, 55, 32250, 51, 1980
2026/08/29 20:44:08.207, 3, 522.03, 93, 53, 32226, 62, 1980
2026/08/29 20:44:08.210, 4, 493.54, 49, 29, 32046, 64, 1980
2026/08/29 20:44:08.211, 5, 498.82, 93, 51, 31846, 55, 1980
2026/08/29 20:44:08.212, 6, 500.18, 88, 49, 31606, 60, 1980
2026/08/29 20:44:08.213, 7, 486.75, 93, 51, 31246, 51, 1980
2026/08/29 20:44:13.215, 0, 521.66, 66, 32, 32608, 68, 1980
2026/08/29 20:44:13.216, 1, 491.12, 80, 47, 32288, 50, 1980
2026/08/29 20:44:13.218, 2, 489.11, 100, 52, 32250, 53, 1980
2026/08/29 20:44:13.219, 3, 503.39, 100, 55, 32226, 65, 1980
2026/08/29 20:44:13.219, 4, 484.58, 95, 57, 32046, 63, 1980
2026/08/29 20:44:13.221, 5, 490.17, 62, 34, 31846, 54, 1980
2026/08/29 20:44:13.224, 6, 499.67, 50, 27, 31606, 63, 1980
2026/08/29 20:44:13.224, 7, 501.03, 72, 40, 31246, 50, 1980
2026/08/29 20:44:18.225, 0, 530.33, 98, 63, 32608, 63, 1980
2026/08/29 20:44:18.227, 1, 486.92, 93, 58, 32288, 51, 1980
2026/08/29 20:44:18.228, 2, 518.29, 93, 53, 32250, 54, 1980
2026/08/29 20:44:18.230, 3, 517.33, 93, 54, 32226, 64, 1980
2026/08/29 20:44:18.231, 4, 510.50, 96, 57, 32046, 61, 1980
2026/08/29 20:44:18.231, 5, 488.85, 70, 38, 31846, 55, 1980
2026/08/29 20:44:18.233, 6, 508.90, 94, 48, 31606, 63, 1980
2026/08/29 20:44:18.234, 7, 489.17, 80, 44, 31246, 49, 1980
2026/08/29 20:44:23.236, 0, 513.14, 91, 50, 32608, 63, 1980
2026/08/29 20:44:23.236, 1, 486.61, 91, 48, 32288, 52, 1980
2026/08/29 20:44:23.236, 2, 501.35, 48, 29, 32250, 54, 1980
2026/08/29 20:44:23.236, 3, 521.25, 62, 36, 32226, 64, 1980
2026/08/29 20:44:23.236, 4, 485.10, 92, 45, 32046, 65, 1980
2026/08/29 20:44:23.236, 5, 501.20, 93, 45, 31846, 52, 1980
2026/08/29 20:44:23.237, 6, 506.12, 98, 58, 31606, 62, 1980
2026/08/29 20:44:23.237, 7, 504.22, 93, 45, 31246, 50, 1980
2026/08/29 20:44:28.237, 0, 520.99, 99, 58, 32608, 66, 1980
2026/08/29 20:44:28.237, 1, 504.30, 100, 61, 32288, 54, 1980
2026/08/29 20:44:28.237, 2, 513.43, 96, 56, 32250, 55, 1980
2026/08/29 20:44:28.237, 3, 538.00, 97, 54, 32226, 66, 1980
2026/08/29 20:44:28.237, 4, 515.16, 100, 56, 32046, 65, 1980
2026/08/29 20:44:28.237, 5, 516.34, 94, 44, 31846, 54, 1980
2026/08/29 20:44:28.237, 6, 519.22, 93, 47, 31606, 64, 1980
2026/08/29 20:44:28.237, 7, 517.50, 91, 42, 31246, 54, 1980
2026/08/29 20:44:33.238, 0, 514.12, 60, 34, 32608, 65, 1980
2026/08/29 20:44:33.239, 1, 493.96, 77, 45, 32288, 50, 1980
2026/08/29 20:44:33.239, 2, 502.13, 93, 51, 32250, 53, 1980
2026/08/29 20:44:33.241, 3, 524.16, 92, 52, 32226, 64, 1980
2026/08/29 20:44:33.244, 4, 497.09, 67, 39, 32046, 63, 1980
2026/08/29 20:44:33.245, 5, 492.24, 59, 33, 31846, 54, 1980
2026/08/29 20:44:33.247, 6, 508.71, 49, 29, 31606, 63, 1980
2026/08/29 20:44:33.247, 7, 490.68, 67, 37, 31246, 50, 1980
2026/08/29 20:44:38.249, 0, 518.72, 54, 27, 32608, 66, 1980
2026/08/29 20:44:38.250, 1, 487.13, 99, 57, 32288, 53, 1980
2026/08/29 20:44:38.254, 2, 502.25, 100, 60, 32250, 53, 1980
2026/08/29 20:44:38.257, 3, 530.42, 100, 60, 32226, 63, 1980
2026/08/29 20:44:38.260, 4, 486.82, 53, 27, 32046, 62, 1980
2026/08/29 20:44:38.262, 5, 499.58, 95, 58, 31846, 52, 1980
2026/08/29 20:44:38.265, 6, 501.49, 70, 39, 31606, 62, 1980
2026/08/29 20:44:38.270, 7, 481.23, 98, 54, 31246, 50, 1980
2026/08/29 20:44:43.274, 0, 533.87, 79, 47, 32608, 65, 1980
2026/08/29 20:44:43.276, 1, 497.29, 93, 54, 32288, 55, 1980
2026/08/29 20:44:43.277, 2, 507.58, 49, 28, 32250, 54, 1980
2026/08/29 20:44:43.279, 3, 527.54, 52, 30, 32226, 64, 1980
2026/08/29 20:44:43.279, 4, 483.60, 86, 47, 32046, 64, 1980
2026/08/29 20:44:43.280, 5, 502.49, 96, 55, 31846, 54, 1980
2026/08/29 20:44:43.283, 6, 525.41, 100, 55, 31606, 63, 1980
2026/08/29 20:44:43.285, 7, 488.71, 94, 50, 31246, 52, 1980
2026/08/29 20:44:48.287, 0, 526.47, 51, 30, 32608, 66, 1980
2026/08/29 20:44:48.288, 1, 507.12, 49, 30, 32288, 54, 1980
2026/08/29 20:44:48.288, 2, 496.24, 93, 55, 32250, 55, 1980
2026/08/29 20:44:48.290, 3, 530.15, 93, 53, 32226, 66, 1980
2026/08/29 20:44:48.292, 4, 504.17, 93, 49, 32046, 65, 1980
2026/08/29 20:44:48.293, 5, 508.24, 100, 53, 31846, 55, 1980
2026/08/29 20:44:48.295, 6, 508.47, 56, 27, 31606, 63, 1980
2026/08/29 20:44:48.295, 7, 507.99, 96, 52, 31246, 52, 1980
2026/08/29 20:44:53.297, 0, 508.08, 80, 47, 32608, 66, 1980
2026/08/29 20:44:53.297, 1, 488.83, 95, 57, 32288, 52, 1980
2026/08/29 20:44:53.297, 2, 499.62, 52, 31, 32250, 54, 1980
2026/08/29 20:44:53.297, 3, 520.07, 50, 31, 32226, 65, 1980
2026/08/29 20:44:53.297, 4, 497.03, 87, 51, 32046, 61, 1980
2026/08/29 20:44:53.297, 5, 490.20, 94, 57, 31846, 52, 1980
2026/08/29 20:44:53.297, 6, 499.05, 100, 56, 31606, 63, 1980
2026/08/29 20:44:53.297, 7, 486.06, 93, 49, 31246, 49, 1980
2026/08/29 20:44:58.298, 0, 518.14, 91, 52, 32608, 66, 1980
2026/08/29 20:44:58.298, 1, 498.64, 94, 51, 32288, 55, 1980
2026/08/29 20:44:58.298, 2, 513.59, 88, 43, 32250, 55, 1980
2026/08/29 20:44:58.298, 3, 525.53, 75, 45, 32226, 65, 1980
2026/08/29 20:44:58.298, 4, 516.44, 94, 54, 32046, 65, 1980
2026/08/29 20:44:58.298, 5, 510.47, 94, 52, 31846, 53, 1980
2026/08/29 20:44:58.298, 6, 514.96, 99, 57, 31606, 63, 1980
2026/08/29 20:44:58.298, 7, 505.16, 94, 46, 31246, 51, 1980
2026/08/29 20:45:03.298, 0, 505.69, 62, 29, 32608, 66, 1980
2026/08/29 20:45:03.299, 1, 478.62, 50, 25, 32288, 53, 1980
2026/08/29 20:45:03.300, 2, 486.29, 94, 54, 32250, 54, 1980
2026/08/29 20:45:03.302, 3, 506.22, 94, 55, 32226, 64, 1980
2026/08/29 20:45:03.302, 4, 497.01, 60, 27, 32046, 65, 1980
2026/08/29 20:45:03.304, 5, 492.75, 70, 39, 31846, 52, 1980
2026/08/29 20:45:03.306, 6, 500.75, 45, 27, 31606, 62, 1980
2026/08/29 20:45:03.307, 7, 488.20, 80, 45, 31246, 49, 1980
2026/08/29 20:45:08.309, 0, 534.62, 58, 28, 32608, 63, 1980
2026/08/29 20:45:08.311, 1, 498.05, 52, 27, 32288, 53, 1980
2026/08/29 20:45:08.312, 2, 506.56, 50, 31, 32250, 54, 1980
2026/08/29 20:45:08.312, 3, 527.34, 56, 33, 32226, 66, 1980
2026/08/29 20:45:08.314, 4, 514.97, 55, 27, 32046, 62, 1980
2026/08/29 20:45:08.317, 5, 505.06, 59, 28, 31846, 55, 1980
2026/08/29 20:45:08.318, 6, 521.66, 85, 44, 31606, 63, 1980
2026/08/29 20:45:08.320, 7, 493.94, 54, 27, 31246, 52, 1980
2026/08/29 20:45:13.320, 0, 520.70, 49, 31, 32608, 67, 1980
2026/08/29 20:45:13.321, 1, 501.50, 61, 37, 32288, 54, 1980
2026/08/29 20:45:13.321, 2, 512.76, 53, 27, 32250, 53, 1980
2026/08/29 20:45:13.323, 3, 519.97, 50, 29, 32226, 64, 1980
2026/08/29 20:45:13.325, 4, 488.25, 51, 31, 32046, 65, 1980
2026/08/29 20:45:13.327, 5, 502.98, 93, 46, 31846, 55, 1980
2026/08/29 20:45:13.328, 6, 501.92, 93, 49, 31606, 62, 1980
2026/08/29 20:45:13.328, 7, 505.88, 89, 42, 31246, 53, 1980
2026/08/29 20:45:18.330, 0, 515.36, 50, 29, 32608, 67, 1980
2026/08/29 20:45:18.331, 1, 487.99, 49, 27, 32288, 55, 1980
2026/08/29 20:45:18.332, 2, 488.93, 56, 29, 32250, 55, 1980
2026/08/29 20:45:18.333, 3, 500.60, 96, 54, 32226, 65, 1980
2026/08/29 20:45:18.334, 4, 496.54, 50, 27, 32046, 65, 1980
2026/08/29 20:45:18.336, 5, 482.79, 50, 29, 31846, 56, 1980
2026/08/29 20:45:18.336, 6, 501.37, 49, 22, 31606, 65, 1980
2026/08/29 20:45:18.338, 7, 500.69, 50, 28, 31246, 53, 1980
2026/08/29 20:45:23.340, 0, 534.85, 95, 56, 32608, 63, 1980
2026/08/29 20:45:23.340, 1, 516.42, 52, 30, 32288, 52, 1980
2026/08/29 20:45:23.340, 2, 522.85, 91, 47, 32250, 55, 1980
2026/08/29 20:45:23.340, 3, 532.35, 75, 38, 32226, 64, 1980
2026/08/29 20:45:23.340, 4, 512.48, 54, 27, 32046, 63, 1980
2026/08/29 20:45:23.340, 5, 509.71, 95, 56, 31846, 55, 1980
2026/08/29 20:45:23.340, 6, 536.60, 67, 39, 31606, 62, 1980
2026/08/29 20:45:23.340, 7, 505.19, 97, 57, 31246, 52, 1980
2026/08/29 20:45:28.340, 0, 513.99, 52, 26, 32608, 65, 1980
2026/08/29 20:45:28.340, 1, 486.01, 48, 29, 32288, 54, 1980
2026/08/29 20:45:28.341, 2, 519.24, 100, 60, 32250, 54, 1980
2026/08/29 20:45:28.341, 3, 522.91, 76, 46, 32226, 63, 1980
2026/08/29 20:45:28.341, 4, 492.79, 54, 30, 32046, 63, 1980
2026/08/29 20:45:28.341, 5, 504.52, 55, 27, 31846, 53, 1980
2026/08/29 20:45:28.341, 6, 501.59, 69, 31, 31606, 64, 1980
2026/08/29 20:45:28.341, 7, 500.54, 53, 30, 31246, 51, 1980
2026/08/29 20:45:33.341, 0, 516.23, 90, 53, 32608, 67, 1980
2026/08/29 20:45:33.342, 1, 493.95, 94, 52, 32288, 54, 1980
2026/08/29 20:45:33.343, 2, 499.35, 100, 61, 32250, 53, 1980
2026/08/29 20:45:33.344, 3, 517.72, 98, 61, 32226, 62, 1980
2026/08/29 20:45:33.345, 4, 490.41, 90, 51, 32046, 63, 1980
2026/08/29 20:45:33.348, 5, 498.17, 89, 53, 31846, 53, 1980
2026/08/29 20:45:33.349, 6, 502.47, 68, 37, 31606, 62, 1980
2026/08/29 20:45:33.351, 7, 500.20, 91, 48, 31246, 51, 1980
2026/08/29 20:45:38.351, 0, 458.70, 44, 27, 32608, 61, 1980
2026/08/29 20:45:38.352, 1, 458.12, 49, 32, 32288, 49, 1980
2026/08/29 20:45:38.353, 2, 450.18, 53, 26, 32250, 51, 1980
2026/08/29 20:45:38.355, 3, 457.08, 50, 25, 32226, 62, 1980
2026/08/29 20:45:38.356, 4, 423.60, 49, 29, 32046, 59, 1980
2026/08/29 20:45:38.357, 5, 457.43, 100, 0, 31846, 49, 1980
2026/08/29 20:45:38.358, 6, 457.34, 49, 24, 31606, 61, 1980
2026/08/29 20:45:38.359, 7, 460.14, 96, 24, 31246, 47, 1980
2026/08/29 20:45:43.361, 0, 533.04, 93, 49, 32608, 65, 1980
2026/08/29 20:45:43.363, 1, 495.40, 99, 59, 32288, 55, 1980
2026/08/29 20:45:43.366, 2, 513.12, 90, 53, 32250, 51, 1980
2026/08/29 20:45:43.366, 3, 536.85, 93, 54, 32226, 63, 1980
2026/08/29 20:45:43.366, 4, 511.63, 92, 50, 32046, 64, 1980
2026/08/29 20:45:43.368, 5, 494.32, 93, 51, 31846, 54, 1980
2026/08/29 20:45:43.369, 6, 513.88, 93, 48, 31606, 61, 1980
2026/08/29 20:45:43.370, 7, 481.14, 52, 28, 31246, 52, 1980
2026/08/29 20:45:48.372, 0, 525.91, 99, 60, 32608, 67, 1980
2026/08/29 20:45:48.373, 1, 508.78, 99, 60, 32288, 54, 1980
2026/08/29 20:45:48.374, 2, 514.79, 94, 54, 32250, 53, 1980
2026/08/29 20:45:48.376, 3, 513.92, 99, 56, 32226, 64, 1980
2026/08/29 20:45:48.378, 4, 496.74, 100, 58, 32046, 63, 1980
2026/08/29 20:45:48.380, 5, 499.33, 93, 43, 31846, 56, 1980
2026/08/29 20:45:48.381, 6, 503.24, 93, 46, 31606, 63, 1980
2026/08/29 20:45:48.382, 7, 508.97, 90, 41, 31246, 53, 1980
2026/08/29 20:45:53.384, 0, 441.88, 93, 51, 32608, 66, 1980
2026/08/29 20:45:53.384, 1, 412.07, 95, 55, 32288, 53, 1980
2026/08/29 20:45:53.384, 2, 420.23, 62, 36, 32250, 53, 1980
2026/08/29 20:45:53.384, 3, 441.88, 77, 45, 32226, 64, 1980
2026/08/29 20:45:53.384, 4, 416.66, 93, 48, 32046, 64, 1980
2026/08/29 20:45:53.384, 5, 450.13, 93, 48, 31846, 52, 1980
2026/08/29 20:45:53.384, 6, 409.50, 95, 53, 31606, 63, 1980
2026/08/29 20:45:53.384, 7, 417.78, 93, 48, 31246, 52, 1980
2026/08/29 20:45:58.384, 0, 532.57, 93, 54, 32608, 66, 1980
2026/08/29 20:45:58.385, 1, 508.03, 96, 56, 32288, 52, 1980
2026/08/29 20:45:58.385, 2, 511.14, 51, 30, 32250, 55, 1980
2026/08/29 20:45:58.385, 3, 529.41, 58, 33, 32226, 65, 1980
2026/08/29 20:45:58.385, 4, 512.08, 92, 54, 32046, 64, 1980
2026/08/29 20:45:58.385, 5, 519.07, 63, 31, 31846, 54, 1980
2026/08/29 20:45:58.385, 6, 519.50, 85, 43, 31606, 64, 1980
2026/08/29 20:45:58.385, 7, 493.36, 57, 27, 31246, 50, 1980
2026/08/29 20:46:03.385, 0, 533.62, 78, 47, 32608, 65, 1980
2026/08/29 20:46:03.386, 1, 501.09, 54, 27, 32288, 54, 1980
2026/08/29 20:46:03.388, 2, 500.22, 51, 31, 32250, 55, 1980
2026/08/29 20:46:03.388, 3, 521.75, 88, 44, 32226, 64, 1980
2026/08/29 20:46:03.389, 4, 504.33, 92, 53, 32046, 64, 1980
2026/08/29 20:46:03.393, 5, 499.60, 94, 56, 31846, 56, 1980
2026/08/29 20:46:03.394, 6, 515.43, 99, 60, 31606, 64, 1980
2026/08/29 20:46:03.396, 7, 494.06, 93, 48, 31246, 53, 1980
2026/08/29 20:46:08.396, 0, 506.12, 99, 54, 32608, 65, 1980
2026/08/29 20:46:08.396, 1, 496.11, 99, 57, 32288, 53, 1980
2026/08/29 20:46:08.398, 2, 509.65, 71, 41, 32250, 51, 1980
2026/08/29 20:46:08.398, 3, 521.98, 87, 51, 32226, 62, 1980
2026/08/29 20:46:08.400, 4, 493.45, 93, 51, 32046, 65, 1980
2026/08/29 20:46:08.403, 5, 496.40, 49, 29, 31846, 54, 1980
2026/08/29 20:46:08.406, 6, 497.19, 93, 55, 31606, 60, 1980
2026/08/29 20:46:08.408, 7, 492.26, 51, 29, 31246, 53, 1980
2026/08/29 20:46:13.412, 0, 520.78, 52, 30, 32608, 66, 1980
2026/08/29 20:46:13.413, 1, 492.71, 94, 51, 32288, 54, 1980
2026/08/29 20:46:13.415, 2, 502.06, 60, 29, 32250, 54, 1980
2026/08/29 20:46:13.417, 3, 514.13, 54, 27, 32226, 64, 1980
2026/08/29 20:46:13.418, 4, 492.51, 51, 28, 32046, 65, 1980
2026/08/29 20:46:13.418, 5, 509.52, 52, 27, 31846, 54, 1980
2026/08/29 20:46:13.420, 6, 519.58, 54, 26, 31606, 63, 1980
2026/08/29 20:46:13.423, 7, 493.21, 50, 27, 31246, 53, 1980
2026/08/29 20:46:18.424, 0, 529.99, 60, 29, 32608, 65, 1980
2026/08/29 20:46:18.425, 1, 500.35, 94, 53, 32288, 55, 1980
2026/08/29 20:46:18.425, 2, 511.15, 95, 55, 32250, 54, 1980
2026/08/29 20:46:18.427, 3, 526.97, 99, 60, 32226, 67, 1980
2026/08/29 20:46:18.429, 4, 501.98, 54, 27, 32046, 65, 1980
2026/08/29 20:46:18.429, 5, 504.69, 61, 29, 31846, 56, 1980
2026/08/29 20:46:18.430, 6, 525.59, 84, 42, 31606, 64, 1980
2026/08/29 20:46:18.432, 7, 497.21, 57, 27, 31246, 53, 1980
2026/08/29 20:46:23.432, 0, 531.22, 99, 60, 32608, 67, 1980
2026/08/29 20:46:23.432, 1, 503.08, 80, 39, 32288, 55, 1980
2026/08/29 20:46:23.432, 2, 495.02, 53, 26, 32250, 55, 1980
2026/08/29 20:46:23.432, 3, 514.51, 52, 30, 32226, 65, 1980
2026/08/29 20:46:23.432, 4, 485.54, 100, 57, 32046, 65, 1980
2026/08/29 20:46:23.433, 5, 488.48, 93, 44, 31846, 55, 1980
2026/08/29 20:46:23.433, 6, 513.42, 93, 47, 31606, 63, 1980
2026/08/29 20:46:23.433, 7, 488.41, 100, 57, 31246, 52, 1980
2026/08/29 20:46:28.433, 0, 516.18, 91, 49, 32608, 67, 1980
2026/08/29 20:46:28.433, 1, 491.69, 53, 32, 32288, 54, 1980
2026/08/29 20:46:28.433, 2, 498.95, 45, 21, 32250, 54, 1980
2026/08/29 20:46:28.433, 3, 525.35, 46, 24, 32226, 66, 1980
2026/08/29 20:46:28.433, 4, 497.43, 86, 47, 32046, 65, 1980
2026/08/29 20:46:28.433, 5, 492.64, 87, 48, 31846, 55, 1980
2026/08/29 20:46:28.433, 6, 516.32, 93, 51, 31606, 64, 1980
2026/08/29 20:46:28.433, 7, 500.77, 86, 48, 31246, 53, 1980
2026/08/29 20:46:33.434, 0, 518.86, 85, 50, 32608, 65, 1980
2026/08/29 20:46:33.434, 1, 470.72, 52, 26, 32288, 52, 1980
2026/08/29 20:46:33.434, 2, 506.23, 49, 29, 32250, 54, 1980
2026/08/29 20:46:33.436, 3, 520.22, 55, 32, 32226, 64, 1980
2026/08/29 20:46:33.438, 4, 490.53, 92, 54, 32046, 61, 1980
2026/08/29 20:46:33.440, 5, 488.12, 59, 28, 31846, 54, 1980
2026/08/29 20:46:33.442, 6, 513.35, 100, 56, 31606, 62, 1980
2026/08/29 20:46:33.442, 7, 485.26, 56, 28, 31246, 51, 1980
2026/08/29 20:46:38.445, 0, 527.86, 94, 53, 32608, 64, 1980
2026/08/29 20:46:38.446, 1, 499.29, 93, 53, 32288, 53, 1980
2026/08/29 20:46:38.446, 2, 517.06, 100, 60, 32250, 55, 1980
2026/08/29 20:46:38.448, 3, 533.93, 80, 48, 32226, 66, 1980
2026/08/29 20:46:38.450, 4, 516.30, 93, 53, 32046, 64, 1980
2026/08/29 20:46:38.452, 5, 493.70, 93, 46, 31846, 53, 1980
2026/08/29 20:46:38.453, 6, 518.61, 100, 56, 31606, 59, 1980
2026/08/29 20:46:38.453, 7, 497.32, 93, 46, 31246, 52, 1980
2026/08/29 20:46:43.455, 0, 520.68, 99, 56, 32608, 66, 1980
2026/08/29 20:46:43.457, 1, 484.45, 94, 50, 32288, 54, 1980
2026/08/29 20:46:43.459, 2, 510.79, 77, 46, 32250, 51, 1980
2026/08/29 20:46:43.460, 3, 515.65, 92, 55, 32226, 62, 1980
2026/08/29 20:46:43.461, 4, 500.13, 93, 51, 32046, 64, 1980
2026/08/29 20:46:43.462, 5, 495.65, 93, 46, 31846, 54, 1980
2026/08/29 20:46:43.463, 6, 497.46, 96, 51, 31606, 60, 1980
2026/08/29 20:46:43.465, 7, 479.98, 100, 54, 31246, 50, 1980
2026/08/29 20:46:48.467, 0, 526.02, 54, 26, 32608, 65, 1980
2026/08/29 20:46:48.468, 1, 491.20, 49, 24, 32288, 53, 1980
2026/08/29 20:46:48.471, 2, 518.60, 92, 47, 32250, 53, 1980
2026/08/29 20:46:48.471, 3, 525.06, 80, 35, 32226, 64, 1980
2026/08/29 20:46:48.472, 4, 504.23, 53, 26, 32046, 62, 1980
2026/08/29 20:46:48.474, 5, 508.92, 60, 29, 31846, 55, 1980
2026/08/29 20:46:48.474, 6, 508.81, 79, 36, 31606, 63, 1980
2026/08/29 20:46:48.475, 7, 495.80, 51, 25, 31246, 50, 1980
2026/08/29 20:46:53.478, 0, 527.38, 92, 52, 32608, 66, 1980
2026/08/29 20:46:53.478, 1, 491.58, 93, 53, 32288, 54, 1980
2026/08/29 20:46:53.478, 2, 522.24, 93, 54, 32250, 50, 1980
2026/08/29 20:46:53.478, 3, 529.92, 93, 53, 32226, 62, 1980
2026/08/29 20:46:53.478, 4, 512.21, 93, 50, 32046, 63, 1980
2026/08/29 20:46:53.478, 5, 495.84, 93, 51, 31846, 55, 1980
2026/08/29 20:46:53.478, 6, 518.07, 88, 50, 31606, 60, 1980
2026/08/29 20:46:53.479, 7, 486.09, 47, 27, 31246, 50, 1980
2026/08/29 20:46:58.479, 0, 532.82, 99, 61, 32608, 66, 1980
2026/08/29 20:46:58.479, 1, 476.41, 69, 33, 32288, 54, 1980
2026/08/29 20:46:58.479, 2, 500.96, 50, 28, 32250, 55, 1980
2026/08/29 20:46:58.479, 3, 508.17, 51, 27, 32226, 65, 1980
2026/08/29 20:46:58.479, 4, 494.57, 99, 58, 32046, 64, 1980
2026/08/29 20:46:58.479, 5, 494.53, 86, 38, 31846, 55, 1980
2026/08/29 20:46:58.479, 6, 515.62, 100, 55, 31606, 63, 1980
2026/08/29 20:46:58.479, 7, 509.65, 69, 38, 31246, 52, 1980
2026/08/29 20:47:03.480, 0, 503.37, 99, 60, 32608, 65, 1980
2026/08/29 20:47:03.481, 1, 462.04, 76, 24, 32288, 52, 1980
2026/08/29 20:47:03.482, 2, 475.07, 52, 27, 32250, 52, 1980
2026/08/29 20:47:03.482, 3, 489.35, 51, 28, 32226, 63, 1980
2026/08/29 20:47:03.484, 4, 473.44, 100, 59, 32046, 63, 1980
2026/08/29 20:47:03.486, 5, 475.18, 91, 28, 31846, 54, 1980
2026/08/29 20:47:03.488, 6, 500.24, 100, 53, 31606, 62, 1980
2026/08/29 20:47:03.490, 7, 471.42, 63, 34, 31246, 48, 1980
2026/08/29 20:47:08.491, 0, 513.10, 99, 60, 32608, 64, 1980
2026/08/29 20:47:08.491, 1, 480.49, 60, 29, 32288, 55, 1980
2026/08/29 20:47:08.493, 2, 522.04, 99, 56, 32250, 54, 1980
2026/08/29 20:47:08.494, 3, 524.62, 99, 58, 32226, 66, 1980
2026/08/29 20:47:08.496, 4, 513.99, 95, 56, 32046, 65, 1980
2026/08/29 20:47:08.498, 5, 515.11, 72, 34, 31846, 56, 1980
2026/08/29 20:47:08.500, 6, 509.88, 93, 44, 31606, 63, 1980
2026/08/29 20:47:08.501, 7, 491.70, 96, 54, 31246, 49, 1980
2026/08/29 20:47:13.502, 0, 314.42, 100, 0, 32608, 58, 1980
2026/08/29 20:47:13.503, 1, 318.26, 100, 0, 32288, 45, 1980
2026/08/29 20:47:13.506, 2, 317.90, 100, 0, 32250, 45, 1980
2026/08/29 20:47:13.507, 3, 314.29, 51, 25, 32226, 62, 1980
2026/08/29 20:47:13.509, 4, 319.98, 100, 0, 32046, 58, 1980
2026/08/29 20:47:13.509, 5, 323.54, 100, 0, 31846, 46, 1980
2026/08/29 20:47:13.511, 6, 319.19, 100, 0, 31606, 56, 1980
2026/08/29 20:47:13.513, 7, 290.82, 100, 0, 31246, 44, 1980
2026/08/29 20:47:18.515, 0, 518.54, 92, 53, 32608, 65, 1980
2026/08/29 20:47:18.517, 1, 473.33, 92, 53, 32288, 54, 1980
2026/08/29 20:47:18.518, 2, 481.16, 42, 21, 32250, 53, 1980
2026/08/29 20:47:18.519, 3, 489.01, 43, 24, 32226, 66, 1980
2026/08/29 20:47:18.520, 4, 474.24, 92, 51, 32046, 65, 1980
2026/08/29 20:47:18.523, 5, 475.69, 85, 40, 31846, 55, 1980
2026/08/29 20:47:18.526, 6, 493.13, 88, 47, 31606, 64, 1980
2026/08/29 20:47:18.528, 7, 491.13, 92, 52, 31246, 51, 1980
2026/08/29 20:47:23.529, 0, 530.94, 73, 33, 32608, 64, 1980
2026/08/29 20:47:23.529, 1, 504.17, 59, 29, 32288, 53, 1980
2026/08/29 20:47:23.529, 2, 517.93, 95, 55, 32250, 54, 1980
2026/08/29 20:47:23.530, 3, 517.05, 51, 29, 32226, 65, 1980
2026/08/29 20:47:23.530, 4, 492.59, 70, 31, 32046, 64, 1980
2026/08/29 20:47:23.530, 5, 493.94, 76, 31, 31846, 55, 1980
2026/08/29 20:47:23.530, 6, 515.56, 93, 44, 31606, 63, 1980
2026/08/29 20:47:23.530, 7, 504.24, 67, 31, 31246, 49, 1980
2026/08/29 20:47:28.530, 0, 538.69, 94, 52, 32608, 66, 1980
2026/08/29 20:47:28.530, 1, 500.92, 55, 31, 32288, 54, 1980
2026/08/29 20:47:28.530, 2, 502.48, 96, 53, 32250, 51, 1980
2026/08/29 20:47:28.530, 3, 521.54, 93, 50, 32226, 63, 1980
2026/08/29 20:47:28.530, 4, 497.24, 100, 55, 32046, 65, 1980
2026/08/29 20:47:28.530, 5, 502.44, 100, 55, 31846, 54, 1980
2026/08/29 20:47:28.530, 6, 518.97, 97, 54, 31606, 64, 1980
2026/08/29 20:47:28.530, 7, 515.04, 94, 47, 31246, 52, 1980
2026/08/29 20:47:33.531, 0, 520.26, 94, 31, 32608, 67, 1980
2026/08/29 20:47:33.532, 1, 486.58, 61, 29, 32288, 54, 1980
2026/08/29 20:47:33.533, 2, 495.45, 96, 37, 32250, 54, 1980
2026/08/29 20:47:33.533, 3, 522.93, 94, 31, 32226, 65, 1980
2026/08/29 20:47:33.535, 4, 498.45, 93, 28, 32046, 65, 1980
2026/08/29 20:47:33.537, 5, 485.22, 93, 28, 31846, 54, 1980
2026/08/29 20:47:33.538, 6, 510.28, 94, 32, 31606, 64, 1980
2026/08/29 20:47:33.540, 7, 490.97, 93, 29, 31246, 53, 1980
2026/08/29 20:47:38.540, 0, 500.98, 93, 52, 32608, 65, 1980
2026/08/29 20:47:38.541, 1, 479.08, 45, 21, 32288, 53, 1980
2026/08/29 20:47:38.542, 2, 493.72, 66, 40, 32250, 52, 1980
2026/08/29 20:47:38.544, 3, 510.01, 82, 48, 32226, 61, 1980
2026/08/29 20:47:38.546, 4, 499.48, 53, 25, 32046, 65, 1980
2026/08/29 20:47:38.548, 5, 496.74, 61, 30, 31846, 54, 1980
2026/08/29 20:47:38.549, 6, 506.18, 83, 46, 31606, 60, 1980
2026/08/29 20:47:38.549, 7, 483.57, 93, 52, 31246, 53, 1980
2026/08/29 20:47:43.551, 0, 519.77, 94, 36, 32608, 66, 1980
2026/08/29 20:47:43.553, 1, 499.66, 91, 50, 32288, 54, 1980
2026/08/29 20:47:43.553, 2, 493.13, 96, 51, 32250, 52, 1980
2026/08/29 20:47:43.555, 3, 514.16, 96, 42, 32226, 61, 1980
2026/08/29 20:47:43.557, 4, 502.16, 93, 32, 32046, 64, 1980
2026/08/29 20:47:43.559, 5, 504.28, 57, 29, 31846, 55, 1980
2026/08/29 20:47:43.560, 6, 521.69, 74, 30, 31606, 59, 1980
2026/08/29 20:47:43.561, 7, 499.14, 93, 31, 31246, 52, 1980
2026/08/29 20:47:48.563, 0, 507.32, 67, 33, 32608, 62, 1980
2026/08/29 20:47:48.563, 1, 477.97, 94, 55, 32288, 51, 1980
2026/08/29 20:47:48.564, 2, 485.43, 95, 52, 32250, 53, 1980
2026/08/29 20:47:48.565, 3, 514.52, 97, 54, 32226, 64, 1980
2026/08/29 20:47:48.568, 4, 487.21, 83, 48, 32046, 61, 1980
2026/08/29 20:47:48.569, 5, 486.09, 75, 43, 31846, 51, 1980
2026/08/29 20:47:48.571, 6, 498.49, 50, 30, 31606, 63, 1980
2026/08/29 20:47:48.571, 7, 489.73, 61, 30, 31246, 49, 1980
2026/08/29 20:47:53.573, 0, 525.89, 67, 39, 32608, 63, 1980
2026/08/29 20:47:53.573, 1, 493.05, 81, 48, 32288, 53, 1980
2026/08/29 20:47:53.576, 2, 499.60, 48, 27, 32250, 54, 1980
2026/08/29 20:47:53.576, 3, 514.28, 49, 27, 32226, 64, 1980
2026/08/29 20:47:53.576, 4, 489.36, 65, 30, 32046, 61, 1980
2026/08/29 20:47:53.576, 5, 495.26, 77, 28, 31846, 52, 1980
2026/08/29 20:47:53.576, 6, 508.89, 93, 29, 31606, 63, 1980
2026/08/29 20:47:53.576, 7, 488.79, 75, 41, 31246, 48, 1980
2026/08/29 20:47:58.576, 0, 525.98, 82, 29, 32608, 67, 1980
2026/08/29 20:47:58.576, 1, 500.36, 46, 23, 32288, 54, 1980
2026/08/29 20:47:58.576, 2, 499.11, 94, 34, 32250, 54, 1980
2026/08/29 20:47:58.576, 3, 523.49, 99, 61, 32226, 65, 1980
2026/08/29 20:47:58.576, 4, 493.48, 92, 55, 32046, 65, 1980
2026/08/29 20:47:58.576, 5, 496.25, 84, 49, 31846, 56, 1980
2026/08/29 20:47:58.577, 6, 495.62, 94, 29, 31606, 64, 1980
2026/08/29 20:47:58.577, 7, 502.95, 96, 44, 31246, 49, 1980
2026/08/29 20:48:03.577, 0, 525.32, 93, 53, 32608, 67, 1980
2026/08/29 20:48:03.578, 1, 489.03, 93, 48, 32288, 54, 1980
2026/08/29 20:48:03.579, 2, 502.01, 99, 59, 32250, 55, 1980
2026/08/29 20:48:03.581, 3, 522.59, 94, 51, 32226, 65, 1980
2026/08/29 20:48:03.582, 4, 501.88, 51, 28, 32046, 65, 1980
2026/08/29 20:48:03.583, 5, 502.48, 54, 31, 31846, 55, 1980
2026/08/29 20:48:03.584, 6, 525.06, 63, 30, 31606, 64, 1980
2026/08/29 20:48:03.586, 7, 499.40, 93, 48, 31246, 53, 1980
2026/08/29 20:48:08.588, 0, 521.43, 55, 27, 32608, 64, 1980
2026/08/29 20:48:08.590, 1, 496.35, 40, 19, 32288, 54, 1980
2026/08/29 20:48:08.591, 2, 492.05, 84, 41, 32250, 55, 1980
2026/08/29 20:48:08.592, 3, 513.21, 71, 32, 32226, 65, 1980
2026/08/29 20:48:08.593, 4, 499.09, 53, 29, 32046, 65, 1980
2026/08/29 20:48:08.594, 5, 489.43, 56, 28, 31846, 56, 1980
2026/08/29 20:48:08.596, 6, 505.63, 72, 33, 31606, 64, 1980
2026/08/29 20:48:08.598, 7, 489.99, 93, 53, 31246, 53, 1980
2026/08/29 20:48:13.599, 0, 499.42, 53, 26, 32608, 64, 1980
2026/08/29 20:48:13.600, 1, 471.38, 52, 30, 32288, 53, 1980
2026/08/29 20:48:13.608, 2, 488.54, 90, 42, 32250, 54, 1980
2026/08/29 20:48:13.613, 3, 508.29, 74, 33, 32226, 63, 1980
2026/08/29 20:48:13.615, 4, 497.04, 54, 27, 32046, 62, 1980
2026/08/29 20:48:13.631, 5, 494.58, 91, 53, 31846, 53, 1980
2026/08/29 20:48:13.632, 6, 516.08, 63, 37, 31606, 62, 1980
2026/08/29 20:48:13.634, 7, 495.86, 53, 26, 31246, 50, 1980
2026/08/29 20:48:18.634, 0, 521.64, 80, 39, 32608, 66, 1980
2026/08/29 20:48:18.637, 1, 495.36, 67, 32, 32288, 53, 1980
2026/08/29 20:48:18.640, 2, 495.47, 94, 49, 32250, 54, 1980
2026/08/29 20:48:18.641, 3, 513.87, 93, 51, 32226, 64, 1980
2026/08/29 20:48:18.643, 4, 489.24, 76, 34, 32046, 64, 1980
2026/08/29 20:48:18.643, 5, 487.39, 84, 38, 31846, 53, 1980
2026/08/29 20:48:18.645, 6, 511.00, 94, 47, 31606, 63, 1980
2026/08/29 20:48:18.647, 7, 497.78, 68, 36, 31246, 52, 1980
2026/08/29 20:48:23.649, 0, 503.53, 51, 30, 32608, 66, 1980
2026/08/29 20:48:23.649, 1, 476.22, 54, 33, 32288, 55, 1980
2026/08/29 20:48:23.649, 2, 499.22, 95, 51, 32250, 51, 1980
2026/08/29 20:48:23.649, 3, 521.55, 93, 48, 32226, 63, 1980
2026/08/29 20:48:23.649, 4, 487.12, 50, 29, 32046, 64, 1980
2026/08/29 20:48:23.649, 5, 496.79, 96, 53, 31846, 54, 1980
2026/08/29 20:48:23.649, 6, 500.29, 93, 50, 31606, 61, 1980
2026/08/29 20:48:23.649, 7, 489.70, 94, 46, 31246, 52, 1980
2026/08/29 20:48:28.650, 0, 496.38, 95, 54, 32608, 66, 1980
2026/08/29 20:48:28.650, 1, 466.03, 95, 55, 32288, 53, 1980
2026/08/29 20:48:28.650, 2, 487.05, 69, 40, 32250, 51, 1980
2026/08/29 20:48:28.650, 3, 502.05, 85, 50, 32226, 64, 1980
2026/08/29 20:48:28.650, 4, 485.35, 95, 56, 32046, 64, 1980
2026/08/29 20:48:28.650, 5, 469.62, 54, 31, 31846, 54, 1980
2026/08/29 20:48:28.650, 6, 492.88, 96, 51, 31606, 60, 1980
2026/08/29 20:48:28.650, 7, 470.58, 51, 27, 31246, 52, 1980
2026/08/29 20:48:33.650, 0, 485.75, 92, 51, 32608, 64, 1980
2026/08/29 20:48:33.652, 1, 453.42, 93, 49, 32288, 54, 1980
2026/08/29 20:48:33.653, 2, 460.87, 92, 51, 32250, 54, 1980
2026/08/29 20:48:33.655, 3, 470.66, 93, 52, 32226, 64, 1980
2026/08/29 20:48:33.656, 4, 467.38, 93, 48, 32046, 63, 1980
2026/08/29 20:48:33.657, 5, 461.41, 46, 23, 31846, 54, 1980
2026/08/29 20:48:33.658, 6, 485.71, 67, 34, 31606, 62, 1980
2026/08/29 20:48:33.660, 7, 470.99, 92, 46, 31246, 52, 1980
2026/08/29 20:48:38.662, 0, 532.83, 53, 27, 32608, 64, 1980
2026/08/29 20:48:38.662, 1, 491.59, 48, 29, 32288, 54, 1980
2026/08/29 20:48:38.665, 2, 500.33, 82, 41, 32250, 55, 1980
2026/08/29 20:48:38.666, 3, 519.55, 67, 31, 32226, 65, 1980
2026/08/29 20:48:38.668, 4, 500.62, 52, 28, 32046, 63, 1980
2026/08/29 20:48:38.668, 5, 483.40, 90, 50, 31846, 53, 1980
2026/08/29 20:48:38.670, 6, 508.83, 68, 38, 31606, 61, 1980
2026/08/29 20:48:38.672, 7, 478.15, 93, 47, 31246, 50, 1980
2026/08/29 20:48:43.674, 0, 544.66, 93, 53, 32608, 67, 1980
2026/08/29 20:48:43.675, 1, 514.32, 97, 57, 32288, 55, 1980
2026/08/29 20:48:43.675, 2, 517.91, 100, 59, 32250, 55, 1980
2026/08/29 20:48:43.677, 3, 544.36, 99, 60, 32226, 65, 1980
2026/08/29 20:48:43.679, 4, 524.86, 95, 55, 32046, 65, 1980
2026/08/29 20:48:43.681, 5, 520.97, 93, 55, 31846, 52, 1980
2026/08/29 20:48:43.683, 6, 528.99, 100, 58, 31606, 65, 1980
2026/08/29 20:48:43.683, 7, 499.21, 96, 53, 31246, 53, 1980
2026/08/29 20:48:48.685, 0, 506.94, 69, 31, 32608, 62, 1980
2026/08/29 20:48:48.686, 1, 480.53, 58, 28, 32288, 49, 1980
2026/08/29 20:48:48.687, 2, 480.96, 91, 50, 32250, 54, 1980
2026/08/29 20:48:48.688, 3, 498.13, 93, 51, 32226, 61, 1980
2026/08/29 20:48:48.689, 4, 481.27, 66, 29, 32046, 61, 1980
2026/08/29 20:48:48.692, 5, 487.41, 72, 31, 31846, 51, 1980
2026/08/29 20:48:48.693, 6, 507.27, 50, 18, 31606, 63, 1980
2026/08/29 20:48:48.695, 7, 477.63, 100, 58, 31246, 48, 1980
2026/08/29 20:48:53.695, 0, 527.63, 97, 56, 32608, 65, 1980
2026/08/29 20:48:53.696, 1, 488.50, 99, 58, 32288, 54, 1980
2026/08/29 20:48:53.696, 2, 501.28, 66, 36, 32250, 52, 1980
2026/08/29 20:48:53.696, 3, 520.93, 83, 46, 32226, 63, 1980
2026/08/29 20:48:53.696, 4, 494.47, 100, 52, 32046, 64, 1980
2026/08/29 20:48:53.696, 5, 495.47, 93, 33, 31846, 55, 1980
2026/08/29 20:48:53.696, 6, 526.13, 96, 42, 31606, 60, 1980
2026/08/29 20:48:53.696, 7, 485.27, 50, 29, 31246, 52, 1980
2026/08/29 20:48:58.696, 0, 524.48, 96, 37, 32608, 64, 1980
2026/08/29 20:48:58.696, 1, 493.33, 94, 34, 32288, 53, 1980
2026/08/29 20:48:58.696, 2, 493.71, 99, 60, 32250, 55, 1980
2026/08/29 20:48:58.696, 3, 516.19, 94, 56, 32226, 66, 1980
2026/08/29 20:48:58.696, 4, 504.74, 93, 35, 32046, 64, 1980
2026/08/29 20:48:58.696, 5, 500.59, 93, 55, 31846, 55, 1980
2026/08/29 20:48:58.696, 6, 520.72, 96, 32, 31606, 64, 1980
2026/08/29 20:48:58.696, 7, 489.55, 93, 35, 31246, 53, 1980
2026/08/29 20:49:03.697, 0, 520.97, 73, 44, 32608, 64, 1980
2026/08/29 20:49:03.698, 1, 495.77, 88, 53, 32288, 50, 1980
2026/08/29 20:49:03.699, 2, 501.82, 50, 30, 32250, 54, 1980
2026/08/29 20:49:03.700, 3, 516.21, 51, 31, 32226, 65, 1980
2026/08/29 20:49:03.701, 4, 499.99, 80, 48, 32046, 62, 1980
2026/08/29 20:49:03.704, 5, 481.30, 100, 57, 31846, 52, 1980
2026/08/29 20:49:03.706, 6, 511.73, 51, 29, 31606, 64, 1980
2026/08/29 20:49:03.707, 7, 497.26, 66, 31, 31246, 53, 1980
2026/08/29 20:49:08.708, 0, 504.23, 96, 59, 32608, 67, 1980
2026/08/29 20:49:08.711, 1, 483.11, 92, 55, 32288, 54, 1980
2026/08/29 20:49:08.714, 2, 493.17, 95, 57, 32250, 53, 1980
2026/08/29 20:49:08.721, 3, 509.32, 99, 61, 32226, 65, 1980
2026/08/29 20:49:08.730, 4, 479.24, 93, 56, 32046, 65, 1980
2026/08/29 20:49:08.730, 5, 481.75, 79, 30, 31846, 54, 1980
2026/08/29 20:49:08.735, 6, 491.46, 93, 44, 31606, 63, 1980
2026/08/29 20:49:08.737, 7, 483.69, 96, 52, 31246, 53, 1980
2026/08/29 20:49:13.739, 0, 521.08, 92, 52, 32608, 66, 1980
2026/08/29 20:49:13.741, 1, 487.05, 94, 54, 32288, 55, 1980
2026/08/29 20:49:13.742, 2, 487.05, 79, 47, 32250, 55, 1980
2026/08/29 20:49:13.745, 3, 517.22, 89, 53, 32226, 63, 1980
2026/08/29 20:49:13.747, 4, 498.77, 93, 54, 32046, 64, 1980
2026/08/29 20:49:13.750, 5, 491.36, 93, 52, 31846, 54, 1980
2026/08/29 20:49:13.751, 6, 507.48, 89, 49, 31606, 61, 1980
2026/08/29 20:49:13.752, 7, 472.32, 93, 45, 31246, 51, 1980
2026/08/29 20:49:18.754, 0, 501.01, 96, 43, 32608, 62, 1980
2026/08/29 20:49:18.755, 1, 474.32, 88, 33, 32288, 50, 1980
2026/08/29 20:49:18.756, 2, 466.22, 93, 52, 32250, 54, 1980
2026/08/29 20:49:18.756, 3, 498.69, 93, 53, 32226, 65, 1980
2026/08/29 20:49:18.758, 4, 477.51, 96, 39, 32046, 61, 1980
2026/08/29 20:49:18.760, 5, 480.51, 74, 26, 31846, 51, 1980
2026/08/29 20:49:18.762, 6, 489.90, 92, 28, 31606, 63, 1980
2026/08/29 20:49:18.763, 7, 470.54, 76, 41, 31246, 51, 1980
2026/08/29 20:49:23.764, 0, 508.95, 89, 53, 32608, 64, 1980
2026/08/29 20:49:23.764, 1, 479.73, 91, 54, 32288, 53, 1980
2026/08/29 20:49:23.764, 2, 481.18, 50, 31, 32250, 53, 1980
2026/08/29 20:49:23.764, 3, 499.88, 58, 35, 32226, 64, 1980
2026/08/29 20:49:23.764, 4, 486.78, 89, 53, 32046, 63, 1980
2026/08/29 20:49:23.764, 5, 475.34, 57, 28, 31846, 52, 1980
2026/08/29 20:49:23.764, 6, 499.99, 58, 32, 31606, 63, 1980
2026/08/29 20:49:23.764, 7, 479.15, 28, 14, 31246, 52, 1980
2026/08/29 20:49:28.764, 0, 521.96, 94, 39, 32608, 67, 1980
2026/08/29 20:49:28.765, 1, 496.10, 94, 38, 32288, 55, 1980
2026/08/29 20:49:28.765, 2, 493.82, 93, 31, 32250, 54, 1980
2026/08/29 20:49:28.765, 3, 509.48, 82, 26, 32226, 64, 1980
2026/08/29 20:49:28.765, 4, 498.38, 93, 35, 32046, 65, 1980
2026/08/29 20:49:28.765, 5, 492.40, 91, 51, 31846, 56, 1980
2026/08/29 20:49:28.765, 6, 514.26, 84, 26, 31606, 63, 1980
2026/08/29 20:49:28.765, 7, 492.82, 93, 51, 31246, 53, 1980
2026/08/29 20:49:33.765, 0, 518.18, 52, 32, 32608, 66, 1980
2026/08/29 20:49:33.772, 1, 476.83, 53, 32, 32288, 53, 1980
2026/08/29 20:49:33.779, 2, 467.59, 58, 28, 32250, 53, 1980
2026/08/29 20:49:33.782, 3, 527.90, 52, 25, 32226, 63, 1980
2026/08/29 20:49:33.783, 4, 499.15, 51, 31, 32046, 65, 1980
2026/08/29 20:49:33.787, 5, 505.75, 100, 55, 31846, 54, 1980
2026/08/29 20:49:33.789, 6, 502.42, 97, 55, 31606, 62, 1980
2026/08/29 20:49:33.791, 7, 465.65, 94, 49, 31246, 53, 1980
2026/08/29 20:49:38.794, 0, 541.11, 94, 49, 32608, 67, 1980
2026/08/29 20:49:38.794, 1, 501.55, 78, 41, 32288, 55, 1980
2026/08/29 20:49:38.795, 2, 512.46, 93, 55, 32250, 54, 1980
2026/08/29 20:49:38.796, 3, 523.16, 93, 53, 32226, 66, 1980
2026/08/29 20:49:38.798, 4, 507.33, 92, 53, 32046, 65, 1980
2026/08/29 20:49:38.800, 5, 510.30, 52, 30, 31846, 56, 1980
2026/08/29 20:49:38.801, 6, 520.49, 93, 49, 31606, 64, 1980
2026/08/29 20:49:38.801, 7, 510.33, 93, 52, 31246, 51, 1980
2026/08/29 20:49:43.803, 0, 518.57, 94, 38, 32608, 66, 1980
2026/08/29 20:49:43.804, 1, 496.30, 90, 35, 32288, 54, 1980
2026/08/29 20:49:43.807, 2, 495.76, 94, 43, 32250, 51, 1980
2026/08/29 20:49:43.809, 3, 519.64, 94, 42, 32226, 66, 1980
2026/08/29 20:49:43.815, 4, 486.86, 93, 38, 32046, 65, 1980
2026/08/29 20:49:43.817, 5, 489.32, 50, 28, 31846, 55, 1980
2026/08/29 20:49:43.822, 6, 516.05, 52, 26, 31606, 62, 1980
2026/08/29 20:49:43.825, 7, 503.12, 99, 61, 31246, 51, 1980
2026/08/29 20:49:48.831, 0, 497.37, 46, 30, 32608, 66, 1980
2026/08/29 20:49:48.833, 1, 454.30, 55, 33, 32288, 49, 1980
2026/08/29 20:49:48.834, 2, 473.18, 79, 26, 32250, 51, 1980
2026/08/29 20:49:48.836, 3, 480.15, 49, 28, 32226, 64, 1980
2026/08/29 20:49:48.836, 4, 470.94, 94, 28, 32046, 65, 1980
2026/08/29 20:49:48.838, 5, 473.53, 89, 39, 31846, 54, 1980
2026/08/29 20:49:48.839, 6, 480.37, 53, 30, 31606, 62, 1980
2026/08/29 20:49:48.841, 7, 462.87, 86, 45, 31246, 52, 1980
2026/08/29 20:49:53.843, 0, 505.68, 92, 50, 32608, 66, 1980
2026/08/29 20:49:53.843, 1, 480.86, 44, 27, 32288, 53, 1980
2026/08/29 20:49:53.843, 2, 501.86, 99, 59, 32250, 55, 1980
2026/08/29 20:49:53.843, 3, 526.60, 93, 53, 32226, 66, 1980
2026/08/29 20:49:53.843, 4, 510.09, 92, 48, 32046, 65, 1980
2026/08/29 20:49:53.843, 5, 505.54, 99, 56, 31846, 55, 1980
2026/08/29 20:49:53.843, 6, 504.01, 89, 54, 31606, 64, 1980
2026/08/29 20:49:53.843, 7, 475.68, 100, 54, 31246, 52, 1980
2026/08/29 20:49:58.843, 0, 522.70, 99, 57, 32608, 66, 1980
2026/08/29 20:49:58.843, 1, 481.75, 100, 60, 32288, 53, 1980
2026/08/29 20:49:58.843, 2, 504.85, 92, 55, 32250, 51, 1980
2026/08/29 20:49:58.843, 3, 515.72, 97, 58, 32226, 63, 1980
2026/08/29 20:49:58.844, 4, 503.17, 99, 58, 32046, 64, 1980
2026/08/29 20:49:58.844, 5, 494.87, 52, 30, 31846, 55, 1980
2026/08/29 20:49:58.844, 6, 511.99, 97, 55, 31606, 61, 1980
2026/08/29 20:49:58.844, 7, 497.53, 53, 30, 31246, 52, 1980
2026/08/29 20:50:03.844, 0, 514.08, 95, 53, 32608, 66, 1980
2026/08/29 20:50:03.845, 1, 494.02, 95, 54, 32288, 53, 1980
2026/08/29 20:50:03.847, 2, 515.06, 96, 58, 32250, 54, 1980
2026/08/29 20:50:03.848, 3, 511.23, 93, 53, 32226, 66, 1980
2026/08/29 20:50:03.849, 4, 493.42, 95, 53, 32046, 64, 1980
2026/08/29 20:50:03.851, 5, 494.36, 93, 50, 31846, 55, 1980
2026/08/29 20:50:03.853, 6, 528.91, 93, 54, 31606, 60, 1980
2026/08/29 20:50:03.854, 7, 499.26, 95, 54, 31246, 51, 1980
2026/08/29 20:50:08.856, 0, 538.36, 72, 36, 32608, 66, 1980
2026/08/29 20:50:08.858, 1, 509.78, 62, 28, 32288, 53, 1980
2026/08/29 20:50:08.860, 2, 505.31, 93, 49, 32250, 54, 1980
2026/08/29 20:50:08.869, 3, 509.65, 94, 48, 32226, 65, 1980
2026/08/29 20:50:08.872, 4, 501.91, 69, 31, 32046, 64, 1980
2026/08/29 20:50:08.877, 5, 494.58, 69, 35, 31846, 55, 1980
2026/08/29 20:50:08.879, 6, 520.51, 94, 48, 31606, 63, 1980
2026/08/29 20:50:08.883, 7, 513.50, 99, 58, 31246, 53, 1980
2026/08/29 20:50:13.891, 0, 522.19, 96, 47, 32608, 65, 1980
2026/08/29 20:50:13.893, 1, 488.44, 80, 45, 32288, 53, 1980
2026/08/29 20:50:13.895, 2, 488.56, 93, 52, 32250, 53, 1980
2026/08/29 20:50:13.895, 3, 491.50, 47, 27, 32226, 64, 1980
2026/08/29 20:50:13.907, 4, 493.81, 71, 40, 32046, 64, 1980
2026/08/29 20:50:13.910, 5, 483.80, 96, 47, 31846, 52, 1980
2026/08/29 20:50:13.916, 6, 489.00, 93, 53, 31606, 62, 1980
2026/08/29 20:50:13.920, 7, 478.76, 73, 41, 31246, 52, 1980
2026/08/29 20:50:18.925, 0, 490.86, 97, 32, 32608, 64, 1980
2026/08/29 20:50:18.927, 1, 456.04, 53, 26, 32288, 52, 1980
2026/08/29 20:50:18.927, 2, 468.64, 92, 33, 32250, 54, 1980
2026/08/29 20:50:18.928, 3, 489.38, 89, 49, 32226, 65, 1980
2026/08/29 20:50:18.931, 4, 472.04, 93, 32, 32046, 63, 1980
2026/08/29 20:50:18.932, 5, 470.39, 51, 29, 31846, 52, 1980
2026/08/29 20:50:18.933, 6, 476.74, 33, 18, 31606, 62, 1980
2026/08/29 20:50:18.934, 7, 462.88, 51, 29, 31246, 49, 1980
2026/08/29 20:50:23.936, 0, 502.45, 99, 61, 32608, 65, 1980
2026/08/29 20:50:23.936, 1, 476.80, 96, 59, 32288, 53, 1980
2026/08/29 20:50:23.936, 2, 477.16, 61, 30, 32250, 54, 1980
2026/08/29 20:50:23.936, 3, 497.40, 93, 30, 32226, 64, 1980
2026/08/29 20:50:23.936, 4, 475.57, 99, 58, 32046, 63, 1980
2026/08/29 20:50:23.936, 5, 474.94, 100, 58, 31846, 53, 1980
2026/08/29 20:50:23.936, 6, 499.96, 95, 53, 31606, 62, 1980
2026/08/29 20:50:23.936, 7, 485.92, 94, 28, 31246, 51, 1980
2026/08/29 20:50:28.936, 0, 483.05, 72, 41, 32608, 66, 1980
2026/08/29 20:50:28.937, 1, 454.49, 89, 46, 32288, 53, 1980
2026/08/29 20:50:28.937, 2, 468.84, 50, 26, 32250, 54, 1980
2026/08/29 20:50:28.937, 3, 505.55, 50, 25, 32226, 64, 1980
2026/08/29 20:50:28.937, 4, 471.93, 82, 42, 32046, 64, 1980
2026/08/29 20:50:28.937, 5, 463.97, 70, 35, 31846, 55, 1980
2026/08/29 20:50:28.937, 6, 507.04, 95, 53, 31606, 63, 1980
2026/08/29 20:50:28.937, 7, 489.49, 66, 28, 31246, 52, 1980
2026/08/29 20:50:33.937, 0, 492.85, 94, 50, 32608, 66, 1980
2026/08/29 20:50:33.940, 1, 476.04, 86, 44, 32288, 54, 1980
2026/08/29 20:50:33.942, 2, 473.86, 93, 55, 32250, 55, 1980
2026/08/29 20:50:33.943, 3, 515.43, 96, 57, 32226, 65, 1980
2026/08/29 20:50:33.945, 4, 478.67, 93, 45, 32046, 63, 1980
2026/08/29 20:50:33.947, 5, 476.95, 100, 55, 31846, 53, 1980
2026/08/29 20:50:33.949, 6, 503.89, 93, 49, 31606, 60, 1980
2026/08/29 20:50:33.951, 7, 491.40, 100, 55, 31246, 51, 1980
2026/08/29 20:50:38.951, 0, 521.47, 59, 29, 32608, 65, 1980
2026/08/29 20:50:38.960, 1, 496.74, 52, 26, 32288, 51, 1980
2026/08/29 20:50:38.960, 2, 490.85, 93, 50, 32250, 53, 1980
2026/08/29 20:50:38.962, 3, 515.71, 80, 40, 32226, 65, 1980
2026/08/29 20:50:38.965, 4, 499.66, 57, 28, 32046, 62, 1980
2026/08/29 20:50:38.965, 5, 493.14, 95, 51, 31866, 53, 1980
2026/08/29 20:50:38.972, 6, 503.22, 54, 30, 31606, 63, 1980
2026/08/29 20:50:38.975, 7, 490.31, 55, 27, 31246, 50, 1980
2026/08/29 20:50:43.977, 0, 509.62, 48, 30, 32608, 66, 1980
2026/08/29 20:50:43.980, 1, 470.26, 95, 56, 32288, 53, 1980
2026/08/29 20:50:43.982, 2, 481.88, 77, 46, 32250, 50, 1980
2026/08/29 20:50:43.983, 3, 487.10, 56, 28, 32226, 65, 1980
2026/08/29 20:50:43.983, 4, 474.37, 95, 55, 32046, 63, 1980
2026/08/29 20:50:43.993, 5, 493.75, 93, 50, 31866, 55, 1980
2026/08/29 20:50:43.993, 6, 493.89, 90, 55, 31606, 64, 1980
2026/08/29 20:50:43.995, 7, 479.38, 51, 30, 31246, 52, 1980
2026/08/29 20:50:48.997, 0, 529.83, 92, 53, 32608, 66, 1980
2026/08/29 20:50:48.999, 1, 504.79, 92, 54, 32288, 53, 1980
2026/08/29 20:50:49.000, 2, 517.26, 91, 51, 32250, 54, 1980
2026/08/29 20:50:49.002, 3, 529.83, 49, 29, 32226, 65, 1980
2026/08/29 20:50:49.003, 4, 488.46, 93, 52, 32046, 63, 1980
2026/08/29 20:50:49.003, 5, 500.90, 71, 34, 31866, 53, 1980
2026/08/29 20:50:49.005, 6, 505.92, 90, 47, 31606, 64, 1980
2026/08/29 20:50:49.007, 7, 495.94, 71, 39, 31246, 52, 1980
2026/08/29 20:50:54.009, 0, 500.27, 49, 30, 32608, 66, 1980
2026/08/29 20:50:54.009, 1, 487.13, 93, 52, 32288, 52, 1980
2026/08/29 20:50:54.009, 2, 484.19, 59, 28, 32250, 53, 1980
2026/08/29 20:50:54.009, 3, 512.10, 54, 28, 32226, 65, 1980
2026/08/29 20:50:54.009, 4, 488.55, 91, 50, 32046, 64, 1980
2026/08/29 20:50:54.009, 5, 488.76, 93, 48, 31866, 55, 1980
2026/08/29 20:50:54.009, 6, 519.44, 93, 51, 31606, 63, 1980
2026/08/29 20:50:54.010, 7, 497.04, 93, 48, 31246, 51, 1980
2026/08/29 20:50:59.010, 0, 508.61, 99, 60, 32608, 63, 1980
2026/08/29 20:50:59.010, 1, 476.40, 97, 59, 32288, 54, 1980
2026/08/29 20:50:59.010, 2, 502.16, 93, 52, 32250, 53, 1980
2026/08/29 20:50:59.010, 3, 510.43, 95, 54, 32226, 64, 1980
2026/08/29 20:50:59.010, 4, 510.03, 99, 60, 32046, 62, 1980
2026/08/29 20:50:59.010, 5, 504.39, 63, 37, 31866, 56, 1980
2026/08/29 20:50:59.010, 6, 500.57, 51, 30, 31606, 62, 1980
2026/08/29 20:50:59.010, 7, 478.63, 99, 56, 31246, 52, 1980
2026/08/29 20:51:04.011, 0, 525.48, 57, 33, 32608, 65, 1980
2026/08/29 20:51:04.011, 1, 502.18, 71, 41, 32288, 54, 1980
2026/08/29 20:51:04.013, 2, 496.66, 53, 30, 32250, 52, 1980
2026/08/29 20:51:04.013, 3, 528.89, 50, 28, 32226, 65, 1980
2026/08/29 20:51:04.015, 4, 497.03, 63, 35, 32046, 65, 1980
2026/08/29 20:51:04.017, 5, 498.14, 84, 44, 31866, 55, 1980
2026/08/29 20:51:04.018, 6, 505.70, 96, 53, 31606, 63, 1980
2026/08/29 20:51:04.020, 7, 481.82, 76, 36, 31246, 53, 1980
2026/08/29 20:51:09.020, 0, 537.34, 95, 54, 32608, 66, 1980
2026/08/29 20:51:09.022, 1, 499.26, 93, 52, 32288, 54, 1980
2026/08/29 20:51:09.024, 2, 503.99, 99, 61, 32250, 55, 1980
2026/08/29 20:51:09.027, 3, 529.66, 90, 50, 32226, 62, 1980
2026/08/29 20:51:09.030, 4, 493.59, 96, 52, 32046, 64, 1980
2026/08/29 20:51:09.031, 5, 493.16, 96, 51, 31866, 55, 1980
2026/08/29 20:51:09.034, 6, 519.60, 96, 53, 31606, 60, 1980
2026/08/29 20:51:09.036, 7, 502.21, 96, 53, 31246, 51, 1980
2026/08/29 20:51:14.040, 0, 535.26, 92, 54, 32608, 65, 1980
2026/08/29 20:51:14.040, 1, 482.33, 99, 59, 32288, 55, 1980
2026/08/29 20:51:14.044, 2, 502.90, 89, 53, 32250, 55, 1980
2026/08/29 20:51:14.049, 3, 523.95, 90, 51, 32226, 63, 1980
2026/08/29 20:51:14.054, 4, 526.33, 93, 55, 32046, 65, 1980
2026/08/29 20:51:14.055, 5, 508.14, 87, 45, 31866, 55, 1980
2026/08/29 20:51:14.058, 6, 522.40, 94, 53, 31606, 64, 1980
2026/08/29 20:51:14.061, 7, 492.28, 52, 29, 31246, 52, 1980
2026/08/29 20:51:19.068, 0, 512.46, 50, 29, 32608, 65, 1980
2026/08/29 20:51:19.070, 1, 512.02, 93, 55, 32288, 53, 1980
2026/08/29 20:51:19.071, 2, 507.87, 78, 46, 32250, 50, 1980
2026/08/29 20:51:19.072, 3, 523.40, 55, 28, 32226, 65, 1980
2026/08/29 20:51:19.073, 4, 515.85, 92, 54, 32046, 63, 1980
2026/08/29 20:51:19.075, 5, 510.28, 94, 51, 31866, 54, 1980
2026/08/29 20:51:19.077, 6, 508.85, 89, 50, 31606, 60, 1980
2026/08/29 20:51:19.078, 7, 493.92, 52, 28, 31246, 51, 1980
2026/08/29 20:51:24.079, 0, 532.19, 94, 51, 32608, 66, 1980
2026/08/29 20:51:24.079, 1, 479.16, 50, 29, 32288, 53, 1980
2026/08/29 20:51:24.079, 2, 487.42, 54, 27, 32250, 54, 1980
2026/08/29 20:51:24.079, 3, 507.63, 93, 53, 32226, 62, 1980
2026/08/29 20:51:24.079, 4, 488.51, 51, 30, 32046, 63, 1980
2026/08/29 20:51:24.079, 5, 481.93, 93, 53, 31866, 55, 1980
2026/08/29 20:51:24.079, 6, 512.00, 89, 52, 31606, 60, 1980
2026/08/29 20:51:24.079, 7, 495.24, 92, 45, 31246, 51, 1980
2026/08/29 20:51:29.080, 0, 517.48, 94, 32, 32608, 66, 1980
2026/08/29 20:51:29.080, 1, 484.04, 50, 29, 32288, 53, 1980
2026/08/29 20:51:29.081, 2, 505.44, 85, 30, 32250, 55, 1980
2026/08/29 20:51:29.081, 3, 525.11, 68, 30, 32226, 65, 1980
2026/08/29 20:51:29.083, 4, 499.76, 53, 29, 32046, 64, 1980
2026/08/29 20:51:29.084, 5, 494.80, 93, 34, 31866, 55, 1980
2026/08/29 20:51:29.085, 6, 523.49, 95, 55, 31606, 62, 1980
2026/08/29 20:51:29.086, 7, 499.48, 94, 29, 31246, 51, 1980
2026/08/29 20:51:34.088, 0, 501.85, 45, 29, 32608, 65, 1980
2026/08/29 20:51:34.090, 1, 474.43, 59, 35, 32288, 54, 1980
2026/08/29 20:51:34.092, 2, 491.56, 95, 57, 32250, 52, 1980
2026/08/29 20:51:34.094, 3, 496.93, 52, 30, 32226, 63, 1980
2026/08/29 20:51:34.095, 4, 480.16, 51, 30, 32046, 65, 1980
2026/08/29 20:51:34.095, 5, 477.60, 93, 47, 31866, 54, 1980
2026/08/29 20:51:34.097, 6, 512.23, 97, 52, 31606, 62, 1980
2026/08/29 20:51:34.100, 7, 496.71, 54, 31, 31246, 51, 1980
2026/08/29 20:51:39.102, 0, 527.86, 84, 47, 32608, 65, 1980
2026/08/29 20:51:39.104, 1, 481.20, 80, 45, 32288, 54, 1980
2026/08/29 20:51:39.107, 2, 495.58, 93, 53, 32250, 53, 1980
2026/08/29 20:51:39.109, 3, 523.22, 86, 49, 32226, 64, 1980
2026/08/29 20:51:39.111, 4, 484.77, 81, 46, 32046, 63, 1980
2026/08/29 20:51:39.114, 5, 479.45, 63, 37, 31866, 52, 1980
2026/08/29 20:51:39.116, 6, 508.94, 35, 17, 31606, 62, 1980
2026/08/29 20:51:39.117, 7, 491.20, 72, 42, 31246, 48, 1980
2026/08/29 20:51:44.118, 0, 522.39, 99, 58, 32608, 67, 1980
2026/08/29 20:51:44.120, 1, 493.27, 99, 61, 32288, 55, 1980
2026/08/29 20:51:44.123, 2, 499.78, 93, 42, 32250, 55, 1980
2026/08/29 20:51:44.124, 3, 516.92, 100, 53, 32226, 64, 1980
2026/08/29 20:51:44.127, 4, 496.73, 100, 57, 32046, 65, 1980
2026/08/29 20:51:44.129, 5, 490.63, 100, 55, 31866, 54, 1980
2026/08/29 20:51:44.135, 6, 527.25, 91, 49, 31606, 62, 1980
2026/08/29 20:51:44.137, 7, 500.51, 100, 57, 31246, 54, 1980
2026/08/29 20:51:49.137, 0, 513.26, 82, 43, 32608, 66, 1980
2026/08/29 20:51:49.138, 1, 488.79, 67, 35, 32288, 54, 1980
2026/08/29 20:51:49.139, 2, 501.79, 92, 55, 32250, 55, 1980
2026/08/29 20:51:49.140, 3, 520.04, 87, 48, 32226, 64, 1980
2026/08/29 20:51:49.143, 4, 493.24, 74, 39, 32046, 64, 1980
2026/08/29 20:51:49.143, 5, 478.36, 52, 31, 31866, 55, 1980
2026/08/29 20:51:49.144, 6, 508.03, 47, 27, 31606, 61, 1980
2026/08/29 20:51:49.146, 7, 494.74, 93, 50, 31246, 50, 1980
2026/08/29 20:51:54.146, 0, 530.61, 95, 54, 32608, 65, 1980
2026/08/29 20:51:54.147, 1, 496.20, 91, 47, 32288, 53, 1980
2026/08/29 20:51:54.147, 2, 513.76, 62, 30, 32250, 50, 1980
2026/08/29 20:51:54.147, 3, 525.60, 92, 50, 32226, 62, 1980
2026/08/29 20:51:54.147, 4, 497.61, 53, 29, 32046, 63, 1980
2026/08/29 20:51:54.147, 5, 498.94, 96, 53, 31866, 54, 1980
2026/08/29 20:51:54.147, 6, 513.88, 56, 28, 31606, 60, 1980
2026/08/29 20:51:54.147, 7, 487.34, 96, 53, 31246, 52, 1980
2026/08/29 20:51:59.147, 0, 516.81, 95, 56, 32608, 65, 1980
2026/08/29 20:51:59.148, 1, 502.14, 99, 61, 32288, 52, 1980
2026/08/29 20:51:59.149, 2, 497.10, 91, 55, 32250, 51, 1980
2026/08/29 20:51:59.151, 3, 499.91, 93, 50, 32226, 64, 1980
2026/08/29 20:51:59.151, 4, 497.93, 96, 53, 32046, 63, 1980
2026/08/29 20:51:59.153, 5, 503.86, 51, 29, 31866, 54, 1980
2026/08/29 20:51:59.155, 6, 508.45, 53, 28, 31606, 61, 1980
2026/08/29 20:51:59.156, 7, 484.82, 97, 54, 31246, 51, 1980
2026/08/29 20:52:04.158, 0, 511.45, 95, 57, 32608, 66, 1980
2026/08/29 20:52:04.160, 1, 497.48, 93, 53, 32288, 52, 1980
2026/08/29 20:52:04.163, 2, 507.57, 100, 59, 32250, 53, 1980
2026/08/29 20:52:04.164, 3, 504.48, 100, 60, 32226, 66, 1980
2026/08/29 20:52:04.165, 4, 487.02, 93, 54, 32046, 62, 1980
2026/08/29 20:52:04.166, 5, 492.42, 96, 54, 31866, 51, 1980
2026/08/29 20:52:04.168, 6, 496.61, 100, 57, 31606, 61, 1980
2026/08/29 20:52:04.170, 7, 483.74, 97, 54, 31246, 50, 1980
2026/08/29 20:52:09.172, 0, 531.36, 93, 51, 32608, 66, 1980
2026/08/29 20:52:09.174, 1, 506.62, 90, 51, 32288, 53, 1980
2026/08/29 20:52:09.174, 2, 511.93, 77, 32, 32250, 53, 1980
2026/08/29 20:52:09.176, 3, 524.21, 96, 50, 32226, 65, 1980
2026/08/29 20:52:09.177, 4, 505.07, 93, 44, 32046, 64, 1980
2026/08/29 20:52:09.179, 5, 509.70, 97, 53, 31866, 55, 1980
2026/08/29 20:52:09.180, 6, 527.64, 67, 30, 31606, 63, 1980
2026/08/29 20:52:09.181, 7, 509.30, 92, 43, 31246, 52, 1980
2026/08/29 20:52:14.183, 0, 522.94, 99, 59, 32608, 66, 1980
2026/08/29 20:52:14.183, 1, 508.83, 75, 38, 32288, 54, 1980
2026/08/29 20:52:14.185, 2, 520.88, 93, 55, 32250, 55, 1980
2026/08/29 20:52:14.186, 3, 521.59, 93, 47, 32226, 65, 1980
2026/08/29 20:52:14.186, 4, 497.48, 87, 40, 32046, 64, 1980
2026/08/29 20:52:14.188, 5, 503.45, 100, 55, 31866, 55, 1980
2026/08/29 20:52:14.190, 6, 526.22, 93, 47, 31606, 63, 1980
2026/08/29 20:52:14.191, 7, 511.33, 100, 57, 31246, 53, 1980
2026/08/29 20:52:19.193, 0, 514.98, 76, 45, 32608, 66, 1980
2026/08/29 20:52:19.194, 1, 503.38, 88, 53, 32288, 50, 1980
2026/08/29 20:52:19.196, 2, 507.08, 99, 56, 32250, 55, 1980
2026/08/29 20:52:19.196, 3, 508.50, 51, 31, 32226, 65, 1980
2026/08/29 20:52:19.198, 4, 501.47, 80, 48, 32046, 61, 1980
2026/08/29 20:52:19.200, 5, 505.77, 48, 26, 31866, 55, 1980
2026/08/29 20:52:19.200, 6, 501.05, 95, 54, 31606, 63, 1980
2026/08/29 20:52:19.200, 7, 504.61, 87, 47, 31246, 53, 1980
2026/08/29 20:52:24.203, 0, 533.68, 67, 34, 32608, 66, 1980
2026/08/29 20:52:24.203, 1, 484.31, 73, 40, 32288, 54, 1980
2026/08/29 20:52:24.203, 2, 487.75, 93, 49, 32250, 53, 1980
2026/08/29 20:52:24.203, 3, 526.87, 93, 48, 32226, 63, 1980
2026/08/29 20:52:24.203, 4, 488.76, 65, 36, 32046, 65, 1980
2026/08/29 20:52:24.203, 5, 490.12, 100, 58, 31866, 53, 1980
2026/08/29 20:52:24.203, 6, 512.64, 93, 51, 31606, 62, 1980
2026/08/29 20:52:24.203, 7, 484.17, 99, 59, 31246, 53, 1980
2026/08/29 20:52:29.203, 0, 489.88, 80, 48, 32608, 65, 1980
2026/08/29 20:52:29.205, 1, 457.24, 93, 56, 32288, 51, 1980
2026/08/29 20:52:29.207, 2, 471.80, 99, 56, 32250, 54, 1980
2026/08/29 20:52:29.208, 3, 485.48, 51, 32, 32226, 64, 1980
2026/08/29 20:52:29.210, 4, 476.91, 84, 51, 32046, 63, 1980
2026/08/29 20:52:29.210, 5, 461.39, 79, 44, 31866, 52, 1980
2026/08/29 20:52:29.212, 6, 474.36, 93, 44, 31606, 63, 1980
2026/08/29 20:52:29.215, 7, 470.80, 63, 30, 31246, 51, 1980
2026/08/29 20:52:34.217, 0, 522.97, 99, 61, 32608, 67, 1980
2026/08/29 20:52:34.218, 1, 496.35, 99, 60, 32288, 51, 1980
2026/08/29 20:52:34.220, 2, 497.44, 97, 55, 32250, 55, 1980
2026/08/29 20:52:34.221, 3, 517.33, 99, 56, 32226, 64, 1980
2026/08/29 20:52:34.222, 4, 495.27, 100, 61, 32046, 63, 1980
2026/08/29 20:52:34.223, 5, 498.64, 62, 37, 31866, 54, 1980
2026/08/29 20:52:34.225, 6, 513.68, 94, 51, 31606, 63, 1980
2026/08/29 20:52:34.227, 7, 493.39, 71, 39, 31246, 51, 1980
2026/08/29 20:52:39.229, 0, 545.83, 97, 57, 32608, 64, 1980
2026/08/29 20:52:39.229, 1, 497.21, 94, 51, 32288, 55, 1980
2026/08/29 20:52:39.229, 2, 506.78, 99, 61, 32250, 57, 1980
2026/08/29 20:52:39.231, 3, 541.87, 93, 56, 32226, 66, 1980
2026/08/29 20:52:39.233, 4, 502.95, 97, 55, 32046, 65, 1980
2026/08/29 20:52:39.235, 5, 499.03, 97, 58, 31866, 53, 1980
2026/08/29 20:52:39.236, 6, 518.17, 94, 57, 31606, 61, 1980
2026/08/29 20:52:39.237, 7, 487.30, 53, 30, 31246, 53, 1980
2026/08/29 20:52:44.239, 0, 532.15, 99, 57, 32608, 67, 1980
2026/08/29 20:52:44.239, 1, 488.80, 99, 58, 32288, 54, 1980
2026/08/29 20:52:44.241, 2, 526.35, 99, 60, 32250, 55, 1980
2026/08/29 20:52:44.243, 3, 534.38, 93, 57, 32226, 62, 1980
2026/08/29 20:52:44.245, 4, 525.47, 99, 57, 32046, 65, 1980
2026/08/29 20:52:44.246, 5, 527.95, 94, 51, 31866, 55, 1980
2026/08/29 20:52:44.247, 6, 508.83, 94, 49, 31606, 64, 1980
2026/08/29 20:52:44.249, 7, 516.43, 93, 46, 31246, 52, 1980
2026/08/29 20:52:49.251, 0, 522.40, 93, 53, 32608, 64, 1980
2026/08/29 20:52:49.252, 1, 494.40, 50, 29, 32288, 53, 1980
2026/08/29 20:52:49.252, 2, 502.06, 83, 43, 32250, 55, 1980
2026/08/29 20:52:49.254, 3, 534.65, 64, 32, 32226, 61, 1980
2026/08/29 20:52:49.256, 4, 502.85, 52, 29, 32046, 63, 1980
2026/08/29 20:52:49.256, 5, 485.32, 97, 55, 31866, 53, 1980
2026/08/29 20:52:49.258, 6, 500.98, 66, 33, 31606, 64, 1980
2026/08/29 20:52:49.259, 7, 490.76, 98, 52, 31246, 50, 1980
2026/08/29 20:52:54.260, 0, 530.02, 92, 55, 32608, 65, 1980
2026/08/29 20:52:54.260, 1, 503.97, 93, 52, 32288, 54, 1980
2026/08/29 20:52:54.260, 2, 515.51, 100, 61, 32250, 53, 1980
2026/08/29 20:52:54.260, 3, 509.31, 73, 40, 32226, 65, 1980
2026/08/29 20:52:54.260, 4, 507.16, 93, 53, 32046, 64, 1980
2026/08/29 20:52:54.260, 5, 500.95, 57, 28, 31866, 52, 1980
2026/08/29 20:52:54.260, 6, 525.75, 72, 30, 31606, 63, 1980
2026/08/29 20:52:54.260, 7, 506.40, 54, 29, 31246, 51, 1980
2026/08/29 20:52:59.261, 0, 532.53, 52, 26, 32608, 64, 1980
2026/08/29 20:52:59.261, 1, 505.89, 96, 53, 32288, 54, 1980
2026/08/29 20:52:59.262, 2, 499.35, 56, 32, 32250, 55, 1980
2026/08/29 20:52:59.263, 3, 523.14, 74, 43, 32226, 65, 1980
2026/08/29 20:52:59.266, 4, 492.08, 93, 53, 32046, 63, 1980
2026/08/29 20:52:59.267, 5, 486.38, 55, 27, 31866, 52, 1980
2026/08/29 20:52:59.269, 6, 521.92, 71, 39, 31606, 63, 1980
2026/08/29 20:52:59.269, 7, 498.31, 55, 30, 31246, 51, 1980
2026/08/29 20:53:04.271, 0, 516.03, 73, 33, 32608, 66, 1980
2026/08/29 20:53:04.272, 1, 486.01, 62, 30, 32288, 53, 1980
2026/08/29 20:53:04.272, 2, 491.91, 49, 28, 32250, 55, 1980
2026/08/29 20:53:04.274, 3, 506.48, 93, 49, 32226, 65, 1980
2026/08/29 20:53:04.276, 4, 478.08, 72, 31, 32046, 65, 1980
2026/08/29 20:53:04.278, 5, 489.63, 98, 57, 31866, 54, 1980
2026/08/29 20:53:04.279, 6, 490.83, 51, 29, 31606, 63, 1980
2026/08/29 20:53:04.280, 7, 477.89, 96, 54, 31246, 52, 1980
2026/08/29 20:53:09.281, 0, 523.01, 94, 49, 32608, 67, 1980
2026/08/29 20:53:09.283, 1, 490.08, 83, 39, 32288, 54, 1980
2026/08/29 20:53:09.284, 2, 499.54, 94, 50, 32250, 54, 1980
2026/08/29 20:53:09.284, 3, 514.11, 93, 50, 32226, 65, 1980
2026/08/29 20:53:09.286, 4, 505.12, 92, 45, 32046, 64, 1980
2026/08/29 20:53:09.288, 5, 495.85, 100, 55, 31866, 55, 1980
2026/08/29 20:53:09.289, 6, 514.90, 94, 50, 31606, 62, 1980
2026/08/29 20:53:09.291, 7, 506.60, 54, 31, 31246, 53, 1980
2026/08/29 20:53:14.291, 0, 517.07, 53, 29, 32608, 64, 1980
2026/08/29 20:53:14.291, 1, 484.21, 49, 28, 32288, 54, 1980
2026/08/29 20:53:14.292, 2, 487.23, 66, 38, 32250, 52, 1980
2026/08/29 20:53:14.293, 3, 514.81, 92, 54, 32226, 61, 1980
2026/08/29 20:53:14.296, 4, 487.90, 50, 29, 32046, 63, 1980
2026/08/29 20:53:14.296, 5, 485.69, 93, 47, 31866, 53, 1980
2026/08/29 20:53:14.298, 6, 519.52, 83, 45, 31606, 59, 1980
2026/08/29 20:53:14.299, 7, 493.35, 100, 52, 31246, 52, 1980
2026/08/29 20:53:19.300, 0, 513.89, 88, 44, 32608, 66, 1980
2026/08/29 20:53:19.302, 1, 500.19, 83, 47, 32288, 50, 1980
2026/08/29 20:53:19.305, 2, 496.36, 48, 26, 32250, 54, 1980
2026/08/29 20:53:19.307, 3, 520.34, 93, 47, 32226, 64, 1980
2026/08/29 20:53:19.308, 4, 487.48, 75, 42, 32046, 62, 1980
2026/08/29 20:53:19.308, 5, 496.77, 100, 58, 31866, 53, 1980
2026/08/29 20:53:19.316, 6, 519.01, 96, 53, 31606, 63, 1980
2026/08/29 20:53:19.323, 7, 490.20, 100, 59, 31246, 49, 1980
2026/08/29 20:53:24.326, 0, 512.17, 51, 28, 32608, 66, 1980
2026/08/29 20:53:24.326, 1, 494.02, 92, 50, 32288, 54, 1980
2026/08/29 20:53:24.326, 2, 507.96, 64, 37, 32250, 55, 1980
2026/08/29 20:53:24.326, 3, 519.97, 63, 30, 32226, 66, 1980
2026/08/29 20:53:24.326, 4, 496.75, 97, 55, 32046, 64, 1980
2026/08/29 20:53:24.326, 5, 496.16, 44, 23, 31866, 54, 1980
2026/08/29 20:53:24.326, 6, 506.52, 96, 53, 31606, 63, 1980
2026/08/29 20:53:24.326, 7, 488.15, 93, 46, 31246, 53, 1980
2026/08/29 20:53:29.326, 0, 524.11, 93, 53, 32608, 64, 1980
2026/08/29 20:53:29.329, 1, 487.01, 93, 53, 32288, 54, 1980
2026/08/29 20:53:29.330, 2, 515.83, 89, 45, 32250, 55, 1980
2026/08/29 20:53:29.332, 3, 507.48, 98, 57, 32226, 65, 1980
2026/08/29 20:53:29.332, 4, 501.86, 93, 47, 32046, 63, 1980
2026/08/29 20:53:29.334, 5, 487.39, 97, 54, 31866, 52, 1980
2026/08/29 20:53:29.336, 6, 505.54, 76, 33, 31606, 63, 1980
2026/08/29 20:53:29.338, 7, 513.17, 100, 53, 31246, 51, 1980
2026/08/29 20:53:34.340, 0, 528.98, 93, 54, 32608, 65, 1980
2026/08/29 20:53:34.340, 1, 494.44, 53, 29, 32288, 54, 1980
2026/08/29 20:53:34.342, 2, 515.50, 92, 48, 32250, 53, 1980
2026/08/29 20:53:34.344, 3, 530.37, 97, 58, 32226, 65, 1980
2026/08/29 20:53:34.346, 4, 517.38, 53, 27, 32046, 64, 1980
2026/08/29 20:53:34.346, 5, 515.40, 93, 56, 31866, 54, 1980
2026/08/29 20:53:34.348, 6, 533.03, 74, 38, 31606, 63, 1980
2026/08/29 20:53:34.349, 7, 507.36, 53, 26, 31246, 53, 1980
2026/08/29 20:53:39.350, 0, 535.79, 93, 54, 32608, 66, 1980
2026/08/29 20:53:39.351, 1, 508.41, 93, 53, 32288, 54, 1980
2026/08/29 20:53:39.352, 2, 511.13, 92, 49, 32250, 55, 1980
2026/08/29 20:53:39.353, 3, 541.27, 99, 60, 32226, 66, 1980
2026/08/29 20:53:39.354, 4, 510.90, 93, 54, 32046, 65, 1980
2026/08/29 20:53:39.355, 5, 508.85, 91, 50, 31866, 53, 1980
2026/08/29 20:53:39.357, 6, 526.85, 84, 38, 31606, 63, 1980
2026/08/29 20:53:39.357, 7, 506.38, 57, 28, 31246, 53, 1980
2026/08/29 20:53:44.359, 0, 528.34, 53, 32, 32608, 67, 1980
2026/08/29 20:53:44.361, 1, 487.40, 99, 60, 32288, 55, 1980
2026/08/29 20:53:44.366, 2, 521.78, 95, 56, 32250, 51, 1980
2026/08/29 20:53:44.369, 3, 518.48, 99, 57, 32226, 66, 1980
2026/08/29 20:53:44.374, 4, 508.35, 99, 61, 32046, 66, 1980
2026/08/29 20:53:44.378, 5, 489.15, 86, 40, 31866, 55, 1980
2026/08/29 20:53:44.380, 6, 504.69, 100, 52, 31606, 62, 1980
2026/08/29 20:53:44.389, 7, 498.01, 100, 58, 31246, 51, 1980
2026/08/29 20:53:49.392, 0, 536.32, 76, 38, 32608, 64, 1980
2026/08/29 20:53:49.393, 1, 489.67, 64, 31, 32288, 50, 1980
2026/08/29 20:53:49.396, 2, 494.97, 52, 30, 32250, 53, 1980
2026/08/29 20:53:49.397, 3, 520.38, 95, 56, 32226, 65, 1980
2026/08/29 20:53:49.398, 4, 493.98, 73, 32, 32046, 64, 1980
2026/08/29 20:53:49.399, 5, 493.78, 61, 35, 31866, 53, 1980
2026/08/29 20:53:49.400, 6, 508.53, 51, 28, 31606, 63, 1980
2026/08/29 20:53:49.403, 7, 500.61, 70, 38, 31246, 50, 1980
2026/08/29 20:53:54.405, 0, 532.21, 76, 37, 32608, 66, 1980
2026/08/29 20:53:54.405, 1, 490.36, 58, 33, 32288, 53, 1980
2026/08/29 20:53:54.405, 2, 499.40, 55, 27, 32250, 51, 1980
2026/08/29 20:53:54.405, 3, 525.34, 93, 51, 32226, 64, 1980
2026/08/29 20:53:54.405, 4, 501.60, 69, 34, 32046, 66, 1980
2026/08/29 20:53:54.405, 5, 503.78, 99, 59, 31866, 55, 1980
2026/08/29 20:53:54.405, 6, 508.36, 53, 29, 31606, 62, 1980
2026/08/29 20:53:54.405, 7, 510.72, 54, 31, 31246, 52, 1980
2026/08/29 20:53:59.405, 0, 513.84, 76, 45, 32608, 66, 1980
2026/08/29 20:53:59.406, 1, 490.53, 93, 55, 32288, 51, 1980
2026/08/29 20:53:59.409, 2, 484.71, 95, 54, 32250, 54, 1980
2026/08/29 20:53:59.410, 3, 501.89, 49, 31, 32226, 66, 1980
2026/08/29 20:53:59.411, 4, 487.77, 82, 48, 32046, 64, 1980
2026/08/29 20:53:59.412, 5, 512.75, 76, 45, 31866, 51, 1980
2026/08/29 20:53:59.413, 6, 526.36, 96, 56, 31606, 63, 1980
2026/08/29 20:53:59.416, 7, 497.26, 55, 27, 31246, 52, 1980
2026/08/29 20:54:04.417, 0, 527.57, 88, 49, 32608, 67, 1980
2026/08/29 20:54:04.419, 1, 502.90, 91, 50, 32288, 54, 1980
2026/08/29 20:54:04.421, 2, 501.12, 100, 60, 32250, 55, 1980
2026/08/29 20:54:04.422, 3, 497.52, 94, 56, 32226, 65, 1980
2026/08/29 20:54:04.423, 4, 484.92, 93, 46, 32046, 64, 1980
2026/08/29 20:54:04.425, 5, 499.58, 88, 45, 31866, 53, 1980
2026/08/29 20:54:04.427, 6, 522.01, 62, 27, 31606, 63, 1980
2026/08/29 20:54:04.427, 7, 483.86, 93, 47, 31246, 53, 1980
2026/08/29 20:54:09.429, 0, 542.00, 99, 60, 32608, 66, 1980
2026/08/29 20:54:09.433, 1, 516.41, 69, 33, 32288, 55, 1980
2026/08/29 20:54:09.435, 2, 507.82, 93, 52, 32250, 55, 1980
2026/08/29 20:54:09.437, 3, 530.84, 95, 55, 32226, 66, 1980
2026/08/29 20:54:09.439, 4, 513.52, 99, 57, 32046, 64, 1980
2026/08/29 20:54:09.441, 5, 514.60, 100, 58, 31866, 55, 1980
2026/08/29 20:54:09.444, 6, 521.64, 94, 45, 31606, 63, 1980
2026/08/29 20:54:09.446, 7, 511.32, 75, 31, 31246, 52, 1980
2026/08/29 20:54:14.448, 0, 533.53, 99, 57, 32608, 66, 1980
2026/08/29 20:54:14.449, 1, 502.99, 100, 59, 32288, 55, 1980
2026/08/29 20:54:14.451, 2, 489.90, 92, 54, 32250, 55, 1980
2026/08/29 20:54:14.454, 3, 526.75, 96, 55, 32226, 63, 1980
2026/08/29 20:54:14.455, 4, 513.26, 99, 57, 32046, 65, 1980
2026/08/29 20:54:14.456, 5, 496.11, 51, 29, 31866, 55, 1980
2026/08/29 20:54:14.457, 6, 515.78, 93, 52, 31606, 64, 1980
2026/08/29 20:54:14.460, 7, 515.94, 89, 45, 31246, 53, 1980
2026/08/29 20:54:19.462, 0, 532.85, 51, 29, 32608, 66, 1980
2026/08/29 20:54:19.463, 1, 503.69, 93, 51, 32288, 54, 1980
2026/08/29 20:54:19.464, 2, 518.29, 99, 60, 32250, 55, 1980
2026/08/29 20:54:19.466, 3, 535.05, 95, 58, 32226, 64, 1980
2026/08/29 20:54:19.467, 4, 510.77, 99, 57, 32046, 65, 1980
2026/08/29 20:54:19.467, 5, 510.73, 54, 31, 31866, 55, 1980
2026/08/29 20:54:19.469, 6, 529.76, 95, 50, 31606, 64, 1980
2026/08/29 20:54:19.471, 7, 508.67, 93, 46, 31246, 52, 1980
2026/08/29 20:54:24.472, 0, 529.79, 53, 26, 32608, 67, 1980
2026/08/29 20:54:24.472, 1, 504.09, 98, 51, 32288, 54, 1980
2026/08/29 20:54:24.473, 2, 515.17, 100, 57, 32250, 54, 1980
2026/08/29 20:54:24.473, 3, 526.70, 76, 35, 32226, 66, 1980
2026/08/29 20:54:24.473, 4, 498.16, 55, 28, 32046, 65, 1980
2026/08/29 20:54:24.473, 5, 507.90, 93, 51, 31866, 55, 1980
2026/08/29 20:54:24.473, 6, 536.00, 100, 58, 31606, 64, 1980
2026/08/29 20:54:24.473, 7, 509.68, 93, 50, 31246, 53, 1980
2026/08/29 20:54:29.473, 0, 524.27, 86, 42, 32608, 66, 1980
2026/08/29 20:54:29.475, 1, 476.23, 70, 40, 32288, 54, 1980
2026/08/29 20:54:29.477, 2, 487.27, 51, 25, 32250, 55, 1980
2026/08/29 20:54:29.478, 3, 524.91, 49, 28, 32226, 66, 1980
2026/08/29 20:54:29.480, 4, 493.27, 83, 36, 32046, 64, 1980
2026/08/29 20:54:29.480, 5, 506.58, 90, 40, 31866, 55, 1980
2026/08/29 20:54:29.481, 6, 527.79, 96, 52, 31606, 64, 1980
2026/08/29 20:54:29.483, 7, 506.07, 100, 57, 31246, 52, 1980
2026/08/29 20:54:34.484, 0, 512.30, 52, 31, 32608, 66, 1980
2026/08/29 20:54:34.485, 1, 490.92, 54, 32, 32288, 54, 1980
2026/08/29 20:54:34.486, 2, 501.67, 93, 56, 32250, 54, 1980
2026/08/29 20:54:34.488, 3, 533.99, 53, 29, 32226, 65, 1980
2026/08/29 20:54:34.492, 4, 521.46, 50, 31, 32046, 64, 1980
2026/08/29 20:54:34.494, 5, 505.81, 50, 31, 31866, 55, 1980
2026/08/29 20:54:34.496, 6, 512.70, 98, 54, 31606, 63, 1980
2026/08/29 20:54:34.496, 7, 506.92, 93, 44, 31246, 52, 1980
2026/08/29 20:54:39.498, 0, 522.16, 49, 24, 32608, 65, 1980
2026/08/29 20:54:39.499, 1, 495.17, 93, 52, 32288, 52, 1980
2026/08/29 20:54:39.501, 2, 508.81, 54, 32, 32250, 56, 1980
2026/08/29 20:54:39.501, 3, 506.67, 70, 38, 32226, 61, 1980
2026/08/29 20:54:39.503, 4, 508.21, 93, 50, 32066, 62, 1980
2026/08/29 20:54:39.506, 5, 500.94, 53, 26, 31866, 53, 1980
2026/08/29 20:54:39.507, 6, 519.57, 66, 35, 31606, 61, 1980
2026/08/29 20:54:39.509, 7, 501.15, 93, 47, 31246, 50, 1980
2026/08/29 20:54:44.511, 0, 512.95, 48, 31, 32608, 67, 1980
2026/08/29 20:54:44.519, 1, 482.76, 59, 36, 32288, 54, 1980
2026/08/29 20:54:44.523, 2, 491.67, 89, 53, 32250, 52, 1980
2026/08/29 20:54:44.526, 3, 507.30, 49, 30, 32226, 63, 1980
2026/08/29 20:54:44.529, 4, 497.25, 53, 32, 32066, 64, 1980
2026/08/29 20:54:44.531, 5, 488.83, 48, 31, 31866, 56, 1980
2026/08/29 20:54:44.534, 6, 501.14, 93, 52, 31606, 63, 1980
2026/08/29 20:54:44.538, 7, 489.90, 88, 50, 31246, 51, 1980
2026/08/29 20:54:49.541, 0, 518.26, 99, 57, 32608, 66, 1980
2026/08/29 20:54:49.544, 1, 487.40, 50, 30, 32288, 53, 1980
2026/08/29 20:54:49.545, 2, 500.15, 60, 29, 32250, 51, 1980
2026/08/29 20:54:49.547, 3, 512.97, 52, 27, 32226, 63, 1980
2026/08/29 20:54:49.547, 4, 506.04, 50, 29, 32066, 64, 1980
2026/08/29 20:54:49.549, 5, 506.00, 99, 57, 31866, 55, 1980
2026/08/29 20:54:49.552, 6, 514.20, 95, 55, 31606, 61, 1980
2026/08/29 20:54:49.553, 7, 493.43, 100, 53, 31246, 52, 1980
2026/08/29 20:54:54.555, 0, 332.26, 100, 0, 32608, 65, 1980
2026/08/29 20:54:54.555, 1, 323.23, 97, 56, 32288, 52, 1980
2026/08/29 20:54:54.555, 2, 326.99, 100, 61, 32250, 54, 1980
2026/08/29 20:54:54.555, 3, 334.05, 96, 3, 32226, 64, 1980
2026/08/29 20:54:54.555, 4, 336.77, 96, 58, 32066, 63, 1980
2026/08/29 20:54:54.555, 5, 318.89, 100, 0, 31866, 53, 1980
2026/08/29 20:54:54.555, 6, 339.48, 100, 60, 31606, 64, 1980
2026/08/29 20:54:54.555, 7, 325.63, 96, 39, 31246, 50, 1980
2026/08/29 20:54:59.556, 0, 537.19, 80, 48, 32608, 65, 1980
2026/08/29 20:54:59.556, 1, 484.44, 91, 56, 32288, 52, 1980
2026/08/29 20:54:59.558, 2, 524.63, 99, 57, 32250, 54, 1980
2026/08/29 20:54:59.559, 3, 524.85, 52, 32, 32226, 65, 1980
2026/08/29 20:54:59.559, 4, 507.44, 85, 51, 32066, 63, 1980
2026/08/29 20:54:59.561, 5, 502.07, 71, 30, 31866, 54, 1980
2026/08/29 20:54:59.563, 6, 533.46, 93, 44, 31606, 63, 1980
2026/08/29 20:54:59.563, 7, 518.60, 64, 30, 31246, 51, 1980
2026/08/29 20:55:04.565, 0, 533.02, 65, 31, 32608, 66, 1980
2026/08/29 20:55:04.566, 1, 502.49, 58, 28, 32288, 53, 1980
2026/08/29 20:55:04.568, 2, 500.32, 51, 25, 32250, 55, 1980
2026/08/29 20:55:04.568, 3, 522.50, 91, 48, 32226, 64, 1980
2026/08/29 20:55:04.570, 4, 507.24, 60, 28, 32066, 65, 1980
2026/08/29 20:55:04.572, 5, 489.50, 65, 32, 31866, 55, 1980
2026/08/29 20:55:04.573, 6, 532.69, 50, 30, 31606, 64, 1980
2026/08/29 20:55:04.575, 7, 508.99, 97, 60, 31246, 53, 1980
2026/08/29 20:55:09.575, 0, 536.20, 81, 40, 32608, 66, 1980
2026/08/29 20:55:09.575, 1, 509.20, 72, 34, 32288, 54, 1980
2026/08/29 20:55:09.578, 2, 516.72, 51, 27, 32250, 54, 1980
2026/08/29 20:55:09.579, 3, 517.99, 93, 45, 32226, 65, 1980
2026/08/29 20:55:09.581, 4, 516.72, 80, 35, 32066, 64, 1980
2026/08/29 20:55:09.586, 5, 506.47, 100, 58, 31866, 55, 1980
2026/08/29 20:55:09.589, 6, 527.28, 52, 29, 31606, 63, 1980
2026/08/29 20:55:09.591, 7, 519.00, 68, 39, 31246, 52, 1980
2026/08/29 20:55:14.595, 0, 511.99, 54, 27, 32608, 63, 1980
2026/08/29 20:55:14.598, 1, 482.82, 90, 51, 32288, 52, 1980
2026/08/29 20:55:14.600, 2, 484.98, 52, 32, 32250, 53, 1980
2026/08/29 20:55:14.612, 3, 484.90, 69, 39, 32226, 60, 1980
2026/08/29 20:55:14.615, 4, 474.79, 51, 25, 32066, 62, 1980
2026/08/29 20:55:14.618, 5, 480.40, 57, 28, 31866, 52, 1980
2026/08/29 20:55:14.620, 6, 506.52, 65, 36, 31606, 59, 1980
2026/08/29 20:55:14.624, 7, 488.49, 91, 51, 31246, 50, 1980
2026/08/29 20:55:19.629, 0, 516.39, 92, 38, 32608, 66, 1980
2026/08/29 20:55:19.630, 1, 483.76, 93, 33, 32288, 53, 1980
2026/08/29 20:55:19.632, 2, 497.08, 93, 30, 32250, 53, 1980
2026/08/29 20:55:19.633, 3, 502.71, 92, 52, 32226, 65, 1980
2026/08/29 20:55:19.634, 4, 488.72, 92, 32, 32066, 64, 1980
2026/08/29 20:55:19.635, 5, 490.78, 95, 36, 31866, 51, 1980
2026/08/29 20:55:19.637, 6, 499.26, 89, 30, 31606, 62, 1980
2026/08/29 20:55:19.639, 7, 485.00, 56, 27, 31246, 52, 1980
2026/08/29 20:55:24.640, 0, 521.05, 49, 29, 32608, 66, 1980
2026/08/29 20:55:24.641, 1, 490.75, 93, 50, 32288, 54, 1980
2026/08/29 20:55:24.641, 2, 496.54, 96, 57, 32250, 54, 1980
2026/08/29 20:55:24.641, 3, 512.07, 93, 48, 32226, 63, 1980
2026/08/29 20:55:24.641, 4, 498.30, 93, 46, 32066, 64, 1980
2026/08/29 20:55:24.641, 5, 497.23, 53, 31, 31866, 55, 1980
2026/08/29 20:55:24.641, 6, 514.10, 93, 48, 31606, 63, 1980
2026/08/29 20:55:24.641, 7, 496.41, 94, 46, 31246, 52, 1980
2026/08/29 20:55:29.641, 0, 496.45, 87, 51, 32608, 65, 1980
2026/08/29 20:55:29.642, 1, 498.14, 90, 53, 32288, 52, 1980
2026/08/29 20:55:29.643, 2, 497.83, 94, 50, 32250, 53, 1980
2026/08/29 20:55:29.646, 3, 489.75, 59, 34, 32226, 65, 1980
2026/08/29 20:55:29.647, 4, 476.48, 89, 51, 32066, 62, 1980
2026/08/29 20:55:29.649, 5, 479.57, 84, 48, 31866, 53, 1980
2026/08/29 20:55:29.649, 6, 501.24, 82, 37, 31606, 63, 1980
2026/08/29 20:55:29.651, 7, 489.82, 55, 27, 31246, 50, 1980
2026/08/29 20:55:34.654, 0, 504.13, 97, 56, 32608, 66, 1980
2026/08/29 20:55:34.655, 1, 477.34, 93, 48, 32288, 53, 1980
2026/08/29 20:55:34.657, 2, 492.65, 100, 59, 32250, 56, 1980
2026/08/29 20:55:34.657, 3, 499.84, 96, 57, 32226, 61, 1980
2026/08/29 20:55:34.659, 4, 491.33, 92, 49, 32066, 63, 1980
2026/08/29 20:55:34.661, 5, 495.65, 97, 53, 31866, 53, 1980
2026/08/29 20:55:34.663, 6, 506.54, 80, 44, 31606, 64, 1980
2026/08/29 20:55:34.664, 7, 480.62, 52, 30, 31246, 51, 1980
2026/08/29 20:55:39.665, 0, 525.98, 94, 51, 32608, 66, 1980
2026/08/29 20:55:39.666, 1, 503.13, 83, 44, 32288, 53, 1980
2026/08/29 20:55:39.666, 2, 502.79, 54, 27, 32250, 55, 1980
2026/08/29 20:55:39.668, 3, 514.95, 93, 54, 32226, 65, 1980
2026/08/29 20:55:39.670, 4, 497.78, 90, 48, 32066, 63, 1980
2026/08/29 20:55:39.671, 5, 506.34, 93, 51, 31866, 55, 1980
2026/08/29 20:55:39.672, 6, 506.51, 53, 30, 31606, 63, 1980
2026/08/29 20:55:39.673, 7, 503.82, 53, 30, 31246, 52, 1980
2026/08/29 20:55:44.675, 0, 508.51, 95, 58, 32608, 63, 1980
2026/08/29 20:55:44.677, 1, 498.31, 97, 58, 32288, 52, 1980
2026/08/29 20:55:44.679, 2, 502.82, 100, 59, 32250, 55, 1980
2026/08/29 20:55:44.681, 3, 505.11, 69, 42, 32226, 63, 1980
2026/08/29 20:55:44.682, 4, 499.25, 95, 58, 32066, 62, 1980
2026/08/29 20:55:44.682, 5, 480.15, 52, 24, 31866, 54, 1980
2026/08/29 20:55:44.684, 6, 494.03, 100, 56, 31606, 61, 1980
2026/08/29 20:55:44.686, 7, 485.20, 97, 54, 31246, 51, 1980
2026/08/29 20:55:49.687, 0, 484.47, 88, 45, 32608, 65, 1980
2026/08/29 20:55:49.687, 1, 458.08, 79, 36, 32288, 53, 1980
2026/08/29 20:55:49.688, 2, 473.21, 55, 28, 32250, 52, 1980
2026/08/29 20:55:49.689, 3, 477.54, 93, 48, 32226, 65, 1980
2026/08/29 20:55:49.691, 4, 464.17, 85, 39, 32066, 63, 1980
2026/08/29 20:55:49.691, 5, 465.05, 100, 55, 31866, 54, 1980
2026/08/29 20:55:49.694, 6, 473.91, 50, 28, 31606, 63, 1980
2026/08/29 20:55:49.696, 7, 472.35, 61, 34, 31246, 51, 1980
2026/08/29 20:55:54.698, 0, 515.09, 48, 28, 32608, 66, 1980
2026/08/29 20:55:54.698, 1, 498.94, 100, 60, 32288, 54, 1980
2026/08/29 20:55:54.698, 2, 509.35, 91, 52, 32250, 55, 1980
2026/08/29 20:55:54.698, 3, 524.51, 51, 28, 32226, 65, 1980
2026/08/29 20:55:54.698, 4, 510.79, 100, 60, 32066, 65, 1980
2026/08/29 20:55:54.698, 5, 511.90, 93, 47, 31866, 55, 1980
2026/08/29 20:55:54.698, 6, 508.50, 93, 51, 31606, 64, 1980
2026/08/29 20:55:54.698, 7, 496.90, 100, 56, 31246, 54, 1980
2026/08/29 20:55:59.699, 0, 512.75, 95, 54, 32608, 65, 1980
2026/08/29 20:55:59.699, 1, 497.73, 96, 56, 32288, 54, 1980
2026/08/29 20:55:59.702, 2, 489.49, 60, 29, 32250, 50, 1980
2026/08/29 20:55:59.703, 3, 505.76, 93, 54, 32226, 62, 1980
2026/08/29 20:55:59.705, 4, 491.28, 93, 45, 32066, 63, 1980
2026/08/29 20:55:59.705, 5, 483.01, 96, 51, 31866, 55, 1980
2026/08/29 20:55:59.707, 6, 506.18, 54, 27, 31606, 60, 1980
2026/08/29 20:55:59.709, 7, 495.83, 52, 29, 31246, 52, 1980
2026/08/29 20:56:04.711, 0, 533.85, 94, 51, 32608, 66, 1980
2026/08/29 20:56:04.712, 1, 507.22, 84, 42, 32288, 53, 1980
2026/08/29 20:56:04.714, 2, 517.97, 54, 27, 32250, 54, 1980
2026/08/29 20:56:04.715, 3, 528.20, 93, 50, 32226, 65, 1980
2026/08/29 20:56:04.716, 4, 516.18, 92, 46, 32066, 63, 1980
2026/08/29 20:56:04.717, 5, 517.37, 93, 48, 31866, 55, 1980
2026/08/29 20:56:04.718, 6, 522.08, 89, 49, 31606, 64, 1980
2026/08/29 20:56:04.720, 7, 501.85, 89, 45, 31246, 53, 1980
2026/08/29 20:56:09.722, 0, 541.03, 99, 57, 32608, 66, 1980
2026/08/29 20:56:09.723, 1, 508.19, 71, 35, 32288, 54, 1980
2026/08/29 20:56:09.725, 2, 520.95, 93, 53, 32250, 55, 1980
2026/08/29 20:56:09.726, 3, 532.23, 93, 52, 32226, 65, 1980
2026/08/29 20:56:09.726, 4, 504.35, 82, 38, 32066, 64, 1980
2026/08/29 20:56:09.728, 5, 513.74, 98, 54, 31866, 55, 1980
2026/08/29 20:56:09.730, 6, 526.98, 50, 28, 31606, 63, 1980
2026/08/29 20:56:09.731, 7, 515.53, 78, 36, 31246, 54, 1980
2026/08/29 20:56:14.733, 0, 538.25, 93, 53, 32608, 67, 1980
2026/08/29 20:56:14.735, 1, 508.78, 93, 53, 32288, 54, 1980
2026/08/29 20:56:14.736, 2, 525.44, 81, 37, 32250, 54, 1980
2026/08/29 20:56:14.738, 3, 536.69, 96, 54, 32226, 65, 1980
2026/08/29 20:56:14.738, 4, 519.93, 93, 47, 32066, 65, 1980
2026/08/29 20:56:14.740, 5, 521.69, 93, 47, 31866, 55, 1980
2026/08/29 20:56:14.742, 6, 539.24, 66, 28, 31606, 64, 1980
2026/08/29 20:56:14.744, 7, 524.14, 51, 30, 31246, 53, 1980
2026/08/29 20:56:19.746, 0, 520.68, 92, 52, 32608, 66, 1980
2026/08/29 20:56:19.752, 1, 487.18, 49, 30, 32288, 53, 1980
2026/08/29 20:56:19.755, 2, 483.12, 78, 46, 32250, 51, 1980
2026/08/29 20:56:19.757, 3, 515.92, 53, 28, 32226, 63, 1980
2026/08/29 20:56:19.759, 4, 488.98, 50, 31, 32066, 64, 1980
2026/08/29 20:56:19.761, 5, 495.03, 93, 51, 31866, 55, 1980
2026/08/29 20:56:19.764, 6, 526.38, 88, 53, 31606, 61, 1980
2026/08/29 20:56:19.767, 7, 492.92, 51, 29, 31246, 52, 1980
2026/08/29 20:56:24.768, 0, 519.30, 96, 57, 32608, 62, 1980
2026/08/29 20:56:24.769, 1, 468.98, 54, 26, 32288, 51, 1980
2026/08/29 20:56:24.769, 2, 485.50, 49, 29, 32250, 54, 1980
2026/08/29 20:56:24.769, 3, 509.14, 99, 58, 32226, 64, 1980
2026/08/29 20:56:24.769, 4, 484.10, 59, 25, 32066, 61, 1980
2026/08/29 20:56:24.769, 5, 482.00, 97, 57, 31866, 52, 1980
2026/08/29 20:56:24.769, 6, 498.02, 50, 29, 31606, 63, 1980
2026/08/29 20:56:24.769, 7, 485.76, 89, 49, 31246, 49, 1980
2026/08/29 20:56:29.769, 0, 517.98, 62, 36, 32608, 65, 1980
2026/08/29 20:56:29.771, 1, 491.34, 98, 61, 32288, 51, 1980
2026/08/29 20:56:29.773, 2, 510.50, 49, 27, 32250, 52, 1980
2026/08/29 20:56:29.774, 3, 506.34, 99, 57, 32226, 65, 1980
2026/08/29 20:56:29.774, 4, 502.35, 99, 58, 32066, 63, 1980
2026/08/29 20:56:29.776, 5, 501.41, 100, 58, 31866, 54, 1980
2026/08/29 20:56:29.778, 6, 507.76, 49, 26, 31606, 63, 1980
2026/08/29 20:56:29.780, 7, 495.28, 76, 34, 31246, 52, 1980
2026/08/29 20:56:34.782, 0, 410.68, 100, 0, 32608, 59, 1980
2026/08/29 20:56:34.783, 1, 403.04, 100, 0, 32288, 46, 1980
2026/08/29 20:56:34.784, 2, 425.73, 97, 2, 32250, 46, 1980
2026/08/29 20:56:34.785, 3, 404.37, 100, 0, 32226, 58, 1980
2026/08/29 20:56:34.787, 4, 426.36, 97, 29, 32066, 58, 1980
2026/08/29 20:56:34.787, 5, 395.96, 0, 0, 31866, 47, 1980
2026/08/29 20:56:34.789, 6, 403.64, 100, 0, 31606, 57, 1980
2026/08/29 20:56:34.790, 7, 386.24, 100, 0, 31246, 45, 1980
2026/08/29 20:56:39.792, 0, 539.93, 93, 54, 32608, 67, 1980
2026/08/29 20:56:39.793, 1, 508.58, 93, 54, 32288, 55, 1980
2026/08/29 20:56:39.795, 2, 527.79, 91, 48, 32250, 54, 1980
2026/08/29 20:56:39.797, 3, 535.25, 100, 57, 32226, 66, 1980
2026/08/29 20:56:39.799, 4, 516.09, 93, 48, 32066, 62, 1980
2026/08/29 20:56:39.799, 5, 498.95, 93, 48, 31866, 56, 1980
2026/08/29 20:56:39.801, 6, 505.69, 77, 34, 31606, 65, 1980
2026/08/29 20:56:39.804, 7, 513.05, 93, 48, 31246, 53, 1980
2026/08/29 20:56:44.804, 0, 536.03, 96, 58, 32608, 66, 1980
2026/08/29 20:56:44.805, 1, 508.94, 52, 26, 32288, 53, 1980
2026/08/29 20:56:44.807, 2, 520.76, 93, 48, 32250, 55, 1980
2026/08/29 20:56:44.819, 3, 534.05, 93, 51, 32226, 65, 1980
2026/08/29 20:56:44.821, 4, 506.49, 56, 26, 32066, 64, 1980
2026/08/29 20:56:44.824, 5, 506.31, 96, 56, 31866, 56, 1980
2026/08/29 20:56:44.827, 6, 524.46, 88, 43, 31606, 64, 1980
2026/08/29 20:56:44.829, 7, 504.04, 54, 26, 31246, 52, 1980
2026/08/29 20:56:49.832, 0, 519.47, 83, 48, 32608, 62, 1980
2026/08/29 20:56:49.833, 1, 507.54, 95, 54, 32288, 51, 1980
2026/08/29 20:56:49.834, 2, 483.62, 93, 51, 32250, 53, 1980
2026/08/29 20:56:49.835, 3, 491.33, 50, 31, 32226, 65, 1980
2026/08/29 20:56:49.837, 4, 492.32, 83, 47, 32066, 62, 1980
2026/08/29 20:56:49.839, 5, 488.35, 77, 44, 31866, 51, 1980
2026/08/29 20:56:49.840, 6, 492.54, 96, 54, 31606, 63, 1980
2026/08/29 20:56:49.840, 7, 482.52, 93, 50, 31246, 49, 1980
2026/08/29 20:56:54.842, 0, 536.69, 95, 55, 32608, 66, 1980
2026/08/29 20:56:54.843, 1, 488.81, 48, 31, 32288, 53, 1980
2026/08/29 20:56:54.843, 2, 496.87, 58, 28, 32250, 51, 1980
2026/08/29 20:56:54.843, 3, 531.64, 93, 52, 32226, 64, 1980
2026/08/29 20:56:54.843, 4, 499.16, 50, 31, 32066, 65, 1980
2026/08/29 20:56:54.843, 5, 504.03, 95, 55, 31866, 55, 1980
2026/08/29 20:56:54.843, 6, 528.60, 93, 56, 31606, 62, 1980
2026/08/29 20:56:54.843, 7, 494.66, 51, 31, 31246, 52, 1980
2026/08/29 20:56:59.843, 0, 507.00, 50, 31, 32608, 67, 1980
2026/08/29 20:56:59.844, 1, 498.44, 55, 32, 32288, 54, 1980
2026/08/29 20:56:59.847, 2, 490.99, 93, 48, 32250, 55, 1980
2026/08/29 20:56:59.848, 3, 498.28, 51, 30, 32226, 66, 1980
2026/08/29 20:56:59.850, 4, 508.27, 100, 58, 32066, 65, 1980
2026/08/29 20:56:59.852, 5, 485.22, 52, 30, 31866, 55, 1980
2026/08/29 20:56:59.853, 6, 500.09, 94, 47, 31606, 64, 1980
2026/08/29 20:56:59.854, 7, 491.80, 87, 39, 31246, 53, 1980
2026/08/29 20:57:04.856, 0, 538.39, 91, 46, 32608, 66, 1980
2026/08/29 20:57:04.856, 1, 493.77, 58, 33, 32288, 54, 1980
2026/08/29 20:57:04.856, 2, 511.79, 89, 52, 32250, 53, 1980
2026/08/29 20:57:04.858, 3, 523.94, 49, 28, 32226, 65, 1980
2026/08/29 20:57:04.860, 4, 514.68, 52, 31, 32066, 65, 1980
2026/08/29 20:57:04.862, 5, 511.25, 91, 46, 31866, 54, 1980
2026/08/29 20:57:04.863, 6, 521.38, 94, 52, 31606, 64, 1980
2026/08/29 20:57:04.863, 7, 505.79, 99, 59, 31246, 53, 1980
2026/08/29 20:57:09.865, 0, 464.42, 89, 52, 32608, 64, 1980
2026/08/29 20:57:09.869, 1, 443.74, 91, 51, 32288, 53, 1980
2026/08/29 20:57:09.871, 2, 459.85, 87, 45, 32250, 52, 1980
2026/08/29 20:57:09.874, 3, 475.74, 76, 46, 32226, 61, 1980
2026/08/29 20:57:09.877, 4, 457.81, 47, 22, 32066, 63, 1980
2026/08/29 20:57:09.882, 5, 459.36, 90, 51, 31866, 53, 1980
2026/08/29 20:57:09.885, 6, 468.17, 63, 30, 31606, 60, 1980
2026/08/29 20:57:09.885, 7, 451.37, 51, 21, 31246, 51, 1980
2026/08/29 20:57:14.888, 0, 453.76, 99, 61, 32608, 66, 1980
2026/08/29 20:57:14.889, 1, 455.51, 97, 61, 32288, 54, 1980
2026/08/29 20:57:14.889, 2, 447.30, 92, 52, 32250, 53, 1980
2026/08/29 20:57:14.891, 3, 446.74, 95, 56, 32226, 65, 1980
2026/08/29 20:57:14.893, 4, 431.85, 100, 62, 32066, 62, 1980
2026/08/29 20:57:14.893, 5, 428.84, 100, 61, 31866, 55, 1980
2026/08/29 20:57:14.893, 6, 452.51, 93, 51, 31606, 63, 1980
2026/08/29 20:57:14.894, 7, 435.63, 99, 61, 31246, 49, 1980
2026/08/29 20:57:19.896, 0, 514.31, 81, 48, 32608, 62, 1980
2026/08/29 20:57:19.897, 1, 488.27, 92, 54, 32288, 55, 1980
2026/08/29 20:57:19.899, 2, 481.64, 95, 56, 32250, 53, 1980
2026/08/29 20:57:19.900, 3, 509.10, 54, 32, 32226, 67, 1980
2026/08/29 20:57:19.901, 4, 481.15, 93, 54, 32066, 65, 1980
2026/08/29 20:57:19.903, 5, 494.15, 80, 47, 31866, 51, 1980
2026/08/29 20:57:19.905, 6, 510.17, 98, 59, 31606, 65, 1980
2026/08/29 20:57:19.907, 7, 475.17, 93, 49, 31246, 49, 1980
2026/08/29 20:57:24.908, 0, 520.34, 49, 30, 32608, 67, 1980
2026/08/29 20:57:24.908, 1, 510.12, 93, 52, 32288, 53, 1980
2026/08/29 20:57:24.909, 2, 528.33, 99, 58, 32250, 55, 1980
2026/08/29 20:57:24.909, 3, 533.92, 54, 27, 32226, 65, 1980
2026/08/29 20:57:24.909, 4, 509.54, 93, 50, 32066, 64, 1980
2026/08/29 20:57:24.909, 5, 502.35, 50, 30, 31866, 56, 1980
2026/08/29 20:57:24.909, 6, 515.41, 94, 53, 31606, 63, 1980
2026/08/29 20:57:24.909, 7, 496.55, 94, 50, 31246, 53, 1980
2026/08/29 20:57:29.909, 0, 534.76, 66, 31, 32608, 66, 1980
2026/08/29 20:57:29.909, 1, 504.13, 92, 49, 32288, 53, 1980
2026/08/29 20:57:29.910, 2, 509.69, 95, 54, 32250, 55, 1980
2026/08/29 20:57:29.911, 3, 533.37, 89, 45, 32226, 67, 1980
2026/08/29 20:57:29.914, 4, 507.24, 93, 56, 32066, 65, 1980
2026/08/29 20:57:29.915, 5, 506.88, 67, 31, 31866, 55, 1980
2026/08/29 20:57:29.917, 6, 527.46, 93, 48, 31606, 64, 1980
2026/08/29 20:57:29.917, 7, 508.47, 93, 56, 31246, 54, 1980
2026/08/29 20:57:34.919, 0, 518.17, 51, 31, 32608, 66, 1980
2026/08/29 20:57:34.920, 1, 475.18, 58, 34, 32288, 54, 1980
2026/08/29 20:57:34.923, 2, 488.04, 94, 56, 32250, 53, 1980
2026/08/29 20:57:34.924, 3, 525.60, 49, 29, 32226, 65, 1980
2026/08/29 20:57:34.926, 4, 497.62, 54, 30, 32066, 64, 1980
2026/08/29 20:57:34.927, 5, 472.78, 53, 28, 31866, 55, 1980
2026/08/29 20:57:34.929, 6, 499.26, 94, 47, 31606, 64, 1980
2026/08/29 20:57:34.931, 7, 487.62, 90, 41, 31246, 53, 1980
2026/08/29 20:57:39.934, 0, 519.76, 53, 29, 32608, 64, 1980
2026/08/29 20:57:39.935, 1, 470.23, 100, 53, 32288, 53, 1980
2026/08/29 20:57:39.936, 2, 484.04, 63, 33, 32250, 55, 1980
2026/08/29 20:57:39.939, 3, 508.51, 84, 46, 32226, 61, 1980
2026/08/29 20:57:39.941, 4, 475.70, 97, 50, 32066, 63, 1980
2026/08/29 20:57:39.942, 5, 491.25, 53, 28, 31866, 53, 1980
2026/08/29 20:57:39.942, 6, 515.60, 99, 59, 31606, 60, 1980
2026/08/29 20:57:39.944, 7, 501.79, 99, 52, 31246, 51, 1980
2026/08/29 20:57:44.947, 0, 492.62, 49, 27, 32608, 66, 1980
2026/08/29 20:57:44.948, 1, 477.38, 46, 26, 32288, 53, 1980
2026/08/29 20:57:44.949, 2, 487.73, 75, 43, 32250, 50, 1980
2026/08/29 20:57:44.950, 3, 481.28, 51, 25, 32226, 64, 1980
2026/08/29 20:57:44.953, 4, 466.40, 46, 25, 32066, 64, 1980
2026/08/29 20:57:44.954, 5, 462.96, 48, 25, 31866, 55, 1980
2026/08/29 20:57:44.956, 6, 484.78, 89, 49, 31606, 61, 1980
2026/08/29 20:57:44.956, 7, 477.45, 95, 52, 31246, 52, 1980
2026/08/29 20:57:49.959, 0, 514.22, 90, 32, 32608, 68, 1980
2026/08/29 20:57:49.960, 1, 477.42, 69, 37, 32288, 52, 1980
2026/08/29 20:57:49.960, 2, 490.62, 51, 26, 32250, 52, 1980
2026/08/29 20:57:49.961, 3, 509.76, 52, 28, 32226, 65, 1980
2026/08/29 20:57:49.964, 4, 495.99, 63, 33, 32066, 64, 1980
2026/08/29 20:57:49.966, 5, 494.40, 57, 31, 31866, 54, 1980
2026/08/29 20:57:49.967, 6, 506.03, 100, 54, 31606, 64, 1980
2026/08/29 20:57:49.968, 7, 487.29, 65, 35, 31246, 48, 1980
2026/08/29 20:57:54.970, 0, 541.02, 64, 37, 32608, 66, 1980
2026/08/29 20:57:54.970, 1, 494.26, 99, 59, 32288, 55, 1980
2026/08/29 20:57:54.970, 2, 510.46, 93, 53, 32250, 55, 1980
2026/08/29 20:57:54.970, 3, 528.16, 50, 29, 32226, 65, 1980
2026/08/29 20:57:54.970, 4, 502.42, 71, 35, 32066, 65, 1980
2026/08/29 20:57:54.970, 5, 511.20, 93, 54, 31866, 55, 1980
2026/08/29 20:57:54.970, 6, 536.79, 94, 52, 31606, 64, 1980
2026/08/29 20:57:54.970, 7, 511.66, 70, 32, 31246, 52, 1980
2026/08/29 20:57:59.970, 0, 523.65, 57, 34, 32608, 66, 1980
2026/08/29 20:57:59.971, 1, 502.54, 67, 40, 32288, 54, 1980
2026/08/29 20:57:59.973, 2, 516.09, 93, 56, 32250, 52, 1980
2026/08/29 20:57:59.973, 3, 521.35, 46, 30, 32226, 65, 1980
2026/08/29 20:57:59.975, 4, 505.19, 90, 53, 32066, 65, 1980
2026/08/29 20:57:59.977, 5, 498.80, 56, 31, 31866, 56, 1980
2026/08/29 20:57:59.979, 6, 508.37, 87, 46, 31606, 63, 1980
2026/08/29 20:57:59.981, 7, 494.78, 66, 32, 31246, 53, 1980
2026/08/29 20:58:04.981, 0, 530.54, 94, 36, 32608, 66, 1980
2026/08/29 20:58:04.983, 1, 499.45, 93, 35, 32288, 54, 1980
2026/08/29 20:58:04.985, 2, 504.55, 74, 25, 32250, 54, 1980
2026/08/29 20:58:04.986, 3, 517.68, 95, 38, 32226, 61, 1980
2026/08/29 20:58:04.986, 4, 488.22, 50, 27, 32066, 64, 1980
2026/08/29 20:58:04.991, 5, 493.84, 92, 33, 31866, 54, 1980
2026/08/29 20:58:04.993, 6, 511.30, 89, 50, 31606, 60, 1980
2026/08/29 20:58:04.993, 7, 495.48, 30, 17, 31246, 53, 1980
2026/08/29 20:58:09.996, 0, 504.21, 94, 55, 32608, 66, 1980
2026/08/29 20:58:09.997, 1, 484.46, 93, 54, 32288, 50, 1980
2026/08/29 20:58:09.999, 2, 492.19, 93, 51, 32250, 55, 1980
2026/08/29 20:58:10.001, 3, 505.67, 93, 54, 32226, 65, 1980
2026/08/29 20:58:10.001, 4, 501.72, 92, 54, 32066, 61, 1980
2026/08/29 20:58:10.003, 5, 485.64, 94, 56, 31866, 55, 1980
2026/08/29 20:58:10.005, 6, 503.65, 80, 42, 31606, 63, 1980
2026/08/29 20:58:10.007, 7, 508.73, 93, 55, 31246, 49, 1980
2026/08/29 20:58:15.009, 0, 499.46, 92, 53, 32608, 66, 1980
2026/08/29 20:58:15.010, 1, 477.99, 45, 22, 32288, 54, 1980
2026/08/29 20:58:15.011, 2, 485.79, 84, 49, 32250, 54, 1980
2026/08/29 20:58:15.013, 3, 512.80, 80, 45, 32226, 66, 1980
2026/08/29 20:58:15.013, 4, 500.58, 54, 26, 32066, 65, 1980
2026/08/29 20:58:15.015, 5, 489.02, 93, 52, 31866, 56, 1980
2026/08/29 20:58:15.017, 6, 502.07, 49, 30, 31606, 64, 1980
2026/08/29 20:58:15.019, 7, 496.42, 49, 24, 31246, 52, 1980
2026/08/29 20:58:20.020, 0, 520.68, 94, 45, 32608, 66, 1980
2026/08/29 20:58:20.022, 1, 496.17, 84, 38, 32288, 55, 1980
2026/08/29 20:58:20.024, 2, 502.54, 52, 25, 32250, 53, 1980
2026/08/29 20:58:20.025, 3, 523.49, 90, 49, 32226, 66, 1980
2026/08/29 20:58:20.027, 4, 499.01, 93, 41, 32066, 65, 1980
2026/08/29 20:58:20.029, 5, 508.39, 93, 42, 31866, 56, 1980
2026/08/29 20:58:20.031, 6, 505.80, 53, 29, 31606, 64, 1980
2026/08/29 20:58:20.032, 7, 514.81, 91, 39, 31246, 53, 1980
2026/08/29 20:58:25.034, 0, 514.50, 79, 42, 32608, 65, 1980
2026/08/29 20:58:25.034, 1, 489.72, 93, 53, 32288, 54, 1980
2026/08/29 20:58:25.034, 2, 495.13, 64, 37, 32250, 55, 1980
2026/08/29 20:58:25.034, 3, 505.64, 49, 30, 32226, 66, 1980
2026/08/29 20:58:25.034, 4, 514.47, 93, 53, 32066, 65, 1980
2026/08/29 20:58:25.034, 5, 510.88, 93, 52, 31866, 56, 1980
2026/08/29 20:58:25.034, 6, 502.48, 92, 50, 31606, 64, 1980
2026/08/29 20:58:25.034, 7, 513.57, 93, 51, 31246, 53, 1980
2026/08/29 20:58:30.035, 0, 504.20, 89, 53, 32608, 66, 1980
2026/08/29 20:58:30.036, 1, 497.44, 90, 53, 32288, 53, 1980
2026/08/29 20:58:30.038, 2, 511.27, 93, 56, 32250, 54, 1980
2026/08/29 20:58:30.040, 3, 499.53, 65, 38, 32226, 66, 1980
2026/08/29 20:58:30.042, 4, 499.66, 49, 25, 32066, 64, 1980
2026/08/29 20:58:30.046, 5, 499.75, 89, 50, 31866, 55, 1980
2026/08/29 20:58:30.049, 6, 505.89, 71, 36, 31606, 64, 1980
2026/08/29 20:58:30.051, 7, 488.52, 49, 25, 31246, 52, 1980
2026/08/29 20:58:35.053, 0, 529.35, 99, 59, 32608, 67, 1980
2026/08/29 20:58:35.054, 1, 510.33, 81, 40, 32288, 55, 1980
2026/08/29 20:58:35.055, 2, 516.98, 93, 55, 32250, 52, 1980
2026/08/29 20:58:35.057, 3, 528.34, 93, 52, 32226, 66, 1980
2026/08/29 20:58:35.059, 4, 496.25, 90, 42, 32066, 66, 1980
2026/08/29 20:58:35.061, 5, 518.42, 93, 45, 31866, 57, 1980
2026/08/29 20:58:35.062, 6, 525.00, 95, 51, 31606, 64, 1980
2026/08/29 20:58:35.063, 7, 498.63, 87, 41, 31246, 55, 1980
2026/08/29 20:58:40.065, 0, 527.99, 94, 50, 32608, 67, 1980
2026/08/29 20:58:40.067, 1, 495.08, 93, 49, 32288, 56, 1980
2026/08/29 20:58:40.071, 2, 499.03, 60, 30, 32250, 56, 1980
2026/08/29 20:58:40.074, 3, 517.56, 93, 48, 32226, 63, 1980
2026/08/29 20:58:40.076, 4, 490.23, 52, 30, 32066, 65, 1980
2026/08/29 20:58:40.079, 5, 495.19, 93, 45, 31866, 56, 1980
2026/08/29 20:58:40.082, 6, 512.84, 97, 53, 31606, 62, 1980
2026/08/29 20:58:40.085, 7, 497.01, 51, 27, 31246, 53, 1980
2026/08/29 20:58:45.087, 0, 515.97, 95, 56, 32608, 68, 1980
2026/08/29 20:58:45.088, 1, 480.76, 99, 61, 32288, 56, 1980
2026/08/29 20:58:45.090, 2, 491.83, 89, 52, 32250, 52, 1980
2026/08/29 20:58:45.091, 3, 522.66, 92, 53, 32226, 66, 1980
2026/08/29 20:58:45.091, 4, 476.89, 98, 58, 32066, 64, 1980
2026/08/29 20:58:45.093, 5, 466.40, 94, 52, 31866, 56, 1980
2026/08/29 20:58:45.095, 6, 506.82, 93, 48, 31606, 63, 1980
2026/08/29 20:58:45.097, 7, 477.51, 100, 56, 31246, 52, 1980
2026/08/29 20:58:50.099, 0, 545.87, 99, 60, 32608, 67, 1980
2026/08/29 20:58:50.101, 1, 497.16, 100, 61, 32288, 55, 1980
2026/08/29 20:58:50.106, 2, 512.29, 93, 54, 32250, 56, 1980
2026/08/29 20:58:50.108, 3, 528.48, 99, 56, 32226, 66, 1980
2026/08/29 20:58:50.110, 4, 518.77, 86, 43, 32066, 66, 1980
2026/08/29 20:58:50.112, 5, 516.35, 100, 60, 31866, 56, 1980
2026/08/29 20:58:50.114, 6, 519.13, 52, 30, 31606, 64, 1980
2026/08/29 20:58:50.117, 7, 510.25, 87, 39, 31246, 53, 1980
2026/08/29 20:58:55.120, 0, 534.08, 99, 58, 32608, 66, 1980
2026/08/29 20:58:55.120, 1, 508.17, 89, 44, 32288, 55, 1980
2026/08/29 20:58:55.121, 2, 511.42, 94, 54, 32250, 54, 1980
2026/08/29 20:58:55.121, 3, 519.90, 98, 51, 32226, 64, 1980
2026/08/29 20:58:55.121, 4, 486.77, 93, 48, 32066, 65, 1980
2026/08/29 20:58:55.121, 5, 500.81, 94, 49, 31866, 56, 1980
2026/08/29 20:58:55.121, 6, 517.80, 52, 28, 31606, 62, 1980
2026/08/29 20:58:55.121, 7, 485.89, 92, 47, 31246, 54, 1980
2026/08/29 20:59:00.122, 0, 529.61, 52, 25, 32608, 66, 1980
2026/08/29 20:59:00.123, 1, 500.54, 92, 50, 32288, 52, 1980
2026/08/29 20:59:00.123, 2, 502.80, 39, 23, 32250, 56, 1980
2026/08/29 20:59:00.124, 3, 522.86, 79, 36, 32226, 66, 1980
2026/08/29 20:59:00.126, 4, 496.02, 95, 51, 32066, 64, 1980
2026/08/29 20:59:00.128, 5, 510.29, 96, 54, 31866, 54, 1980
2026/08/29 20:59:00.129, 6, 510.81, 87, 38, 31606, 64, 1980
2026/08/29 20:59:00.130, 7, 493.48, 96, 49, 31246, 52, 1980
2026/08/29 20:59:05.132, 0, 531.13, 59, 34, 32608, 67, 1980
2026/08/29 20:59:05.133, 1, 489.93, 70, 40, 32288, 55, 1980
2026/08/29 20:59:05.133, 2, 504.94, 93, 53, 32250, 55, 1980
2026/08/29 20:59:05.135, 3, 521.00, 52, 30, 32226, 66, 1980
2026/08/29 20:59:05.138, 4, 508.71, 63, 36, 32066, 65, 1980
2026/08/29 20:59:05.139, 5, 507.54, 58, 32, 31866, 55, 1980
2026/08/29 20:59:05.140, 6, 516.53, 93, 46, 31606, 64, 1980
2026/08/29 20:59:05.141, 7, 502.78, 99, 58, 31246, 51, 1980
2026/08/29 20:59:10.143, 0, 412.90, 100, 0, 32608, 59, 1980
2026/08/29 20:59:10.144, 1, 408.07, 97, 6, 32288, 47, 1980
2026/08/29 20:59:10.145, 2, 398.22, 0, 0, 32250, 46, 1980
2026/08/29 20:59:10.146, 3, 408.25, 100, 0, 32226, 59, 1980
2026/08/29 20:59:10.147, 4, 421.61, 98, 1, 32066, 59, 1980
2026/08/29 20:59:10.149, 5, 412.48, 100, 0, 31866, 47, 1980
2026/08/29 20:59:10.151, 6, 414.98, 100, 0, 31606, 58, 1980
2026/08/29 20:59:10.153, 7, 412.22, 97, 1, 31246, 46, 1980
2026/08/29 20:59:15.153, 0, 513.58, 95, 57, 32608, 63, 1980
2026/08/29 20:59:15.154, 1, 483.75, 97, 59, 32288, 52, 1980
2026/08/29 20:59:15.155, 2, 494.90, 99, 58, 32250, 55, 1980
2026/08/29 20:59:15.156, 3, 508.12, 69, 42, 32226, 64, 1980
2026/08/29 20:59:15.157, 4, 476.17, 96, 53, 32066, 62, 1980
2026/08/29 20:59:15.158, 5, 480.88, 95, 53, 31866, 52, 1980
2026/08/29 20:59:15.160, 6, 498.67, 100, 58, 31606, 65, 1980
2026/08/29 20:59:15.162, 7, 478.51, 95, 53, 31246, 50, 1980
2026/08/29 20:59:20.163, 0, 539.48, 99, 60, 32608, 67, 1980
2026/08/29 20:59:20.165, 1, 508.16, 72, 35, 32288, 55, 1980
2026/08/29 20:59:20.167, 2, 516.48, 93, 52, 32250, 56, 1980
2026/08/29 20:59:20.170, 3, 539.92, 93, 50, 32226, 65, 1980
2026/08/29 20:59:20.172, 4, 519.15, 78, 38, 32066, 65, 1980
2026/08/29 20:59:20.174, 5, 517.16, 84, 41, 31866, 56, 1980
2026/08/29 20:59:20.177, 6, 514.36, 53, 29, 31606, 64, 1980
2026/08/29 20:59:20.179, 7, 495.37, 79, 34, 31246, 53, 1980
2026/08/29 20:59:25.183, 0, 513.64, 93, 50, 32608, 66, 1980
2026/08/29 20:59:25.183, 1, 490.86, 49, 30, 32288, 54, 1980
2026/08/29 20:59:25.183, 2, 491.85, 81, 49, 32250, 51, 1980
2026/08/29 20:59:25.183, 3, 511.31, 93, 53, 32226, 63, 1980
2026/08/29 20:59:25.183, 4, 500.42, 95, 55, 32066, 64, 1980
2026/08/29 20:59:25.183, 5, 499.81, 53, 32, 31866, 55, 1980
2026/08/29 20:59:25.183, 6, 510.80, 94, 54, 31606, 65, 1980
2026/08/29 20:59:25.183, 7, 490.07, 53, 30, 31246, 52, 1980
2026/08/29 20:59:30.184, 0, 524.72, 93, 54, 32608, 66, 1980
2026/08/29 20:59:30.186, 1, 476.68, 51, 27, 32288, 55, 1980
2026/08/29 20:59:30.188, 2, 476.90, 91, 49, 32250, 55, 1980
2026/08/29 20:59:30.191, 3, 525.84, 71, 33, 32226, 66, 1980
2026/08/29 20:59:30.192, 4, 502.39, 77, 43, 32066, 61, 1980
2026/08/29 20:59:30.195, 5, 499.06, 73, 40, 31866, 55, 1980
2026/08/29 20:59:30.196, 6, 501.94, 93, 53, 31606, 63, 1980
2026/08/29 20:59:30.198, 7, 490.51, 53, 27, 31246, 53, 1980
2026/08/29 20:59:35.199, 0, 522.55, 93, 47, 32608, 67, 1980
2026/08/29 20:59:35.199, 1, 488.23, 93, 47, 32288, 54, 1980
2026/08/29 20:59:35.199, 2, 504.57, 65, 32, 32250, 56, 1980
2026/08/29 20:59:35.201, 3, 511.13, 93, 50, 32226, 66, 1980
2026/08/29 20:59:35.203, 4, 493.49, 46, 25, 32066, 65, 1980
2026/08/29 20:59:35.203, 5, 503.77, 93, 47, 31866, 56, 1980
2026/08/29 20:59:35.204, 6, 511.45, 92, 44, 31606, 64, 1980
2026/08/29 20:59:35.206, 7, 493.59, 93, 41, 31246, 54, 1980
2026/08/29 20:59:40.206, 0, 512.37, 93, 39, 32608, 66, 1980
2026/08/29 20:59:40.206, 1, 492.93, 49, 30, 32288, 54, 1980
2026/08/29 20:59:40.208, 2, 508.25, 60, 29, 32250, 51, 1980
2026/08/29 20:59:40.212, 3, 510.23, 51, 27, 32226, 65, 1980
2026/08/29 20:59:40.213, 4, 492.54, 53, 31, 32066, 64, 1980
2026/08/29 20:59:40.215, 5, 496.46, 52, 30, 31866, 55, 1980
2026/08/29 20:59:40.216, 6, 507.33, 93, 38, 31606, 62, 1980
2026/08/29 20:59:40.217, 7, 502.37, 46, 28, 31246, 53, 1980
2026/08/29 20:59:45.221, 0, 495.94, 49, 28, 32608, 66, 1980
2026/08/29 20:59:45.221, 1, 474.15, 51, 30, 32288, 53, 1980
2026/08/29 20:59:45.222, 2, 484.55, 71, 42, 32250, 51, 1980
2026/08/29 20:59:45.224, 3, 498.54, 55, 27, 32226, 63, 1980
2026/08/29 20:59:45.226, 4, 478.60, 93, 54, 32066, 65, 1980
2026/08/29 20:59:45.228, 5, 475.46, 50, 29, 31866, 55, 1980
2026/08/29 20:59:45.229, 6, 491.96, 94, 39, 31606, 61, 1980
2026/08/29 20:59:45.229, 7, 471.03, 50, 28, 31246, 52, 1980
2026/08/29 20:59:50.231, 0, 526.64, 94, 56, 32608, 66, 1980
2026/08/29 20:59:50.233, 1, 498.62, 93, 55, 32288, 55, 1980
2026/08/29 20:59:50.233, 2, 507.91, 99, 58, 32250, 55, 1980
2026/08/29 20:59:50.235, 3, 520.75, 99, 60, 32226, 66, 1980
2026/08/29 20:59:50.237, 4, 499.63, 93, 56, 32066, 65, 1980
2026/08/29 20:59:50.238, 5, 495.28, 96, 54, 31866, 55, 1980
2026/08/29 20:59:50.240, 6, 516.52, 88, 42, 31606, 64, 1980
2026/08/29 20:59:50.240, 7, 496.68, 94, 50, 31246, 53, 1980
2026/08/29 20:59:55.242, 0, 517.78, 95, 57, 32608, 65, 1980
2026/08/29 20:59:55.242, 1, 491.54, 53, 27, 32288, 52, 1980
2026/08/29 20:59:55.242, 2, 499.86, 93, 48, 32250, 54, 1980
2026/08/29 20:59:55.242, 3, 512.32, 74, 40, 32226, 66, 1980
2026/08/29 20:59:55.242, 4, 482.37, 54, 27, 32066, 63, 1980
2026/08/29 20:59:55.242, 5, 500.34, 96, 53, 31866, 52, 1980
2026/08/29 20:59:55.242, 6, 511.03, 70, 38, 31606, 62, 1980
2026/08/29 20:59:55.242, 7, 490.82, 56, 27, 31246, 50, 1980
2026/08/29 21:00:00.243, 0, 516.39, 94, 52, 32608, 64, 1980
2026/08/29 21:00:00.247, 1, 476.53, 93, 52, 32288, 53, 1980
2026/08/29 21:00:00.248, 2, 514.57, 69, 34, 32250, 56, 1980
2026/08/29 21:00:00.249, 3, 500.15, 93, 55, 32226, 65, 1980
2026/08/29 21:00:00.250, 4, 476.30, 52, 29, 32066, 65, 1980
2026/08/29 21:00:00.252, 5, 490.95, 93, 49, 31866, 53, 1980
2026/08/29 21:00:00.254, 6, 513.61, 75, 40, 31606, 64, 1980
2026/08/29 21:00:00.256, 7, 480.63, 93, 48, 31246, 51, 1980
2026/08/29 21:00:05.256, 0, 489.34, 94, 33, 32608, 65, 1980
2026/08/29 21:00:05.258, 1, 442.47, 52, 31, 32288, 52, 1980
2026/08/29 21:00:05.258, 2, 457.18, 23, 11, 32250, 55, 1980
2026/08/29 21:00:05.259, 3, 480.58, 93, 34, 32226, 65, 1980
2026/08/29 21:00:05.262, 4, 471.99, 49, 30, 32066, 64, 1980
2026/08/29 21:00:05.262, 5, 474.25, 93, 31, 31866, 54, 1980
2026/08/29 21:00:05.263, 6, 474.46, 93, 34, 31606, 63, 1980
2026/08/29 21:00:05.265, 7, 462.49, 52, 30, 31246, 51, 1980
2026/08/29 21:00:10.265, 0, 308.92, 99, 58, 32608, 64, 1980
2026/08/29 21:00:10.267, 1, 270.33, 100, 61, 32288, 51, 1980
2026/08/29 21:00:10.269, 2, 268.95, 96, 47, 32250, 51, 1980
2026/08/29 21:00:10.271, 3, 300.05, 97, 54, 32226, 63, 1980
2026/08/29 21:00:10.272, 4, 295.26, 95, 14, 32066, 65, 1980
2026/08/29 21:00:10.275, 5, 266.21, 100, 55, 31866, 52, 1980
2026/08/29 21:00:10.278, 6, 276.02, 98, 51, 31606, 61, 1980
2026/08/29 21:00:10.280, 7, 274.25, 100, 57, 31246, 46, 1980
2026/08/29 21:00:15.282, 0, 484.38, 52, 27, 32608, 63, 1980
2026/08/29 21:00:15.283, 1, 447.05, 93, 52, 32288, 52, 1980
2026/08/29 21:00:15.284, 2, 450.54, 51, 30, 32250, 52, 1980
2026/08/29 21:00:15.286, 3, 463.73, 78, 42, 32226, 61, 1980
2026/08/29 21:00:15.287, 4, 458.36, 90, 51, 32066, 62, 1980
2026/08/29 21:00:15.288, 5, 464.44, 53, 27, 31866, 52, 1980
2026/08/29 21:00:15.289, 6, 459.93, 82, 42, 31606, 60, 1980
2026/08/29 21:00:15.292, 7, 440.57, 91, 50, 31246, 50, 1980
2026/08/29 21:00:20.294, 0, 517.04, 94, 38, 32608, 63, 1980
2026/08/29 21:00:20.294, 1, 481.05, 93, 38, 32288, 53, 1980
2026/08/29 21:00:20.297, 2, 512.68, 94, 34, 32250, 53, 1980
2026/08/29 21:00:20.299, 3, 510.39, 62, 36, 32226, 62, 1980
2026/08/29 21:00:20.301, 4, 494.80, 56, 27, 32066, 62, 1980
2026/08/29 21:00:20.302, 5, 489.61, 93, 33, 31866, 54, 1980
2026/08/29 21:00:20.302, 6, 505.28, 57, 33, 31606, 61, 1980
2026/08/29 21:00:20.304, 7, 482.51, 93, 50, 31246, 52, 1980
2026/08/29 21:00:25.307, 0, 523.94, 94, 38, 32608, 66, 1980
2026/08/29 21:00:25.307, 1, 497.02, 96, 56, 32288, 53, 1980
2026/08/29 21:00:25.307, 2, 504.41, 83, 49, 32250, 55, 1980
2026/08/29 21:00:25.307, 3, 521.09, 93, 43, 32226, 65, 1980
2026/08/29 21:00:25.307, 4, 505.21, 93, 50, 32066, 63, 1980
2026/08/29 21:00:25.307, 5, 505.43, 93, 34, 31866, 53, 1980
2026/08/29 21:00:25.307, 6, 518.55, 96, 43, 31606, 63, 1980
2026/08/29 21:00:25.307, 7, 510.00, 96, 52, 31246, 52, 1980
2026/08/29 21:00:30.308, 0, 515.84, 59, 28, 32608, 66, 1980
2026/08/29 21:00:30.309, 1, 495.73, 92, 55, 32288, 52, 1980
2026/08/29 21:00:30.310, 2, 494.42, 50, 29, 32250, 55, 1980
2026/08/29 21:00:30.311, 3, 507.18, 77, 38, 32226, 65, 1980
2026/08/29 21:00:30.312, 4, 494.62, 92, 54, 32066, 63, 1980
2026/08/29 21:00:30.313, 5, 500.69, 58, 28, 31866, 54, 1980
2026/08/29 21:00:30.317, 6, 515.46, 82, 40, 31606, 64, 1980
2026/08/29 21:00:30.319, 7, 494.93, 91, 51, 31246, 50, 1980
2026/08/29 21:00:35.321, 0, 515.35, 99, 58, 32608, 66, 1980
2026/08/29 21:00:35.321, 1, 474.44, 99, 61, 32288, 53, 1980
2026/08/29 21:00:35.323, 2, 467.45, 96, 53, 32250, 51, 1980
2026/08/29 21:00:35.323, 3, 481.54, 51, 30, 32226, 64, 1980
2026/08/29 21:00:35.324, 4, 486.67, 100, 55, 32066, 64, 1980
2026/08/29 21:00:35.327, 5, 483.16, 52, 29, 31866, 54, 1980
2026/08/29 21:00:35.329, 6, 489.52, 53, 30, 31606, 62, 1980
2026/08/29 21:00:35.330, 7, 476.06, 100, 56, 31246, 52, 1980
2026/08/29 21:00:40.331, 0, 509.68, 95, 53, 32608, 65, 1980
2026/08/29 21:00:40.332, 1, 485.17, 93, 51, 32288, 53, 1980
2026/08/29 21:00:40.336, 2, 477.98, 99, 60, 32250, 55, 1980
2026/08/29 21:00:40.341, 3, 500.94, 91, 53, 32226, 66, 1980
2026/08/29 21:00:40.343, 4, 487.53, 93, 46, 32066, 64, 1980
2026/08/29 21:00:40.345, 5, 489.03, 95, 50, 31866, 54, 1980
2026/08/29 21:00:40.348, 6, 498.84, 87, 48, 31606, 60, 1980
2026/08/29 21:00:40.350, 7, 484.54, 93, 46, 31246, 52, 1980
2026/08/29 21:00:45.353, 0, 482.75, 38, 18, 32608, 61, 1980
2026/08/29 21:00:45.353, 1, 459.94, 79, 32, 32288, 49, 1980
2026/08/29 21:00:45.355, 2, 478.94, 53, 26, 32250, 53, 1980
2026/08/29 21:00:45.356, 3, 465.68, 49, 29, 32226, 65, 1980
2026/08/29 21:00:45.356, 4, 465.69, 62, 35, 32066, 61, 1980
2026/08/29 21:00:45.358, 5, 457.91, 100, 0, 31866, 50, 1980
2026/08/29 21:00:45.372, 6, 468.04, 100, 0, 31606, 64, 1980
2026/08/29 21:00:45.373, 7, 458.34, 84, 30, 31246, 48, 1980
2026/08/29 21:00:50.375, 0, 497.83, 92, 36, 32608, 63, 1980
2026/08/29 21:00:50.376, 1, 469.89, 49, 24, 32288, 52, 1980
2026/08/29 21:00:50.377, 2, 458.41, 93, 33, 32250, 53, 1980
2026/08/29 21:00:50.377, 3, 474.63, 57, 34, 32226, 62, 1980
2026/08/29 21:00:50.379, 4, 458.78, 55, 27, 32066, 61, 1980
2026/08/29 21:00:50.381, 5, 467.20, 94, 33, 31866, 51, 1980
2026/08/29 21:00:50.384, 6, 474.91, 55, 31, 31606, 61, 1980
2026/08/29 21:00:50.386, 7, 477.50, 19, 8, 31246, 52, 1980
2026/08/29 21:00:55.388, 0, 513.27, 56, 28, 32608, 67, 1980
2026/08/29 21:00:55.388, 1, 492.79, 100, 55, 32288, 54, 1980
2026/08/29 21:00:55.388, 2, 511.10, 100, 58, 32250, 55, 1980
2026/08/29 21:00:55.388, 3, 530.99, 83, 31, 32226, 65, 1980
2026/08/29 21:00:55.388, 4, 491.83, 93, 35, 32066, 65, 1980
2026/08/29 21:00:55.388, 5, 504.66, 59, 29, 31866, 56, 1980
2026/08/29 21:00:55.388, 6, 531.24, 87, 31, 31606, 64, 1980
2026/08/29 21:00:55.388, 7, 505.89, 100, 55, 31246, 52, 1980
2026/08/29 21:01:00.388, 0, 525.17, 94, 51, 32608, 66, 1980
2026/08/29 21:01:00.390, 1, 502.24, 95, 54, 32288, 55, 1980
2026/08/29 21:01:00.393, 2, 508.24, 79, 38, 32250, 55, 1980
2026/08/29 21:01:00.395, 3, 530.33, 93, 54, 32226, 66, 1980
2026/08/29 21:01:00.395, 4, 514.09, 95, 54, 32066, 65, 1980
2026/08/29 21:01:00.397, 5, 516.41, 93, 52, 31866, 55, 1980
2026/08/29 21:01:00.399, 6, 508.78, 94, 56, 31606, 65, 1980
2026/08/29 21:01:00.409, 7, 489.09, 96, 52, 31246, 53, 1980
2026/08/29 21:01:05.412, 0, 517.61, 55, 30, 32608, 65, 1980
2026/08/29 21:01:05.412, 1, 497.05, 50, 29, 32288, 54, 1980
2026/08/29 21:01:05.414, 2, 503.58, 55, 32, 32250, 55, 1980
2026/08/29 21:01:05.416, 3, 507.01, 63, 30, 32226, 66, 1980
2026/08/29 21:01:05.416, 4, 505.79, 92, 52, 32066, 65, 1980
2026/08/29 21:01:05.418, 5, 508.28, 54, 28, 31866, 54, 1980
2026/08/29 21:01:05.419, 6, 523.43, 64, 30, 31606, 64, 1980
2026/08/29 21:01:05.419, 7, 508.58, 50, 29, 31246, 53, 1980
2026/08/29 21:01:10.421, 0, 521.94, 51, 32, 32608, 68, 1980
2026/08/29 21:01:10.423, 1, 489.31, 100, 61, 32288, 53, 1980
2026/08/29 21:01:10.424, 2, 493.35, 91, 55, 32250, 52, 1980
2026/08/29 21:01:10.425, 3, 512.75, 48, 30, 32226, 64, 1980
2026/08/29 21:01:10.426, 4, 488.11, 100, 61, 32066, 64, 1980
2026/08/29 21:01:10.437, 5, 494.92, 50, 31, 31866, 55, 1980
2026/08/29 21:01:10.447, 6, 508.99, 48, 29, 31606, 62, 1980
2026/08/29 21:01:10.449, 7, 493.41, 99, 61, 31246, 52, 1980
2026/08/29 21:01:15.451, 0, 507.39, 64, 37, 32608, 65, 1980
2026/08/29 21:01:15.452, 1, 484.95, 71, 42, 32288, 51, 1980
2026/08/29 21:01:15.453, 2, 487.81, 93, 51, 32250, 54, 1980
2026/08/29 21:01:15.456, 3, 512.74, 51, 30, 32226, 65, 1980
2026/08/29 21:01:15.457, 4, 483.35, 93, 54, 32066, 63, 1980
2026/08/29 21:01:15.459, 5, 482.02, 62, 36, 31866, 54, 1980
2026/08/29 21:01:15.459, 6, 516.16, 51, 29, 31606, 64, 1980
2026/08/29 21:01:15.461, 7, 491.01, 93, 54, 31246, 51, 1980
2026/08/29 21:01:20.464, 0, 501.02, 20, 10, 32608, 64, 1980
2026/08/29 21:01:20.465, 1, 486.94, 90, 53, 32288, 53, 1980
2026/08/29 21:01:20.466, 2, 481.55, 96, 57, 32250, 56, 1980
2026/08/29 21:01:20.467, 3, 502.69, 94, 57, 32226, 63, 1980
2026/08/29 21:01:20.468, 4, 496.86, 90, 54, 32066, 62, 1980
2026/08/29 21:01:20.470, 5, 479.51, 57, 29, 31866, 53, 1980
2026/08/29 21:01:20.471, 6, 496.47, 96, 59, 31606, 65, 1980
2026/08/29 21:01:20.473, 7, 485.86, 90, 53, 31246, 51, 1980
2026/08/29 21:01:25.474, 0, 511.32, 99, 57, 32608, 64, 1980
2026/08/29 21:01:25.474, 1, 477.46, 50, 29, 32288, 54, 1980
2026/08/29 21:01:25.474, 2, 483.10, 65, 31, 32250, 51, 1980
2026/08/29 21:01:25.474, 3, 494.03, 95, 56, 32226, 64, 1980
2026/08/29 21:01:25.474, 4, 489.39, 50, 29, 32066, 65, 1980
2026/08/29 21:01:25.474, 5, 483.33, 100, 55, 31866, 56, 1980
2026/08/29 21:01:25.474, 6, 503.20, 95, 53, 31606, 62, 1980
2026/08/29 21:01:25.474, 7, 481.17, 50, 28, 31246, 53, 1980
2026/08/29 21:01:30.474, 0, 516.67, 95, 57, 32608, 66, 1980
2026/08/29 21:01:30.477, 1, 484.57, 86, 40, 32288, 53, 1980
2026/08/29 21:01:30.478, 2, 492.22, 55, 28, 32250, 53, 1980
2026/08/29 21:01:30.481, 3, 515.90, 51, 29, 32226, 66, 1980
2026/08/29 21:01:30.486, 4, 498.95, 52, 31, 32066, 64, 1980
2026/08/29 21:01:30.489, 5, 500.17, 50, 31, 31866, 56, 1980
2026/08/29 21:01:30.492, 6, 505.82, 94, 48, 31606, 64, 1980
2026/08/29 21:01:30.492, 7, 491.35, 85, 41, 31246, 53, 1980
2026/08/29 21:01:35.495, 0, 138.11, 1, 0, 30328, 56, 1980
2026/08/29 21:01:35.495, 1, 120.81, 1, 0, 29728, 42, 1980
2026/08/29 21:01:35.505, 2, 124.87, 1, 0, 29330, 42, 1980
2026/08/29 21:01:35.512, 3, 138.15, 1, 0, 29806, 56, 1980
2026/08/29 21:01:35.520, 4, 137.68, 1, 0, 29906, 56, 1980
2026/08/29 21:01:35.529, 5, 126.57, 1, 0, 29286, 43, 1980
2026/08/29 21:01:35.529, 6, 140.13, 1, 0, 28826, 54, 1980
2026/08/29 21:01:35.536, 7, 130.98, 1, 0, 28466, 42, 1980
2026/08/29 21:01:40.544, 0, 133.35, 1, 0, 18288, 54, 1980
2026/08/29 21:01:40.552, 1, 118.82, 0, 0, 17768, 40, 1980
2026/08/29 21:01:40.560, 2, 122.89, 0, 0, 17550, 40, 1980
2026/08/29 21:01:40.569, 3, 135.34, 0, 0, 18606, 53, 1980
2026/08/29 21:01:40.569, 4, 134.80, 0, 0, 17926, 54, 1980
2026/08/29 21:01:40.576, 5, 124.08, 1, 0, 17306, 41, 1980
2026/08/29 21:01:40.584, 6, 137.16, 1, 0, 16486, 52, 1980
2026/08/29 21:01:40.593, 7, 127.33, 0, 0, 16386, 40, 1980
2026/08/29 21:01:45.599, 0, 131.66, 0, 0, 6892, 52, 1980
2026/08/29 21:01:45.599, 1, 118.12, 0, 0, 6892, 39, 1980
2026/08/29 21:01:45.599, 2, 122.09, 0, 0, 6892, 38, 1980
2026/08/29 21:01:45.599, 3, 133.81, 0, 0, 6890, 51, 1980
2026/08/29 21:01:45.600, 4, 133.07, 0, 0, 6890, 52, 1980
2026/08/29 21:01:45.600, 5, 123.15, 0, 0, 6870, 40, 1980
2026/08/29 21:01:45.600, 6, 135.45, 0, 0, 6888, 51, 1980
2026/08/29 21:01:45.600, 7, 126.66, 0, 0, 6888, 38, 1980
2026/08/29 21:01:50.600, 0, 129.97, 0, 0, 6892, 50, 1980
2026/08/29 21:01:50.600, 1, 117.33, 0, 0, 6892, 38, 1980
2026/08/29 21:01:50.600, 2, 121.31, 0, 0, 6892, 37, 1980
2026/08/29 21:01:50.600, 3, 132.14, 0, 0, 6890, 50, 1980
2026/08/29 21:01:50.600, 4, 131.45, 0, 0, 6890, 51, 1980
2026/08/29 21:01:50.601, 5, 122.42, 0, 0, 6870, 39, 1980
2026/08/29 21:01:50.601, 6, 134.05, 0, 0, 6888, 49, 1980
2026/08/29 21:01:50.601, 7, 125.81, 0, 0, 6888, 37, 1980
2026/08/29 21:01:55.601, 0, 128.87, 0, 0, 6892, 49, 1980
2026/08/29 21:01:55.601, 1, 116.90, 0, 0, 6892, 37, 1980
2026/08/29 21:01:55.601, 2, 120.78, 0, 0, 6892, 37, 1980
2026/08/29 21:01:55.601, 3, 131.04, 0, 0, 6890, 49, 1980
2026/08/29 21:01:55.601, 4, 130.32, 0, 0, 6890, 49, 1980
2026/08/29 21:01:55.601, 5, 121.98, 0, 0, 6870, 38, 1980
2026/08/29 21:01:55.601, 6, 132.21, 0, 0, 6888, 48, 1980
2026/08/29 21:01:55.601, 7, 125.26, 0, 0, 6888, 37, 1980
2026/08/29 21:02:00.602, 0, 128.73, 0, 0, 6892, 48, 1980
2026/08/29 21:02:00.602, 1, 116.56, 0, 0, 6892, 36, 1980
2026/08/29 21:02:00.602, 2, 120.52, 0, 0, 6892, 36, 1980
2026/08/29 21:02:00.604, 3, 129.43, 0, 0, 6890, 48, 1980
2026/08/29 21:02:00.604, 4, 128.85, 0, 0, 6890, 49, 1980
2026/08/29 21:02:00.605, 5, 121.07, 0, 0, 6870, 38, 1980
2026/08/29 21:02:00.605, 6, 130.42, 0, 0, 6888, 47, 1980
2026/08/29 21:02:00.606, 7, 124.97, 0, 0, 6888, 36, 1980
2026/08/29 21:02:05.607, 0, 128.12, 0, 0, 6892, 47, 1980
2026/08/29 21:02:05.610, 1, 116.40, 0, 0, 6892, 36, 1980
2026/08/29 21:02:05.611, 2, 120.32, 0, 0, 6892, 36, 1980
2026/08/29 21:02:05.612, 3, 128.76, 0, 0, 6890, 47, 1980
2026/08/29 21:02:05.616, 4, 128.14, 0, 0, 6890, 48, 1980
2026/08/29 21:02:05.618, 5, 120.79, 0, 0, 6870, 37, 1980
2026/08/29 21:02:05.619, 6, 129.86, 0, 0, 6888, 46, 1980
2026/08/29 21:02:05.620, 7, 124.63, 0, 0, 6888, 36, 1980
2026/08/29 21:02:10.625, 0, 127.55, 0, 0, 6892, 47, 1980
2026/08/29 21:02:10.625, 1, 116.18, 0, 0, 6892, 36, 1980
2026/08/29 21:02:10.625, 2, 120.06, 0, 0, 6892, 35, 1980
2026/08/29 21:02:10.625, 3, 128.18, 0, 0, 6890, 46, 1980
2026/08/29 21:02:10.625, 4, 127.56, 0, 0, 6890, 47, 1980
2026/08/29 21:02:10.625, 5, 120.59, 0, 0, 6870, 37, 1980
2026/08/29 21:02:10.625, 6, 129.35, 0, 0, 6888, 45, 1980
2026/08/29 21:02:10.625, 7, 124.38, 0, 0, 6888, 35, 1980
2026/08/29 21:02:15.625, 0, 127.08, 0, 0, 6892, 46, 1980
2026/08/29 21:02:15.625, 1, 116.06, 0, 0, 6892, 35, 1980
2026/08/29 21:02:15.625, 2, 119.94, 0, 0, 6892, 35, 1980
2026/08/29 21:02:15.625, 3, 127.84, 0, 0, 6890, 46, 1980
2026/08/29 21:02:15.625, 4, 127.16, 0, 0, 6890, 47, 1980
2026/08/29 21:02:15.626, 5, 120.43, 0, 0, 6870, 37, 1980
2026/08/29 21:02:15.626, 6, 128.96, 0, 0, 6888, 45, 1980
2026/08/29 21:02:15.626, 7, 124.24, 0, 0, 6888, 35, 1980
2026/08/29 21:02:20.626, 0, 126.84, 0, 0, 6892, 46, 1980
2026/08/29 21:02:20.626, 1, 116.04, 0, 0, 6892, 35, 1980
2026/08/29 21:02:20.626, 2, 119.87, 0, 0, 6892, 35, 1980
2026/08/29 21:02:20.626, 3, 127.53, 0, 0, 6890, 45, 1980
2026/08/29 21:02:20.627, 4, 126.84, 0, 0, 6890, 46, 1980
2026/08/29 21:02:20.627, 5, 120.34, 0, 0, 6870, 37, 1980
2026/08/29 21:02:20.627, 6, 128.68, 0, 0, 6888, 45, 1980
2026/08/29 21:02:20.627, 7, 124.62, 0, 0, 6888, 35, 1980
2026/08/29 21:02:25.627, 0, 126.53, 0, 0, 6892, 45, 1980
2026/08/29 21:02:25.627, 1, 115.99, 0, 0, 6892, 35, 1980
2026/08/29 21:02:25.627, 2, 119.77, 0, 0, 6892, 35, 1980
2026/08/29 21:02:25.627, 3, 127.28, 0, 0, 6890, 45, 1980
2026/08/29 21:02:25.627, 4, 126.56, 0, 0, 6890, 46, 1980
2026/08/29 21:02:25.627, 5, 120.30, 0, 0, 6870, 37, 1980
2026/08/29 21:02:25.627, 6, 128.40, 0, 0, 6888, 44, 1980
2026/08/29 21:02:25.627, 7, 124.41, 0, 0, 6888, 35, 1980
2026/08/29 21:02:30.628, 0, 126.37, 0, 0, 6892, 45, 1980
2026/08/29 21:02:30.628, 1, 115.93, 0, 0, 6892, 35, 1980
2026/08/29 21:02:30.628, 2, 119.75, 0, 0, 6892, 35, 1980
2026/08/29 21:02:30.629, 3, 127.14, 0, 0, 6890, 45, 1980
2026/08/29 21:02:30.630, 4, 126.38, 0, 0, 6890, 46, 1980
2026/08/29 21:02:30.630, 5, 120.24, 0, 0, 6870, 36, 1980
2026/08/29 21:02:30.631, 6, 128.30, 0, 0, 6888, 44, 1980
2026/08/29 21:02:30.632, 7, 124.44, 0, 0, 6888, 35, 1980
2026/08/29 21:02:35.632, 0, 126.12, 0, 0, 6892, 45, 1980
2026/08/29 21:02:35.632, 1, 115.90, 0, 0, 6892, 35, 1980
2026/08/29 21:02:35.633, 2, 119.74, 0, 0, 6892, 35, 1980
2026/08/29 21:02:35.634, 3, 126.92, 0, 0, 6890, 45, 1980
2026/08/29 21:02:35.635, 4, 126.21, 0, 0, 6890, 46, 1980
2026/08/29 21:02:35.636, 5, 120.26, 0, 0, 6870, 36, 1980
2026/08/29 21:02:35.636, 6, 128.08, 0, 0, 6888, 44, 1980
2026/08/29 21:02:35.636, 7, 124.43, 0, 0, 6888, 35, 1980
2026/08/29 21:02:40.638, 0, 125.96, 0, 0, 6892, 45, 1980
2026/08/29 21:02:40.638, 1, 115.91, 0, 0, 6892, 35, 1980
2026/08/29 21:02:40.638, 2, 119.68, 0, 0, 6892, 35, 1980
2026/08/29 21:02:40.638, 3, 126.75, 0, 0, 6890, 44, 1980
2026/08/29 21:02:40.638, 4, 126.00, 0, 0, 6890, 45, 1980
2026/08/29 21:02:40.638, 5, 120.16, 0, 0, 6870, 36, 1980
2026/08/29 21:02:40.638, 6, 127.91, 0, 0, 6888, 44, 1980
2026/08/29 21:02:40.639, 7, 124.34, 0, 0, 6888, 35, 1980
2026/08/29 21:02:45.639, 0, 125.82, 0, 0, 6892, 44, 1980
2026/08/29 21:02:45.639, 1, 115.85, 0, 0, 6892, 35, 1980
2026/08/29 21:02:45.639, 2, 119.62, 0, 0, 6892, 35, 1980
2026/08/29 21:02:45.639, 3, 126.57, 0, 0, 6890, 44, 1980
2026/08/29 21:02:45.639, 4, 125.80, 0, 0, 6890, 45, 1980
2026/08/29 21:02:45.639, 5, 120.15, 0, 0, 6870, 36, 1980
2026/08/29 21:02:45.639, 6, 127.72, 0, 0, 6888, 43, 1980
2026/08/29 21:02:45.639, 7, 124.36, 0, 0, 6888, 35, 1980
2026/08/29 21:02:50.640, 0, 125.64, 0, 0, 6892, 44, 1980
2026/08/29 21:02:50.640, 1, 115.82, 0, 0, 6892, 35, 1980
2026/08/29 21:02:50.640, 2, 119.61, 0, 0, 6892, 35, 1980
2026/08/29 21:02:50.640, 3, 126.41, 0, 0, 6890, 44, 1980
2026/08/29 21:02:50.640, 4, 125.63, 0, 0, 6890, 45, 1980
2026/08/29 21:02:50.640, 5, 120.12, 0, 0, 6870, 36, 1980
2026/08/29 21:02:50.642, 6, 127.54, 0, 0, 6888, 43, 1980
2026/08/29 21:02:50.642, 7, 124.29, 0, 0, 6888, 35, 1980
2026/08/29 21:02:55.642, 0, 125.49, 0, 0, 6892, 44, 1980
2026/08/29 21:02:55.642, 1, 115.80, 0, 0, 6892, 35, 1980
2026/08/29 21:02:55.642, 2, 119.50, 0, 0, 6892, 35, 1980
2026/08/29 21:02:55.642, 3, 126.29, 0, 0, 6890, 44, 1980
2026/08/29 21:02:55.642, 4, 125.50, 0, 0, 6890, 45, 1980
2026/08/29 21:02:55.642, 5, 120.11, 0, 0, 6870, 36, 1980
2026/08/29 21:02:55.642, 6, 127.39, 0, 0, 6888, 43, 1980
2026/08/29 21:02:55.643, 7, 124.21, 0, 0, 6888, 35, 1980
2026/08/29 21:03:00.643, 0, 125.38, 0, 0, 6892, 44, 1980
2026/08/29 21:03:00.644, 1, 116.37, 0, 0, 6892, 35, 1980
2026/08/29 21:03:00.648, 2, 118.70, 0, 0, 6892, 35, 1980
2026/08/29 21:03:00.653, 3, 125.75, 0, 0, 6890, 44, 1980
2026/08/29 21:03:00.661, 4, 125.37, 0, 0, 6890, 45, 1980
2026/08/29 21:03:00.666, 5, 120.14, 0, 0, 6870, 36, 1980
2026/08/29 21:03:00.670, 6, 127.33, 0, 0, 6888, 43, 1980
2026/08/29 21:03:00.673, 7, 124.25, 0, 0, 6888, 35, 1980
2026/08/29 21:03:05.677, 0, 125.15, 0, 0, 6892, 44, 1980
2026/08/29 21:03:05.678, 1, 116.30, 0, 0, 6892, 35, 1980
2026/08/29 21:03:05.679, 2, 118.69, 0, 0, 6892, 34, 1980
2026/08/29 21:03:05.680, 3, 125.56, 0, 0, 6890, 43, 1980
2026/08/29 21:03:05.680, 4, 125.21, 0, 0, 6890, 44, 1980
2026/08/29 21:03:05.681, 5, 120.03, 0, 0, 6870, 36, 1980
2026/08/29 21:03:05.682, 6, 127.14, 0, 0, 6888, 43, 1980
2026/08/29 21:03:05.683, 7, 124.20, 0, 0, 6888, 35, 1980
2026/08/29 21:03:10.684, 0, 125.09, 0, 0, 6892, 43, 1980
2026/08/29 21:03:10.685, 1, 116.29, 0, 0, 6892, 35, 1980
2026/08/29 21:03:10.686, 2, 118.67, 0, 0, 6892, 34, 1980
2026/08/29 21:03:10.687, 3, 125.39, 0, 0, 6890, 43, 1980
2026/08/29 21:03:10.688, 4, 125.11, 0, 0, 6890, 44, 1980
2026/08/29 21:03:10.689, 5, 120.02, 0, 0, 6870, 36, 1980
2026/08/29 21:03:10.691, 6, 127.01, 0, 0, 6888, 42, 1980
2026/08/29 21:03:10.692, 7, 124.17, 0, 0, 6888, 35, 1980
2026/08/29 21:03:15.693, 0, 124.91, 0, 0, 6892, 43, 1980
2026/08/29 21:03:15.693, 1, 116.26, 0, 0, 6892, 35, 1980
2026/08/29 21:03:15.693, 2, 118.64, 0, 0, 6892, 34, 1980
2026/08/29 21:03:15.693, 3, 125.27, 0, 0, 6890, 43, 1980
2026/08/29 21:03:15.693, 4, 124.92, 0, 0, 6890, 44, 1980
2026/08/29 21:03:15.693, 5, 120.05, 0, 0, 6870, 36, 1980
2026/08/29 21:03:15.693, 6, 126.90, 0, 0, 6888, 42, 1980
2026/08/29 21:03:15.693, 7, 124.14, 0, 0, 6888, 35, 1980
2026/08/29 21:03:20.694, 0, 124.79, 0, 0, 6892, 43, 1980
2026/08/29 21:03:20.694, 1, 116.29, 0, 0, 6892, 35, 1980
2026/08/29 21:03:20.694, 2, 118.63, 0, 0, 6892, 34, 1980
2026/08/29 21:03:20.694, 3, 125.12, 0, 0, 6890, 43, 1980
2026/08/29 21:03:20.694, 4, 124.83, 0, 0, 6890, 44, 1980
2026/08/29 21:03:20.694, 5, 120.05, 0, 0, 6870, 36, 1980
2026/08/29 21:03:20.694, 6, 126.81, 0, 0, 6888, 42, 1980
2026/08/29 21:03:20.694, 7, 124.11, 0, 0, 6888, 35, 1980
2026/08/29 21:03:25.694, 0, 124.72, 0, 0, 6892, 43, 1980
2026/08/29 21:03:25.694, 1, 116.26, 0, 0, 6892, 35, 1980
2026/08/29 21:03:25.694, 2, 118.63, 0, 0, 6892, 34, 1980
2026/08/29 21:03:25.694, 3, 125.00, 0, 0, 6890, 43, 1980
2026/08/29 21:03:25.694, 4, 124.74, 0, 0, 6890, 44, 1980
2026/08/29 21:03:25.695, 5, 120.02, 0, 0, 6870, 36, 1980
2026/08/29 21:03:25.695, 6, 126.69, 0, 0, 6888, 42, 1980
2026/08/29 21:03:25.695, 7, 124.06, 0, 0, 6888, 35, 1980
2026/08/29 21:03:30.695, 0, 124.61, 0, 0, 6892, 43, 1980
2026/08/29 21:03:30.695, 1, 116.28, 0, 0, 6892, 35, 1980
2026/08/29 21:03:30.695, 2, 118.57, 0, 0, 6892, 34, 1980
2026/08/29 21:03:30.696, 3, 124.91, 0, 0, 6890, 43, 1980
2026/08/29 21:03:30.698, 4, 124.63, 0, 0, 6890, 44, 1980
2026/08/29 21:03:30.698, 5, 120.03, 0, 0, 6870, 36, 1980
2026/08/29 21:03:30.699, 6, 126.62, 0, 0, 6888, 42, 1980
2026/08/29 21:03:30.699, 7, 123.67, 0, 0, 6888, 35, 1980
2026/08/29 21:03:35.701, 0, 124.47, 0, 0, 6892, 43, 1980
2026/08/29 21:03:35.701, 1, 116.19, 0, 0, 6892, 35, 1980
2026/08/29 21:03:35.703, 2, 118.52, 0, 0, 6892, 34, 1980
2026/08/29 21:03:35.704, 3, 124.72, 0, 0, 6890, 42, 1980
2026/08/29 21:03:35.705, 4, 124.47, 0, 0, 6890, 44, 1980
2026/08/29 21:03:35.706, 5, 119.96, 0, 0, 6870, 36, 1980
2026/08/29 21:03:35.708, 6, 126.42, 0, 0, 6888, 42, 1980
2026/08/29 21:03:35.710, 7, 123.61, 0, 0, 6888, 35, 1980
2026/08/29 21:03:40.711, 0, 123.73, 0, 0, 6892, 42, 1980
2026/08/29 21:03:40.712, 1, 116.19, 0, 0, 6892, 35, 1980
2026/08/29 21:03:40.712, 2, 118.52, 0, 0, 6892, 34, 1980
2026/08/29 21:03:40.713, 3, 124.64, 0, 0, 6890, 42, 1980
2026/08/29 21:03:40.713, 4, 124.39, 0, 0, 6890, 43, 1980
2026/08/29 21:03:40.714, 5, 119.95, 0, 0, 6870, 36, 1980
2026/08/29 21:03:40.716, 6, 126.36, 0, 0, 6888, 42, 1980
2026/08/29 21:03:40.717, 7, 123.56, 0, 0, 6888, 35, 1980
2026/08/29 21:03:45.718, 0, 123.61, 0, 0, 6892, 42, 1980
2026/08/29 21:03:45.718, 1, 116.12, 0, 0, 6892, 35, 1980
2026/08/29 21:03:45.718, 2, 118.47, 0, 0, 6892, 34, 1980
2026/08/29 21:03:45.718, 3, 124.54, 0, 0, 6890, 42, 1980
2026/08/29 21:03:45.719, 4, 124.37, 0, 0, 6890, 43, 1980
2026/08/29 21:03:45.719, 5, 119.96, 0, 0, 6870, 36, 1980
2026/08/29 21:03:45.719, 6, 126.26, 0, 0, 6888, 41, 1980
2026/08/29 21:03:45.719, 7, 123.93, 0, 0, 6888, 35, 1980
2026/08/29 21:03:50.719, 0, 476.62, 98, 33, 9192, 51, 1980
2026/08/29 21:03:50.719, 1, 436.69, 97, 23, 9192, 43, 1980
2026/08/29 21:03:50.719, 2, 454.40, 99, 33, 9172, 43, 1980
2026/08/29 21:03:50.719, 3, 169.14, 21, 18, 8072, 47, 1980
2026/08/29 21:03:50.719, 4, 469.82, 96, 28, 8832, 50, 1980
2026/08/29 21:03:50.719, 5, 468.45, 96, 28, 8792, 45, 1980
2026/08/29 21:03:50.719, 6, 304.11, 99, 34, 8790, 47, 1980
2026/08/29 21:03:50.720, 7, 191.01, 99, 28, 8030, 38, 1980
2026/08/29 21:03:55.720, 0, 161.54, 0, 0, 9194, 43, 1980
2026/08/29 21:03:55.720, 1, 158.62, 0, 0, 9192, 36, 1980
2026/08/29 21:03:55.720, 2, 161.06, 0, 0, 9172, 35, 1980
2026/08/29 21:03:55.720, 3, 146.84, 31, 27, 8832, 45, 1980
2026/08/29 21:03:55.720, 4, 153.86, 0, 0, 8832, 44, 1980
2026/08/29 21:03:55.720, 5, 138.18, 0, 0, 8792, 37, 1980
2026/08/29 21:03:55.720, 6, 166.13, 0, 0, 8790, 42, 1980
2026/08/29 21:03:55.720, 7, 148.43, 83, 55, 8790, 39, 1980
2026/08/29 21:04:00.721, 0, 125.10, 0, 0, 9194, 43, 1980
2026/08/29 21:04:00.722, 1, 123.59, 22, 21, 9434, 36, 1980
2026/08/29 21:04:00.726, 2, 158.31, 0, 0, 9172, 35, 1980
2026/08/29 21:04:00.727, 3, 127.70, 0, 0, 8832, 43, 1980
2026/08/29 21:04:00.729, 4, 128.48, 0, 0, 8832, 44, 1980
2026/08/29 21:04:00.731, 5, 123.53, 0, 0, 8792, 37, 1980
2026/08/29 21:04:00.734, 6, 127.00, 0, 0, 8790, 42, 1980
2026/08/29 21:04:00.736, 7, 150.28, 0, 0, 8790, 35, 1980
2026/08/29 21:04:05.738, 0, 187.29, 0, 0, 9454, 43, 1980
2026/08/29 21:04:05.740, 1, 180.61, 0, 0, 9434, 36, 1980
2026/08/29 21:04:05.741, 2, 180.95, 0, 0, 9414, 35, 1980
2026/08/29 21:04:05.741, 3, 161.16, 0, 0, 9034, 43, 1980
2026/08/29 21:04:05.742, 4, 183.35, 0, 0, 9012, 44, 1980
2026/08/29 21:04:05.743, 5, 179.40, 0, 0, 8912, 37, 1980
2026/08/29 21:04:05.744, 6, 131.21, 0, 0, 8890, 42, 1980
2026/08/29 21:04:05.744, 7, 181.38, 0, 0, 8870, 35, 1980
2026/08/29 21:04:10.745, 0, 125.78, 0, 0, 9454, 43, 1980
2026/08/29 21:04:10.747, 1, 116.18, 0, 0, 9434, 36, 1980
2026/08/29 21:04:10.749, 2, 118.86, 0, 0, 9414, 35, 1980
2026/08/29 21:04:10.751, 3, 128.43, 0, 0, 9034, 43, 1980
2026/08/29 21:04:10.752, 4, 126.61, 100, 0, 9014, 44, 1980
2026/08/29 21:04:10.753, 5, 123.24, 100, 0, 8914, 37, 1980
2026/08/29 21:04:10.755, 6, 127.21, 0, 0, 8892, 42, 1980
2026/08/29 21:04:10.757, 7, 128.50, 0, 0, 8870, 35, 1980
2026/08/29 21:04:15.761, 0, 125.27, 26, 1, 6894, 43, 1980
2026/08/29 21:04:15.761, 1, 117.40, 6, 0, 6894, 36, 1980
2026/08/29 21:04:15.761, 2, 118.72, 16, 0, 6894, 35, 1980
2026/08/29 21:04:15.761, 3, 127.39, 13, 1, 6894, 43, 1980
2026/08/29 21:04:15.761, 4, 125.91, 100, 0, 6894, 44, 1980
2026/08/29 21:04:15.761, 5, 121.38, 13, 1, 6874, 37, 1980
2026/08/29 21:04:15.761, 6, 127.79, 7, 1, 6892, 42, 1980
2026/08/29 21:04:15.761, 7, 125.01, 0, 0, 6892, 36, 1980
2026/08/29 21:04:20.761, 0, 124.61, 6, 0, 6894, 43, 1980
2026/08/29 21:04:20.761, 1, 116.62, 0, 0, 6344, 36, 1980
2026/08/29 21:04:20.761, 2, 117.77, 0, 0, 6104, 35, 1980
2026/08/29 21:04:20.761, 3, 126.13, 0, 0, 6104, 43, 1980
2026/08/29 21:04:20.761, 4, 124.79, 0, 0, 6104, 44, 1980
2026/08/29 21:04:20.761, 5, 120.43, 0, 0, 6084, 37, 1980
2026/08/29 21:04:20.761, 6, 126.92, 0, 0, 6102, 42, 1980
2026/08/29 21:04:20.761, 7, 124.11, 0, 0, 6150, 35, 1980
2026/08/29 21:04:25.762, 0, 124.86, 0, 0, 6104, 43, 1980
2026/08/29 21:04:25.762, 1, 70.65, 0, 0, 4, 34, 345
2026/08/29 21:04:25.762, 2, 73.23, 0, 0, 4, 34, 345
2026/08/29 21:04:25.762, 3, 73.62, 0, 0, 4, 41, 345
2026/08/29 21:04:25.762, 4, 74.80, 0, 0, 4, 43, 345
2026/08/29 21:04:25.762, 5, 72.39, 0, 0, 4, 35, 345
2026/08/29 21:04:25.762, 6, 74.37, 0, 0, 4, 41, 345
2026/08/29 21:04:25.762, 7, 75.14, 0, 0, 4, 34, 345
