timestamp, index, power.draw [W], utilization.gpu [%], utilization.memory [%], memory.used [MiB], temperature.gpu, clocks.current.sm [MHz]
2026/08/29 18:38:05.810, 0, 70.64, 0, 0, 1, 32, 345
2026/08/29 18:38:05.811, 1, 69.89, 0, 0, 1, 30, 345
2026/08/29 18:38:05.812, 2, 71.96, 0, 0, 1, 29, 345
2026/08/29 18:38:05.813, 3, 70.85, 0, 0, 1, 32, 345
2026/08/29 18:38:05.814, 4, 71.68, 0, 0, 1, 34, 345
2026/08/29 18:38:05.819, 5, 71.31, 0, 0, 1, 31, 345
2026/08/29 18:38:05.823, 6, 71.67, 0, 0, 1, 31, 345
2026/08/29 18:38:05.825, 7, 73.56, 0, 0, 1, 29, 345
2026/08/29 18:38:10.825, 0, 70.63, 0, 0, 1, 32, 345
2026/08/29 18:38:10.825, 1, 69.85, 0, 0, 1, 30, 345
2026/08/29 18:38:10.825, 2, 72.01, 0, 0, 1, 29, 345
2026/08/29 18:38:10.825, 3, 70.85, 0, 0, 1, 32, 345
2026/08/29 18:38:10.825, 4, 71.69, 0, 0, 1, 34, 345
2026/08/29 18:38:10.826, 5, 71.25, 0, 0, 1, 31, 345
2026/08/29 18:38:10.826, 6, 71.74, 0, 0, 1, 31, 345
2026/08/29 18:38:10.826, 7, 73.50, 0, 0, 1, 29, 345
2026/08/29 18:38:15.826, 0, 70.72, 0, 0, 4, 32, 345
2026/08/29 18:38:15.829, 1, 69.89, 0, 0, 4, 30, 345
2026/08/29 18:38:15.831, 2, 72.05, 0, 0, 4, 29, 345
2026/08/29 18:38:15.831, 3, 70.92, 0, 0, 4, 32, 345
2026/08/29 18:38:15.833, 4, 71.70, 0, 0, 4, 34, 345
2026/08/29 18:38:15.835, 5, 71.29, 0, 0, 1, 31, 345
2026/08/29 18:38:15.850, 6, 71.66, 0, 0, 1, 31, 345
2026/08/29 18:38:15.851, 7, 73.78, 0, 0, 1, 29, 345
2026/08/29 18:38:20.852, 0, 70.65, 0, 0, 4, 32, 345
2026/08/29 18:38:20.852, 1, 69.89, 0, 0, 4, 30, 345
2026/08/29 18:38:20.852, 2, 72.03, 0, 0, 4, 29, 345
2026/08/29 18:38:20.852, 3, 70.90, 0, 0, 4, 32, 345
2026/08/29 18:38:20.852, 4, 71.71, 0, 0, 4, 34, 345
2026/08/29 18:38:20.852, 5, 71.31, 0, 0, 4, 31, 345
2026/08/29 18:38:20.852, 6, 71.77, 0, 0, 4, 31, 345
2026/08/29 18:38:20.852, 7, 73.52, 0, 0, 4, 29, 345
2026/08/29 18:38:25.853, 0, 70.72, 0, 0, 4, 32, 345
2026/08/29 18:38:25.853, 1, 69.88, 0, 0, 4, 30, 345
2026/08/29 18:38:25.853, 2, 72.04, 0, 0, 4, 29, 345
2026/08/29 18:38:25.853, 3, 70.86, 0, 0, 4, 32, 345
2026/08/29 18:38:25.853, 4, 71.72, 0, 0, 4, 34, 345
2026/08/29 18:38:25.853, 5, 71.30, 0, 0, 4, 31, 345
2026/08/29 18:38:25.853, 6, 71.66, 0, 0, 4, 31, 345
2026/08/29 18:38:25.853, 7, 73.72, 0, 0, 4, 29, 345
2026/08/29 18:38:30.853, 0, 70.69, 0, 0, 4, 32, 345
2026/08/29 18:38:30.857, 1, 69.89, 0, 0, 4, 30, 345
2026/08/29 18:38:30.863, 2, 72.04, 0, 0, 4, 29, 345
2026/08/29 18:38:30.863, 3, 70.87, 0, 0, 4, 32, 345
2026/08/29 18:38:30.863, 4, 71.76, 0, 0, 4, 34, 345
2026/08/29 18:38:30.863, 5, 71.31, 0, 0, 4, 31, 345
2026/08/29 18:38:30.865, 6, 71.69, 0, 0, 4, 31, 345
2026/08/29 18:38:30.867, 7, 73.64, 0, 0, 4, 29, 345
2026/08/29 18:38:35.869, 0, 70.70, 0, 0, 4, 32, 345
2026/08/29 18:38:35.869, 1, 69.89, 0, 0, 4, 30, 345
2026/08/29 18:38:35.870, 2, 72.05, 0, 0, 4, 29, 345
2026/08/29 18:38:35.870, 3, 70.89, 0, 0, 4, 32, 345
2026/08/29 18:38:35.870, 4, 71.71, 0, 0, 4, 34, 345
2026/08/29 18:38:35.870, 5, 71.31, 0, 0, 4, 31, 345
2026/08/29 18:38:35.870, 6, 71.69, 0, 0, 4, 31, 345
2026/08/29 18:38:35.870, 7, 73.70, 0, 0, 4, 29, 345
2026/08/29 18:38:40.870, 0, 119.54, 0, 0, 530, 34, 1980
2026/08/29 18:38:40.870, 1, 115.73, 0, 0, 530, 31, 1980
2026/08/29 18:38:40.870, 2, 116.40, 0, 0, 530, 30, 1980
2026/08/29 18:38:40.870, 3, 118.10, 0, 0, 530, 33, 1980
2026/08/29 18:38:40.870, 4, 119.00, 0, 0, 530, 35, 1980
2026/08/29 18:38:40.870, 5, 117.96, 0, 0, 530, 32, 1980
2026/08/29 18:38:40.870, 6, 119.08, 0, 0, 530, 32, 1980
2026/08/29 18:38:40.870, 7, 122.09, 0, 0, 530, 30, 1980
2026/08/29 18:38:45.871, 0, 119.70, 0, 0, 1950, 34, 1980
2026/08/29 18:38:45.876, 1, 115.83, 5, 0, 1948, 31, 1980
2026/08/29 18:38:45.883, 2, 116.65, 10, 0, 1948, 30, 1980
2026/08/29 18:38:45.884, 3, 118.35, 0, 0, 1950, 33, 1980
2026/08/29 18:38:45.884, 4, 119.29, 0, 0, 1950, 35, 1980
2026/08/29 18:38:45.885, 5, 118.14, 0, 0, 1828, 33, 1980
2026/08/29 18:38:45.891, 6, 119.23, 6, 0, 1948, 33, 1980
2026/08/29 18:38:45.899, 7, 122.43, 1, 0, 1948, 31, 1980
2026/08/29 18:38:50.901, 0, 119.81, 0, 0, 3944, 34, 1980
2026/08/29 18:38:50.901, 1, 115.98, 0, 0, 3944, 32, 1980
2026/08/29 18:38:50.901, 2, 116.76, 0, 0, 3944, 31, 1980
2026/08/29 18:38:50.901, 3, 118.53, 0, 0, 3944, 33, 1980
2026/08/29 18:38:50.901, 4, 119.45, 0, 0, 3944, 36, 1980
2026/08/29 18:38:50.901, 5, 118.32, 0, 0, 3944, 33, 1980
2026/08/29 18:38:50.901, 6, 119.49, 0, 0, 3944, 33, 1980
2026/08/29 18:38:50.901, 7, 122.74, 0, 0, 3944, 31, 1980
2026/08/29 18:38:55.901, 0, 119.91, 0, 0, 3944, 34, 1980
2026/08/29 18:38:55.906, 1, 116.09, 0, 0, 3944, 32, 1980
2026/08/29 18:38:55.907, 2, 116.59, 0, 0, 3944, 31, 1980
2026/08/29 18:38:55.916, 3, 118.67, 0, 0, 3944, 34, 1980
2026/08/29 18:38:55.916, 4, 119.65, 0, 0, 3944, 36, 1980
2026/08/29 18:38:55.918, 5, 118.46, 0, 0, 3944, 33, 1980
2026/08/29 18:38:55.923, 6, 119.66, 0, 0, 3944, 33, 1980
2026/08/29 18:38:55.928, 7, 123.04, 0, 0, 3944, 31, 1980
2026/08/29 18:39:00.936, 0, 120.04, 0, 0, 3944, 35, 1980
2026/08/29 18:39:00.936, 1, 116.13, 0, 0, 3944, 32, 1980
2026/08/29 18:39:00.936, 2, 116.12, 0, 0, 3944, 31, 1980
2026/08/29 18:39:00.936, 3, 118.76, 0, 0, 3944, 34, 1980
2026/08/29 18:39:00.936, 4, 119.68, 0, 0, 3944, 36, 1980
2026/08/29 18:39:00.936, 5, 118.46, 0, 0, 3944, 33, 1980
2026/08/29 18:39:00.936, 6, 119.68, 0, 0, 3944, 33, 1980
2026/08/29 18:39:00.937, 7, 123.03, 0, 0, 3944, 31, 1980
2026/08/29 18:39:05.937, 0, 119.88, 0, 0, 3944, 35, 1980
2026/08/29 18:39:05.937, 1, 116.18, 0, 0, 3944, 32, 1980
2026/08/29 18:39:05.937, 2, 116.21, 0, 0, 3944, 31, 1980
2026/08/29 18:39:05.937, 3, 118.86, 0, 0, 3944, 34, 1980
2026/08/29 18:39:05.937, 4, 119.77, 0, 0, 3944, 36, 1980
2026/08/29 18:39:05.937, 5, 118.49, 0, 0, 3944, 33, 1980
2026/08/29 18:39:05.937, 6, 119.77, 0, 0, 3944, 34, 1980
2026/08/29 18:39:05.938, 7, 122.92, 0, 0, 3944, 31, 1980
2026/08/29 18:39:10.938, 0, 120.27, 0, 0, 3944, 35, 1980
2026/08/29 18:39:10.938, 1, 116.26, 0, 0, 3944, 32, 1980
2026/08/29 18:39:10.938, 2, 116.30, 0, 0, 3944, 31, 1980
2026/08/29 18:39:10.938, 3, 118.94, 0, 0, 3944, 34, 1980
2026/08/29 18:39:10.938, 4, 119.92, 0, 0, 3944, 36, 1980
2026/08/29 18:39:10.938, 5, 118.66, 0, 0, 3944, 34, 1980
2026/08/29 18:39:10.938, 6, 119.89, 0, 0, 3944, 34, 1980
2026/08/29 18:39:10.938, 7, 122.51, 0, 0, 3944, 31, 1980
2026/08/29 18:39:15.939, 0, 120.27, 0, 0, 3944, 35, 1980
2026/08/29 18:39:15.939, 1, 116.31, 0, 0, 3944, 32, 1980
2026/08/29 18:39:15.939, 2, 116.36, 0, 0, 3944, 31, 1980
2026/08/29 18:39:15.939, 3, 119.06, 0, 0, 3944, 34, 1980
2026/08/29 18:39:15.939, 4, 119.99, 0, 0, 3944, 37, 1980
2026/08/29 18:39:15.939, 5, 118.69, 0, 0, 3944, 34, 1980
2026/08/29 18:39:15.939, 6, 119.97, 0, 0, 3944, 34, 1980
2026/08/29 18:39:15.939, 7, 122.43, 0, 0, 3944, 32, 1980
2026/08/29 18:39:20.939, 0, 120.49, 0, 0, 3944, 36, 1980
2026/08/29 18:39:20.941, 1, 116.38, 0, 0, 3944, 32, 1980
2026/08/29 18:39:20.945, 2, 116.38, 0, 0, 3944, 31, 1980
2026/08/29 18:39:20.948, 3, 119.15, 0, 0, 3944, 35, 1980
2026/08/29 18:39:20.950, 4, 120.14, 0, 0, 3944, 37, 1980
2026/08/29 18:39:20.950, 5, 118.78, 0, 0, 3944, 34, 1980
2026/08/29 18:39:20.951, 6, 120.11, 0, 0, 3944, 34, 1980
2026/08/29 18:39:20.952, 7, 122.47, 0, 0, 3944, 32, 1980
2026/08/29 18:39:25.953, 0, 120.54, 0, 0, 3944, 36, 1980
2026/08/29 18:39:25.954, 1, 116.46, 0, 0, 3944, 33, 1980
2026/08/29 18:39:25.954, 2, 116.47, 0, 0, 3944, 32, 1980
2026/08/29 18:39:25.954, 3, 119.28, 0, 0, 3944, 35, 1980
2026/08/29 18:39:25.954, 4, 120.25, 0, 0, 3944, 37, 1980
2026/08/29 18:39:25.954, 5, 118.83, 0, 0, 3944, 34, 1980
2026/08/29 18:39:25.954, 6, 120.20, 0, 0, 3944, 34, 1980
2026/08/29 18:39:25.954, 7, 122.54, 0, 0, 3944, 32, 1980
2026/08/29 18:39:30.954, 0, 120.57, 0, 0, 3944, 36, 1980
2026/08/29 18:39:30.954, 1, 116.47, 0, 0, 3944, 33, 1980
2026/08/29 18:39:30.954, 2, 116.49, 0, 0, 3944, 32, 1980
2026/08/29 18:39:30.954, 3, 119.35, 0, 0, 3944, 35, 1980
2026/08/29 18:39:30.954, 4, 120.35, 0, 0, 3944, 37, 1980
2026/08/29 18:39:30.954, 5, 118.89, 0, 0, 3944, 34, 1980
2026/08/29 18:39:30.954, 6, 120.30, 0, 0, 3944, 35, 1980
2026/08/29 18:39:30.954, 7, 122.86, 0, 0, 3944, 32, 1980
2026/08/29 18:39:35.955, 0, 120.79, 0, 0, 3944, 36, 1980
2026/08/29 18:39:35.955, 1, 116.55, 0, 0, 3944, 33, 1980
2026/08/29 18:39:35.955, 2, 116.60, 0, 0, 3944, 32, 1980
2026/08/29 18:39:35.955, 3, 119.51, 0, 0, 3944, 35, 1980
2026/08/29 18:39:35.955, 4, 120.43, 0, 0, 3944, 37, 1980
2026/08/29 18:39:35.955, 5, 118.96, 0, 0, 3944, 34, 1980
2026/08/29 18:39:35.955, 6, 120.41, 0, 0, 3944, 35, 1980
2026/08/29 18:39:35.955, 7, 122.81, 0, 0, 3944, 32, 1980
2026/08/29 18:39:40.955, 0, 120.77, 0, 0, 3944, 36, 1980
2026/08/29 18:39:40.955, 1, 116.57, 0, 0, 3944, 33, 1980
2026/08/29 18:39:40.956, 2, 116.61, 0, 0, 3944, 32, 1980
2026/08/29 18:39:40.956, 3, 119.57, 0, 0, 3944, 35, 1980
2026/08/29 18:39:40.956, 4, 120.60, 0, 0, 3944, 38, 1980
2026/08/29 18:39:40.956, 5, 118.97, 0, 0, 3944, 34, 1980
2026/08/29 18:39:40.956, 6, 120.54, 0, 0, 3944, 35, 1980
2026/08/29 18:39:40.956, 7, 122.74, 0, 0, 3944, 32, 1980
2026/08/29 18:39:45.956, 0, 120.84, 0, 0, 3944, 36, 1980
2026/08/29 18:39:45.956, 1, 115.84, 0, 0, 3944, 33, 1980
2026/08/29 18:39:45.956, 2, 116.65, 0, 0, 3944, 32, 1980
2026/08/29 18:39:45.956, 3, 119.64, 0, 0, 3944, 35, 1980
2026/08/29 18:39:45.956, 4, 120.58, 0, 0, 3944, 38, 1980
2026/08/29 18:39:45.956, 5, 118.99, 0, 0, 3944, 34, 1980
2026/08/29 18:39:45.956, 6, 120.57, 0, 0, 3944, 35, 1980
2026/08/29 18:39:45.956, 7, 122.54, 0, 0, 3944, 32, 1980
2026/08/29 18:39:50.957, 0, 120.93, 0, 0, 3944, 36, 1980
2026/08/29 18:39:50.957, 1, 115.91, 0, 0, 3944, 33, 1980
2026/08/29 18:39:50.957, 2, 116.70, 0, 0, 3944, 32, 1980
2026/08/29 18:39:50.957, 3, 119.69, 0, 0, 3944, 36, 1980
2026/08/29 18:39:50.957, 4, 120.73, 0, 0, 3944, 38, 1980
2026/08/29 18:39:50.957, 5, 119.01, 0, 0, 3944, 34, 1980
2026/08/29 18:39:50.957, 6, 120.68, 0, 0, 3944, 35, 1980
2026/08/29 18:39:50.957, 7, 122.93, 0, 0, 3944, 32, 1980
2026/08/29 18:39:55.957, 0, 121.09, 0, 0, 3944, 37, 1980
2026/08/29 18:39:55.958, 1, 116.01, 0, 0, 3944, 33, 1980
2026/08/29 18:39:55.959, 2, 116.71, 0, 0, 3944, 32, 1980
2026/08/29 18:39:55.960, 3, 119.81, 0, 0, 3944, 36, 1980
2026/08/29 18:39:55.961, 4, 120.76, 0, 0, 3944, 38, 1980
2026/08/29 18:39:55.961, 5, 119.07, 0, 0, 3944, 34, 1980
2026/08/29 18:39:55.961, 6, 120.76, 0, 0, 3944, 35, 1980
2026/08/29 18:39:55.963, 7, 123.02, 0, 0, 3944, 32, 1980
2026/08/29 18:40:00.964, 0, 121.09, 0, 0, 3944, 37, 1980
2026/08/29 18:40:00.966, 1, 116.00, 0, 0, 3944, 33, 1980
2026/08/29 18:40:00.966, 2, 116.70, 0, 0, 3944, 32, 1980
2026/08/29 18:40:00.970, 3, 119.85, 0, 0, 3944, 36, 1980
2026/08/29 18:40:00.971, 4, 120.91, 0, 0, 3944, 38, 1980
2026/08/29 18:40:00.974, 5, 119.09, 0, 0, 3944, 34, 1980
2026/08/29 18:40:00.975, 6, 120.80, 0, 0, 3944, 35, 1980
2026/08/29 18:40:00.979, 7, 122.87, 0, 0, 3944, 32, 1980
2026/08/29 18:40:05.980, 0, 121.06, 0, 0, 3944, 37, 1980
2026/08/29 18:40:05.980, 1, 116.00, 0, 0, 3944, 33, 1980
2026/08/29 18:40:05.980, 2, 116.71, 0, 0, 3944, 32, 1980
2026/08/29 18:40:05.980, 3, 119.95, 0, 0, 3944, 36, 1980
2026/08/29 18:40:05.980, 4, 120.96, 0, 0, 3944, 38, 1980
2026/08/29 18:40:05.980, 5, 119.11, 0, 0, 3944, 35, 1980
2026/08/29 18:40:05.980, 6, 120.84, 0, 0, 3944, 36, 1980
2026/08/29 18:40:05.980, 7, 123.04, 0, 0, 3944, 32, 1980
2026/08/29 18:40:10.980, 0, 121.18, 0, 0, 3944, 37, 1980
2026/08/29 18:40:10.981, 1, 115.99, 0, 0, 3944, 33, 1980
2026/08/29 18:40:10.981, 2, 116.73, 0, 0, 3944, 32, 1980
2026/08/29 18:40:10.981, 3, 120.00, 0, 0, 3944, 36, 1980
2026/08/29 18:40:10.981, 4, 121.01, 0, 0, 3944, 38, 1980
2026/08/29 18:40:10.981, 5, 119.14, 0, 0, 3944, 35, 1980
2026/08/29 18:40:10.981, 6, 120.90, 0, 0, 3944, 36, 1980
2026/08/29 18:40:10.981, 7, 122.97, 0, 0, 3944, 32, 1980
2026/08/29 18:40:15.981, 0, 121.35, 0, 0, 3944, 37, 1980
2026/08/29 18:40:15.981, 1, 116.02, 0, 0, 3944, 33, 1980
2026/08/29 18:40:15.981, 2, 116.80, 0, 0, 3944, 32, 1980
2026/08/29 18:40:15.981, 3, 120.07, 0, 0, 3944, 36, 1980
2026/08/29 18:40:15.981, 4, 121.17, 0, 0, 3944, 38, 1980
2026/08/29 18:40:15.981, 5, 119.18, 0, 0, 3944, 35, 1980
2026/08/29 18:40:15.981, 6, 121.03, 0, 0, 3944, 36, 1980
2026/08/29 18:40:15.981, 7, 123.13, 0, 0, 3944, 33, 1980
2026/08/29 18:40:20.982, 0, 121.35, 0, 0, 3944, 37, 1980
2026/08/29 18:40:20.982, 1, 116.04, 0, 0, 3944, 33, 1980
2026/08/29 18:40:20.984, 2, 116.78, 0, 0, 3944, 32, 1980
2026/08/29 18:40:20.985, 3, 120.11, 0, 0, 3944, 36, 1980
2026/08/29 18:40:20.987, 4, 121.11, 0, 0, 3944, 38, 1980
2026/08/29 18:40:20.988, 5, 119.19, 0, 0, 3944, 35, 1980
2026/08/29 18:40:20.990, 6, 121.03, 0, 0, 3944, 36, 1980
2026/08/29 18:40:20.991, 7, 122.99, 0, 0, 3944, 33, 1980
2026/08/29 18:40:25.993, 0, 121.36, 0, 0, 3944, 37, 1980
2026/08/29 18:40:25.993, 1, 116.09, 0, 0, 3944, 33, 1980
2026/08/29 18:40:25.993, 2, 116.80, 0, 0, 3944, 32, 1980
2026/08/29 18:40:25.994, 3, 120.19, 0, 0, 3944, 36, 1980
2026/08/29 18:40:25.996, 4, 120.83, 0, 0, 3944, 39, 1980
2026/08/29 18:40:25.997, 5, 119.21, 0, 0, 3944, 35, 1980
2026/08/29 18:40:25.997, 6, 121.11, 0, 0, 3944, 36, 1980
2026/08/29 18:40:25.998, 7, 123.15, 0, 0, 3944, 33, 1980
2026/08/29 18:40:30.999, 0, 121.37, 0, 0, 3944, 37, 1980
2026/08/29 18:40:30.999, 1, 116.09, 0, 0, 3944, 33, 1980
2026/08/29 18:40:30.999, 2, 116.77, 0, 0, 3944, 32, 1980
2026/08/29 18:40:30.999, 3, 120.18, 0, 0, 3944, 36, 1980
2026/08/29 18:40:30.999, 4, 120.77, 0, 0, 3944, 39, 1980
2026/08/29 18:40:30.999, 5, 119.24, 0, 0, 3944, 35, 1980
2026/08/29 18:40:30.999, 6, 121.08, 0, 0, 3944, 36, 1980
2026/08/29 18:40:30.999, 7, 123.08, 0, 0, 3944, 33, 1980
2026/08/29 18:40:35.999, 0, 155.44, 12, 8, 28340, 38, 1980
2026/08/29 18:40:36.000, 1, 150.37, 13, 9, 28340, 34, 1980
2026/08/29 18:40:36.000, 2, 155.32, 9, 5, 31580, 33, 1980
2026/08/29 18:40:36.000, 3, 154.05, 12, 8, 28340, 38, 1980
2026/08/29 18:40:36.000, 4, 161.19, 11, 8, 31940, 39, 1980
2026/08/29 18:40:36.001, 5, 156.11, 11, 7, 31580, 36, 1980
2026/08/29 18:40:36.001, 6, 151.94, 12, 8, 27758, 37, 1980
2026/08/29 18:40:36.001, 7, 155.68, 11, 7, 27758, 33, 1980
2026/08/29 18:40:41.001, 0, 483.77, 95, 69, 48702, 47, 1980
2026/08/29 18:40:41.003, 1, 478.58, 43, 27, 48704, 44, 1980
2026/08/29 18:40:41.003, 2, 481.76, 44, 27, 48702, 43, 1980
2026/08/29 18:40:41.003, 3, 479.66, 93, 77, 48702, 46, 1980
2026/08/29 18:40:41.003, 4, 472.32, 93, 69, 47764, 46, 1980
2026/08/29 18:40:41.003, 5, 478.07, 95, 67, 46162, 45, 1980
2026/08/29 18:40:41.003, 6, 476.84, 95, 76, 47026, 43, 1980
2026/08/29 18:40:41.003, 7, 473.86, 75, 67, 47022, 42, 1980
2026/08/29 18:40:46.004, 0, 488.26, 52, 31, 49124, 48, 1980
2026/08/29 18:40:46.004, 1, 478.54, 38, 25, 48706, 46, 1980
2026/08/29 18:40:46.004, 2, 474.88, 51, 27, 48704, 46, 1980
2026/08/29 18:40:46.004, 3, 475.56, 90, 48, 48704, 48, 1980
2026/08/29 18:40:46.004, 4, 458.39, 88, 47, 47764, 49, 1980
2026/08/29 18:40:46.004, 5, 471.49, 50, 27, 46624, 46, 1980
2026/08/29 18:40:46.004, 6, 474.59, 95, 64, 47026, 47, 1980
2026/08/29 18:40:46.004, 7, 479.32, 68, 37, 47022, 44, 1980
2026/08/29 18:40:51.005, 0, 508.08, 88, 54, 49124, 51, 1980
2026/08/29 18:40:51.005, 1, 489.66, 99, 69, 48706, 49, 1980
2026/08/29 18:40:51.005, 2, 493.09, 100, 69, 48704, 48, 1980
2026/08/29 18:40:51.005, 3, 493.93, 92, 61, 48704, 50, 1980
2026/08/29 18:40:51.012, 4, 476.00, 97, 61, 48224, 50, 1980
2026/08/29 18:40:51.019, 5, 488.71, 91, 47, 47684, 49, 1980
2026/08/29 18:40:51.030, 6, 490.40, 94, 69, 47646, 50, 1980
2026/08/29 18:40:51.030, 7, 486.68, 100, 64, 47022, 46, 1980
2026/08/29 18:40:56.040, 0, 505.07, 93, 75, 49124, 55, 1980
2026/08/29 18:40:56.047, 1, 491.38, 94, 70, 48706, 51, 1980
2026/08/29 18:40:56.050, 2, 493.23, 94, 74, 48704, 50, 1980
2026/08/29 18:40:56.053, 3, 499.73, 89, 77, 48704, 53, 1980
2026/08/29 18:40:56.057, 4, 477.82, 92, 72, 48224, 53, 1980
2026/08/29 18:40:56.061, 5, 476.86, 95, 69, 47844, 51, 1980
2026/08/29 18:40:56.065, 6, 480.47, 95, 73, 47646, 52, 1980
2026/08/29 18:40:56.068, 7, 484.98, 95, 76, 47022, 49, 1980
2026/08/29 18:41:01.070, 0, 480.65, 42, 26, 49124, 56, 1980
2026/08/29 18:41:01.075, 1, 480.92, 89, 51, 48806, 49, 1980
2026/08/29 18:41:01.079, 2, 489.60, 91, 54, 48704, 50, 1980
2026/08/29 18:41:01.081, 3, 484.92, 93, 59, 48704, 55, 1980
2026/08/29 18:41:01.085, 4, 475.74, 93, 59, 48444, 55, 1980
2026/08/29 18:41:01.087, 5, 481.40, 44, 26, 48004, 52, 1980
2026/08/29 18:41:01.089, 6, 488.08, 99, 68, 47646, 50, 1980
2026/08/29 18:41:01.089, 7, 466.37, 96, 53, 47022, 48, 1980
2026/08/29 18:41:06.092, 0, 507.83, 85, 49, 49124, 57, 1980
2026/08/29 18:41:06.092, 1, 494.70, 92, 79, 48806, 50, 1980
2026/08/29 18:41:06.092, 2, 494.39, 95, 79, 48704, 51, 1980
2026/08/29 18:41:06.092, 3, 503.53, 95, 69, 48704, 55, 1980
2026/08/29 18:41:06.092, 4, 499.51, 96, 62, 48444, 56, 1980
2026/08/29 18:41:06.092, 5, 506.61, 83, 48, 48104, 52, 1980
2026/08/29 18:41:06.092, 6, 500.17, 82, 57, 47646, 53, 1980
2026/08/29 18:41:06.092, 7, 502.19, 95, 68, 47022, 49, 1980
2026/08/29 18:41:11.092, 0, 518.82, 85, 51, 49124, 59, 1980
2026/08/29 18:41:11.094, 1, 471.24, 94, 53, 48806, 49, 1980
2026/08/29 18:41:11.094, 2, 479.06, 95, 56, 48704, 49, 1980
2026/08/29 18:41:11.094, 3, 499.18, 45, 29, 48704, 57, 1980
2026/08/29 18:41:11.094, 4, 479.01, 100, 64, 48444, 58, 1980
2026/08/29 18:41:11.094, 5, 488.13, 82, 46, 48104, 51, 1980
2026/08/29 18:41:11.094, 6, 492.45, 55, 32, 47646, 55, 1980
2026/08/29 18:41:11.095, 7, 492.65, 100, 64, 47022, 49, 1980
2026/08/29 18:41:16.096, 0, 520.69, 94, 59, 49124, 61, 1980
2026/08/29 18:41:16.096, 1, 476.92, 95, 57, 48806, 53, 1980
2026/08/29 18:41:16.096, 2, 496.44, 95, 60, 48704, 53, 1980
2026/08/29 18:41:16.096, 3, 510.52, 100, 67, 48704, 57, 1980
2026/08/29 18:41:16.096, 4, 501.86, 99, 67, 48444, 57, 1980
2026/08/29 18:41:16.096, 5, 497.80, 95, 60, 48104, 55, 1980
2026/08/29 18:41:16.096, 6, 494.24, 100, 70, 47646, 58, 1980
2026/08/29 18:41:16.096, 7, 496.94, 95, 65, 47422, 49, 1980
2026/08/29 18:41:21.096, 0, 498.10, 45, 26, 49124, 59, 1980
2026/08/29 18:41:21.096, 1, 468.20, 84, 48, 48806, 51, 1980
2026/08/29 18:41:21.104, 2, 482.17, 89, 51, 48704, 52, 1980
2026/08/29 18:41:21.107, 3, 496.25, 93, 56, 48704, 60, 1980
2026/08/29 18:41:21.114, 4, 482.98, 93, 56, 48444, 61, 1980
2026/08/29 18:41:21.115, 5, 490.97, 49, 28, 48104, 54, 1980
2026/08/29 18:41:21.116, 6, 493.25, 93, 61, 47646, 56, 1980
2026/08/29 18:41:21.116, 7, 479.62, 93, 51, 47424, 52, 1980
2026/08/29 18:41:26.118, 0, 520.43, 57, 35, 49124, 61, 1980
2026/08/29 18:41:26.119, 1, 488.83, 90, 79, 48806, 55, 1980
2026/08/29 18:41:26.122, 2, 504.19, 90, 78, 48704, 55, 1980
2026/08/29 18:41:26.124, 3, 507.18, 95, 67, 48704, 60, 1980
2026/08/29 18:41:26.125, 4, 491.24, 96, 64, 48444, 61, 1980
2026/08/29 18:41:26.126, 5, 503.42, 91, 69, 48104, 54, 1980
2026/08/29 18:41:26.128, 6, 498.99, 95, 60, 47646, 60, 1980
2026/08/29 18:41:26.130, 7, 479.32, 95, 74, 47424, 52, 1980
2026/08/29 18:41:31.132, 0, 516.32, 55, 34, 49124, 63, 1980
2026/08/29 18:41:31.134, 1, 494.58, 94, 56, 48806, 54, 1980
2026/08/29 18:41:31.134, 2, 508.62, 88, 58, 48704, 54, 1980
2026/08/29 18:41:31.137, 3, 520.95, 47, 31, 48704, 62, 1980
2026/08/29 18:41:31.140, 4, 505.48, 53, 36, 48444, 62, 1980
2026/08/29 18:41:31.142, 5, 492.86, 52, 31, 48104, 55, 1980
2026/08/29 18:41:31.144, 6, 509.15, 46, 28, 47646, 61, 1980
2026/08/29 18:41:31.145, 7, 500.36, 90, 71, 47424, 52, 1980
2026/08/29 18:41:36.147, 0, 511.40, 43, 26, 49444, 63, 1980
2026/08/29 18:41:36.147, 1, 486.45, 42, 25, 48806, 54, 1980
2026/08/29 18:41:36.147, 2, 487.90, 44, 28, 48704, 54, 1980
2026/08/29 18:41:36.147, 3, 512.12, 95, 81, 48704, 62, 1980
2026/08/29 18:41:36.147, 4, 498.64, 78, 46, 48444, 62, 1980
2026/08/29 18:41:36.147, 5, 511.90, 43, 27, 48104, 55, 1980
2026/08/29 18:41:36.147, 6, 500.64, 95, 67, 47646, 60, 1980
2026/08/29 18:41:36.147, 7, 484.87, 58, 32, 47424, 51, 1980
2026/08/29 18:41:41.148, 0, 505.87, 48, 33, 49446, 64, 1980
2026/08/29 18:41:41.148, 1, 482.60, 79, 44, 48806, 51, 1980
2026/08/29 18:41:41.148, 2, 478.99, 93, 48, 48704, 54, 1980
2026/08/29 18:41:41.148, 3, 499.61, 99, 55, 48704, 62, 1980
2026/08/29 18:41:41.148, 4, 486.42, 99, 52, 48444, 63, 1980
2026/08/29 18:41:41.148, 5, 476.27, 47, 32, 48104, 56, 1980
2026/08/29 18:41:41.148, 6, 504.12, 99, 59, 47646, 59, 1980
2026/08/29 18:41:41.148, 7, 487.43, 49, 30, 47424, 52, 1980
2026/08/29 18:41:46.148, 0, 527.38, 94, 73, 49446, 65, 1980
2026/08/29 18:41:46.148, 1, 502.66, 94, 79, 48806, 55, 1980
2026/08/29 18:41:46.149, 2, 496.45, 95, 73, 48704, 54, 1980
2026/08/29 18:41:46.149, 3, 524.19, 82, 57, 48704, 64, 1980
2026/08/29 18:41:46.149, 4, 507.26, 90, 59, 48444, 63, 1980
2026/08/29 18:41:46.149, 5, 514.65, 95, 74, 48104, 56, 1980
2026/08/29 18:41:46.149, 6, 518.36, 63, 44, 47646, 62, 1980
2026/08/29 18:41:46.149, 7, 481.49, 95, 63, 47424, 52, 1980
2026/08/29 18:41:51.149, 0, 523.29, 77, 46, 49446, 63, 1980
2026/08/29 18:41:51.149, 1, 471.58, 59, 32, 48806, 52, 1980
2026/08/29 18:41:51.149, 2, 478.71, 60, 41, 48704, 53, 1980
2026/08/29 18:41:51.149, 3, 496.55, 34, 19, 48704, 63, 1980
2026/08/29 18:41:51.149, 4, 486.07, 49, 31, 48444, 64, 1980
2026/08/29 18:41:51.149, 5, 491.56, 72, 36, 48104, 54, 1980
2026/08/29 18:41:51.149, 6, 499.66, 46, 24, 47646, 61, 1980
2026/08/29 18:41:51.149, 7, 490.72, 95, 63, 47424, 50, 1980
2026/08/29 18:41:56.150, 0, 524.19, 47, 33, 49446, 65, 1980
2026/08/29 18:41:56.150, 1, 496.40, 61, 43, 48866, 55, 1980
2026/08/29 18:41:56.151, 2, 499.83, 52, 37, 48704, 55, 1980
2026/08/29 18:41:56.153, 3, 521.47, 100, 84, 48704, 65, 1980
2026/08/29 18:41:56.155, 4, 499.14, 100, 76, 48444, 63, 1980
2026/08/29 18:41:56.157, 5, 504.12, 58, 40, 48104, 56, 1980
2026/08/29 18:41:56.159, 6, 522.62, 96, 71, 47646, 63, 1980
2026/08/29 18:41:56.159, 7, 491.05, 46, 31, 47424, 52, 1980
2026/08/29 18:42:01.161, 0, 528.33, 91, 55, 49446, 65, 1980
2026/08/29 18:42:01.161, 1, 475.87, 90, 53, 48866, 55, 1980
2026/08/29 18:42:01.161, 2, 501.37, 92, 69, 48704, 53, 1980
2026/08/29 18:42:01.162, 3, 484.04, 86, 72, 48704, 64, 1980
2026/08/29 18:42:01.162, 4, 496.24, 89, 72, 48444, 64, 1980
2026/08/29 18:42:01.162, 5, 501.58, 89, 53, 48104, 55, 1980
2026/08/29 18:42:01.162, 6, 494.88, 83, 48, 47646, 63, 1980
2026/08/29 18:42:01.162, 7, 485.39, 93, 54, 47424, 52, 1980
2026/08/29 18:42:06.162, 0, 504.99, 41, 26, 49446, 67, 1980
2026/08/29 18:42:06.162, 1, 479.95, 94, 44, 48866, 53, 1980
2026/08/29 18:42:06.162, 2, 470.82, 97, 43, 48704, 54, 1980
2026/08/29 18:42:06.162, 3, 490.07, 98, 55, 48704, 60, 1980
2026/08/29 18:42:06.162, 4, 476.44, 98, 54, 48444, 62, 1980
2026/08/29 18:42:06.162, 5, 474.46, 97, 43, 48104, 55, 1980
2026/08/29 18:42:06.162, 6, 499.73, 100, 62, 47646, 60, 1980
2026/08/29 18:42:06.162, 7, 488.83, 99, 53, 47424, 51, 1980
2026/08/29 18:42:11.163, 0, 514.54, 70, 41, 49446, 64, 1980
2026/08/29 18:42:11.163, 1, 496.41, 42, 28, 48866, 53, 1980
2026/08/29 18:42:11.163, 2, 505.46, 77, 53, 48704, 52, 1980
2026/08/29 18:42:11.163, 3, 500.57, 43, 27, 48704, 63, 1980
2026/08/29 18:42:11.163, 4, 496.92, 49, 32, 48444, 64, 1980
2026/08/29 18:42:11.163, 5, 509.54, 67, 40, 48104, 53, 1980
2026/08/29 18:42:11.163, 6, 514.44, 41, 25, 47646, 62, 1980
2026/08/29 18:42:11.163, 7, 497.22, 95, 79, 47424, 52, 1980
2026/08/29 18:42:16.166, 0, 523.51, 99, 84, 49446, 66, 1980
2026/08/29 18:42:16.166, 1, 504.34, 99, 79, 48868, 55, 1980
2026/08/29 18:42:16.166, 2, 503.52, 100, 83, 48704, 55, 1980
2026/08/29 18:42:16.166, 3, 525.06, 92, 55, 48704, 64, 1980
2026/08/29 18:42:16.166, 4, 510.08, 93, 57, 48444, 65, 1980
2026/08/29 18:42:16.166, 5, 509.47, 99, 84, 48104, 57, 1980
2026/08/29 18:42:16.166, 6, 524.25, 94, 59, 47646, 62, 1980
2026/08/29 18:42:16.166, 7, 510.92, 96, 80, 47424, 53, 1980
2026/08/29 18:42:21.166, 0, 528.32, 99, 57, 49446, 66, 1980
2026/08/29 18:42:21.167, 1, 481.16, 95, 56, 48868, 53, 1980
2026/08/29 18:42:21.167, 2, 498.62, 100, 65, 48704, 54, 1980
2026/08/29 18:42:21.167, 3, 497.68, 77, 41, 48704, 64, 1980
2026/08/29 18:42:21.167, 4, 505.90, 100, 73, 48444, 64, 1980
2026/08/29 18:42:21.167, 5, 516.93, 98, 52, 48104, 56, 1980
2026/08/29 18:42:21.167, 6, 512.88, 95, 50, 47646, 63, 1980
2026/08/29 18:42:21.167, 7, 483.55, 100, 58, 47424, 51, 1980
2026/08/29 18:42:26.167, 0, 521.93, 100, 85, 49446, 65, 1980
2026/08/29 18:42:26.169, 1, 497.91, 95, 70, 49028, 53, 1980
2026/08/29 18:42:26.173, 2, 504.79, 95, 62, 48704, 53, 1980
2026/08/29 18:42:26.176, 3, 516.85, 56, 39, 48704, 64, 1980
2026/08/29 18:42:26.177, 4, 490.70, 70, 49, 48444, 65, 1980
2026/08/29 18:42:26.179, 5, 498.47, 94, 67, 48104, 54, 1980
2026/08/29 18:42:26.188, 6, 522.68, 39, 26, 47646, 62, 1980
2026/08/29 18:42:26.190, 7, 494.25, 84, 59, 47424, 51, 1980
2026/08/29 18:42:31.201, 0, 518.57, 99, 70, 49446, 66, 1980
2026/08/29 18:42:31.201, 1, 494.39, 98, 65, 49028, 55, 1980
2026/08/29 18:42:31.201, 2, 500.64, 91, 77, 48704, 54, 1980
2026/08/29 18:42:31.201, 3, 515.33, 85, 58, 48704, 65, 1980
2026/08/29 18:42:31.201, 4, 506.03, 93, 64, 48444, 64, 1980
2026/08/29 18:42:31.201, 5, 511.99, 100, 64, 48104, 55, 1980
2026/08/29 18:42:31.201, 6, 507.31, 67, 46, 47646, 63, 1980
2026/08/29 18:42:31.201, 7, 499.38, 100, 71, 47424, 53, 1980
2026/08/29 18:42:36.202, 0, 513.98, 93, 57, 49446, 66, 1980
2026/08/29 18:42:36.202, 1, 476.58, 99, 69, 49028, 52, 1980
2026/08/29 18:42:36.202, 2, 491.56, 48, 29, 48704, 54, 1980
2026/08/29 18:42:36.202, 3, 504.12, 70, 43, 48704, 61, 1980
2026/08/29 18:42:36.202, 4, 493.75, 62, 38, 48444, 63, 1980
2026/08/29 18:42:36.202, 5, 490.44, 100, 63, 48104, 55, 1980
2026/08/29 18:42:36.202, 6, 488.65, 91, 47, 47926, 60, 1980
2026/08/29 18:42:36.202, 7, 488.17, 100, 64, 47424, 52, 1980
2026/08/29 18:42:41.203, 0, 514.50, 51, 35, 49446, 65, 1980
2026/08/29 18:42:41.203, 1, 492.90, 69, 49, 49028, 52, 1980
2026/08/29 18:42:41.203, 2, 489.77, 82, 48, 48704, 53, 1980
2026/08/29 18:42:41.203, 3, 499.32, 91, 65, 48704, 63, 1980
2026/08/29 18:42:41.203, 4, 481.92, 97, 55, 48444, 64, 1980
2026/08/29 18:42:41.203, 5, 488.51, 47, 33, 48104, 55, 1980
2026/08/29 18:42:41.203, 6, 501.75, 70, 49, 47926, 61, 1980
2026/08/29 18:42:41.203, 7, 484.91, 46, 31, 47424, 51, 1980
2026/08/29 18:42:46.203, 0, 535.96, 100, 82, 49446, 66, 1980
2026/08/29 18:42:46.203, 1, 506.58, 100, 77, 49028, 55, 1980
2026/08/29 18:42:46.203, 2, 517.89, 100, 81, 48704, 55, 1980
2026/08/29 18:42:46.203, 3, 534.68, 94, 80, 48704, 65, 1980
2026/08/29 18:42:46.203, 4, 517.08, 95, 78, 48444, 65, 1980
2026/08/29 18:42:46.203, 5, 519.26, 100, 81, 48304, 56, 1980
2026/08/29 18:42:46.203, 6, 535.23, 95, 77, 47926, 64, 1980
2026/08/29 18:42:46.204, 7, 521.12, 99, 69, 47424, 53, 1980
2026/08/29 18:42:51.204, 0, 517.61, 89, 51, 49446, 65, 1980
2026/08/29 18:42:51.204, 1, 484.08, 90, 52, 49028, 54, 1980
2026/08/29 18:42:51.204, 2, 501.25, 93, 61, 48704, 54, 1980
2026/08/29 18:42:51.204, 3, 503.83, 92, 76, 48704, 63, 1980
2026/08/29 18:42:51.204, 4, 492.94, 93, 70, 48444, 65, 1980
2026/08/29 18:42:51.204, 5, 497.62, 90, 49, 48304, 55, 1980
2026/08/29 18:42:51.204, 6, 509.65, 89, 71, 47926, 63, 1980
2026/08/29 18:42:51.204, 7, 499.78, 92, 51, 47424, 53, 1980
2026/08/29 18:42:56.205, 0, 521.28, 93, 65, 49446, 66, 1980
2026/08/29 18:42:56.205, 1, 471.70, 95, 61, 49028, 54, 1980
2026/08/29 18:42:56.207, 2, 417.18, 11, 11, 49264, 50, 1980
2026/08/29 18:42:56.209, 3, 497.36, 100, 65, 48704, 64, 1980
2026/08/29 18:42:56.210, 4, 489.84, 100, 62, 48444, 64, 1980
2026/08/29 18:42:56.212, 5, 489.61, 96, 53, 48304, 55, 1980
2026/08/29 18:42:56.214, 6, 495.46, 100, 70, 47926, 63, 1980
2026/08/29 18:42:56.218, 7, 493.93, 96, 71, 47424, 52, 1980
2026/08/29 18:43:01.221, 0, 521.39, 43, 26, 49446, 65, 1980
2026/08/29 18:43:01.221, 1, 490.69, 46, 30, 49028, 52, 1980
2026/08/29 18:43:01.221, 2, 495.83, 92, 56, 49264, 53, 1980
2026/08/29 18:43:01.221, 3, 517.73, 69, 46, 48704, 63, 1980
2026/08/29 18:43:01.221, 4, 504.99, 77, 52, 48444, 62, 1980
2026/08/29 18:43:01.221, 5, 504.73, 39, 23, 48304, 54, 1980
2026/08/29 18:43:01.221, 6, 501.06, 45, 30, 47926, 62, 1980
2026/08/29 18:43:01.221, 7, 495.11, 41, 26, 47424, 51, 1980
2026/08/29 18:43:06.222, 0, 511.01, 42, 25, 50006, 65, 1980
2026/08/29 18:43:06.222, 1, 475.56, 90, 52, 49028, 51, 1980
2026/08/29 18:43:06.222, 2, 475.19, 93, 50, 49264, 53, 1980
2026/08/29 18:43:06.222, 3, 492.48, 72, 49, 48704, 60, 1980
2026/08/29 18:43:06.222, 4, 474.68, 97, 56, 48444, 62, 1980
2026/08/29 18:43:06.222, 5, 475.58, 46, 28, 48304, 54, 1980
2026/08/29 18:43:06.222, 6, 499.75, 45, 30, 47926, 60, 1980
2026/08/29 18:43:06.222, 7, 479.73, 43, 23, 47424, 51, 1980
2026/08/29 18:43:11.222, 0, 516.03, 44, 27, 50006, 66, 1980
2026/08/29 18:43:11.222, 1, 474.06, 48, 31, 49028, 53, 1980
2026/08/29 18:43:11.223, 2, 493.30, 96, 52, 49264, 53, 1980
2026/08/29 18:43:11.223, 3, 495.01, 98, 59, 48704, 60, 1980
2026/08/29 18:43:11.223, 4, 494.12, 98, 58, 48984, 63, 1980
2026/08/29 18:43:11.223, 5, 494.40, 45, 26, 48304, 55, 1980
2026/08/29 18:43:11.223, 6, 502.59, 100, 66, 47926, 60, 1980
2026/08/29 18:43:11.223, 7, 493.41, 98, 56, 47424, 51, 1980
2026/08/29 18:43:16.229, 0, 501.84, 95, 55, 50006, 65, 1980
2026/08/29 18:43:16.230, 1, 484.05, 39, 23, 49028, 53, 1980
2026/08/29 18:43:16.230, 2, 493.07, 44, 29, 49264, 53, 1980
2026/08/29 18:43:16.230, 3, 495.56, 83, 44, 48704, 60, 1980
2026/08/29 18:43:16.230, 4, 466.70, 75, 40, 48984, 61, 1980
2026/08/29 18:43:16.230, 5, 468.59, 97, 49, 48304, 55, 1980
2026/08/29 18:43:16.230, 6, 499.31, 93, 48, 47926, 62, 1980
2026/08/29 18:43:16.230, 7, 485.85, 97, 55, 47424, 51, 1980
2026/08/29 18:43:21.230, 0, 491.41, 97, 65, 50006, 62, 1980
2026/08/29 18:43:21.235, 1, 477.54, 100, 81, 49028, 49, 1980
2026/08/29 18:43:21.235, 2, 464.57, 67, 41, 49264, 54, 1980
2026/08/29 18:43:21.235, 3, 503.57, 92, 57, 48704, 63, 1980
2026/08/29 18:43:21.235, 4, 473.13, 92, 56, 48984, 62, 1980
2026/08/29 18:43:21.235, 5, 483.58, 97, 64, 48304, 51, 1980
2026/08/29 18:43:21.235, 6, 515.03, 97, 59, 47926, 62, 1980
2026/08/29 18:43:21.235, 7, 477.63, 88, 51, 47424, 49, 1980
2026/08/29 18:43:26.236, 0, 505.75, 41, 24, 50006, 65, 1980
2026/08/29 18:43:26.239, 1, 480.65, 92, 54, 49028, 51, 1980
2026/08/29 18:43:26.241, 2, 488.63, 93, 55, 49264, 53, 1980
2026/08/29 18:43:26.243, 3, 514.50, 73, 50, 48704, 60, 1980
2026/08/29 18:43:26.243, 4, 512.87, 97, 61, 48984, 63, 1980
2026/08/29 18:43:26.245, 5, 511.00, 48, 29, 48304, 54, 1980
2026/08/29 18:43:26.249, 6, 500.05, 42, 28, 47926, 62, 1980
2026/08/29 18:43:26.251, 7, 494.33, 93, 61, 47424, 51, 1980
2026/08/29 18:43:31.253, 0, 514.52, 99, 68, 50006, 66, 1980
2026/08/29 18:43:31.253, 1, 479.36, 97, 62, 49028, 54, 1980
2026/08/29 18:43:31.253, 2, 487.85, 100, 84, 49264, 54, 1980
2026/08/29 18:43:31.253, 3, 508.35, 95, 73, 48704, 65, 1980
2026/08/29 18:43:31.253, 4, 489.64, 95, 71, 48984, 65, 1980
2026/08/29 18:43:31.253, 5, 493.13, 100, 67, 48304, 56, 1980
2026/08/29 18:43:31.253, 6, 503.24, 95, 72, 47926, 63, 1980
2026/08/29 18:43:31.253, 7, 482.34, 96, 70, 47424, 52, 1980
2026/08/29 18:43:36.253, 0, 502.19, 94, 55, 50006, 62, 1980
2026/08/29 18:43:36.255, 1, 457.03, 32, 18, 49028, 52, 1980
2026/08/29 18:43:36.258, 2, 483.63, 44, 27, 49264, 52, 1980
2026/08/29 18:43:36.260, 3, 486.27, 84, 48, 48704, 64, 1980
2026/08/29 18:43:36.263, 4, 479.05, 80, 45, 48984, 61, 1980
2026/08/29 18:43:36.263, 5, 486.97, 97, 64, 48304, 54, 1980
2026/08/29 18:43:36.263, 6, 490.56, 91, 50, 47926, 62, 1980
2026/08/29 18:43:36.265, 7, 482.80, 63, 36, 47424, 48, 1980
2026/08/29 18:43:41.268, 0, 524.78, 59, 36, 50006, 63, 1980
2026/08/29 18:43:41.271, 1, 494.75, 41, 25, 49028, 52, 1980
2026/08/29 18:43:41.271, 2, 505.70, 87, 61, 49264, 51, 1980
2026/08/29 18:43:41.274, 3, 526.33, 37, 24, 48704, 64, 1980
2026/08/29 18:43:41.276, 4, 503.80, 45, 32, 48984, 64, 1980
2026/08/29 18:43:41.276, 5, 493.61, 54, 30, 48304, 52, 1980
2026/08/29 18:43:41.276, 6, 513.52, 42, 26, 47926, 62, 1980
2026/08/29 18:43:41.276, 7, 501.64, 62, 43, 47424, 50, 1980
2026/08/29 18:43:46.277, 0, 515.38, 84, 49, 50006, 62, 1980
2026/08/29 18:43:46.277, 1, 465.78, 94, 61, 49028, 50, 1980
2026/08/29 18:43:46.277, 2, 487.72, 94, 63, 49264, 50, 1980
2026/08/29 18:43:46.277, 3, 492.38, 43, 27, 48704, 63, 1980
2026/08/29 18:43:46.277, 4, 477.92, 45, 27, 48984, 64, 1980
2026/08/29 18:43:46.277, 5, 480.05, 80, 43, 48304, 51, 1980
2026/08/29 18:43:46.277, 6, 482.12, 52, 29, 47926, 61, 1980
2026/08/29 18:43:46.277, 7, 467.51, 17, 10, 47424, 50, 1980
2026/08/29 18:43:51.278, 0, 510.30, 64, 40, 50006, 63, 1980
2026/08/29 18:43:51.278, 1, 487.77, 46, 30, 49028, 52, 1980
2026/08/29 18:43:51.278, 2, 491.06, 97, 61, 49264, 52, 1980
2026/08/29 18:43:51.278, 3, 508.85, 99, 70, 48704, 62, 1980
2026/08/29 18:43:51.278, 4, 478.43, 100, 64, 48984, 62, 1980
2026/08/29 18:43:51.278, 5, 485.88, 60, 34, 48304, 53, 1980
2026/08/29 18:43:51.278, 6, 507.35, 48, 31, 47926, 63, 1980
2026/08/29 18:43:51.278, 7, 498.92, 98, 60, 47424, 48, 1980
2026/08/29 18:43:56.279, 0, 493.17, 44, 28, 50006, 65, 1980
2026/08/29 18:43:56.281, 1, 478.36, 96, 57, 49028, 53, 1980
2026/08/29 18:43:56.284, 2, 481.26, 99, 59, 49264, 54, 1980
2026/08/29 18:43:56.285, 3, 503.53, 99, 69, 48704, 61, 1980
2026/08/29 18:43:56.287, 4, 479.04, 99, 66, 48984, 61, 1980
2026/08/29 18:43:56.288, 5, 465.03, 44, 26, 48304, 53, 1980
2026/08/29 18:43:56.290, 6, 486.89, 100, 64, 47926, 61, 1980
2026/08/29 18:43:56.292, 7, 472.90, 100, 59, 47424, 50, 1980
2026/08/29 18:44:01.295, 0, 513.11, 94, 76, 50006, 66, 1980
2026/08/29 18:44:01.295, 1, 487.61, 90, 54, 49028, 53, 1980
2026/08/29 18:44:01.295, 2, 489.08, 100, 69, 49264, 54, 1980
2026/08/29 18:44:01.295, 3, 507.08, 100, 77, 48704, 64, 1980
2026/08/29 18:44:01.295, 4, 484.89, 100, 68, 48984, 64, 1980
2026/08/29 18:44:01.295, 5, 476.72, 96, 71, 48304, 55, 1980
2026/08/29 18:44:01.295, 6, 496.94, 100, 79, 47926, 63, 1980
2026/08/29 18:44:01.295, 7, 477.99, 100, 64, 47424, 52, 1980
2026/08/29 18:44:06.295, 0, 516.57, 94, 70, 50008, 66, 1980
2026/08/29 18:44:06.304, 1, 486.19, 93, 80, 49028, 54, 1980
2026/08/29 18:44:06.310, 2, 497.95, 93, 61, 49266, 54, 1980
2026/08/29 18:44:06.313, 3, 513.73, 100, 70, 48706, 65, 1980
2026/08/29 18:44:06.313, 4, 484.89, 100, 65, 48984, 63, 1980
2026/08/29 18:44:06.320, 5, 483.86, 95, 62, 48306, 54, 1980
2026/08/29 18:44:06.323, 6, 502.92, 100, 64, 47926, 63, 1980
2026/08/29 18:44:06.326, 7, 492.35, 100, 60, 47424, 53, 1980
2026/08/29 18:44:11.327, 0, 532.86, 95, 65, 50008, 64, 1980
2026/08/29 18:44:11.327, 1, 505.03, 93, 79, 49028, 54, 1980
2026/08/29 18:44:11.327, 2, 496.51, 49, 34, 49266, 52, 1980
2026/08/29 18:44:11.327, 3, 506.05, 96, 73, 48706, 64, 1980
2026/08/29 18:44:11.327, 4, 493.69, 100, 64, 48984, 62, 1980
2026/08/29 18:44:11.327, 5, 495.59, 95, 57, 48306, 53, 1980
2026/08/29 18:44:11.327, 6, 515.00, 95, 63, 47926, 62, 1980
2026/08/29 18:44:11.327, 7, 495.29, 99, 79, 47424, 50, 1980
2026/08/29 18:44:16.328, 0, 534.35, 99, 68, 50008, 66, 1980
2026/08/29 18:44:16.328, 1, 508.06, 100, 83, 49028, 54, 1980
2026/08/29 18:44:16.328, 2, 516.61, 97, 83, 49266, 54, 1980
2026/08/29 18:44:16.328, 3, 530.27, 95, 74, 48706, 65, 1980
2026/08/29 18:44:16.328, 4, 519.67, 95, 81, 48984, 65, 1980
2026/08/29 18:44:16.328, 5, 507.36, 100, 70, 48306, 56, 1980
2026/08/29 18:44:16.328, 6, 527.95, 99, 65, 47926, 63, 1980
2026/08/29 18:44:16.328, 7, 503.03, 95, 66, 47424, 52, 1980
2026/08/29 18:44:21.328, 0, 519.14, 94, 57, 50008, 64, 1980
2026/08/29 18:44:21.329, 1, 483.81, 95, 64, 49028, 52, 1980
2026/08/29 18:44:21.329, 2, 501.18, 50, 33, 49268, 53, 1980
2026/08/29 18:44:21.329, 3, 513.11, 57, 36, 48706, 62, 1980
2026/08/29 18:44:21.329, 4, 492.45, 79, 57, 48986, 62, 1980
2026/08/29 18:44:21.329, 5, 490.40, 95, 53, 48306, 54, 1980
2026/08/29 18:44:21.329, 6, 496.31, 49, 34, 47926, 62, 1980
2026/08/29 18:44:21.329, 7, 482.83, 35, 22, 47424, 50, 1980
2026/08/29 18:44:26.329, 0, 516.19, 86, 49, 50008, 65, 1980
2026/08/29 18:44:26.331, 1, 493.68, 94, 61, 49028, 49, 1980
2026/08/29 18:44:26.333, 2, 481.03, 58, 41, 49268, 53, 1980
2026/08/29 18:44:26.335, 3, 500.67, 40, 25, 48706, 63, 1980
2026/08/29 18:44:26.337, 4, 478.26, 42, 25, 48986, 63, 1980
2026/08/29 18:44:26.337, 5, 477.38, 84, 46, 48306, 51, 1980
2026/08/29 18:44:26.339, 6, 498.67, 57, 32, 47926, 61, 1980
2026/08/29 18:44:26.343, 7, 482.30, 48, 31, 47424, 52, 1980
2026/08/29 18:44:31.345, 0, 519.42, 33, 20, 50008, 64, 1980
2026/08/29 18:44:31.347, 1, 489.75, 36, 23, 49028, 52, 1980
2026/08/29 18:44:31.348, 2, 494.40, 95, 56, 49268, 53, 1980
2026/08/29 18:44:31.352, 3, 508.44, 65, 46, 48706, 62, 1980
2026/08/29 18:44:31.356, 4, 489.96, 96, 77, 48986, 64, 1980
2026/08/29 18:44:31.358, 5, 490.28, 42, 26, 48306, 53, 1980
2026/08/29 18:44:31.360, 6, 509.91, 95, 64, 47926, 62, 1980
2026/08/29 18:44:31.367, 7, 492.51, 90, 63, 47424, 50, 1980
2026/08/29 18:44:36.376, 0, 526.48, 100, 69, 50008, 66, 1980
2026/08/29 18:44:36.376, 1, 498.20, 99, 69, 49028, 54, 1980
2026/08/29 18:44:36.376, 2, 513.93, 96, 80, 49268, 54, 1980
2026/08/29 18:44:36.376, 3, 524.97, 99, 63, 48706, 64, 1980
2026/08/29 18:44:36.376, 4, 508.34, 99, 61, 48986, 65, 1980
2026/08/29 18:44:36.376, 5, 503.45, 100, 63, 48306, 55, 1980
2026/08/29 18:44:36.376, 6, 521.93, 100, 62, 47926, 64, 1980
2026/08/29 18:44:36.376, 7, 507.23, 99, 53, 47424, 52, 1980
2026/08/29 18:44:41.376, 0, 521.28, 79, 56, 50008, 64, 1980
2026/08/29 18:44:41.376, 1, 468.14, 95, 59, 49028, 51, 1980
2026/08/29 18:44:41.376, 2, 483.66, 44, 24, 49268, 51, 1980
2026/08/29 18:44:41.376, 3, 505.34, 95, 66, 48706, 63, 1980
2026/08/29 18:44:41.376, 4, 485.92, 57, 39, 48986, 62, 1980
2026/08/29 18:44:41.377, 5, 488.75, 94, 55, 48306, 52, 1980
2026/08/29 18:44:41.377, 6, 516.61, 45, 28, 47926, 63, 1980
2026/08/29 18:44:41.377, 7, 494.52, 65, 36, 47424, 49, 1980
2026/08/29 18:44:46.377, 0, 517.75, 100, 81, 50008, 66, 1980
2026/08/29 18:44:46.377, 1, 488.36, 100, 76, 49028, 53, 1980
2026/08/29 18:44:46.377, 2, 497.29, 97, 65, 49268, 54, 1980
2026/08/29 18:44:46.377, 3, 514.78, 100, 66, 48706, 64, 1980
2026/08/29 18:44:46.377, 4, 491.17, 100, 64, 48986, 64, 1980
2026/08/29 18:44:46.377, 5, 492.16, 79, 42, 48306, 55, 1980
2026/08/29 18:44:46.377, 6, 510.18, 100, 67, 47926, 61, 1980
2026/08/29 18:44:46.377, 7, 495.91, 100, 64, 47424, 49, 1980
2026/08/29 18:44:51.378, 0, 511.13, 100, 70, 50008, 66, 1980
2026/08/29 18:44:51.378, 1, 487.46, 100, 65, 49028, 51, 1980
2026/08/29 18:44:51.378, 2, 486.01, 95, 49, 49268, 53, 1980
2026/08/29 18:44:51.378, 3, 494.53, 97, 58, 48706, 64, 1980
2026/08/29 18:44:51.378, 4, 489.19, 69, 37, 48986, 63, 1980
2026/08/29 18:44:51.378, 5, 496.81, 100, 66, 48306, 55, 1980
2026/08/29 18:44:51.378, 6, 500.20, 93, 47, 47926, 63, 1980
2026/08/29 18:44:51.378, 7, 497.95, 97, 55, 47424, 51, 1980
2026/08/29 18:44:56.378, 0, 508.42, 94, 58, 50008, 65, 1980
2026/08/29 18:44:56.380, 1, 496.04, 95, 56, 49028, 53, 1980
2026/08/29 18:44:56.382, 2, 493.05, 100, 73, 49268, 53, 1980
2026/08/29 18:44:56.388, 3, 508.31, 90, 51, 48706, 62, 1980
2026/08/29 18:44:56.390, 4, 484.20, 90, 50, 48986, 62, 1980
2026/08/29 18:44:56.391, 5, 479.68, 97, 55, 48306, 53, 1980
2026/08/29 18:44:56.397, 6, 503.08, 94, 49, 47926, 63, 1980
2026/08/29 18:44:56.400, 7, 487.21, 77, 41, 47424, 48, 1980
2026/08/29 18:45:01.402, 0, 525.21, 60, 38, 50008, 65, 1980
2026/08/29 18:45:01.403, 1, 482.05, 95, 57, 49028, 53, 1980
2026/08/29 18:45:01.406, 2, 497.36, 100, 74, 49268, 53, 1980
2026/08/29 18:45:01.406, 3, 495.12, 90, 53, 48706, 62, 1980
2026/08/29 18:45:01.406, 4, 483.69, 99, 70, 48986, 62, 1980
2026/08/29 18:45:01.406, 5, 482.48, 95, 59, 48306, 54, 1980
2026/08/29 18:45:01.408, 6, 494.43, 31, 19, 47926, 63, 1980
2026/08/29 18:45:01.409, 7, 483.12, 100, 80, 47424, 53, 1980
2026/08/29 18:45:06.410, 0, 514.19, 45, 30, 50008, 63, 1980
2026/08/29 18:45:06.411, 1, 481.00, 60, 41, 49028, 50, 1980
2026/08/29 18:45:06.414, 2, 497.15, 89, 50, 49268, 53, 1980
2026/08/29 18:45:06.418, 3, 509.77, 95, 53, 48706, 63, 1980
2026/08/29 18:45:06.419, 4, 478.54, 95, 49, 48986, 64, 1980
2026/08/29 18:45:06.423, 5, 471.21, 49, 34, 48306, 54, 1980
2026/08/29 18:45:06.424, 6, 498.80, 95, 56, 47926, 60, 1980
2026/08/29 18:45:06.428, 7, 470.77, 90, 49, 47424, 52, 1980
2026/08/29 18:45:11.430, 0, 530.67, 48, 33, 50008, 65, 1980
2026/08/29 18:45:11.430, 1, 500.17, 70, 41, 49028, 52, 1980
2026/08/29 18:45:11.430, 2, 501.39, 59, 42, 49268, 53, 1980
2026/08/29 18:45:11.430, 3, 505.89, 39, 25, 48706, 63, 1980
2026/08/29 18:45:11.430, 4, 490.59, 96, 68, 48986, 64, 1980
2026/08/29 18:45:11.430, 5, 490.40, 95, 72, 48306, 54, 1980
2026/08/29 18:45:11.431, 6, 499.76, 75, 52, 47926, 61, 1980
2026/08/29 18:45:11.431, 7, 496.58, 34, 22, 47424, 51, 1980
2026/08/29 18:45:16.431, 0, 531.45, 54, 37, 50008, 66, 1980
2026/08/29 18:45:16.431, 1, 503.27, 74, 51, 49908, 52, 1980
2026/08/29 18:45:16.431, 2, 486.92, 95, 80, 49268, 54, 1980
2026/08/29 18:45:16.431, 3, 508.95, 95, 71, 48706, 63, 1980
2026/08/29 18:45:16.431, 4, 493.61, 95, 73, 48986, 64, 1980
2026/08/29 18:45:16.431, 5, 496.62, 59, 41, 48306, 55, 1980
2026/08/29 18:45:16.431, 6, 520.93, 82, 57, 47926, 62, 1980
2026/08/29 18:45:16.431, 7, 499.03, 95, 69, 47424, 52, 1980
2026/08/29 18:45:21.432, 0, 528.36, 99, 70, 50008, 66, 1980
2026/08/29 18:45:21.432, 1, 501.39, 99, 66, 49908, 54, 1980
2026/08/29 18:45:21.432, 2, 513.68, 73, 51, 49268, 54, 1980
2026/08/29 18:45:21.432, 3, 522.84, 100, 75, 48706, 65, 1980
2026/08/29 18:45:21.432, 4, 513.48, 100, 56, 48986, 65, 1980
2026/08/29 18:45:21.432, 5, 506.37, 95, 72, 48306, 55, 1980
2026/08/29 18:45:21.432, 6, 517.94, 100, 62, 47926, 64, 1980
2026/08/29 18:45:21.432, 7, 517.14, 100, 67, 47424, 52, 1980
2026/08/29 18:45:26.432, 0, 527.84, 99, 70, 50008, 66, 1980
2026/08/29 18:45:26.433, 1, 500.07, 97, 65, 49908, 54, 1980
2026/08/29 18:45:26.435, 2, 512.30, 99, 85, 49268, 54, 1980
2026/08/29 18:45:26.437, 3, 533.67, 97, 59, 48706, 65, 1980
2026/08/29 18:45:26.437, 4, 516.17, 95, 77, 48986, 65, 1980
2026/08/29 18:45:26.439, 5, 514.88, 100, 70, 48306, 56, 1980
2026/08/29 18:45:26.442, 6, 528.95, 97, 64, 47926, 64, 1980
2026/08/29 18:45:26.444, 7, 507.32, 95, 82, 47424, 53, 1980
2026/08/29 18:45:31.446, 0, 521.14, 94, 75, 50008, 67, 1980
2026/08/29 18:45:31.447, 1, 479.53, 95, 83, 49908, 54, 1980
2026/08/29 18:45:31.449, 2, 499.73, 95, 73, 49268, 53, 1980
2026/08/29 18:45:31.449, 3, 502.87, 95, 66, 48706, 65, 1980
2026/08/29 18:45:31.456, 4, 484.94, 100, 76, 48986, 65, 1980
2026/08/29 18:45:31.459, 5, 495.89, 100, 64, 48306, 55, 1980
2026/08/29 18:45:31.461, 6, 503.39, 96, 74, 47926, 63, 1980
2026/08/29 18:45:31.466, 7, 491.93, 95, 62, 47424, 52, 1980
2026/08/29 18:45:36.471, 0, 502.32, 99, 67, 50008, 62, 1980
2026/08/29 18:45:36.471, 1, 467.32, 99, 62, 49908, 49, 1980
2026/08/29 18:45:36.471, 2, 477.45, 77, 46, 49268, 50, 1980
2026/08/29 18:45:36.471, 3, 496.39, 97, 60, 48726, 63, 1980
2026/08/29 18:45:36.471, 4, 479.74, 95, 58, 48986, 64, 1980
2026/08/29 18:45:36.471, 5, 481.57, 52, 36, 48306, 51, 1980
2026/08/29 18:45:36.471, 6, 492.28, 100, 58, 47926, 61, 1980
2026/08/29 18:45:36.471, 7, 480.83, 95, 52, 47424, 49, 1980
2026/08/29 18:45:41.472, 0, 515.21, 94, 78, 50008, 66, 1980
2026/08/29 18:45:41.472, 1, 477.16, 95, 80, 49908, 53, 1980
2026/08/29 18:45:41.472, 2, 495.00, 95, 80, 49268, 54, 1980
2026/08/29 18:45:41.472, 3, 517.72, 95, 68, 48726, 63, 1980
2026/08/29 18:45:41.472, 4, 486.06, 100, 83, 48986, 65, 1980
2026/08/29 18:45:41.472, 5, 494.98, 50, 35, 48306, 54, 1980
2026/08/29 18:45:41.472, 6, 509.32, 95, 68, 47926, 61, 1980
2026/08/29 18:45:41.472, 7, 478.09, 95, 70, 47424, 51, 1980
2026/08/29 18:45:46.472, 0, 530.45, 95, 84, 50008, 66, 1980
2026/08/29 18:45:46.472, 1, 499.44, 100, 83, 49908, 54, 1980
2026/08/29 18:45:46.473, 2, 510.57, 89, 61, 49268, 54, 1980
2026/08/29 18:45:46.473, 3, 508.73, 100, 73, 48726, 65, 1980
2026/08/29 18:45:46.473, 4, 499.24, 48, 33, 48986, 64, 1980
2026/08/29 18:45:46.473, 5, 494.00, 96, 71, 48306, 54, 1980
2026/08/29 18:45:46.473, 6, 516.74, 100, 80, 47926, 63, 1980
2026/08/29 18:45:46.473, 7, 500.83, 100, 63, 47424, 52, 1980
2026/08/29 18:45:51.473, 0, 534.23, 99, 57, 50008, 67, 1980
2026/08/29 18:45:51.473, 1, 491.38, 95, 79, 49908, 54, 1980
2026/08/29 18:45:51.473, 2, 502.13, 95, 71, 49268, 54, 1980
2026/08/29 18:45:51.473, 3, 514.53, 95, 65, 48726, 65, 1980
2026/08/29 18:45:51.473, 4, 499.79, 100, 73, 48986, 65, 1980
2026/08/29 18:45:51.473, 5, 508.20, 100, 64, 48306, 55, 1980
2026/08/29 18:45:51.473, 6, 516.48, 97, 81, 47926, 63, 1980
2026/08/29 18:45:51.473, 7, 509.57, 95, 71, 47424, 53, 1980
2026/08/29 18:45:56.474, 0, 523.65, 100, 86, 50008, 67, 1980
2026/08/29 18:45:56.475, 1, 490.30, 100, 80, 49908, 54, 1980
2026/08/29 18:45:56.477, 2, 487.11, 99, 70, 49268, 54, 1980
2026/08/29 18:45:56.478, 3, 505.20, 100, 71, 48726, 64, 1980
2026/08/29 18:45:56.484, 4, 482.48, 100, 65, 48986, 65, 1980
2026/08/29 18:45:56.486, 5, 483.44, 90, 47, 48306, 52, 1980
2026/08/29 18:45:56.486, 6, 509.04, 100, 71, 47926, 63, 1980
2026/08/29 18:45:56.488, 7, 490.64, 100, 65, 47424, 51, 1980
2026/08/29 18:46:01.490, 0, 529.16, 100, 70, 50008, 64, 1980
2026/08/29 18:46:01.491, 1, 488.20, 99, 68, 49908, 54, 1980
2026/08/29 18:46:01.494, 2, 502.73, 99, 69, 49268, 55, 1980
2026/08/29 18:46:01.496, 3, 507.08, 100, 71, 48726, 65, 1980
2026/08/29 18:46:01.498, 4, 494.61, 98, 57, 48986, 64, 1980
2026/08/29 18:46:01.500, 5, 485.81, 96, 74, 48306, 55, 1980
2026/08/29 18:46:01.503, 6, 511.86, 98, 60, 47926, 64, 1980
2026/08/29 18:46:01.506, 7, 483.94, 100, 65, 47424, 53, 1980
2026/08/29 18:46:06.508, 0, 500.98, 98, 66, 50128, 67, 1980
2026/08/29 18:46:06.508, 1, 491.47, 62, 37, 49908, 53, 1980
2026/08/29 18:46:06.508, 2, 502.81, 78, 45, 49268, 55, 1980
2026/08/29 18:46:06.508, 3, 527.16, 95, 57, 48726, 65, 1980
2026/08/29 18:46:06.508, 4, 507.99, 93, 55, 48986, 64, 1980
2026/08/29 18:46:06.508, 5, 496.40, 97, 65, 48306, 56, 1980
2026/08/29 18:46:06.508, 6, 533.10, 97, 60, 47926, 63, 1980
2026/08/29 18:46:06.508, 7, 511.30, 93, 53, 47424, 50, 1980
2026/08/29 18:46:11.508, 0, 521.65, 94, 67, 50128, 65, 1980
2026/08/29 18:46:11.508, 1, 490.87, 70, 42, 49908, 53, 1980
2026/08/29 18:46:11.509, 2, 500.24, 86, 50, 49268, 54, 1980
2026/08/29 18:46:11.509, 3, 517.02, 97, 70, 48726, 63, 1980
2026/08/29 18:46:11.509, 4, 499.69, 31, 17, 48986, 64, 1980
2026/08/29 18:46:11.509, 5, 498.12, 95, 66, 48306, 54, 1980
2026/08/29 18:46:11.509, 6, 511.03, 94, 66, 47926, 61, 1980
2026/08/29 18:46:11.509, 7, 495.73, 95, 52, 47424, 52, 1980
2026/08/29 18:46:16.509, 0, 511.86, 100, 70, 50128, 65, 1980
2026/08/29 18:46:16.509, 1, 488.45, 95, 53, 49908, 51, 1980
2026/08/29 18:46:16.509, 2, 486.65, 96, 52, 49268, 51, 1980
2026/08/29 18:46:16.509, 3, 495.13, 100, 60, 48726, 63, 1980
2026/08/29 18:46:16.509, 4, 481.39, 100, 58, 48986, 64, 1980
2026/08/29 18:46:16.509, 5, 476.66, 51, 29, 48306, 53, 1980
2026/08/29 18:46:16.509, 6, 502.37, 100, 64, 47926, 60, 1980
2026/08/29 18:46:16.509, 7, 482.02, 100, 54, 47424, 52, 1980
2026/08/29 18:46:21.510, 0, 512.80, 30, 19, 50128, 65, 1980
2026/08/29 18:46:21.510, 1, 478.53, 44, 31, 49908, 53, 1980
2026/08/29 18:46:21.510, 2, 490.99, 35, 24, 49268, 54, 1980
2026/08/29 18:46:21.510, 3, 510.37, 50, 32, 48726, 61, 1980
2026/08/29 18:46:21.510, 4, 506.19, 87, 62, 48986, 63, 1980
2026/08/29 18:46:21.510, 5, 497.58, 33, 22, 48306, 54, 1980
2026/08/29 18:46:21.510, 6, 510.35, 63, 44, 47926, 63, 1980
2026/08/29 18:46:21.510, 7, 501.42, 45, 28, 47424, 52, 1980
2026/08/29 18:46:26.510, 0, 534.14, 96, 83, 50128, 67, 1980
2026/08/29 18:46:26.511, 1, 503.48, 95, 55, 49908, 54, 1980
2026/08/29 18:46:26.521, 2, 514.81, 95, 57, 49268, 54, 1980
2026/08/29 18:46:26.526, 3, 523.71, 100, 67, 48726, 65, 1980
2026/08/29 18:46:26.528, 4, 516.48, 100, 63, 48986, 65, 1980
2026/08/29 18:46:26.537, 5, 515.90, 99, 82, 48306, 55, 1980
2026/08/29 18:46:26.540, 6, 527.12, 100, 74, 47926, 64, 1980
2026/08/29 18:46:26.543, 7, 505.52, 100, 62, 47424, 54, 1980
2026/08/29 18:46:31.549, 0, 514.70, 69, 40, 50128, 64, 1980
2026/08/29 18:46:31.550, 1, 478.85, 99, 60, 49908, 53, 1980
2026/08/29 18:46:31.554, 2, 496.81, 65, 38, 49268, 54, 1980
2026/08/29 18:46:31.556, 3, 501.95, 95, 56, 48726, 63, 1980
2026/08/29 18:46:31.557, 4, 488.05, 53, 33, 48986, 63, 1980
2026/08/29 18:46:31.559, 5, 483.25, 65, 36, 48306, 54, 1980
2026/08/29 18:46:31.561, 6, 496.48, 45, 28, 47926, 63, 1980
2026/08/29 18:46:31.564, 7, 482.97, 86, 46, 47424, 49, 1980
2026/08/29 18:46:36.566, 0, 526.98, 95, 69, 50128, 65, 1980
2026/08/29 18:46:36.566, 1, 485.55, 49, 34, 49908, 53, 1980
2026/08/29 18:46:36.566, 2, 505.85, 49, 31, 49268, 53, 1980
2026/08/29 18:46:36.566, 3, 523.90, 95, 77, 48726, 63, 1980
2026/08/29 18:46:36.566, 4, 504.38, 52, 29, 48986, 64, 1980
2026/08/29 18:46:36.566, 5, 503.28, 95, 70, 48306, 54, 1980
2026/08/29 18:46:36.566, 6, 519.21, 94, 77, 47926, 64, 1980
2026/08/29 18:46:36.566, 7, 503.92, 37, 23, 47424, 52, 1980
2026/08/29 18:46:41.567, 0, 528.74, 70, 50, 50128, 66, 1980
2026/08/29 18:46:41.567, 1, 495.76, 96, 73, 49908, 52, 1980
2026/08/29 18:46:41.567, 2, 502.59, 78, 55, 49268, 54, 1980
2026/08/29 18:46:41.567, 3, 519.39, 39, 26, 48726, 64, 1980
2026/08/29 18:46:41.567, 4, 508.75, 96, 64, 48986, 65, 1980
2026/08/29 18:46:41.567, 5, 499.46, 100, 65, 48306, 52, 1980
2026/08/29 18:46:41.567, 6, 507.64, 98, 61, 47926, 64, 1980
2026/08/29 18:46:41.567, 7, 499.33, 95, 70, 47424, 53, 1980
2026/08/29 18:46:46.567, 0, 518.81, 100, 83, 50128, 67, 1980
2026/08/29 18:46:46.567, 1, 500.94, 97, 58, 49908, 53, 1980
2026/08/29 18:46:46.567, 2, 511.61, 97, 62, 49268, 54, 1980
2026/08/29 18:46:46.568, 3, 520.83, 100, 68, 48726, 65, 1980
2026/08/29 18:46:46.568, 4, 500.81, 99, 68, 48986, 65, 1980
2026/08/29 18:46:46.568, 5, 502.62, 100, 82, 48306, 55, 1980
2026/08/29 18:46:46.568, 6, 514.14, 100, 75, 47926, 64, 1980
2026/08/29 18:46:46.568, 7, 498.83, 99, 61, 47424, 53, 1980
2026/08/29 18:46:51.568, 0, 502.23, 94, 55, 50128, 64, 1980
2026/08/29 18:46:51.568, 1, 479.88, 99, 67, 49908, 55, 1980
2026/08/29 18:46:51.568, 2, 488.85, 93, 53, 49268, 52, 1980
2026/08/29 18:46:51.568, 3, 525.84, 52, 32, 48726, 64, 1980
2026/08/29 18:46:51.568, 4, 501.32, 45, 26, 48986, 64, 1980
2026/08/29 18:46:51.568, 5, 484.74, 94, 50, 48306, 56, 1980
2026/08/29 18:46:51.568, 6, 506.62, 76, 42, 47926, 64, 1980
2026/08/29 18:46:51.568, 7, 478.69, 43, 26, 47424, 52, 1980
2026/08/29 18:46:56.569, 0, 518.36, 81, 57, 50128, 65, 1980
2026/08/29 18:46:56.570, 1, 489.67, 43, 26, 49908, 53, 1980
2026/08/29 18:46:56.571, 2, 514.20, 46, 29, 49268, 53, 1980
2026/08/29 18:46:56.573, 3, 515.14, 94, 73, 48726, 64, 1980
2026/08/29 18:46:56.573, 4, 498.42, 78, 46, 48986, 63, 1980
2026/08/29 18:46:56.575, 5, 503.98, 95, 59, 48306, 54, 1980
2026/08/29 18:46:56.578, 6, 519.76, 94, 60, 47926, 63, 1980
2026/08/29 18:46:56.578, 7, 492.14, 59, 33, 47424, 50, 1980
2026/08/29 18:47:01.580, 0, 525.71, 79, 55, 50128, 66, 1980
2026/08/29 18:47:01.582, 1, 501.27, 96, 80, 49908, 55, 1980
2026/08/29 18:47:01.585, 2, 511.31, 86, 61, 49268, 55, 1980
2026/08/29 18:47:01.586, 3, 527.87, 95, 73, 48726, 64, 1980
2026/08/29 18:47:01.593, 4, 515.06, 95, 66, 48986, 66, 1980
2026/08/29 18:47:01.600, 5, 506.35, 100, 70, 48306, 56, 1980
2026/08/29 18:47:01.607, 6, 522.95, 99, 70, 47926, 65, 1980
2026/08/29 18:47:01.612, 7, 507.87, 95, 70, 47424, 54, 1980
2026/08/29 18:47:06.618, 0, 523.36, 93, 54, 50128, 66, 1980
2026/08/29 18:47:06.618, 1, 496.32, 50, 30, 49908, 53, 1980
2026/08/29 18:47:06.618, 2, 499.27, 50, 29, 49268, 54, 1980
2026/08/29 18:47:06.618, 3, 503.82, 85, 49, 48726, 64, 1980
2026/08/29 18:47:06.618, 4, 505.35, 82, 47, 48986, 64, 1980
2026/08/29 18:47:06.618, 5, 499.80, 95, 68, 48306, 55, 1980
2026/08/29 18:47:06.618, 6, 509.57, 92, 48, 47926, 63, 1980
2026/08/29 18:47:06.618, 7, 492.73, 64, 35, 47424, 51, 1980
2026/08/29 18:47:11.618, 0, 527.76, 93, 60, 50128, 63, 1980
2026/08/29 18:47:11.619, 1, 491.70, 60, 36, 49908, 51, 1980
2026/08/29 18:47:11.619, 2, 508.97, 93, 59, 49268, 55, 1980
2026/08/29 18:47:11.619, 3, 499.95, 91, 53, 48726, 65, 1980
2026/08/29 18:47:11.619, 4, 517.10, 89, 51, 48986, 64, 1980
2026/08/29 18:47:11.619, 5, 509.88, 93, 59, 48306, 56, 1980
2026/08/29 18:47:11.619, 6, 513.03, 93, 55, 47926, 63, 1980
2026/08/29 18:47:11.619, 7, 505.86, 91, 48, 47424, 50, 1980
2026/08/29 18:47:16.619, 0, 533.81, 100, 83, 50128, 67, 1980
2026/08/29 18:47:16.619, 1, 507.31, 95, 72, 49908, 55, 1980
2026/08/29 18:47:16.619, 2, 521.86, 94, 57, 49268, 54, 1980
2026/08/29 18:47:16.619, 3, 532.32, 99, 69, 48726, 65, 1980
2026/08/29 18:47:16.619, 4, 523.82, 99, 68, 48986, 66, 1980
2026/08/29 18:47:16.619, 5, 521.48, 100, 78, 48306, 56, 1980
2026/08/29 18:47:16.619, 6, 540.07, 100, 69, 47926, 64, 1980
2026/08/29 18:47:16.619, 7, 508.41, 96, 59, 47424, 53, 1980
2026/08/29 18:47:21.620, 0, 530.81, 94, 54, 50128, 65, 1980
2026/08/29 18:47:21.620, 1, 497.41, 99, 68, 49908, 51, 1980
2026/08/29 18:47:21.620, 2, 499.56, 95, 77, 49268, 54, 1980
2026/08/29 18:47:21.620, 3, 503.71, 61, 36, 48726, 65, 1980
2026/08/29 18:47:21.620, 4, 507.06, 100, 78, 48986, 64, 1980
2026/08/29 18:47:21.620, 5, 505.90, 90, 52, 48306, 55, 1980
2026/08/29 18:47:21.620, 6, 519.58, 83, 47, 47926, 61, 1980
2026/08/29 18:47:21.620, 7, 503.05, 100, 66, 47424, 53, 1980
2026/08/29 18:47:26.620, 0, 510.15, 99, 70, 50128, 64, 1980
2026/08/29 18:47:26.625, 1, 483.19, 81, 48, 49908, 51, 1980
2026/08/29 18:47:26.626, 2, 488.86, 91, 53, 49268, 52, 1980
2026/08/29 18:47:26.628, 3, 500.00, 94, 59, 48726, 64, 1980
2026/08/29 18:47:26.629, 4, 488.50, 95, 58, 48986, 65, 1980
2026/08/29 18:47:26.631, 5, 494.92, 51, 33, 48306, 54, 1980
2026/08/29 18:47:26.634, 6, 509.81, 95, 62, 47926, 61, 1980
2026/08/29 18:47:26.635, 7, 488.97, 92, 57, 47424, 52, 1980
2026/08/29 18:47:31.638, 0, 503.21, 91, 53, 50128, 66, 1980
2026/08/29 18:47:31.641, 1, 472.24, 41, 29, 49908, 54, 1980
2026/08/29 18:47:31.643, 2, 495.14, 92, 50, 49268, 52, 1980
2026/08/29 18:47:31.645, 3, 491.01, 63, 35, 48726, 64, 1980
2026/08/29 18:47:31.645, 4, 500.41, 53, 30, 48986, 63, 1980
2026/08/29 18:47:31.647, 5, 498.09, 92, 49, 48306, 54, 1980
2026/08/29 18:47:31.650, 6, 491.58, 86, 47, 47926, 64, 1980
2026/08/29 18:47:31.652, 7, 497.41, 39, 25, 47424, 52, 1980
2026/08/29 18:47:36.654, 0, 504.65, 99, 69, 50128, 67, 1980
2026/08/29 18:47:36.654, 1, 476.41, 90, 52, 49908, 55, 1980
2026/08/29 18:47:36.654, 2, 501.02, 96, 57, 49268, 52, 1980
2026/08/29 18:47:36.654, 3, 499.77, 99, 61, 48726, 65, 1980
2026/08/29 18:47:36.654, 4, 497.56, 99, 61, 48986, 65, 1980
2026/08/29 18:47:36.654, 5, 491.40, 100, 64, 48306, 53, 1980
2026/08/29 18:47:36.654, 6, 485.97, 100, 61, 47926, 65, 1980
2026/08/29 18:47:36.654, 7, 495.32, 98, 53, 47424, 53, 1980
2026/08/29 18:47:41.655, 0, 511.56, 100, 71, 50128, 65, 1980
2026/08/29 18:47:41.655, 1, 472.20, 91, 50, 49908, 53, 1980
2026/08/29 18:47:41.655, 2, 501.38, 86, 62, 49268, 52, 1980
2026/08/29 18:47:41.655, 3, 503.23, 95, 74, 48726, 65, 1980
2026/08/29 18:47:41.655, 4, 507.43, 95, 75, 48986, 65, 1980
2026/08/29 18:47:41.655, 5, 512.89, 82, 60, 48306, 53, 1980
2026/08/29 18:47:41.655, 6, 504.99, 94, 54, 47926, 63, 1980
2026/08/29 18:47:41.655, 7, 492.49, 67, 38, 47424, 50, 1980
2026/08/29 18:47:46.655, 0, 524.37, 85, 62, 50208, 64, 1980
2026/08/29 18:47:46.656, 1, 491.52, 34, 20, 49908, 53, 1980
2026/08/29 18:47:46.656, 2, 503.27, 40, 24, 49268, 53, 1980
2026/08/29 18:47:46.656, 3, 516.00, 86, 49, 48726, 65, 1980
2026/08/29 18:47:46.656, 4, 492.64, 79, 46, 48986, 65, 1980
2026/08/29 18:47:46.656, 5, 495.78, 94, 67, 48306, 53, 1980
2026/08/29 18:47:46.656, 6, 510.74, 95, 61, 47926, 64, 1980
2026/08/29 18:47:46.656, 7, 494.19, 62, 34, 47424, 50, 1980
2026/08/29 18:47:51.656, 0, 512.27, 93, 57, 50208, 65, 1980
2026/08/29 18:47:51.656, 1, 472.41, 38, 26, 49908, 53, 1980
2026/08/29 18:47:51.656, 2, 485.80, 95, 52, 49268, 52, 1980
2026/08/29 18:47:51.656, 3, 503.14, 63, 36, 48726, 63, 1980
2026/08/29 18:47:51.656, 4, 494.24, 53, 30, 48986, 63, 1980
2026/08/29 18:47:51.656, 5, 489.82, 95, 60, 48306, 54, 1980
2026/08/29 18:47:51.656, 6, 504.17, 86, 47, 47926, 63, 1980
2026/08/29 18:47:51.656, 7, 493.80, 37, 24, 47424, 51, 1980
2026/08/29 18:47:56.657, 0, 530.59, 76, 52, 50668, 65, 1980
2026/08/29 18:47:56.658, 1, 508.41, 100, 85, 49908, 55, 1980
2026/08/29 18:47:56.660, 2, 511.64, 95, 80, 49268, 55, 1980
2026/08/29 18:47:56.662, 3, 525.09, 94, 75, 48726, 65, 1980
2026/08/29 18:47:56.664, 4, 509.26, 95, 77, 48986, 65, 1980
2026/08/29 18:47:56.664, 5, 512.19, 81, 56, 48306, 56, 1980
2026/08/29 18:47:56.666, 6, 528.06, 95, 69, 47926, 63, 1980
2026/08/29 18:47:56.668, 7, 509.08, 95, 71, 47424, 52, 1980
2026/08/29 18:48:01.671, 0, 491.15, 99, 62, 50668, 66, 1980
2026/08/29 18:48:01.687, 1, 472.95, 100, 71, 49908, 54, 1980
2026/08/29 18:48:01.691, 2, 486.61, 99, 61, 49268, 54, 1980
2026/08/29 18:48:01.696, 3, 509.09, 95, 55, 48826, 63, 1980
2026/08/29 18:48:01.706, 4, 494.02, 93, 53, 48986, 62, 1980
2026/08/29 18:48:01.717, 5, 489.60, 100, 58, 48306, 54, 1980
2026/08/29 18:48:01.724, 6, 486.69, 98, 53, 47926, 63, 1980
2026/08/29 18:48:01.733, 7, 494.74, 75, 40, 47424, 49, 1980
2026/08/29 18:48:06.749, 0, 513.27, 36, 23, 50668, 62, 1980
2026/08/29 18:48:06.749, 1, 483.14, 97, 59, 49908, 53, 1980
2026/08/29 18:48:06.749, 2, 494.68, 91, 66, 49268, 52, 1980
2026/08/29 18:48:06.749, 3, 507.04, 40, 27, 48826, 65, 1980
2026/08/29 18:48:06.749, 4, 497.12, 58, 40, 48986, 64, 1980
2026/08/29 18:48:06.749, 5, 479.85, 51, 19, 48306, 53, 1980
2026/08/29 18:48:06.749, 6, 501.87, 45, 27, 47926, 63, 1980
2026/08/29 18:48:06.749, 7, 486.07, 74, 51, 47424, 50, 1980
2026/08/29 18:48:11.750, 0, 502.82, 95, 82, 50668, 67, 1980
2026/08/29 18:48:11.750, 1, 490.95, 59, 39, 49908, 53, 1980
2026/08/29 18:48:11.750, 2, 504.95, 95, 77, 49268, 52, 1980
2026/08/29 18:48:11.750, 3, 518.46, 100, 75, 48826, 66, 1980
2026/08/29 18:48:11.750, 4, 503.65, 100, 71, 48986, 64, 1980
2026/08/29 18:48:11.750, 5, 509.22, 52, 33, 48306, 53, 1980
2026/08/29 18:48:11.750, 6, 511.23, 89, 77, 47926, 65, 1980
2026/08/29 18:48:11.750, 7, 513.05, 50, 30, 47424, 52, 1980
2026/08/29 18:48:16.750, 0, 534.39, 100, 68, 50668, 67, 1980
2026/08/29 18:48:16.750, 1, 505.79, 99, 68, 49908, 55, 1980
2026/08/29 18:48:16.750, 2, 504.30, 95, 71, 49268, 55, 1980
2026/08/29 18:48:16.750, 3, 518.28, 94, 62, 48826, 66, 1980
2026/08/29 18:48:16.751, 4, 498.05, 95, 74, 48986, 66, 1980
2026/08/29 18:48:16.751, 5, 496.99, 100, 69, 48306, 56, 1980
2026/08/29 18:48:16.751, 6, 515.76, 85, 52, 47926, 64, 1980
2026/08/29 18:48:16.751, 7, 497.62, 95, 71, 47424, 53, 1980
2026/08/29 18:48:21.751, 0, 535.96, 100, 81, 50668, 67, 1980
2026/08/29 18:48:21.751, 1, 504.81, 97, 59, 49908, 55, 1980
2026/08/29 18:48:21.751, 2, 512.45, 100, 79, 49268, 55, 1980
2026/08/29 18:48:21.751, 3, 526.21, 100, 69, 48826, 64, 1980
2026/08/29 18:48:21.751, 4, 510.15, 100, 65, 48986, 65, 1980
2026/08/29 18:48:21.751, 5, 499.27, 98, 58, 48306, 55, 1980
2026/08/29 18:48:21.751, 6, 523.43, 100, 67, 47926, 63, 1980
2026/08/29 18:48:21.751, 7, 495.28, 100, 63, 47424, 54, 1980
2026/08/29 18:48:26.752, 0, 530.15, 100, 77, 50668, 67, 1980
2026/08/29 18:48:26.752, 1, 496.25, 100, 65, 49908, 53, 1980
2026/08/29 18:48:26.754, 2, 506.80, 100, 58, 49268, 53, 1980
2026/08/29 18:48:26.756, 3, 507.17, 100, 64, 48826, 66, 1980
2026/08/29 18:48:26.756, 4, 496.83, 100, 65, 48986, 66, 1980
2026/08/29 18:48:26.758, 5, 497.70, 100, 70, 48306, 54, 1980
2026/08/29 18:48:26.760, 6, 509.25, 100, 64, 47926, 64, 1980
2026/08/29 18:48:26.763, 7, 504.81, 100, 62, 47424, 54, 1980
2026/08/29 18:48:31.766, 0, 521.33, 95, 81, 50668, 67, 1980
2026/08/29 18:48:31.772, 1, 486.17, 88, 49, 49908, 54, 1980
2026/08/29 18:48:31.776, 2, 504.04, 100, 63, 49268, 54, 1980
2026/08/29 18:48:31.781, 3, 519.64, 100, 73, 48826, 65, 1980
2026/08/29 18:48:31.784, 4, 503.16, 100, 71, 48986, 65, 1980
2026/08/29 18:48:31.787, 5, 498.64, 74, 50, 48306, 55, 1980
2026/08/29 18:48:31.791, 6, 515.86, 100, 81, 47926, 64, 1980
2026/08/29 18:48:31.795, 7, 508.18, 93, 64, 47424, 53, 1980
2026/08/29 18:48:36.804, 0, 505.05, 98, 66, 50668, 65, 1980
2026/08/29 18:48:36.804, 1, 468.94, 35, 22, 49908, 53, 1980
2026/08/29 18:48:36.805, 2, 475.76, 95, 62, 49268, 53, 1980
2026/08/29 18:48:36.805, 3, 492.45, 53, 38, 48826, 62, 1980
2026/08/29 18:48:36.805, 4, 472.59, 75, 52, 48986, 62, 1980
2026/08/29 18:48:36.805, 5, 469.80, 45, 29, 48306, 54, 1980
2026/08/29 18:48:36.805, 6, 495.53, 43, 30, 47926, 64, 1980
2026/08/29 18:48:36.805, 7, 473.94, 94, 54, 47424, 50, 1980
2026/08/29 18:48:41.805, 0, 525.96, 78, 55, 50668, 63, 1980
2026/08/29 18:48:41.805, 1, 483.51, 38, 24, 49908, 51, 1980
2026/08/29 18:48:41.805, 2, 480.41, 99, 55, 49268, 49, 1980
2026/08/29 18:48:41.805, 3, 494.23, 93, 47, 48826, 64, 1980
2026/08/29 18:48:41.805, 4, 478.26, 91, 47, 48986, 64, 1980
2026/08/29 18:48:41.805, 5, 481.55, 54, 28, 48306, 50, 1980
2026/08/29 18:48:41.805, 6, 503.38, 96, 48, 47926, 63, 1980
2026/08/29 18:48:41.805, 7, 498.23, 73, 38, 47424, 50, 1980
2026/08/29 18:48:46.806, 0, 527.61, 95, 78, 50668, 66, 1980
2026/08/29 18:48:46.806, 1, 496.27, 100, 65, 49908, 54, 1980
2026/08/29 18:48:46.806, 2, 497.98, 95, 80, 49268, 54, 1980
2026/08/29 18:48:46.806, 3, 514.26, 95, 61, 48826, 64, 1980
2026/08/29 18:48:46.806, 4, 501.46, 95, 61, 48986, 64, 1980
2026/08/29 18:48:46.806, 5, 506.76, 100, 68, 48306, 55, 1980
2026/08/29 18:48:46.806, 6, 509.09, 81, 57, 47926, 64, 1980
2026/08/29 18:48:46.806, 7, 500.30, 95, 74, 47424, 52, 1980
2026/08/29 18:48:51.806, 0, 523.55, 92, 70, 50668, 67, 1980
2026/08/29 18:48:51.806, 1, 500.33, 95, 81, 49908, 53, 1980
2026/08/29 18:48:51.806, 2, 517.92, 93, 68, 49268, 55, 1980
2026/08/29 18:48:51.806, 3, 530.20, 93, 60, 48826, 66, 1980
2026/08/29 18:48:51.807, 4, 513.80, 93, 58, 48986, 65, 1980
2026/08/29 18:48:51.807, 5, 509.29, 95, 71, 48306, 56, 1980
2026/08/29 18:48:51.807, 6, 509.88, 95, 62, 47926, 64, 1980
2026/08/29 18:48:51.807, 7, 505.33, 95, 54, 47424, 51, 1980
2026/08/29 18:48:56.807, 0, 526.12, 96, 56, 50668, 64, 1980
2026/08/29 18:48:56.813, 1, 482.47, 99, 66, 49908, 50, 1980
2026/08/29 18:48:56.818, 2, 504.37, 96, 54, 49268, 51, 1980
2026/08/29 18:48:56.819, 3, 521.11, 99, 60, 48826, 64, 1980
2026/08/29 18:48:56.823, 4, 495.53, 100, 54, 48986, 65, 1980
2026/08/29 18:48:56.825, 5, 493.18, 100, 65, 48306, 52, 1980
2026/08/29 18:48:56.828, 6, 512.12, 100, 61, 47926, 64, 1980
2026/08/29 18:48:56.830, 7, 483.40, 96, 53, 47424, 52, 1980
2026/08/29 18:49:01.831, 0, 504.48, 65, 38, 50668, 62, 1980
2026/08/29 18:49:01.841, 1, 483.33, 94, 56, 49908, 54, 1980
2026/08/29 18:49:01.848, 2, 484.27, 94, 59, 49268, 53, 1980
2026/08/29 18:49:01.852, 3, 495.41, 40, 26, 48826, 63, 1980
2026/08/29 18:49:01.859, 4, 488.98, 45, 31, 48986, 63, 1980
2026/08/29 18:49:01.862, 5, 483.41, 60, 33, 48306, 54, 1980
2026/08/29 18:49:01.864, 6, 489.95, 35, 22, 47926, 62, 1980
2026/08/29 18:49:01.873, 7, 488.65, 50, 35, 47424, 52, 1980
2026/08/29 18:49:06.885, 0, 522.15, 95, 81, 50668, 65, 1980
2026/08/29 18:49:06.885, 1, 487.49, 95, 68, 49908, 53, 1980
2026/08/29 18:49:06.885, 2, 503.53, 46, 29, 49268, 53, 1980
2026/08/29 18:49:06.885, 3, 523.28, 94, 54, 48826, 65, 1980
2026/08/29 18:49:06.885, 4, 481.46, 58, 40, 48986, 65, 1980
2026/08/29 18:49:06.885, 5, 502.84, 97, 59, 48306, 53, 1980
2026/08/29 18:49:06.886, 6, 495.01, 95, 64, 47926, 63, 1980
2026/08/29 18:49:06.886, 7, 474.36, 66, 36, 47424, 50, 1980
2026/08/29 18:49:11.886, 0, 519.46, 81, 57, 50668, 67, 1980
2026/08/29 18:49:11.886, 1, 497.62, 100, 82, 49908, 54, 1980
2026/08/29 18:49:11.886, 2, 501.82, 96, 75, 49268, 54, 1980
2026/08/29 18:49:11.886, 3, 510.65, 95, 65, 48826, 65, 1980
2026/08/29 18:49:11.886, 4, 513.60, 95, 66, 48986, 65, 1980
2026/08/29 18:49:11.886, 5, 497.30, 100, 65, 48306, 55, 1980
2026/08/29 18:49:11.886, 6, 506.71, 95, 61, 47926, 64, 1980
2026/08/29 18:49:11.886, 7, 506.29, 95, 72, 47424, 52, 1980
2026/08/29 18:49:16.887, 0, 525.36, 95, 78, 50668, 66, 1980
2026/08/29 18:49:16.887, 1, 499.66, 81, 59, 49908, 54, 1980
2026/08/29 18:49:16.887, 2, 512.43, 95, 75, 49268, 54, 1980
2026/08/29 18:49:16.887, 3, 529.43, 95, 67, 48826, 64, 1980
2026/08/29 18:49:16.887, 4, 500.02, 100, 78, 48986, 64, 1980
2026/08/29 18:49:16.887, 5, 506.71, 76, 53, 48306, 55, 1980
2026/08/29 18:49:16.887, 6, 519.17, 97, 61, 47926, 64, 1980
2026/08/29 18:49:16.887, 7, 498.12, 100, 67, 47424, 52, 1980
2026/08/29 18:49:21.887, 0, 541.17, 100, 75, 50668, 67, 1980
2026/08/29 18:49:21.887, 1, 504.58, 95, 79, 49908, 55, 1980
2026/08/29 18:49:21.887, 2, 516.82, 97, 59, 49268, 55, 1980
2026/08/29 18:49:21.887, 3, 524.62, 99, 70, 48826, 66, 1980
2026/08/29 18:49:21.887, 4, 507.84, 97, 65, 48986, 66, 1980
2026/08/29 18:49:21.887, 5, 501.68, 100, 66, 48306, 55, 1980
2026/08/29 18:49:21.888, 6, 516.40, 100, 65, 47926, 63, 1980
2026/08/29 18:49:21.888, 7, 504.32, 100, 74, 47424, 53, 1980
2026/08/29 18:49:26.888, 0, 498.60, 61, 36, 50668, 66, 1980
2026/08/29 18:49:26.888, 1, 470.29, 97, 57, 49908, 53, 1980
2026/08/29 18:49:26.890, 2, 491.47, 100, 77, 49268, 53, 1980
2026/08/29 18:49:26.893, 3, 482.07, 93, 54, 48826, 65, 1980
2026/08/29 18:49:26.895, 4, 465.88, 100, 64, 48986, 65, 1980
2026/08/29 18:49:26.896, 5, 483.38, 98, 57, 48306, 54, 1980
2026/08/29 18:49:26.897, 6, 496.36, 95, 51, 47926, 64, 1980
2026/08/29 18:49:26.899, 7, 474.80, 97, 59, 47424, 53, 1980
2026/08/29 18:49:31.903, 0, 496.60, 100, 74, 50668, 63, 1980
2026/08/29 18:49:31.904, 1, 460.02, 100, 27, 49908, 50, 1980
2026/08/29 18:49:31.905, 2, 474.71, 100, 50, 49268, 50, 1980
2026/08/29 18:49:31.907, 3, 491.95, 100, 63, 48826, 63, 1980
2026/08/29 18:49:31.911, 4, 467.07, 100, 64, 48986, 64, 1980
2026/08/29 18:49:31.913, 5, 463.90, 100, 19, 48306, 52, 1980
2026/08/29 18:49:31.915, 6, 487.58, 96, 34, 47926, 60, 1980
2026/08/29 18:49:31.915, 7, 474.27, 96, 65, 47544, 52, 1980
2026/08/29 18:49:36.918, 0, 527.91, 95, 72, 50668, 67, 1980
2026/08/29 18:49:36.918, 1, 492.53, 100, 69, 49908, 54, 1980
2026/08/29 18:49:36.918, 2, 509.89, 95, 65, 49268, 54, 1980
2026/08/29 18:49:36.918, 3, 522.66, 97, 83, 48826, 65, 1980
2026/08/29 18:49:36.918, 4, 491.08, 100, 79, 48986, 63, 1980
2026/08/29 18:49:36.918, 5, 493.18, 54, 38, 48306, 54, 1980
2026/08/29 18:49:36.918, 6, 511.63, 70, 49, 47926, 63, 1980
2026/08/29 18:49:36.918, 7, 494.34, 100, 74, 47544, 53, 1980
2026/08/29 18:49:41.919, 0, 517.45, 95, 82, 50668, 66, 1980
2026/08/29 18:49:41.919, 1, 485.57, 91, 67, 49908, 54, 1980
2026/08/29 18:49:41.919, 2, 501.49, 100, 67, 49268, 54, 1980
2026/08/29 18:49:41.919, 3, 517.25, 94, 76, 48826, 65, 1980
2026/08/29 18:49:41.919, 4, 487.02, 100, 72, 48986, 65, 1980
2026/08/29 18:49:41.919, 5, 482.83, 95, 69, 48306, 55, 1980
2026/08/29 18:49:41.919, 6, 504.70, 99, 82, 47926, 64, 1980
2026/08/29 18:49:41.919, 7, 488.56, 95, 69, 47544, 52, 1980
2026/08/29 18:49:46.919, 0, 519.06, 97, 60, 50668, 66, 1980
2026/08/29 18:49:46.919, 1, 491.14, 99, 69, 49908, 54, 1980
2026/08/29 18:49:46.919, 2, 500.37, 96, 59, 49268, 55, 1980
2026/08/29 18:49:46.919, 3, 513.33, 100, 78, 48826, 66, 1980
2026/08/29 18:49:46.919, 4, 501.95, 59, 37, 48986, 65, 1980
2026/08/29 18:49:46.919, 5, 488.00, 100, 64, 48306, 55, 1980
2026/08/29 18:49:46.920, 6, 517.98, 100, 64, 47926, 64, 1980
2026/08/29 18:49:46.920, 7, 501.19, 100, 64, 47544, 52, 1980
2026/08/29 18:49:51.920, 0, 519.61, 95, 64, 50668, 63, 1980
2026/08/29 18:49:51.920, 1, 493.71, 67, 47, 49908, 52, 1980
2026/08/29 18:49:51.920, 2, 484.80, 77, 46, 49268, 51, 1980
2026/08/29 18:49:51.920, 3, 514.96, 92, 56, 48826, 64, 1980
2026/08/29 18:49:51.920, 4, 501.42, 90, 55, 48986, 64, 1980
2026/08/29 18:49:51.920, 5, 503.47, 66, 46, 48306, 52, 1980
2026/08/29 18:49:51.920, 6, 516.39, 90, 59, 47926, 61, 1980
2026/08/29 18:49:51.920, 7, 487.60, 49, 33, 47544, 49, 1980
2026/08/29 18:49:56.921, 0, 517.51, 93, 56, 50668, 66, 1980
2026/08/29 18:49:56.923, 1, 497.72, 97, 65, 49908, 50, 1980
2026/08/29 18:49:56.929, 2, 497.04, 93, 55, 49268, 53, 1980
2026/08/29 18:49:56.932, 3, 522.17, 53, 33, 48826, 63, 1980
2026/08/29 18:49:56.935, 4, 501.61, 44, 28, 48986, 63, 1980
2026/08/29 18:49:56.937, 5, 483.26, 47, 32, 48306, 52, 1980
2026/08/29 18:49:56.944, 6, 500.13, 98, 60, 47926, 60, 1980
2026/08/29 18:49:56.946, 7, 483.40, 44, 26, 47544, 51, 1980
2026/08/29 18:50:01.947, 0, 529.79, 100, 72, 50668, 66, 1980
2026/08/29 18:50:01.950, 1, 507.79, 94, 80, 49908, 54, 1980
2026/08/29 18:50:01.954, 2, 518.56, 100, 69, 49268, 55, 1980
2026/08/29 18:50:01.957, 3, 531.64, 99, 79, 48826, 65, 1980
2026/08/29 18:50:01.960, 4, 500.33, 100, 75, 48986, 65, 1980
2026/08/29 18:50:01.960, 5, 508.77, 94, 70, 48306, 55, 1980
2026/08/29 18:50:01.963, 6, 521.00, 96, 74, 47926, 64, 1980
2026/08/29 18:50:01.967, 7, 508.67, 97, 57, 47544, 52, 1980
2026/08/29 18:50:06.971, 0, 537.45, 99, 69, 50668, 67, 1980
2026/08/29 18:50:06.971, 1, 509.42, 100, 86, 49908, 55, 1980
2026/08/29 18:50:06.971, 2, 524.12, 99, 69, 49268, 54, 1980
2026/08/29 18:50:06.971, 3, 518.66, 95, 55, 48826, 64, 1980
2026/08/29 18:50:06.971, 4, 511.62, 96, 50, 48986, 65, 1980
2026/08/29 18:50:06.971, 5, 503.73, 95, 74, 48306, 55, 1980
2026/08/29 18:50:06.971, 6, 517.28, 100, 80, 47926, 63, 1980
2026/08/29 18:50:06.971, 7, 508.15, 94, 75, 47544, 52, 1980
2026/08/29 18:50:11.971, 0, 520.69, 96, 78, 50668, 65, 1980
2026/08/29 18:50:11.971, 1, 484.75, 95, 64, 49908, 52, 1980
2026/08/29 18:50:11.971, 2, 499.43, 96, 83, 49268, 52, 1980
2026/08/29 18:50:11.971, 3, 513.96, 82, 48, 48826, 64, 1980
2026/08/29 18:50:11.972, 4, 493.60, 95, 75, 48986, 64, 1980
2026/08/29 18:50:11.972, 5, 502.40, 98, 59, 48306, 53, 1980
2026/08/29 18:50:11.972, 6, 516.90, 95, 58, 47926, 62, 1980
2026/08/29 18:50:11.972, 7, 499.61, 86, 61, 47544, 49, 1980
2026/08/29 18:50:16.972, 0, 522.95, 93, 54, 50668, 65, 1980
2026/08/29 18:50:16.972, 1, 490.06, 56, 33, 49908, 52, 1980
2026/08/29 18:50:16.972, 2, 485.74, 96, 51, 49268, 52, 1980
2026/08/29 18:50:16.972, 3, 496.16, 51, 28, 48826, 63, 1980
2026/08/29 18:50:16.972, 4, 488.95, 43, 24, 48986, 64, 1980
2026/08/29 18:50:16.972, 5, 502.65, 47, 28, 48306, 53, 1980
2026/08/29 18:50:16.972, 6, 506.95, 63, 41, 47926, 62, 1980
2026/08/29 18:50:16.972, 7, 492.65, 45, 25, 47544, 50, 1980
2026/08/29 18:50:21.973, 0, 513.61, 100, 69, 50668, 66, 1980
2026/08/29 18:50:21.973, 1, 493.24, 99, 68, 49908, 51, 1980
2026/08/29 18:50:21.973, 2, 483.27, 91, 54, 49268, 54, 1980
2026/08/29 18:50:21.973, 3, 496.62, 94, 61, 48826, 65, 1980
2026/08/29 18:50:21.973, 4, 483.75, 94, 59, 48986, 64, 1980
2026/08/29 18:50:21.973, 5, 488.60, 100, 69, 48306, 55, 1980
2026/08/29 18:50:21.973, 6, 505.28, 99, 68, 47926, 61, 1980
2026/08/29 18:50:21.973, 7, 480.38, 48, 25, 47544, 51, 1980
2026/08/29 18:50:26.973, 0, 525.02, 95, 71, 50668, 66, 1980
2026/08/29 18:50:26.974, 1, 497.39, 60, 42, 49908, 54, 1980
2026/08/29 18:50:26.976, 2, 500.78, 95, 71, 49268, 53, 1980
2026/08/29 18:50:26.978, 3, 524.08, 100, 82, 48826, 65, 1980
2026/08/29 18:50:26.980, 4, 506.53, 100, 79, 48986, 65, 1980
2026/08/29 18:50:26.981, 5, 500.26, 57, 41, 48306, 54, 1980
2026/08/29 18:50:26.984, 6, 525.43, 75, 53, 47926, 63, 1980
2026/08/29 18:50:26.986, 7, 499.55, 50, 34, 47584, 51, 1980
2026/08/29 18:50:31.989, 0, 517.28, 94, 56, 50668, 67, 1980
2026/08/29 18:50:31.991, 1, 492.66, 99, 69, 49908, 54, 1980
2026/08/29 18:50:31.993, 2, 508.27, 94, 57, 49268, 55, 1980
2026/08/29 18:50:31.995, 3, 504.68, 99, 68, 48826, 65, 1980
2026/08/29 18:50:31.996, 4, 496.15, 94, 62, 48986, 65, 1980
2026/08/29 18:50:31.998, 5, 495.95, 100, 69, 48306, 56, 1980
2026/08/29 18:50:32.001, 6, 517.12, 100, 69, 47926, 63, 1980
2026/08/29 18:50:32.003, 7, 487.97, 100, 69, 47584, 51, 1980
2026/08/29 18:50:37.006, 0, 503.98, 78, 53, 50668, 63, 1980
2026/08/29 18:50:37.006, 1, 475.39, 47, 30, 49908, 52, 1980
2026/08/29 18:50:37.006, 2, 487.64, 94, 58, 49268, 51, 1980
2026/08/29 18:50:37.006, 3, 499.24, 89, 54, 48826, 64, 1980
2026/08/29 18:50:37.006, 4, 495.52, 90, 53, 48986, 64, 1980
2026/08/29 18:50:37.006, 5, 496.04, 63, 39, 48306, 52, 1980
2026/08/29 18:50:37.006, 6, 496.64, 45, 29, 47926, 63, 1980
2026/08/29 18:50:37.006, 7, 481.28, 82, 48, 47584, 48, 1980
2026/08/29 18:50:42.006, 0, 523.78, 49, 30, 50668, 65, 1980
2026/08/29 18:50:42.006, 1, 504.52, 100, 78, 49908, 52, 1980
2026/08/29 18:50:42.006, 2, 514.08, 95, 68, 49268, 53, 1980
2026/08/29 18:50:42.007, 3, 526.34, 48, 33, 48826, 65, 1980
2026/08/29 18:50:42.007, 4, 508.49, 63, 44, 48986, 65, 1980
2026/08/29 18:50:42.007, 5, 505.55, 48, 25, 48306, 53, 1980
2026/08/29 18:50:42.007, 6, 511.86, 100, 71, 47926, 62, 1980
2026/08/29 18:50:42.007, 7, 493.64, 96, 74, 47584, 50, 1980
2026/08/29 18:50:47.007, 0, 513.63, 99, 68, 50668, 66, 1980
2026/08/29 18:50:47.007, 1, 493.81, 100, 81, 49908, 54, 1980
2026/08/29 18:50:47.007, 2, 490.26, 99, 67, 49268, 55, 1980
2026/08/29 18:50:47.007, 3, 496.44, 97, 57, 48826, 64, 1980
2026/08/29 18:50:47.007, 4, 509.37, 95, 55, 48986, 65, 1980
2026/08/29 18:50:47.007, 5, 512.78, 100, 68, 48306, 51, 1980
2026/08/29 18:50:47.007, 6, 519.91, 100, 80, 47926, 63, 1980
2026/08/29 18:50:47.007, 7, 496.81, 93, 55, 47584, 50, 1980
2026/08/29 18:50:52.008, 0, 507.39, 51, 32, 50668, 64, 1980
2026/08/29 18:50:52.008, 1, 473.21, 39, 24, 49908, 52, 1980
2026/08/29 18:50:52.008, 2, 479.02, 85, 58, 49268, 52, 1980
2026/08/29 18:50:52.008, 3, 495.72, 41, 27, 48826, 64, 1980
2026/08/29 18:50:52.008, 4, 482.41, 51, 35, 48986, 64, 1980
2026/08/29 18:50:52.008, 5, 478.38, 50, 28, 48306, 52, 1980
2026/08/29 18:50:52.008, 6, 490.11, 42, 25, 47926, 63, 1980
2026/08/29 18:50:52.008, 7, 483.02, 100, 60, 47584, 49, 1980
2026/08/29 18:50:57.008, 0, 532.76, 95, 82, 50668, 66, 1980
2026/08/29 18:50:57.011, 1, 498.85, 88, 63, 49908, 52, 1980
2026/08/29 18:50:57.013, 2, 507.32, 69, 40, 49268, 51, 1980
2026/08/29 18:50:57.014, 3, 529.21, 46, 28, 48826, 64, 1980
2026/08/29 18:50:57.015, 4, 502.60, 47, 31, 48986, 64, 1980
2026/08/29 18:50:57.017, 5, 488.01, 94, 73, 48306, 52, 1980
2026/08/29 18:50:57.019, 6, 507.56, 92, 62, 47926, 62, 1980
2026/08/29 18:50:57.020, 7, 488.87, 51, 36, 47584, 52, 1980
2026/08/29 18:51:02.022, 0, 515.74, 95, 81, 50668, 66, 1980
2026/08/29 18:51:02.028, 1, 494.79, 88, 50, 49908, 50, 1980
2026/08/29 18:51:02.038, 2, 505.58, 99, 69, 49268, 54, 1980
2026/08/29 18:51:02.045, 3, 523.34, 100, 81, 48826, 64, 1980
2026/08/29 18:51:02.048, 4, 511.86, 100, 79, 48986, 64, 1980
2026/08/29 18:51:02.052, 5, 500.78, 91, 50, 48306, 53, 1980
2026/08/29 18:51:02.055, 6, 514.21, 82, 45, 47926, 60, 1980
2026/08/29 18:51:02.063, 7, 493.92, 100, 68, 47584, 52, 1980
2026/08/29 18:51:07.067, 0, 532.41, 95, 77, 50668, 67, 1980
2026/08/29 18:51:07.067, 1, 506.70, 100, 70, 49908, 55, 1980
2026/08/29 18:51:07.067, 2, 510.71, 95, 70, 49268, 54, 1980
2026/08/29 18:51:07.067, 3, 523.65, 96, 79, 48826, 64, 1980
2026/08/29 18:51:07.067, 4, 501.47, 100, 82, 48986, 65, 1980
2026/08/29 18:51:07.067, 5, 503.96, 97, 56, 48306, 55, 1980
2026/08/29 18:51:07.067, 6, 519.80, 100, 65, 47926, 63, 1980
2026/08/29 18:51:07.067, 7, 506.76, 100, 76, 47584, 52, 1980
2026/08/29 18:51:12.067, 0, 515.63, 97, 57, 50668, 66, 1980
2026/08/29 18:51:12.067, 1, 492.11, 100, 65, 49908, 52, 1980
2026/08/29 18:51:12.068, 2, 477.51, 96, 51, 49268, 54, 1980
2026/08/29 18:51:12.068, 3, 508.99, 98, 61, 48826, 65, 1980
2026/08/29 18:51:12.068, 4, 473.40, 98, 60, 48986, 64, 1980
2026/08/29 18:51:12.068, 5, 492.16, 100, 65, 48306, 55, 1980
2026/08/29 18:51:12.068, 6, 510.65, 100, 65, 47926, 61, 1980
2026/08/29 18:51:12.068, 7, 487.93, 51, 28, 47584, 51, 1980
2026/08/29 18:51:17.068, 0, 498.42, 50, 32, 50668, 63, 1980
2026/08/29 18:51:17.068, 1, 474.61, 95, 58, 49908, 54, 1980
2026/08/29 18:51:17.068, 2, 494.33, 46, 29, 49268, 53, 1980
2026/08/29 18:51:17.068, 3, 497.54, 32, 22, 48826, 64, 1980
2026/08/29 18:51:17.068, 4, 491.42, 58, 41, 48986, 64, 1980
2026/08/29 18:51:17.068, 5, 493.39, 49, 31, 48306, 52, 1980
2026/08/29 18:51:17.068, 6, 497.92, 94, 53, 47926, 62, 1980
2026/08/29 18:51:17.068, 7, 477.15, 98, 57, 47584, 49, 1980
2026/08/29 18:51:22.069, 0, 515.59, 94, 72, 50668, 65, 1980
2026/08/29 18:51:22.069, 1, 478.45, 52, 33, 49908, 53, 1980
2026/08/29 18:51:22.069, 2, 487.22, 95, 68, 49268, 53, 1980
2026/08/29 18:51:22.069, 3, 516.01, 96, 59, 48826, 61, 1980
2026/08/29 18:51:22.069, 4, 495.72, 96, 57, 48986, 63, 1980
2026/08/29 18:51:22.069, 5, 486.40, 50, 31, 48306, 54, 1980
2026/08/29 18:51:22.069, 6, 494.74, 51, 34, 47926, 63, 1980
2026/08/29 18:51:22.069, 7, 488.97, 50, 28, 47584, 51, 1980
2026/08/29 18:51:27.069, 0, 514.05, 97, 57, 50668, 65, 1980
2026/08/29 18:51:27.076, 1, 479.96, 44, 27, 49908, 52, 1980
2026/08/29 18:51:27.080, 2, 472.35, 98, 51, 49268, 52, 1980
2026/08/29 18:51:27.081, 3, 500.95, 85, 46, 48826, 64, 1980
2026/08/29 18:51:27.085, 4, 487.54, 75, 41, 48986, 62, 1980
2026/08/29 18:51:27.088, 5, 489.02, 95, 60, 48306, 53, 1980
2026/08/29 18:51:27.090, 6, 512.24, 48, 31, 47926, 63, 1980
2026/08/29 18:51:27.092, 7, 491.85, 58, 32, 47584, 50, 1980
2026/08/29 18:51:32.093, 0, 533.90, 99, 67, 50668, 67, 1980
2026/08/29 18:51:32.097, 1, 504.59, 100, 75, 49908, 53, 1980
2026/08/29 18:51:32.104, 2, 514.57, 99, 66, 49268, 54, 1980
2026/08/29 18:51:32.108, 3, 510.04, 100, 70, 48826, 65, 1980
2026/08/29 18:51:32.108, 4, 499.55, 100, 70, 48986, 63, 1980
2026/08/29 18:51:32.113, 5, 475.64, 100, 74, 48306, 55, 1980
2026/08/29 18:51:32.116, 6, 503.21, 50, 27, 47926, 62, 1980
2026/08/29 18:51:32.120, 7, 502.29, 95, 50, 47584, 49, 1980
2026/08/29 18:51:37.124, 0, 530.52, 82, 57, 50668, 66, 1980
2026/08/29 18:51:37.124, 1, 499.68, 96, 69, 49908, 54, 1980
2026/08/29 18:51:37.124, 2, 506.55, 87, 59, 49268, 52, 1980
2026/08/29 18:51:37.124, 3, 515.60, 95, 77, 48826, 64, 1980
2026/08/29 18:51:37.124, 4, 508.51, 96, 73, 48986, 64, 1980
2026/08/29 18:51:37.124, 5, 514.62, 87, 56, 48306, 54, 1980
2026/08/29 18:51:37.124, 6, 518.09, 47, 30, 47926, 62, 1980
2026/08/29 18:51:37.124, 7, 504.09, 95, 74, 47584, 49, 1980
2026/08/29 18:51:42.125, 0, 535.72, 99, 68, 50668, 66, 1980
2026/08/29 18:51:42.125, 1, 505.37, 100, 84, 49908, 54, 1980
2026/08/29 18:51:42.125, 2, 503.24, 99, 68, 49268, 54, 1980
2026/08/29 18:51:42.125, 3, 512.28, 94, 53, 48826, 65, 1980
2026/08/29 18:51:42.125, 4, 501.50, 93, 66, 48986, 64, 1980
2026/08/29 18:51:42.125, 5, 504.21, 88, 70, 48306, 54, 1980
2026/08/29 18:51:42.125, 6, 520.10, 93, 77, 47926, 63, 1980
2026/08/29 18:51:42.125, 7, 501.04, 94, 74, 47584, 52, 1980
2026/08/29 18:51:47.126, 0, 530.12, 99, 64, 50668, 66, 1980
2026/08/29 18:51:47.126, 1, 498.74, 99, 61, 49908, 53, 1980
2026/08/29 18:51:47.126, 2, 506.44, 99, 62, 49268, 54, 1980
2026/08/29 18:51:47.126, 3, 527.54, 95, 81, 48826, 65, 1980
2026/08/29 18:51:47.126, 4, 515.52, 99, 85, 48986, 65, 1980
2026/08/29 18:51:47.126, 5, 511.70, 100, 64, 48306, 54, 1980
2026/08/29 18:51:47.126, 6, 519.68, 100, 64, 47926, 63, 1980
2026/08/29 18:51:47.126, 7, 507.90, 100, 76, 47584, 52, 1980
2026/08/29 18:51:52.126, 0, 530.76, 51, 30, 50668, 64, 1980
2026/08/29 18:51:52.126, 1, 493.57, 90, 51, 49908, 52, 1980
2026/08/29 18:51:52.126, 2, 496.21, 53, 32, 49268, 52, 1980
2026/08/29 18:51:52.126, 3, 515.38, 73, 52, 48826, 63, 1980
2026/08/29 18:51:52.126, 4, 492.01, 57, 31, 48986, 63, 1980
2026/08/29 18:51:52.127, 5, 506.33, 92, 50, 48306, 52, 1980
2026/08/29 18:51:52.127, 6, 515.25, 96, 78, 47926, 63, 1980
2026/08/29 18:51:52.127, 7, 490.48, 95, 75, 47584, 52, 1980
2026/08/29 18:51:57.127, 0, 532.43, 95, 83, 50668, 66, 1980
2026/08/29 18:51:57.130, 1, 494.27, 100, 82, 49908, 55, 1980
2026/08/29 18:51:57.144, 2, 512.91, 96, 74, 49268, 54, 1980
2026/08/29 18:51:57.148, 3, 518.18, 100, 74, 48826, 65, 1980
2026/08/29 18:51:57.151, 4, 516.92, 100, 69, 48986, 64, 1980
2026/08/29 18:51:57.154, 5, 510.16, 96, 73, 48306, 55, 1980
2026/08/29 18:51:57.154, 6, 517.77, 98, 60, 47926, 63, 1980
2026/08/29 18:51:57.165, 7, 503.90, 100, 65, 47584, 53, 1980
2026/08/29 18:52:02.169, 0, 509.55, 94, 56, 50668, 65, 1980
2026/08/29 18:52:02.169, 1, 489.42, 93, 63, 49908, 54, 1980
2026/08/29 18:52:02.169, 2, 494.30, 93, 56, 49268, 54, 1980
2026/08/29 18:52:02.169, 3, 519.84, 89, 50, 48826, 62, 1980
2026/08/29 18:52:02.169, 4, 490.78, 94, 62, 48986, 65, 1980
2026/08/29 18:52:02.169, 5, 509.22, 93, 70, 48306, 54, 1980
2026/08/29 18:52:02.169, 6, 524.38, 95, 65, 47926, 62, 1980
2026/08/29 18:52:02.171, 7, 495.33, 66, 39, 47584, 52, 1980
2026/08/29 18:52:07.172, 0, 500.91, 70, 50, 50668, 64, 1980
2026/08/29 18:52:07.172, 1, 488.44, 91, 65, 49908, 51, 1980
2026/08/29 18:52:07.172, 2, 478.23, 79, 55, 49268, 51, 1980
2026/08/29 18:52:07.172, 3, 504.04, 95, 70, 48826, 64, 1980
2026/08/29 18:52:07.172, 4, 485.59, 95, 62, 48986, 63, 1980
2026/08/29 18:52:07.172, 5, 501.44, 75, 53, 48306, 52, 1980
2026/08/29 18:52:07.172, 6, 493.59, 42, 28, 47926, 62, 1980
2026/08/29 18:52:07.172, 7, 474.30, 81, 46, 47584, 51, 1980
2026/08/29 18:52:12.173, 0, 525.47, 100, 69, 50668, 66, 1980
2026/08/29 18:52:12.173, 1, 484.02, 100, 79, 49908, 53, 1980
2026/08/29 18:52:12.173, 2, 497.41, 100, 64, 49268, 54, 1980
2026/08/29 18:52:12.173, 3, 515.91, 95, 72, 48826, 65, 1980
2026/08/29 18:52:12.173, 4, 508.66, 61, 43, 48986, 64, 1980
2026/08/29 18:52:12.173, 5, 506.86, 96, 78, 48306, 54, 1980
2026/08/29 18:52:12.173, 6, 504.08, 100, 76, 47926, 63, 1980
2026/08/29 18:52:12.173, 7, 494.75, 95, 72, 47584, 52, 1980
2026/08/29 18:52:17.173, 0, 533.91, 94, 80, 50668, 66, 1980
2026/08/29 18:52:17.173, 1, 500.77, 100, 86, 49908, 54, 1980
2026/08/29 18:52:17.173, 2, 520.27, 95, 80, 49268, 54, 1980
2026/08/29 18:52:17.173, 3, 532.94, 100, 78, 48826, 65, 1980
2026/08/29 18:52:17.173, 4, 522.07, 100, 74, 48986, 64, 1980
2026/08/29 18:52:17.174, 5, 521.27, 95, 78, 48306, 55, 1980
2026/08/29 18:52:17.174, 6, 527.38, 99, 67, 47926, 64, 1980
2026/08/29 18:52:17.174, 7, 510.37, 100, 69, 47584, 53, 1980
2026/08/29 18:52:22.174, 0, 505.34, 44, 28, 50668, 65, 1980
2026/08/29 18:52:22.174, 1, 476.79, 89, 53, 49908, 53, 1980
2026/08/29 18:52:22.174, 2, 492.88, 48, 30, 49268, 53, 1980
2026/08/29 18:52:22.174, 3, 507.48, 61, 42, 48826, 63, 1980
2026/08/29 18:52:22.174, 4, 484.79, 70, 42, 48986, 62, 1980
2026/08/29 18:52:22.174, 5, 493.55, 93, 52, 48306, 54, 1980
2026/08/29 18:52:22.174, 6, 512.34, 88, 52, 47926, 63, 1980
2026/08/29 18:52:22.174, 7, 483.01, 89, 55, 47584, 51, 1980
2026/08/29 18:52:27.175, 0, 537.21, 100, 77, 50668, 66, 1980
2026/08/29 18:52:27.176, 1, 499.77, 95, 82, 49908, 54, 1980
2026/08/29 18:52:27.177, 2, 510.83, 100, 75, 49268, 54, 1980
2026/08/29 18:52:27.179, 3, 526.53, 99, 70, 48826, 65, 1980
2026/08/29 18:52:27.183, 4, 506.74, 100, 64, 48986, 65, 1980
2026/08/29 18:52:27.185, 5, 506.67, 100, 70, 48306, 55, 1980
2026/08/29 18:52:27.187, 6, 518.26, 95, 74, 47926, 63, 1980
2026/08/29 18:52:27.187, 7, 506.82, 95, 63, 47584, 52, 1980
2026/08/29 18:52:32.190, 0, 507.24, 43, 25, 50668, 65, 1980
2026/08/29 18:52:32.190, 1, 483.24, 90, 51, 49908, 51, 1980
2026/08/29 18:52:32.190, 2, 483.26, 49, 31, 49268, 52, 1980
2026/08/29 18:52:32.190, 3, 517.10, 95, 56, 48826, 61, 1980
2026/08/29 18:52:32.190, 4, 491.63, 100, 76, 48986, 63, 1980
2026/08/29 18:52:32.190, 5, 491.72, 92, 51, 48306, 53, 1980
2026/08/29 18:52:32.190, 6, 493.70, 86, 47, 47926, 60, 1980
2026/08/29 18:52:32.190, 7, 473.07, 96, 51, 47584, 51, 1980
2026/08/29 18:52:37.190, 0, 528.31, 94, 56, 50668, 65, 1980
2026/08/29 18:52:37.191, 1, 490.08, 92, 49, 49908, 53, 1980
2026/08/29 18:52:37.191, 2, 479.66, 96, 49, 49268, 52, 1980
2026/08/29 18:52:37.191, 3, 507.36, 86, 46, 48826, 64, 1980
2026/08/29 18:52:37.191, 4, 493.71, 74, 40, 48986, 63, 1980
2026/08/29 18:52:37.191, 5, 485.61, 95, 55, 48306, 54, 1980
2026/08/29 18:52:37.191, 6, 516.58, 47, 30, 47926, 63, 1980
2026/08/29 18:52:37.191, 7, 487.45, 57, 31, 47584, 50, 1980
2026/08/29 18:52:42.191, 0, 533.27, 95, 83, 50668, 67, 1980
2026/08/29 18:52:42.191, 1, 505.72, 95, 68, 49908, 54, 1980
2026/08/29 18:52:42.191, 2, 519.10, 95, 82, 49268, 54, 1980
2026/08/29 18:52:42.191, 3, 524.20, 100, 73, 48826, 65, 1980
2026/08/29 18:52:42.191, 4, 508.91, 95, 70, 48986, 64, 1980
2026/08/29 18:52:42.191, 5, 506.12, 85, 60, 48306, 55, 1980
2026/08/29 18:52:42.191, 6, 512.61, 95, 63, 47926, 63, 1980
2026/08/29 18:52:42.191, 7, 503.75, 100, 64, 47584, 52, 1980
2026/08/29 18:52:47.192, 0, 520.99, 95, 83, 50668, 66, 1980
2026/08/29 18:52:47.192, 1, 484.94, 100, 83, 49908, 54, 1980
2026/08/29 18:52:47.192, 2, 501.02, 98, 85, 49268, 54, 1980
2026/08/29 18:52:47.192, 3, 509.68, 100, 69, 48826, 65, 1980
2026/08/29 18:52:47.192, 4, 494.81, 100, 65, 48986, 65, 1980
2026/08/29 18:52:47.192, 5, 494.14, 96, 78, 48306, 55, 1980
2026/08/29 18:52:47.192, 6, 515.30, 95, 60, 47926, 63, 1980
2026/08/29 18:52:47.192, 7, 492.10, 89, 63, 47584, 52, 1980
2026/08/29 18:52:52.193, 0, 526.19, 99, 65, 50668, 66, 1980
2026/08/29 18:52:52.193, 1, 493.17, 100, 66, 49908, 54, 1980
2026/08/29 18:52:52.193, 2, 505.69, 100, 60, 49268, 54, 1980
2026/08/29 18:52:52.193, 3, 522.53, 96, 74, 48826, 65, 1980
2026/08/29 18:52:52.193, 4, 492.19, 97, 59, 48986, 65, 1980
2026/08/29 18:52:52.193, 5, 497.26, 100, 73, 48306, 55, 1980
2026/08/29 18:52:52.193, 6, 512.18, 100, 65, 47926, 64, 1980
2026/08/29 18:52:52.193, 7, 498.33, 100, 78, 47584, 52, 1980
2026/08/29 18:52:57.193, 0, 528.04, 96, 78, 50668, 66, 1980
2026/08/29 18:52:57.195, 1, 494.56, 99, 81, 49908, 55, 1980
2026/08/29 18:52:57.195, 2, 512.44, 97, 84, 49268, 54, 1980
2026/08/29 18:52:57.197, 3, 526.28, 100, 74, 48826, 64, 1980
2026/08/29 18:52:57.199, 4, 511.70, 100, 70, 48986, 64, 1980
2026/08/29 18:52:57.201, 5, 500.85, 94, 56, 48306, 55, 1980
2026/08/29 18:52:57.203, 6, 514.58, 97, 64, 47926, 64, 1980
2026/08/29 18:52:57.203, 7, 477.70, 100, 64, 47584, 52, 1980
2026/08/29 18:53:02.206, 0, 501.87, 90, 53, 50668, 65, 1980
2026/08/29 18:53:02.207, 1, 479.72, 99, 67, 49908, 50, 1980
2026/08/29 18:53:02.207, 2, 493.49, 89, 52, 49268, 53, 1980
2026/08/29 18:53:02.207, 3, 507.42, 62, 37, 48826, 62, 1980
2026/08/29 18:53:02.207, 4, 493.67, 93, 56, 48986, 64, 1980
2026/08/29 18:53:02.207, 5, 498.25, 93, 63, 48306, 53, 1980
2026/08/29 18:53:02.207, 6, 500.61, 55, 38, 47926, 60, 1980
2026/08/29 18:53:02.207, 7, 486.05, 48, 31, 47604, 51, 1980
2026/08/29 18:53:07.207, 0, 529.88, 98, 84, 50668, 66, 1980
2026/08/29 18:53:07.207, 1, 499.74, 100, 80, 49908, 54, 1980
2026/08/29 18:53:07.207, 2, 507.12, 99, 84, 49268, 54, 1980
2026/08/29 18:53:07.207, 3, 523.24, 100, 73, 48826, 65, 1980
2026/08/29 18:53:07.207, 4, 505.05, 100, 70, 48986, 65, 1980
2026/08/29 18:53:07.207, 5, 506.88, 100, 85, 48306, 55, 1980
2026/08/29 18:53:07.207, 6, 516.87, 95, 67, 47926, 64, 1980
2026/08/29 18:53:07.207, 7, 507.30, 76, 53, 47604, 53, 1980
2026/08/29 18:53:12.208, 0, 519.47, 96, 55, 50668, 63, 1980
2026/08/29 18:53:12.208, 1, 493.80, 75, 43, 49908, 54, 1980
2026/08/29 18:53:12.208, 2, 507.74, 89, 50, 49268, 50, 1980
2026/08/29 18:53:12.208, 3, 499.71, 100, 77, 48826, 64, 1980
2026/08/29 18:53:12.208, 4, 493.69, 97, 56, 48986, 65, 1980
2026/08/29 18:53:12.208, 5, 507.52, 100, 68, 48306, 56, 1980
2026/08/29 18:53:12.208, 6, 505.57, 99, 63, 47926, 64, 1980
2026/08/29 18:53:12.208, 7, 500.88, 99, 68, 47604, 51, 1980
2026/08/29 18:53:17.209, 0, 524.36, 99, 70, 50668, 66, 1980
2026/08/29 18:53:17.209, 1, 473.83, 99, 68, 49908, 51, 1980
2026/08/29 18:53:17.209, 2, 501.72, 99, 68, 49268, 52, 1980
2026/08/29 18:53:17.209, 3, 493.66, 95, 57, 48826, 62, 1980
2026/08/29 18:53:17.209, 4, 484.41, 95, 56, 48986, 63, 1980
2026/08/29 18:53:17.209, 5, 483.08, 49, 30, 48306, 55, 1980
2026/08/29 18:53:17.209, 6, 504.35, 88, 48, 47926, 60, 1980
2026/08/29 18:53:17.209, 7, 487.64, 95, 53, 47604, 52, 1980
2026/08/29 18:53:22.209, 0, 522.16, 96, 57, 50668, 64, 1980
2026/08/29 18:53:22.209, 1, 498.40, 99, 66, 49908, 50, 1980
2026/08/29 18:53:22.209, 2, 514.24, 94, 54, 49268, 52, 1980
2026/08/29 18:53:22.209, 3, 525.79, 48, 31, 48826, 64, 1980
2026/08/29 18:53:22.210, 4, 504.07, 99, 60, 48986, 65, 1980
2026/08/29 18:53:22.210, 5, 488.67, 96, 52, 48306, 52, 1980
2026/08/29 18:53:22.210, 6, 509.41, 72, 45, 47926, 61, 1980
2026/08/29 18:53:22.210, 7, 475.82, 52, 31, 47604, 51, 1980
2026/08/29 18:53:27.210, 0, 504.89, 69, 40, 50668, 62, 1980
2026/08/29 18:53:27.210, 1, 479.26, 46, 26, 49908, 52, 1980
2026/08/29 18:53:27.212, 2, 478.27, 60, 36, 49268, 50, 1980
2026/08/29 18:53:27.214, 3, 522.17, 48, 30, 48826, 64, 1980
2026/08/29 18:53:27.214, 4, 492.50, 37, 24, 48986, 64, 1980
2026/08/29 18:53:27.216, 5, 490.30, 64, 37, 48306, 50, 1980
2026/08/29 18:53:27.219, 6, 493.62, 99, 53, 47926, 62, 1980
2026/08/29 18:53:27.221, 7, 479.30, 60, 42, 47604, 48, 1980
2026/08/29 18:53:32.223, 0, 521.83, 95, 72, 50668, 65, 1980
2026/08/29 18:53:32.223, 1, 486.51, 40, 28, 49908, 52, 1980
2026/08/29 18:53:32.223, 2, 504.83, 95, 65, 49268, 53, 1980
2026/08/29 18:53:32.223, 3, 517.68, 58, 36, 48826, 62, 1980
2026/08/29 18:53:32.223, 4, 503.03, 91, 59, 48986, 63, 1980
2026/08/29 18:53:32.223, 5, 498.48, 95, 58, 48306, 54, 1980
2026/08/29 18:53:32.223, 6, 499.46, 59, 42, 47926, 63, 1980
2026/08/29 18:53:32.223, 7, 492.23, 34, 20, 47604, 51, 1980
2026/08/29 18:53:37.224, 0, 531.05, 100, 83, 50668, 66, 1980
2026/08/29 18:53:37.224, 1, 504.44, 99, 61, 49908, 54, 1980
2026/08/29 18:53:37.224, 2, 499.14, 96, 74, 49268, 54, 1980
2026/08/29 18:53:37.224, 3, 516.63, 96, 64, 48826, 65, 1980
2026/08/29 18:53:37.224, 4, 490.05, 97, 72, 48986, 65, 1980
2026/08/29 18:53:37.224, 5, 497.65, 100, 59, 48306, 55, 1980
2026/08/29 18:53:37.224, 6, 509.48, 100, 68, 47926, 64, 1980
2026/08/29 18:53:37.224, 7, 494.36, 100, 83, 47604, 52, 1980
2026/08/29 18:53:42.225, 0, 526.65, 39, 24, 50668, 65, 1980
2026/08/29 18:53:42.225, 1, 497.21, 92, 55, 49908, 53, 1980
2026/08/29 18:53:42.225, 2, 502.58, 40, 23, 49268, 53, 1980
2026/08/29 18:53:42.225, 3, 516.96, 63, 42, 48826, 63, 1980
2026/08/29 18:53:42.225, 4, 492.25, 64, 36, 48986, 63, 1980
2026/08/29 18:53:42.225, 5, 493.61, 40, 24, 48306, 54, 1980
2026/08/29 18:53:42.225, 6, 507.25, 95, 78, 47926, 63, 1980
2026/08/29 18:53:42.225, 7, 494.72, 87, 54, 47604, 51, 1980
2026/08/29 18:53:47.225, 0, 499.40, 40, 26, 50668, 64, 1980
2026/08/29 18:53:47.225, 1, 480.39, 84, 49, 49908, 50, 1980
2026/08/29 18:53:47.225, 2, 493.47, 96, 56, 49268, 51, 1980
2026/08/29 18:53:47.225, 3, 499.87, 55, 34, 48826, 62, 1980
2026/08/29 18:53:47.225, 4, 493.08, 44, 25, 48986, 63, 1980
2026/08/29 18:53:47.225, 5, 482.51, 96, 53, 48306, 54, 1980
2026/08/29 18:53:47.225, 6, 488.45, 100, 62, 47926, 60, 1980
2026/08/29 18:53:47.226, 7, 480.65, 50, 30, 47604, 52, 1980
2026/08/29 18:53:52.226, 0, 532.48, 97, 63, 50668, 67, 1980
2026/08/29 18:53:52.226, 1, 498.94, 100, 70, 49908, 54, 1980
2026/08/29 18:53:52.226, 2, 504.57, 99, 58, 49268, 53, 1980
2026/08/29 18:53:52.226, 3, 511.80, 94, 52, 48826, 64, 1980
2026/08/29 18:53:52.226, 4, 505.71, 100, 65, 48986, 65, 1980
2026/08/29 18:53:52.226, 5, 508.45, 99, 59, 48306, 55, 1980
2026/08/29 18:53:52.226, 6, 526.61, 100, 65, 47926, 63, 1980
2026/08/29 18:53:52.226, 7, 507.18, 100, 75, 47604, 53, 1980
2026/08/29 18:53:57.227, 0, 532.15, 100, 70, 50668, 64, 1980
2026/08/29 18:53:57.228, 1, 496.79, 84, 49, 49908, 54, 1980
2026/08/29 18:53:57.228, 2, 488.36, 93, 55, 49268, 54, 1980
2026/08/29 18:53:57.231, 3, 518.89, 100, 78, 48826, 64, 1980
2026/08/29 18:53:57.233, 4, 483.23, 100, 74, 48986, 64, 1980
2026/08/29 18:53:57.233, 5, 508.10, 93, 56, 48306, 52, 1980
2026/08/29 18:53:57.233, 6, 512.43, 97, 66, 47926, 64, 1980
2026/08/29 18:53:57.237, 7, 505.18, 100, 70, 47604, 53, 1980
2026/08/29 18:54:02.239, 0, 519.44, 42, 25, 50668, 65, 1980
2026/08/29 18:54:02.240, 1, 492.94, 92, 53, 49908, 53, 1980
2026/08/29 18:54:02.240, 2, 480.55, 48, 30, 49268, 52, 1980
2026/08/29 18:54:02.240, 3, 511.01, 57, 40, 48826, 63, 1980
2026/08/29 18:54:02.240, 4, 489.20, 71, 39, 48986, 62, 1980
2026/08/29 18:54:02.240, 5, 487.62, 97, 51, 48306, 53, 1980
2026/08/29 18:54:02.240, 6, 502.96, 95, 67, 47926, 63, 1980
2026/08/29 18:54:02.240, 7, 476.13, 88, 59, 47604, 50, 1980
2026/08/29 18:54:07.240, 0, 528.97, 45, 31, 50668, 66, 1980
2026/08/29 18:54:07.240, 1, 489.90, 69, 41, 49908, 51, 1980
2026/08/29 18:54:07.240, 2, 495.52, 86, 46, 49268, 50, 1980
2026/08/29 18:54:07.240, 3, 500.02, 42, 25, 48826, 63, 1980
2026/08/29 18:54:07.240, 4, 497.11, 47, 29, 48986, 64, 1980
2026/08/29 18:54:07.240, 5, 493.02, 89, 47, 48306, 53, 1980
2026/08/29 18:54:07.240, 6, 517.31, 100, 59, 47926, 61, 1980
2026/08/29 18:54:07.240, 7, 495.49, 49, 32, 47604, 50, 1980
2026/08/29 18:54:12.241, 0, 513.46, 95, 70, 50668, 65, 1980
2026/08/29 18:54:12.241, 1, 476.71, 95, 75, 49908, 53, 1980
2026/08/29 18:54:12.241, 2, 486.50, 95, 69, 49268, 53, 1980
2026/08/29 18:54:12.241, 3, 518.16, 94, 81, 48826, 63, 1980
2026/08/29 18:54:12.241, 4, 507.14, 88, 62, 48986, 63, 1980
2026/08/29 18:54:12.241, 5, 500.13, 47, 30, 48306, 54, 1980
2026/08/29 18:54:12.241, 6, 520.45, 55, 39, 47926, 63, 1980
2026/08/29 18:54:12.241, 7, 483.24, 43, 29, 47604, 50, 1980
2026/08/29 18:54:17.242, 0, 513.67, 55, 33, 50668, 65, 1980
2026/08/29 18:54:17.242, 1, 482.42, 95, 69, 49908, 52, 1980
2026/08/29 18:54:17.242, 2, 502.72, 94, 65, 49268, 52, 1980
2026/08/29 18:54:17.242, 3, 510.44, 92, 53, 48826, 64, 1980
2026/08/29 18:54:17.242, 4, 492.65, 83, 48, 48986, 64, 1980
2026/08/29 18:54:17.242, 5, 489.52, 90, 66, 48306, 52, 1980
2026/08/29 18:54:17.242, 6, 492.57, 43, 26, 47926, 63, 1980
2026/08/29 18:54:17.242, 7, 480.61, 70, 38, 47604, 50, 1980
2026/08/29 18:54:22.243, 0, 537.12, 74, 50, 50668, 67, 1980
2026/08/29 18:54:22.243, 1, 494.91, 96, 73, 49908, 52, 1980
2026/08/29 18:54:22.243, 2, 505.21, 86, 56, 49268, 54, 1980
2026/08/29 18:54:22.243, 3, 522.19, 95, 77, 48826, 65, 1980
2026/08/29 18:54:22.243, 4, 504.53, 54, 34, 48986, 65, 1980
2026/08/29 18:54:22.243, 5, 505.93, 64, 35, 48306, 53, 1980
2026/08/29 18:54:22.243, 6, 523.21, 100, 71, 47926, 64, 1980
2026/08/29 18:54:22.243, 7, 501.60, 96, 75, 47604, 53, 1980
2026/08/29 18:54:27.243, 0, 513.85, 94, 75, 50668, 66, 1980
2026/08/29 18:54:27.244, 1, 493.59, 77, 53, 49908, 53, 1980
2026/08/29 18:54:27.246, 2, 504.89, 47, 33, 49268, 54, 1980
2026/08/29 18:54:27.248, 3, 510.55, 98, 61, 48826, 63, 1980
2026/08/29 18:54:27.250, 4, 500.58, 95, 63, 48986, 63, 1980
2026/08/29 18:54:27.251, 5, 485.53, 61, 43, 48306, 54, 1980
2026/08/29 18:54:27.252, 6, 501.95, 56, 31, 47926, 61, 1980
2026/08/29 18:54:27.254, 7, 493.05, 95, 56, 47604, 51, 1980
2026/08/29 18:54:32.257, 0, 529.88, 100, 71, 50668, 67, 1980
2026/08/29 18:54:32.257, 1, 503.09, 100, 70, 49908, 54, 1980
2026/08/29 18:54:32.257, 2, 514.96, 100, 70, 49268, 55, 1980
2026/08/29 18:54:32.257, 3, 524.85, 99, 69, 48826, 65, 1980
2026/08/29 18:54:32.257, 4, 500.72, 100, 75, 48986, 64, 1980
2026/08/29 18:54:32.257, 5, 507.76, 94, 62, 48306, 54, 1980
2026/08/29 18:54:32.257, 6, 524.08, 96, 75, 47926, 63, 1980
2026/08/29 18:54:32.257, 7, 511.28, 95, 59, 47604, 52, 1980
2026/08/29 18:54:37.258, 0, 525.64, 40, 25, 50668, 65, 1980
2026/08/29 18:54:37.258, 1, 495.28, 95, 74, 49908, 53, 1980
2026/08/29 18:54:37.258, 2, 505.37, 95, 66, 49268, 52, 1980
2026/08/29 18:54:37.258, 3, 514.68, 75, 42, 48826, 63, 1980
2026/08/29 18:54:37.258, 4, 497.68, 96, 75, 48986, 63, 1980
2026/08/29 18:54:37.258, 5, 502.09, 95, 62, 48306, 53, 1980
2026/08/29 18:54:37.258, 6, 512.21, 51, 35, 47926, 62, 1980
2026/08/29 18:54:37.258, 7, 495.55, 47, 25, 47604, 51, 1980
2026/08/29 18:54:42.258, 0, 524.54, 35, 23, 50668, 65, 1980
2026/08/29 18:54:42.258, 1, 494.22, 66, 46, 49908, 53, 1980
2026/08/29 18:54:42.258, 2, 506.11, 51, 35, 49268, 53, 1980
2026/08/29 18:54:42.259, 3, 530.18, 88, 62, 48826, 65, 1980
2026/08/29 18:54:42.259, 4, 509.53, 43, 28, 48986, 63, 1980
2026/08/29 18:54:42.259, 5, 515.46, 94, 66, 48306, 54, 1980
2026/08/29 18:54:42.259, 6, 505.09, 95, 74, 47926, 63, 1980
2026/08/29 18:54:42.259, 7, 496.77, 95, 54, 47604, 51, 1980
2026/08/29 18:54:47.259, 0, 537.53, 100, 70, 50668, 67, 1980
2026/08/29 18:54:47.259, 1, 490.41, 100, 82, 49908, 54, 1980
2026/08/29 18:54:47.259, 2, 505.51, 96, 74, 49268, 54, 1980
2026/08/29 18:54:47.259, 3, 516.58, 100, 73, 48826, 65, 1980
2026/08/29 18:54:47.259, 4, 499.91, 100, 68, 48986, 65, 1980
2026/08/29 18:54:47.259, 5, 503.75, 96, 71, 48306, 55, 1980
2026/08/29 18:54:47.260, 6, 522.65, 100, 63, 47926, 63, 1980
2026/08/29 18:54:47.260, 7, 502.76, 100, 64, 47604, 53, 1980
2026/08/29 18:54:52.260, 0, 508.27, 77, 45, 50668, 63, 1980
2026/08/29 18:54:52.260, 1, 489.70, 52, 32, 49908, 52, 1980
2026/08/29 18:54:52.260, 2, 504.53, 68, 40, 49268, 50, 1980
2026/08/29 18:54:52.260, 3, 497.13, 42, 25, 48826, 64, 1980
2026/08/29 18:54:52.260, 4, 482.68, 96, 52, 48986, 63, 1980
2026/08/29 18:54:52.260, 5, 481.56, 100, 61, 48306, 55, 1980
2026/08/29 18:54:52.260, 6, 493.82, 100, 58, 47926, 62, 1980
2026/08/29 18:54:52.261, 7, 493.64, 100, 65, 47604, 49, 1980
2026/08/29 18:54:57.261, 0, 528.23, 94, 72, 50668, 67, 1980
2026/08/29 18:54:57.261, 1, 499.94, 100, 71, 49908, 53, 1980
2026/08/29 18:54:57.263, 2, 516.66, 100, 76, 49268, 55, 1980
2026/08/29 18:54:57.265, 3, 527.29, 75, 51, 48826, 65, 1980
2026/08/29 18:54:57.265, 4, 519.41, 99, 69, 48986, 65, 1980
2026/08/29 18:54:57.267, 5, 511.73, 100, 77, 48306, 56, 1980
2026/08/29 18:54:57.271, 6, 527.47, 95, 72, 47926, 63, 1980
2026/08/29 18:54:57.273, 7, 512.69, 95, 60, 47604, 52, 1980
2026/08/29 18:55:02.275, 0, 531.02, 95, 68, 50668, 67, 1980
2026/08/29 18:55:02.275, 1, 492.81, 95, 80, 49908, 54, 1980
2026/08/29 18:55:02.275, 2, 505.88, 95, 62, 49268, 54, 1980
2026/08/29 18:55:02.275, 3, 518.79, 96, 67, 48826, 65, 1980
2026/08/29 18:55:02.275, 4, 505.06, 98, 64, 48986, 65, 1980
2026/08/29 18:55:02.275, 5, 511.40, 100, 75, 48306, 55, 1980
2026/08/29 18:55:02.275, 6, 515.05, 100, 66, 47926, 64, 1980
2026/08/29 18:55:02.275, 7, 502.12, 100, 82, 47604, 52, 1980
2026/08/29 18:55:07.275, 0, 512.54, 99, 60, 50668, 67, 1980
2026/08/29 18:55:07.275, 1, 498.68, 95, 78, 49908, 53, 1980
2026/08/29 18:55:07.275, 2, 499.80, 92, 75, 49268, 55, 1980
2026/08/29 18:55:07.275, 3, 502.20, 91, 73, 48826, 66, 1980
2026/08/29 18:55:07.275, 4, 498.78, 91, 69, 48986, 65, 1980
2026/08/29 18:55:07.276, 5, 479.90, 93, 78, 48306, 56, 1980
2026/08/29 18:55:07.276, 6, 507.96, 93, 54, 47926, 63, 1980
2026/08/29 18:55:07.276, 7, 494.17, 92, 63, 47604, 52, 1980
2026/08/29 18:55:12.276, 0, 515.05, 96, 54, 50668, 64, 1980
2026/08/29 18:55:12.276, 1, 485.17, 72, 39, 49908, 51, 1980
2026/08/29 18:55:12.276, 2, 486.32, 87, 47, 49268, 50, 1980
2026/08/29 18:55:12.276, 3, 503.83, 47, 26, 48826, 65, 1980
2026/08/29 18:55:12.276, 4, 493.72, 98, 52, 48986, 65, 1980
2026/08/29 18:55:12.276, 5, 488.17, 100, 65, 48306, 52, 1980
2026/08/29 18:55:12.276, 6, 504.90, 100, 59, 47926, 62, 1980
2026/08/29 18:55:12.276, 7, 481.85, 53, 32, 47604, 51, 1980
2026/08/29 18:55:17.277, 0, 504.16, 100, 77, 50668, 67, 1980
2026/08/29 18:55:17.277, 1, 498.38, 99, 60, 49908, 54, 1980
2026/08/29 18:55:17.277, 2, 505.47, 99, 62, 49268, 54, 1980
2026/08/29 18:55:17.277, 3, 496.74, 96, 78, 48826, 66, 1980
2026/08/29 18:55:17.277, 4, 478.32, 96, 52, 48986, 66, 1980
2026/08/29 18:55:17.277, 5, 477.47, 100, 60, 48306, 54, 1980
2026/08/29 18:55:17.277, 6, 500.06, 100, 64, 47926, 64, 1980
2026/08/29 18:55:17.277, 7, 487.44, 100, 76, 47604, 53, 1980
2026/08/29 18:55:22.277, 0, 533.25, 100, 83, 50668, 67, 1980
2026/08/29 18:55:22.277, 1, 480.89, 94, 79, 49908, 53, 1980
2026/08/29 18:55:22.278, 2, 495.81, 62, 34, 49268, 53, 1980
2026/08/29 18:55:22.278, 3, 512.15, 100, 65, 48826, 64, 1980
2026/08/29 18:55:22.278, 4, 501.36, 97, 72, 48986, 66, 1980
2026/08/29 18:55:22.278, 5, 500.51, 100, 60, 48306, 54, 1980
2026/08/29 18:55:22.278, 6, 513.93, 100, 54, 47926, 63, 1980
2026/08/29 18:55:22.278, 7, 491.52, 100, 62, 47604, 53, 1980
2026/08/29 18:55:27.278, 0, 526.00, 59, 36, 50668, 64, 1980
2026/08/29 18:55:27.279, 1, 488.83, 97, 56, 49908, 52, 1980
2026/08/29 18:55:27.281, 2, 493.76, 99, 60, 49268, 52, 1980
2026/08/29 18:55:27.281, 3, 511.49, 95, 55, 48826, 63, 1980
2026/08/29 18:55:27.283, 4, 498.60, 90, 50, 48986, 64, 1980
2026/08/29 18:55:27.286, 5, 496.07, 78, 55, 48306, 51, 1980
2026/08/29 18:55:27.288, 6, 505.10, 43, 27, 47926, 63, 1980
2026/08/29 18:55:27.289, 7, 482.57, 74, 40, 47604, 48, 1980
2026/08/29 18:55:32.290, 0, 531.31, 45, 28, 50668, 65, 1980
2026/08/29 18:55:32.290, 1, 483.92, 40, 26, 49908, 53, 1980
2026/08/29 18:55:32.290, 2, 496.63, 48, 29, 49268, 53, 1980
2026/08/29 18:55:32.290, 3, 505.08, 66, 47, 48826, 63, 1980
2026/08/29 18:55:32.290, 4, 481.95, 61, 34, 48986, 61, 1980
2026/08/29 18:55:32.291, 5, 491.97, 95, 51, 48306, 53, 1980
2026/08/29 18:55:32.291, 6, 507.35, 93, 48, 47926, 63, 1980
2026/08/29 18:55:32.291, 7, 487.46, 83, 59, 47604, 51, 1980
2026/08/29 18:55:37.291, 0, 515.70, 95, 80, 50668, 66, 1980
2026/08/29 18:55:37.291, 1, 465.58, 83, 58, 49908, 51, 1980
2026/08/29 18:55:37.291, 2, 475.95, 67, 48, 49268, 52, 1980
2026/08/29 18:55:37.291, 3, 505.47, 92, 55, 48826, 64, 1980
2026/08/29 18:55:37.291, 4, 481.11, 96, 71, 48986, 64, 1980
2026/08/29 18:55:37.291, 5, 494.86, 62, 43, 48306, 53, 1980
2026/08/29 18:55:37.291, 6, 496.64, 46, 28, 47926, 62, 1980
2026/08/29 18:55:37.291, 7, 478.46, 88, 47, 47604, 52, 1980
2026/08/29 18:55:42.292, 0, 531.13, 38, 23, 50668, 65, 1980
2026/08/29 18:55:42.292, 1, 505.72, 50, 36, 49908, 53, 1980
2026/08/29 18:55:42.292, 2, 498.48, 100, 75, 49268, 53, 1980
2026/08/29 18:55:42.292, 3, 516.44, 82, 58, 48826, 65, 1980
2026/08/29 18:55:42.292, 4, 506.63, 46, 24, 48986, 63, 1980
2026/08/29 18:55:42.292, 5, 503.49, 95, 61, 48306, 54, 1980
2026/08/29 18:55:42.292, 6, 512.73, 95, 69, 47926, 63, 1980
2026/08/29 18:55:42.292, 7, 508.38, 96, 59, 47604, 53, 1980
2026/08/29 18:55:47.292, 0, 538.59, 100, 78, 50668, 67, 1980
2026/08/29 18:55:47.292, 1, 501.19, 95, 80, 49908, 55, 1980
2026/08/29 18:55:47.292, 2, 516.72, 95, 75, 49268, 55, 1980
2026/08/29 18:55:47.293, 3, 529.60, 100, 69, 48826, 66, 1980
2026/08/29 18:55:47.293, 4, 515.76, 97, 83, 48986, 66, 1980
2026/08/29 18:55:47.293, 5, 519.74, 100, 64, 48306, 56, 1980
2026/08/29 18:55:47.293, 6, 531.31, 100, 63, 47926, 64, 1980
2026/08/29 18:55:47.293, 7, 504.09, 100, 78, 47604, 53, 1980
2026/08/29 18:55:52.293, 0, 541.63, 99, 72, 50668, 67, 1980
2026/08/29 18:55:52.293, 1, 505.02, 99, 67, 49908, 55, 1980
2026/08/29 18:55:52.293, 2, 518.75, 99, 69, 49268, 55, 1980
2026/08/29 18:55:52.293, 3, 531.15, 99, 62, 48826, 65, 1980
2026/08/29 18:55:52.293, 4, 509.20, 100, 78, 48986, 66, 1980
2026/08/29 18:55:52.293, 5, 509.66, 95, 74, 48306, 56, 1980
2026/08/29 18:55:52.293, 6, 521.58, 95, 75, 47926, 65, 1980
2026/08/29 18:55:52.293, 7, 505.54, 99, 53, 47604, 53, 1980
2026/08/29 18:55:57.294, 0, 517.30, 81, 58, 50668, 64, 1980
2026/08/29 18:55:57.297, 1, 495.74, 44, 28, 49908, 53, 1980
2026/08/29 18:55:57.297, 2, 507.02, 45, 30, 49268, 53, 1980
2026/08/29 18:55:57.301, 3, 514.90, 95, 65, 48826, 62, 1980
2026/08/29 18:55:57.305, 4, 502.13, 66, 47, 48986, 64, 1980
2026/08/29 18:55:57.308, 5, 499.25, 39, 25, 48306, 53, 1980
2026/08/29 18:55:57.310, 6, 517.91, 94, 51, 47926, 64, 1980
2026/08/29 18:55:57.311, 7, 496.21, 98, 57, 47644, 50, 1980
2026/08/29 18:56:02.315, 0, 510.37, 100, 73, 50668, 67, 1980
2026/08/29 18:56:02.316, 1, 469.93, 48, 30, 49908, 52, 1980
2026/08/29 18:56:02.318, 2, 471.62, 48, 29, 49268, 53, 1980
2026/08/29 18:56:02.322, 3, 487.60, 100, 62, 48826, 62, 1980
2026/08/29 18:56:02.322, 4, 478.50, 77, 52, 48986, 65, 1980
2026/08/29 18:56:02.326, 5, 478.62, 99, 52, 48306, 55, 1980
2026/08/29 18:56:02.326, 6, 494.45, 96, 51, 47926, 62, 1980
2026/08/29 18:56:02.330, 7, 478.22, 100, 58, 47644, 51, 1980
2026/08/29 18:56:07.331, 0, 531.48, 48, 28, 50668, 66, 1980
2026/08/29 18:56:07.331, 1, 489.19, 95, 57, 49908, 53, 1980
2026/08/29 18:56:07.332, 2, 489.77, 100, 52, 49268, 53, 1980
2026/08/29 18:56:07.332, 3, 511.90, 48, 33, 48826, 65, 1980
2026/08/29 18:56:07.332, 4, 485.63, 79, 42, 48986, 65, 1980
2026/08/29 18:56:07.332, 5, 492.16, 93, 65, 48306, 54, 1980
2026/08/29 18:56:07.332, 6, 512.99, 48, 31, 47926, 64, 1980
2026/08/29 18:56:07.332, 7, 497.75, 61, 32, 47644, 50, 1980
2026/08/29 18:56:12.332, 0, 533.13, 71, 49, 50668, 66, 1980
2026/08/29 18:56:12.332, 1, 505.04, 93, 68, 49908, 55, 1980
2026/08/29 18:56:12.332, 2, 519.15, 77, 51, 49268, 55, 1980
2026/08/29 18:56:12.332, 3, 524.39, 95, 78, 48826, 65, 1980
2026/08/29 18:56:12.332, 4, 512.35, 96, 81, 48986, 65, 1980
2026/08/29 18:56:12.332, 5, 507.39, 98, 83, 48306, 54, 1980
2026/08/29 18:56:12.332, 6, 526.25, 100, 74, 47926, 63, 1980
2026/08/29 18:56:12.332, 7, 503.95, 95, 74, 47644, 53, 1980
2026/08/29 18:56:17.333, 0, 537.80, 100, 75, 50668, 67, 1980
2026/08/29 18:56:17.333, 1, 493.45, 95, 72, 49908, 53, 1980
2026/08/29 18:56:17.333, 2, 504.72, 95, 71, 49268, 54, 1980
2026/08/29 18:56:17.333, 3, 525.32, 100, 62, 48826, 65, 1980
2026/08/29 18:56:17.333, 4, 506.86, 100, 78, 48986, 65, 1980
2026/08/29 18:56:17.333, 5, 501.89, 95, 70, 48306, 56, 1980
2026/08/29 18:56:17.333, 6, 517.36, 76, 53, 47926, 64, 1980
2026/08/29 18:56:17.333, 7, 505.10, 100, 74, 47644, 52, 1980
2026/08/29 18:56:22.333, 0, 519.82, 86, 49, 50668, 63, 1980
2026/08/29 18:56:22.334, 1, 469.92, 74, 53, 49908, 50, 1980
2026/08/29 18:56:22.334, 2, 485.42, 60, 43, 49268, 54, 1980
2026/08/29 18:56:22.334, 3, 502.26, 94, 53, 48826, 64, 1980
2026/08/29 18:56:22.334, 4, 492.10, 47, 29, 48986, 65, 1980
2026/08/29 18:56:22.334, 5, 487.23, 84, 48, 48306, 51, 1980
2026/08/29 18:56:22.334, 6, 507.87, 58, 35, 47926, 62, 1980
2026/08/29 18:56:22.334, 7, 486.14, 91, 49, 47644, 52, 1980
2026/08/29 18:56:27.334, 0, 506.64, 94, 58, 50668, 64, 1980
2026/08/29 18:56:27.336, 1, 475.72, 94, 54, 49908, 54, 1980
2026/08/29 18:56:27.340, 2, 485.29, 52, 32, 49268, 53, 1980
2026/08/29 18:56:27.341, 3, 492.73, 90, 52, 48828, 63, 1980
2026/08/29 18:56:27.343, 4, 489.71, 99, 68, 48986, 62, 1980
2026/08/29 18:56:27.345, 5, 491.10, 56, 34, 48306, 53, 1980
2026/08/29 18:56:27.346, 6, 501.64, 93, 50, 47926, 64, 1980
2026/08/29 18:56:27.348, 7, 484.38, 96, 58, 47644, 53, 1980
2026/08/29 18:56:32.350, 0, 535.82, 41, 25, 50668, 65, 1980
2026/08/29 18:56:32.350, 1, 486.06, 50, 33, 49908, 53, 1980
2026/08/29 18:56:32.350, 2, 487.08, 48, 30, 49268, 53, 1980
2026/08/29 18:56:32.350, 3, 504.71, 67, 47, 48828, 63, 1980
2026/08/29 18:56:32.350, 4, 499.99, 61, 35, 48986, 63, 1980
2026/08/29 18:56:32.350, 5, 501.22, 95, 64, 48306, 54, 1980
2026/08/29 18:56:32.350, 6, 512.99, 95, 70, 47926, 63, 1980
2026/08/29 18:56:32.350, 7, 483.13, 94, 59, 47644, 51, 1980
2026/08/29 18:56:37.351, 0, 519.61, 95, 51, 50668, 64, 1980
2026/08/29 18:56:37.351, 1, 475.67, 96, 77, 49908, 53, 1980
2026/08/29 18:56:37.351, 2, 494.55, 49, 32, 49268, 52, 1980
2026/08/29 18:56:37.351, 3, 504.70, 95, 64, 48828, 62, 1980
2026/08/29 18:56:37.351, 4, 491.80, 98, 55, 48986, 62, 1980
2026/08/29 18:56:37.351, 5, 478.67, 49, 32, 48306, 53, 1980
2026/08/29 18:56:37.351, 6, 501.65, 82, 44, 47926, 61, 1980
2026/08/29 18:56:37.351, 7, 487.58, 96, 78, 47644, 52, 1980
2026/08/29 18:56:42.351, 0, 523.92, 99, 69, 50668, 65, 1980
2026/08/29 18:56:42.352, 1, 502.68, 100, 78, 49908, 53, 1980
2026/08/29 18:56:42.352, 2, 498.09, 100, 83, 49268, 55, 1980
2026/08/29 18:56:42.352, 3, 515.20, 55, 39, 48828, 65, 1980
2026/08/29 18:56:42.352, 4, 492.06, 95, 79, 48986, 65, 1980
2026/08/29 18:56:42.352, 5, 499.48, 100, 84, 48306, 54, 1980
2026/08/29 18:56:42.352, 6, 509.01, 95, 66, 47926, 64, 1980
2026/08/29 18:56:42.352, 7, 494.02, 89, 60, 47644, 52, 1980
2026/08/29 18:56:47.352, 0, 511.76, 79, 46, 50668, 66, 1980
2026/08/29 18:56:47.352, 1, 484.58, 54, 32, 49908, 52, 1980
2026/08/29 18:56:47.352, 2, 495.30, 71, 51, 49268, 52, 1980
2026/08/29 18:56:47.352, 3, 506.97, 42, 25, 48828, 64, 1980
2026/08/29 18:56:47.352, 4, 492.41, 91, 50, 48986, 64, 1980
2026/08/29 18:56:47.352, 5, 482.57, 70, 50, 48306, 52, 1980
2026/08/29 18:56:47.352, 6, 516.32, 48, 26, 47926, 62, 1980
2026/08/29 18:56:47.352, 7, 481.33, 49, 34, 47644, 52, 1980
2026/08/29 18:56:52.353, 0, 521.92, 97, 66, 50668, 65, 1980
2026/08/29 18:56:52.353, 1, 487.26, 44, 28, 49908, 53, 1980
2026/08/29 18:56:52.353, 2, 468.29, 30, 19, 49268, 53, 1980
2026/08/29 18:56:52.353, 3, 485.77, 59, 41, 48828, 64, 1980
2026/08/29 18:56:52.353, 4, 471.55, 70, 37, 48986, 62, 1980
2026/08/29 18:56:52.353, 5, 490.45, 44, 29, 48306, 52, 1980
2026/08/29 18:56:52.353, 6, 494.19, 95, 52, 47926, 62, 1980
2026/08/29 18:56:52.353, 7, 479.25, 88, 62, 47644, 49, 1980
2026/08/29 18:56:57.354, 0, 510.77, 46, 29, 50668, 66, 1980
2026/08/29 18:56:57.354, 1, 484.44, 49, 32, 49908, 53, 1980
2026/08/29 18:56:57.355, 2, 497.55, 93, 56, 49268, 54, 1980
2026/08/29 18:56:57.357, 3, 499.53, 69, 48, 48828, 63, 1980
2026/08/29 18:56:57.361, 4, 483.67, 62, 34, 48986, 63, 1980
2026/08/29 18:56:57.363, 5, 487.47, 95, 52, 48306, 54, 1980
2026/08/29 18:56:57.365, 6, 499.99, 100, 64, 47926, 61, 1980
2026/08/29 18:56:57.365, 7, 489.31, 93, 62, 47644, 51, 1980
2026/08/29 18:57:02.368, 0, 526.04, 100, 70, 50668, 64, 1980
2026/08/29 18:57:02.368, 1, 497.04, 100, 82, 49908, 54, 1980
2026/08/29 18:57:02.368, 2, 503.09, 100, 83, 49268, 54, 1980
2026/08/29 18:57:02.368, 3, 517.12, 71, 50, 48828, 64, 1980
2026/08/29 18:57:02.368, 4, 500.41, 100, 65, 48986, 64, 1980
2026/08/29 18:57:02.369, 5, 488.54, 96, 79, 48306, 55, 1980
2026/08/29 18:57:02.369, 6, 512.91, 95, 48, 47926, 64, 1980
2026/08/29 18:57:02.370, 7, 494.35, 97, 62, 47644, 52, 1980
2026/08/29 18:57:07.370, 0, 512.95, 99, 66, 50668, 63, 1980
2026/08/29 18:57:07.370, 1, 476.32, 100, 58, 49908, 52, 1980
2026/08/29 18:57:07.370, 2, 478.62, 71, 38, 49268, 51, 1980
2026/08/29 18:57:07.370, 3, 491.17, 98, 53, 48828, 64, 1980
2026/08/29 18:57:07.370, 4, 474.86, 51, 32, 48986, 63, 1980
2026/08/29 18:57:07.370, 5, 477.63, 70, 49, 48306, 51, 1980
2026/08/29 18:57:07.370, 6, 493.18, 100, 59, 47926, 63, 1980
2026/08/29 18:57:07.370, 7, 474.00, 96, 51, 47644, 49, 1980
2026/08/29 18:57:12.371, 0, 536.25, 99, 69, 50668, 66, 1980
2026/08/29 18:57:12.371, 1, 501.19, 96, 79, 49908, 54, 1980
2026/08/29 18:57:12.371, 2, 511.46, 95, 78, 49268, 55, 1980
2026/08/29 18:57:12.371, 3, 528.64, 100, 82, 48828, 66, 1980
2026/08/29 18:57:12.371, 4, 517.02, 96, 71, 48986, 66, 1980
2026/08/29 18:57:12.371, 5, 514.93, 95, 71, 48306, 55, 1980
2026/08/29 18:57:12.371, 6, 521.30, 100, 64, 47926, 64, 1980
2026/08/29 18:57:12.371, 7, 509.93, 100, 67, 47644, 53, 1980
2026/08/29 18:57:17.371, 0, 516.89, 95, 64, 50668, 66, 1980
2026/08/29 18:57:17.371, 1, 483.96, 97, 73, 49908, 54, 1980
2026/08/29 18:57:17.371, 2, 501.43, 57, 39, 49268, 54, 1980
2026/08/29 18:57:17.371, 3, 503.55, 100, 79, 48828, 65, 1980
2026/08/29 18:57:17.372, 4, 488.05, 95, 47, 48986, 63, 1980
2026/08/29 18:57:17.372, 5, 492.03, 95, 63, 48306, 54, 1980
2026/08/29 18:57:17.372, 6, 503.58, 96, 74, 47926, 61, 1980
2026/08/29 18:57:17.372, 7, 497.17, 100, 70, 47644, 52, 1980
2026/08/29 18:57:22.372, 0, 541.75, 99, 62, 50668, 67, 1980
2026/08/29 18:57:22.372, 1, 511.46, 100, 69, 49908, 55, 1980
2026/08/29 18:57:22.372, 2, 520.02, 100, 74, 49268, 55, 1980
2026/08/29 18:57:22.372, 3, 518.83, 85, 59, 48828, 65, 1980
2026/08/29 18:57:22.372, 4, 510.62, 100, 85, 48986, 65, 1980
2026/08/29 18:57:22.372, 5, 514.14, 100, 76, 48306, 56, 1980
2026/08/29 18:57:22.372, 6, 533.65, 95, 81, 47926, 65, 1980
2026/08/29 18:57:22.372, 7, 516.08, 96, 72, 47644, 53, 1980
2026/08/29 18:57:27.373, 0, 469.56, 100, 79, 50668, 66, 1980
2026/08/29 18:57:27.373, 1, 432.17, 99, 70, 49908, 51, 1980
2026/08/29 18:57:27.375, 2, 439.21, 92, 54, 49268, 53, 1980
2026/08/29 18:57:27.378, 3, 452.36, 95, 61, 48828, 62, 1980
2026/08/29 18:57:27.380, 4, 447.17, 66, 39, 48986, 62, 1980
2026/08/29 18:57:27.382, 5, 436.21, 47, 30, 48306, 55, 1980
2026/08/29 18:57:27.382, 6, 459.86, 99, 69, 47926, 61, 1980
2026/08/29 18:57:27.384, 7, 445.89, 94, 56, 47644, 51, 1980
2026/08/29 18:57:32.388, 0, 465.18, 95, 17, 50668, 67, 1980
2026/08/29 18:57:32.388, 1, 437.00, 96, 47, 49908, 53, 1980
2026/08/29 18:57:32.388, 2, 452.18, 99, 65, 49268, 53, 1980
2026/08/29 18:57:32.388, 3, 460.68, 96, 63, 48828, 64, 1980
2026/08/29 18:57:32.388, 4, 440.94, 100, 0, 48986, 64, 1980
2026/08/29 18:57:32.388, 5, 435.87, 96, 17, 48306, 54, 1980
2026/08/29 18:57:32.388, 6, 450.94, 100, 67, 47926, 64, 1980
2026/08/29 18:57:32.388, 7, 444.15, 100, 81, 47644, 51, 1980
2026/08/29 18:57:37.388, 0, 530.38, 95, 75, 50668, 65, 1980
2026/08/29 18:57:37.388, 1, 502.08, 95, 74, 49908, 53, 1980
2026/08/29 18:57:37.388, 2, 498.97, 49, 34, 49268, 53, 1980
2026/08/29 18:57:37.388, 3, 513.91, 96, 75, 48828, 65, 1980
2026/08/29 18:57:37.388, 4, 510.07, 96, 60, 48986, 65, 1980
2026/08/29 18:57:37.389, 5, 511.27, 95, 69, 48306, 54, 1980
2026/08/29 18:57:37.389, 6, 524.27, 100, 64, 47926, 61, 1980
2026/08/29 18:57:37.389, 7, 500.66, 100, 76, 47644, 52, 1980
2026/08/29 18:57:42.389, 0, 521.68, 97, 57, 50668, 66, 1980
2026/08/29 18:57:42.389, 1, 493.90, 95, 55, 49908, 54, 1980
2026/08/29 18:57:42.389, 2, 500.62, 100, 69, 49268, 55, 1980
2026/08/29 18:57:42.389, 3, 513.28, 100, 83, 48828, 65, 1980
2026/08/29 18:57:42.389, 4, 497.68, 100, 79, 48986, 65, 1980
2026/08/29 18:57:42.389, 5, 505.86, 100, 69, 48306, 56, 1980
2026/08/29 18:57:42.389, 6, 524.14, 95, 81, 47926, 64, 1980
2026/08/29 18:57:42.389, 7, 491.94, 95, 69, 47644, 52, 1980
2026/08/29 18:57:47.390, 0, 526.33, 44, 28, 50668, 65, 1980
2026/08/29 18:57:47.390, 1, 501.39, 48, 31, 49908, 53, 1980
2026/08/29 18:57:47.390, 2, 510.55, 96, 71, 49268, 53, 1980
2026/08/29 18:57:47.390, 3, 530.15, 62, 43, 48828, 65, 1980
2026/08/29 18:57:47.390, 4, 518.91, 96, 81, 48986, 65, 1980
2026/08/29 18:57:47.390, 5, 502.96, 100, 81, 48306, 54, 1980
2026/08/29 18:57:47.390, 6, 516.78, 95, 71, 47926, 63, 1980
2026/08/29 18:57:47.390, 7, 500.74, 90, 56, 47644, 52, 1980
2026/08/29 18:57:52.390, 0, 466.36, 100, 68, 50668, 64, 1980
2026/08/29 18:57:52.390, 1, 448.57, 94, 61, 49908, 54, 1980
2026/08/29 18:57:52.390, 2, 457.06, 91, 51, 49268, 54, 1980
2026/08/29 18:57:52.391, 3, 476.38, 94, 57, 48828, 65, 1980
2026/08/29 18:57:52.391, 4, 458.51, 95, 57, 48986, 65, 1980
2026/08/29 18:57:52.391, 5, 441.86, 95, 65, 48306, 55, 1980
2026/08/29 18:57:52.391, 6, 460.93, 95, 58, 47926, 64, 1980
2026/08/29 18:57:52.391, 7, 441.76, 100, 65, 47644, 52, 1980
2026/08/29 18:57:57.391, 0, 517.93, 91, 56, 50668, 66, 1980
2026/08/29 18:57:57.393, 1, 473.90, 88, 51, 49908, 50, 1980
2026/08/29 18:57:57.396, 2, 495.20, 100, 70, 49268, 52, 1980
2026/08/29 18:57:57.397, 3, 494.44, 68, 41, 48828, 61, 1980
2026/08/29 18:57:57.398, 4, 478.64, 94, 59, 48986, 63, 1980
2026/08/29 18:57:57.400, 5, 482.98, 90, 55, 48306, 54, 1980
2026/08/29 18:57:57.403, 6, 498.74, 52, 37, 47926, 60, 1980
2026/08/29 18:57:57.405, 7, 472.51, 40, 24, 47644, 51, 1980
2026/08/29 18:58:02.407, 0, 511.86, 47, 30, 50668, 66, 1980
2026/08/29 18:58:02.407, 1, 499.68, 62, 43, 49908, 50, 1980
2026/08/29 18:58:02.407, 2, 492.57, 95, 49, 49268, 52, 1980
2026/08/29 18:58:02.407, 3, 517.98, 84, 53, 48828, 63, 1980
2026/08/29 18:58:02.407, 4, 498.09, 100, 54, 48986, 64, 1980
2026/08/29 18:58:02.407, 5, 491.65, 97, 51, 48306, 52, 1980
2026/08/29 18:58:02.408, 6, 490.32, 100, 61, 47926, 60, 1980
2026/08/29 18:58:02.408, 7, 496.09, 100, 64, 47644, 52, 1980
2026/08/29 18:58:07.409, 0, 520.82, 77, 46, 50668, 65, 1980
2026/08/29 18:58:07.409, 1, 483.63, 51, 31, 49908, 50, 1980
2026/08/29 18:58:07.409, 2, 489.38, 50, 35, 49268, 53, 1980
2026/08/29 18:58:07.409, 3, 492.88, 42, 25, 48828, 63, 1980
2026/08/29 18:58:07.409, 4, 475.88, 96, 50, 48986, 63, 1980
2026/08/29 18:58:07.409, 5, 488.37, 95, 59, 48306, 52, 1980
2026/08/29 18:58:07.409, 6, 503.17, 94, 62, 47926, 61, 1980
2026/08/29 18:58:07.409, 7, 477.35, 50, 35, 47644, 51, 1980
2026/08/29 18:58:12.410, 0, 516.92, 46, 29, 50668, 65, 1980
2026/08/29 18:58:12.410, 1, 503.04, 48, 32, 49908, 53, 1980
2026/08/29 18:58:12.410, 2, 503.83, 95, 74, 49268, 53, 1980
2026/08/29 18:58:12.410, 3, 532.21, 67, 46, 48828, 62, 1980
2026/08/29 18:58:12.410, 4, 512.12, 83, 58, 48986, 63, 1980
2026/08/29 18:58:12.410, 5, 491.55, 45, 27, 48306, 54, 1980
2026/08/29 18:58:12.410, 6, 502.85, 50, 35, 47926, 63, 1980
2026/08/29 18:58:12.410, 7, 497.14, 46, 25, 47644, 51, 1980
2026/08/29 18:58:17.410, 0, 526.09, 95, 55, 50668, 65, 1980
2026/08/29 18:58:17.411, 1, 490.85, 96, 82, 49908, 53, 1980
2026/08/29 18:58:17.411, 2, 503.57, 70, 50, 49268, 53, 1980
2026/08/29 18:58:17.411, 3, 506.11, 96, 71, 48828, 64, 1980
2026/08/29 18:58:17.411, 4, 495.10, 97, 40, 48986, 64, 1980
2026/08/29 18:58:17.411, 5, 487.26, 95, 47, 48306, 53, 1980
2026/08/29 18:58:17.411, 6, 508.70, 92, 63, 47926, 63, 1980
2026/08/29 18:58:17.411, 7, 493.63, 100, 77, 47644, 52, 1980
2026/08/29 18:58:22.411, 0, 507.12, 42, 28, 50668, 66, 1980
2026/08/29 18:58:22.411, 1, 498.05, 55, 40, 49908, 50, 1980
2026/08/29 18:58:22.411, 2, 475.81, 96, 51, 49268, 53, 1980
2026/08/29 18:58:22.411, 3, 504.82, 69, 50, 48828, 64, 1980
2026/08/29 18:58:22.411, 4, 497.08, 100, 55, 48986, 64, 1980
2026/08/29 18:58:22.411, 5, 480.73, 43, 30, 48306, 54, 1980
2026/08/29 18:58:22.412, 6, 495.35, 75, 41, 47926, 60, 1980
2026/08/29 18:58:22.412, 7, 487.18, 42, 25, 47644, 51, 1980
2026/08/29 18:58:27.412, 0, 540.83, 52, 32, 50668, 66, 1980
2026/08/29 18:58:27.415, 1, 506.96, 58, 40, 49908, 54, 1980
2026/08/29 18:58:27.417, 2, 527.32, 95, 80, 49268, 54, 1980
2026/08/29 18:58:27.420, 3, 533.18, 78, 55, 48828, 66, 1980
2026/08/29 18:58:27.421, 4, 513.53, 100, 78, 48986, 66, 1980
2026/08/29 18:58:27.424, 5, 523.67, 52, 32, 48306, 55, 1980
2026/08/29 18:58:27.427, 6, 542.28, 95, 81, 47926, 64, 1980
2026/08/29 18:58:27.430, 7, 517.74, 95, 75, 47644, 52, 1980
2026/08/29 18:58:32.434, 0, 522.41, 100, 81, 50668, 67, 1980
2026/08/29 18:58:32.434, 1, 491.98, 100, 74, 49908, 52, 1980
2026/08/29 18:58:32.434, 2, 503.54, 94, 60, 49268, 53, 1980
2026/08/29 18:58:32.434, 3, 516.23, 100, 70, 48828, 65, 1980
2026/08/29 18:58:32.434, 4, 504.20, 90, 52, 48986, 65, 1980
2026/08/29 18:58:32.434, 5, 507.84, 100, 81, 48306, 55, 1980
2026/08/29 18:58:32.434, 6, 515.52, 96, 54, 47926, 63, 1980
2026/08/29 18:58:32.434, 7, 494.73, 99, 82, 47644, 52, 1980
2026/08/29 18:58:37.435, 0, 537.00, 95, 81, 50668, 66, 1980
2026/08/29 18:58:37.435, 1, 505.94, 100, 84, 49908, 54, 1980
2026/08/29 18:58:37.435, 2, 521.06, 99, 69, 49268, 54, 1980
2026/08/29 18:58:37.435, 3, 529.18, 100, 77, 48828, 66, 1980
2026/08/29 18:58:37.435, 4, 511.72, 96, 76, 48986, 65, 1980
2026/08/29 18:58:37.435, 5, 520.43, 100, 69, 48306, 55, 1980
2026/08/29 18:58:37.435, 6, 537.33, 95, 68, 47926, 64, 1980
2026/08/29 18:58:37.435, 7, 504.16, 100, 64, 47644, 52, 1980
2026/08/29 18:58:42.436, 0, 529.52, 59, 36, 50668, 64, 1980
2026/08/29 18:58:42.436, 1, 490.94, 100, 70, 49908, 53, 1980
2026/08/29 18:58:42.436, 2, 481.03, 95, 54, 49268, 49, 1980
2026/08/29 18:58:42.436, 3, 499.32, 51, 33, 48828, 64, 1980
2026/08/29 18:58:42.436, 4, 482.01, 87, 48, 48986, 66, 1980
2026/08/29 18:58:42.436, 5, 486.38, 55, 31, 48306, 53, 1980
2026/08/29 18:58:42.436, 6, 506.86, 93, 51, 47926, 63, 1980
2026/08/29 18:58:42.436, 7, 493.36, 75, 42, 47644, 48, 1980
2026/08/29 18:58:47.436, 0, 527.32, 99, 64, 50668, 67, 1980
2026/08/29 18:58:47.436, 1, 494.63, 100, 77, 49908, 53, 1980
2026/08/29 18:58:47.436, 2, 504.14, 100, 82, 49268, 54, 1980
2026/08/29 18:58:47.436, 3, 520.92, 95, 81, 48828, 66, 1980
2026/08/29 18:58:47.436, 4, 483.84, 100, 64, 48986, 65, 1980
2026/08/29 18:58:47.437, 5, 486.92, 100, 79, 48306, 54, 1980
2026/08/29 18:58:47.437, 6, 497.18, 100, 71, 47926, 64, 1980
2026/08/29 18:58:47.437, 7, 487.14, 96, 77, 47644, 53, 1980
2026/08/29 18:58:52.437, 0, 538.87, 100, 80, 50668, 66, 1980
2026/08/29 18:58:52.437, 1, 501.94, 99, 72, 49908, 54, 1980
2026/08/29 18:58:52.437, 2, 523.21, 94, 55, 49268, 54, 1980
2026/08/29 18:58:52.437, 3, 537.53, 99, 68, 48828, 62, 1980
2026/08/29 18:58:52.437, 4, 523.88, 80, 46, 48986, 65, 1980
2026/08/29 18:58:52.437, 5, 521.41, 100, 80, 48306, 54, 1980
2026/08/29 18:58:52.437, 6, 538.65, 90, 53, 47926, 62, 1980
2026/08/29 18:58:52.437, 7, 521.68, 100, 85, 47644, 52, 1980
2026/08/29 18:58:57.438, 0, 519.73, 100, 71, 50668, 66, 1980
2026/08/29 18:58:57.448, 1, 482.89, 96, 51, 49908, 52, 1980
2026/08/29 18:58:57.464, 2, 493.92, 98, 51, 49268, 54, 1980
2026/08/29 18:58:57.466, 3, 481.96, 100, 63, 48908, 66, 1980
2026/08/29 18:58:57.471, 4, 472.71, 73, 39, 48986, 65, 1980
2026/08/29 18:58:57.475, 5, 477.13, 100, 53, 48306, 55, 1980
2026/08/29 18:58:57.485, 6, 497.82, 96, 52, 47926, 61, 1980
2026/08/29 18:58:57.491, 7, 476.41, 100, 59, 47644, 50, 1980
2026/08/29 18:59:02.503, 0, 509.37, 48, 27, 50668, 65, 1980
2026/08/29 18:59:02.508, 1, 477.65, 44, 27, 49908, 53, 1980
2026/08/29 18:59:02.508, 2, 488.74, 99, 63, 49268, 52, 1980
2026/08/29 18:59:02.513, 3, 514.39, 49, 34, 48908, 64, 1980
2026/08/29 18:59:02.515, 4, 483.86, 75, 44, 48986, 64, 1980
2026/08/29 18:59:02.517, 5, 489.64, 44, 24, 48306, 53, 1980
2026/08/29 18:59:02.523, 6, 502.73, 95, 56, 47926, 63, 1980
2026/08/29 18:59:02.526, 7, 485.59, 61, 34, 47644, 50, 1980
2026/08/29 18:59:07.527, 0, 523.03, 87, 63, 50668, 64, 1980
2026/08/29 18:59:07.527, 1, 487.45, 100, 83, 49908, 53, 1980
2026/08/29 18:59:07.527, 2, 501.48, 28, 17, 49268, 52, 1980
2026/08/29 18:59:07.527, 3, 505.16, 95, 51, 48908, 64, 1980
2026/08/29 18:59:07.527, 4, 489.52, 75, 52, 48986, 64, 1980
2026/08/29 18:59:07.527, 5, 493.62, 97, 70, 48306, 54, 1980
2026/08/29 18:59:07.527, 6, 505.37, 47, 31, 47926, 62, 1980
2026/08/29 18:59:07.527, 7, 486.23, 97, 58, 47644, 51, 1980
2026/08/29 18:59:12.528, 0, 535.61, 99, 63, 50668, 66, 1980
2026/08/29 18:59:12.528, 1, 504.01, 95, 73, 49908, 54, 1980
2026/08/29 18:59:12.528, 2, 505.43, 100, 68, 49268, 52, 1980
2026/08/29 18:59:12.528, 3, 516.62, 96, 75, 48908, 65, 1980
2026/08/29 18:59:12.528, 4, 505.59, 100, 64, 48986, 65, 1980
2026/08/29 18:59:12.528, 5, 514.29, 100, 59, 48306, 55, 1980
2026/08/29 18:59:12.528, 6, 518.34, 100, 64, 47926, 64, 1980
2026/08/29 18:59:12.528, 7, 500.73, 100, 62, 47644, 52, 1980
2026/08/29 18:59:17.528, 0, 510.71, 54, 33, 50668, 66, 1980
2026/08/29 18:59:17.528, 1, 478.09, 97, 58, 49908, 53, 1980
2026/08/29 18:59:17.529, 2, 490.85, 99, 61, 49268, 53, 1980
2026/08/29 18:59:17.529, 3, 511.21, 99, 69, 48908, 62, 1980
2026/08/29 18:59:17.529, 4, 506.99, 86, 49, 48986, 62, 1980
2026/08/29 18:59:17.529, 5, 505.70, 100, 61, 48306, 53, 1980
2026/08/29 18:59:17.529, 6, 530.47, 96, 58, 47926, 63, 1980
2026/08/29 18:59:17.529, 7, 489.57, 100, 60, 47644, 50, 1980
2026/08/29 18:59:22.529, 0, 522.34, 73, 44, 50668, 65, 1980
2026/08/29 18:59:22.529, 1, 481.03, 42, 27, 49908, 53, 1980
2026/08/29 18:59:22.529, 2, 508.64, 79, 53, 49268, 53, 1980
2026/08/29 18:59:22.529, 3, 515.85, 50, 30, 48908, 64, 1980
2026/08/29 18:59:22.529, 4, 506.48, 95, 79, 48986, 64, 1980
2026/08/29 18:59:22.529, 5, 506.43, 70, 42, 48306, 52, 1980
2026/08/29 18:59:22.529, 6, 521.31, 95, 72, 47926, 63, 1980
2026/08/29 18:59:22.529, 7, 509.16, 88, 51, 47644, 49, 1980
2026/08/29 18:59:27.530, 0, 534.41, 45, 31, 50668, 66, 1980
2026/08/29 18:59:27.532, 1, 503.19, 95, 80, 49908, 54, 1980
2026/08/29 18:59:27.534, 2, 512.38, 86, 50, 49268, 53, 1980
2026/08/29 18:59:27.536, 3, 529.73, 88, 63, 48908, 64, 1980
2026/08/29 18:59:27.536, 4, 513.17, 45, 28, 48986, 64, 1980
2026/08/29 18:59:27.538, 5, 506.76, 95, 78, 48306, 55, 1980
2026/08/29 18:59:27.542, 6, 512.09, 63, 39, 47926, 62, 1980
2026/08/29 18:59:27.543, 7, 490.91, 95, 64, 47644, 51, 1980
2026/08/29 18:59:32.545, 0, 501.41, 47, 28, 50668, 65, 1980
2026/08/29 18:59:32.550, 1, 484.36, 99, 70, 49908, 52, 1980
2026/08/29 18:59:32.551, 2, 460.20, 100, 53, 49268, 51, 1980
2026/08/29 18:59:32.555, 3, 488.01, 53, 36, 48908, 64, 1980
2026/08/29 18:59:32.556, 4, 477.83, 75, 41, 48986, 62, 1980
2026/08/29 18:59:32.561, 5, 483.00, 46, 26, 48306, 54, 1980
2026/08/29 18:59:32.563, 6, 493.07, 96, 53, 47926, 63, 1980
2026/08/29 18:59:32.568, 7, 484.72, 61, 33, 47644, 50, 1980
2026/08/29 18:59:37.570, 0, 534.32, 100, 83, 50668, 67, 1980
2026/08/29 18:59:37.571, 1, 500.73, 95, 73, 49908, 54, 1980
2026/08/29 18:59:37.571, 2, 516.91, 96, 71, 49268, 55, 1980
2026/08/29 18:59:37.571, 3, 532.29, 49, 33, 48908, 65, 1980
2026/08/29 18:59:37.571, 4, 504.99, 96, 72, 48986, 65, 1980
2026/08/29 18:59:37.571, 5, 516.80, 96, 57, 48306, 55, 1980
2026/08/29 18:59:37.571, 6, 516.05, 95, 69, 47926, 63, 1980
2026/08/29 18:59:37.571, 7, 498.36, 96, 59, 47644, 52, 1980
2026/08/29 18:59:42.571, 0, 523.14, 96, 76, 50668, 66, 1980
2026/08/29 18:59:42.571, 1, 494.63, 100, 79, 49908, 53, 1980
2026/08/29 18:59:42.571, 2, 505.21, 100, 64, 49268, 54, 1980
2026/08/29 18:59:42.571, 3, 524.61, 100, 71, 48908, 64, 1980
2026/08/29 18:59:42.571, 4, 508.92, 96, 54, 48986, 64, 1980
2026/08/29 18:59:42.571, 5, 500.49, 96, 76, 48306, 55, 1980
2026/08/29 18:59:42.571, 6, 516.81, 96, 59, 47926, 64, 1980
2026/08/29 18:59:42.571, 7, 500.27, 96, 64, 47644, 52, 1980
2026/08/29 18:59:47.572, 0, 525.47, 95, 81, 50668, 67, 1980
2026/08/29 18:59:47.572, 1, 497.48, 100, 71, 49908, 53, 1980
2026/08/29 18:59:47.572, 2, 506.56, 100, 65, 49268, 54, 1980
2026/08/29 18:59:47.572, 3, 506.83, 100, 80, 48908, 65, 1980
2026/08/29 18:59:47.572, 4, 495.21, 96, 65, 48986, 65, 1980
2026/08/29 18:59:47.572, 5, 501.32, 100, 64, 48306, 55, 1980
2026/08/29 18:59:47.572, 6, 523.81, 100, 65, 47926, 64, 1980
2026/08/29 18:59:47.572, 7, 509.58, 100, 70, 47644, 52, 1980
2026/08/29 18:59:52.572, 0, 539.11, 96, 82, 50668, 67, 1980
2026/08/29 18:59:52.573, 1, 514.21, 100, 79, 49908, 52, 1980
2026/08/29 18:59:52.573, 2, 508.64, 77, 51, 49268, 55, 1980
2026/08/29 18:59:52.573, 3, 523.21, 99, 72, 48908, 65, 1980
2026/08/29 18:59:52.573, 4, 511.38, 95, 80, 48986, 65, 1980
2026/08/29 18:59:52.573, 5, 510.46, 98, 84, 48306, 55, 1980
2026/08/29 18:59:52.573, 6, 528.05, 95, 72, 47926, 64, 1980
2026/08/29 18:59:52.573, 7, 515.35, 95, 82, 47644, 53, 1980
2026/08/29 18:59:57.573, 0, 502.06, 46, 28, 50668, 65, 1980
2026/08/29 18:59:57.574, 1, 473.84, 89, 50, 49908, 53, 1980
2026/08/29 18:59:57.576, 2, 484.65, 91, 53, 49268, 52, 1980
2026/08/29 18:59:57.578, 3, 500.16, 94, 60, 48908, 62, 1980
2026/08/29 18:59:57.580, 4, 484.94, 54, 32, 48986, 63, 1980
2026/08/29 18:59:57.582, 5, 479.62, 95, 46, 48306, 54, 1980
2026/08/29 18:59:57.582, 6, 499.67, 85, 46, 47926, 60, 1980
2026/08/29 18:59:57.584, 7, 486.00, 99, 57, 47644, 49, 1980
2026/08/29 19:00:02.589, 0, 533.16, 95, 77, 50668, 67, 1980
2026/08/29 19:00:02.590, 1, 509.39, 95, 82, 49908, 54, 1980
2026/08/29 19:00:02.590, 2, 510.67, 100, 67, 49268, 54, 1980
2026/08/29 19:00:02.592, 3, 523.65, 96, 79, 48908, 65, 1980
2026/08/29 19:00:02.597, 4, 517.41, 100, 65, 48986, 65, 1980
2026/08/29 19:00:02.597, 5, 505.55, 95, 68, 48306, 55, 1980
2026/08/29 19:00:02.598, 6, 517.28, 100, 65, 47926, 64, 1980
2026/08/29 19:00:02.600, 7, 501.19, 95, 65, 47644, 52, 1980
2026/08/29 19:00:07.600, 0, 527.64, 100, 76, 50668, 65, 1980
2026/08/29 19:00:07.601, 1, 488.23, 100, 64, 49908, 53, 1980
2026/08/29 19:00:07.601, 2, 496.49, 100, 68, 49268, 54, 1980
2026/08/29 19:00:07.601, 3, 506.25, 96, 76, 48908, 65, 1980
2026/08/29 19:00:07.601, 4, 498.55, 95, 58, 48986, 65, 1980
2026/08/29 19:00:07.601, 5, 498.31, 100, 70, 48306, 55, 1980
2026/08/29 19:00:07.601, 6, 512.44, 100, 64, 47926, 63, 1980
2026/08/29 19:00:07.601, 7, 503.02, 100, 76, 47644, 51, 1980
2026/08/29 19:00:12.601, 0, 497.89, 97, 58, 50668, 65, 1980
2026/08/29 19:00:12.601, 1, 462.07, 95, 52, 49908, 52, 1980
2026/08/29 19:00:12.601, 2, 474.43, 100, 65, 49268, 53, 1980
2026/08/29 19:00:12.601, 3, 500.61, 93, 49, 49028, 62, 1980
2026/08/29 19:00:12.601, 4, 485.62, 98, 60, 48986, 61, 1980
2026/08/29 19:00:12.601, 5, 484.62, 98, 56, 48306, 54, 1980
2026/08/29 19:00:12.601, 6, 509.71, 100, 64, 47926, 62, 1980
2026/08/29 19:00:12.601, 7, 486.78, 98, 58, 47644, 51, 1980
2026/08/29 19:00:17.602, 0, 531.95, 100, 87, 50668, 67, 1980
2026/08/29 19:00:17.602, 1, 487.96, 41, 26, 49908, 52, 1980
2026/08/29 19:00:17.602, 2, 495.12, 45, 28, 49268, 52, 1980
2026/08/29 19:00:17.602, 3, 523.39, 95, 72, 49028, 64, 1980
2026/08/29 19:00:17.602, 4, 506.64, 75, 52, 48986, 62, 1980
2026/08/29 19:00:17.602, 5, 510.62, 100, 82, 48306, 53, 1980
2026/08/29 19:00:17.602, 6, 525.79, 95, 66, 47926, 63, 1980
2026/08/29 19:00:17.602, 7, 508.36, 96, 73, 47644, 52, 1980
2026/08/29 19:00:22.603, 0, 534.49, 95, 74, 50668, 67, 1980
2026/08/29 19:00:22.603, 1, 505.33, 100, 74, 49908, 54, 1980
2026/08/29 19:00:22.603, 2, 514.86, 100, 73, 49268, 53, 1980
2026/08/29 19:00:22.603, 3, 519.72, 95, 72, 49028, 64, 1980
2026/08/29 19:00:22.603, 4, 508.88, 100, 65, 48986, 65, 1980
2026/08/29 19:00:22.603, 5, 502.06, 95, 66, 48306, 55, 1980
2026/08/29 19:00:22.603, 6, 519.82, 100, 66, 47926, 64, 1980
2026/08/29 19:00:22.603, 7, 508.98, 92, 62, 47644, 52, 1980
2026/08/29 19:00:27.603, 0, 537.23, 95, 81, 50668, 67, 1980
2026/08/29 19:00:27.604, 1, 505.51, 100, 82, 49908, 54, 1980
2026/08/29 19:00:27.604, 2, 517.69, 96, 82, 49268, 54, 1980
2026/08/29 19:00:27.606, 3, 523.71, 95, 75, 49028, 64, 1980
2026/08/29 19:00:27.610, 4, 516.06, 100, 71, 48986, 65, 1980
2026/08/29 19:00:27.614, 5, 508.62, 95, 80, 48306, 55, 1980
2026/08/29 19:00:27.614, 6, 526.54, 99, 65, 47926, 64, 1980
2026/08/29 19:00:27.616, 7, 505.39, 95, 73, 47644, 52, 1980
2026/08/29 19:00:32.621, 0, 517.70, 94, 81, 50668, 66, 1980
2026/08/29 19:00:32.621, 1, 481.95, 94, 59, 49908, 54, 1980
2026/08/29 19:00:32.621, 2, 497.93, 94, 62, 49268, 54, 1980
2026/08/29 19:00:32.621, 3, 516.74, 100, 72, 49028, 65, 1980
2026/08/29 19:00:32.621, 4, 504.74, 96, 60, 48986, 65, 1980
2026/08/29 19:00:32.621, 5, 481.49, 97, 80, 48306, 54, 1980
2026/08/29 19:00:32.621, 6, 504.50, 95, 46, 47926, 63, 1980
2026/08/29 19:00:32.621, 7, 490.76, 96, 68, 47644, 52, 1980
2026/08/29 19:00:37.622, 0, 543.99, 94, 63, 50668, 66, 1980
2026/08/29 19:00:37.622, 1, 501.92, 95, 75, 49908, 54, 1980
2026/08/29 19:00:37.622, 2, 522.57, 95, 69, 49268, 54, 1980
2026/08/29 19:00:37.622, 3, 534.30, 99, 69, 49028, 66, 1980
2026/08/29 19:00:37.622, 4, 523.23, 96, 81, 48986, 64, 1980
2026/08/29 19:00:37.622, 5, 519.19, 94, 62, 48306, 55, 1980
2026/08/29 19:00:37.622, 6, 527.03, 100, 75, 47926, 64, 1980
2026/08/29 19:00:37.622, 7, 509.63, 100, 64, 47644, 52, 1980
2026/08/29 19:00:42.622, 0, 519.09, 99, 70, 50668, 64, 1980
2026/08/29 19:00:42.622, 1, 474.69, 81, 45, 49908, 49, 1980
2026/08/29 19:00:42.622, 2, 485.35, 93, 48, 49268, 53, 1980
2026/08/29 19:00:42.622, 3, 499.80, 95, 56, 49028, 63, 1980
2026/08/29 19:00:42.622, 4, 492.42, 45, 25, 48986, 63, 1980
2026/08/29 19:00:42.622, 5, 488.24, 100, 65, 48306, 52, 1980
2026/08/29 19:00:42.623, 6, 494.12, 76, 42, 47926, 60, 1980
2026/08/29 19:00:42.623, 7, 483.14, 50, 31, 47644, 51, 1980
2026/08/29 19:00:47.623, 0, 539.10, 99, 78, 50668, 65, 1980
2026/08/29 19:00:47.623, 1, 509.59, 99, 70, 49908, 53, 1980
2026/08/29 19:00:47.623, 2, 508.21, 100, 71, 49268, 54, 1980
2026/08/29 19:00:47.623, 3, 531.16, 95, 77, 49028, 65, 1980
2026/08/29 19:00:47.623, 4, 515.05, 95, 59, 48986, 65, 1980
2026/08/29 19:00:47.623, 5, 517.10, 100, 73, 48306, 54, 1980
2026/08/29 19:00:47.623, 6, 533.30, 91, 50, 47926, 61, 1980
2026/08/29 19:00:47.623, 7, 513.46, 100, 79, 47644, 51, 1980
2026/08/29 19:00:52.624, 0, 508.80, 99, 61, 50668, 65, 1980
2026/08/29 19:00:52.624, 1, 475.16, 44, 26, 49908, 53, 1980
2026/08/29 19:00:52.626, 2, 494.14, 43, 26, 49268, 52, 1980
2026/08/29 19:00:52.628, 3, 497.04, 95, 56, 49028, 62, 1980
2026/08/29 19:00:52.628, 4, 500.20, 99, 67, 48986, 62, 1980
2026/08/29 19:00:52.628, 5, 489.47, 100, 60, 48306, 54, 1980
2026/08/29 19:00:52.628, 6, 516.09, 100, 70, 47926, 62, 1980
2026/08/29 19:00:52.628, 7, 489.89, 100, 60, 47644, 51, 1980
2026/08/29 19:00:57.628, 0, 522.27, 98, 84, 50668, 66, 1980
2026/08/29 19:00:57.638, 1, 489.43, 100, 79, 49908, 52, 1980
2026/08/29 19:00:57.644, 2, 496.64, 100, 84, 49268, 52, 1980
2026/08/29 19:00:57.647, 3, 514.65, 95, 79, 49028, 64, 1980
2026/08/29 19:00:57.653, 4, 491.75, 68, 47, 48986, 64, 1980
2026/08/29 19:00:57.657, 5, 489.69, 100, 81, 48306, 54, 1980
2026/08/29 19:00:57.664, 6, 507.94, 95, 63, 47926, 63, 1980
2026/08/29 19:00:57.667, 7, 495.80, 97, 71, 47644, 52, 1980
2026/08/29 19:01:02.675, 0, 529.34, 95, 74, 50668, 64, 1980
2026/08/29 19:01:02.676, 1, 505.41, 50, 36, 49908, 53, 1980
2026/08/29 19:01:02.676, 2, 518.38, 45, 30, 49268, 53, 1980
2026/08/29 19:01:02.676, 3, 527.24, 95, 82, 49028, 65, 1980
2026/08/29 19:01:02.676, 4, 511.69, 83, 59, 48986, 63, 1980
2026/08/29 19:01:02.676, 5, 509.69, 96, 58, 48306, 53, 1980
2026/08/29 19:01:02.676, 6, 505.51, 60, 42, 47926, 63, 1980
2026/08/29 19:01:02.677, 7, 488.96, 95, 61, 47644, 50, 1980
2026/08/29 19:01:07.677, 0, 534.80, 95, 70, 50668, 66, 1980
2026/08/29 19:01:07.677, 1, 505.00, 95, 76, 49908, 54, 1980
2026/08/29 19:01:07.677, 2, 517.77, 96, 70, 49268, 54, 1980
2026/08/29 19:01:07.677, 3, 529.09, 95, 81, 49028, 64, 1980
2026/08/29 19:01:07.677, 4, 511.12, 99, 68, 48986, 65, 1980
2026/08/29 19:01:07.677, 5, 514.25, 95, 69, 48306, 55, 1980
2026/08/29 19:01:07.677, 6, 524.44, 100, 74, 47926, 63, 1980
2026/08/29 19:01:07.677, 7, 500.65, 100, 63, 47644, 52, 1980
2026/08/29 19:01:12.678, 0, 516.14, 99, 64, 50668, 66, 1980
2026/08/29 19:01:12.678, 1, 471.69, 99, 60, 49908, 53, 1980
2026/08/29 19:01:12.678, 2, 489.14, 99, 62, 49268, 53, 1980
2026/08/29 19:01:12.678, 3, 513.26, 100, 70, 49028, 63, 1980
2026/08/29 19:01:12.678, 4, 495.53, 95, 56, 48986, 65, 1980
2026/08/29 19:01:12.678, 5, 489.52, 100, 59, 48306, 53, 1980
2026/08/29 19:01:12.678, 6, 510.84, 100, 54, 47926, 63, 1980
2026/08/29 19:01:12.678, 7, 505.11, 100, 82, 47644, 52, 1980
2026/08/29 19:01:17.678, 0, 534.94, 97, 64, 50668, 66, 1980
2026/08/29 19:01:17.679, 1, 504.15, 96, 55, 49908, 52, 1980
2026/08/29 19:01:17.679, 2, 508.23, 97, 62, 49268, 53, 1980
2026/08/29 19:01:17.679, 3, 525.43, 93, 56, 49028, 65, 1980
2026/08/29 19:01:17.679, 4, 503.08, 100, 64, 48986, 64, 1980
2026/08/29 19:01:17.679, 5, 498.42, 97, 59, 48306, 54, 1980
2026/08/29 19:01:17.679, 6, 496.59, 100, 72, 47926, 63, 1980
2026/08/29 19:01:17.679, 7, 494.89, 100, 63, 47644, 48, 1980
2026/08/29 19:01:22.679, 0, 515.30, 98, 59, 50668, 62, 1980
2026/08/29 19:01:22.681, 1, 474.13, 93, 55, 49908, 53, 1980
2026/08/29 19:01:22.683, 2, 487.84, 94, 57, 49268, 53, 1980
2026/08/29 19:01:22.685, 3, 497.00, 28, 19, 49028, 63, 1980
2026/08/29 19:01:22.686, 4, 484.90, 61, 34, 48986, 62, 1980
2026/08/29 19:01:22.689, 5, 486.36, 99, 56, 48306, 53, 1980
2026/08/29 19:01:22.691, 6, 505.91, 94, 50, 47926, 62, 1980
2026/08/29 19:01:22.691, 7, 462.72, 45, 24, 47644, 50, 1980
2026/08/29 19:01:27.691, 0, 516.42, 82, 47, 50668, 65, 1980
2026/08/29 19:01:27.693, 1, 488.79, 52, 29, 49908, 51, 1980
2026/08/29 19:01:27.696, 2, 494.58, 70, 39, 49268, 50, 1980
2026/08/29 19:01:27.698, 3, 509.81, 41, 26, 49028, 63, 1980
2026/08/29 19:01:27.700, 4, 492.15, 95, 63, 48986, 63, 1980
2026/08/29 19:01:27.700, 5, 495.33, 76, 42, 48306, 53, 1980
2026/08/29 19:01:27.702, 6, 513.09, 89, 63, 47926, 62, 1980
2026/08/29 19:01:27.704, 7, 496.98, 95, 68, 47644, 51, 1980
2026/08/29 19:01:32.707, 0, 517.23, 47, 28, 50668, 65, 1980
2026/08/29 19:01:32.708, 1, 506.76, 51, 35, 49908, 52, 1980
2026/08/29 19:01:32.708, 2, 511.28, 51, 32, 49268, 53, 1980
2026/08/29 19:01:32.708, 3, 521.66, 69, 41, 49028, 63, 1980
2026/08/29 19:01:32.709, 4, 515.48, 89, 59, 48986, 63, 1980
2026/08/29 19:01:32.709, 5, 510.92, 47, 30, 48306, 54, 1980
2026/08/29 19:01:32.709, 6, 508.64, 54, 38, 47926, 62, 1980
2026/08/29 19:01:32.709, 7, 501.54, 95, 71, 47644, 51, 1980
2026/08/29 19:01:37.709, 0, 518.07, 44, 29, 50668, 65, 1980
2026/08/29 19:01:37.709, 1, 484.52, 95, 80, 49908, 51, 1980
2026/08/29 19:01:37.709, 2, 476.60, 55, 38, 49268, 52, 1980
2026/08/29 19:01:37.709, 3, 510.68, 87, 61, 49028, 63, 1980
2026/08/29 19:01:37.709, 4, 477.04, 46, 29, 48986, 64, 1980
2026/08/29 19:01:37.709, 5, 490.02, 48, 33, 48306, 54, 1980
2026/08/29 19:01:37.709, 6, 500.34, 95, 81, 47926, 62, 1980
2026/08/29 19:01:37.709, 7, 479.40, 48, 31, 47644, 51, 1980
2026/08/29 19:01:42.710, 0, 511.33, 55, 34, 50668, 65, 1980
2026/08/29 19:01:42.710, 1, 476.78, 100, 70, 49908, 53, 1980
2026/08/29 19:01:42.710, 2, 486.33, 47, 30, 49268, 53, 1980
2026/08/29 19:01:42.710, 3, 509.93, 96, 57, 49028, 62, 1980
2026/08/29 19:01:42.710, 4, 482.97, 99, 68, 48986, 65, 1980
2026/08/29 19:01:42.710, 5, 488.43, 52, 32, 48306, 53, 1980
2026/08/29 19:01:42.710, 6, 514.92, 100, 64, 47926, 62, 1980
2026/08/29 19:01:42.710, 7, 483.39, 99, 60, 47644, 52, 1980
2026/08/29 19:01:47.710, 0, 515.71, 99, 60, 50668, 65, 1980
2026/08/29 19:01:47.711, 1, 487.75, 48, 31, 49908, 53, 1980
2026/08/29 19:01:47.711, 2, 504.05, 97, 60, 49268, 53, 1980
2026/08/29 19:01:47.711, 3, 512.30, 87, 50, 49028, 64, 1980
2026/08/29 19:01:47.711, 4, 501.92, 77, 53, 48986, 63, 1980
2026/08/29 19:01:47.711, 5, 490.42, 100, 54, 48306, 53, 1980
2026/08/29 19:01:47.711, 6, 498.15, 49, 33, 47926, 62, 1980
2026/08/29 19:01:47.711, 7, 481.72, 91, 58, 47644, 50, 1980
2026/08/29 19:01:52.711, 0, 539.93, 99, 80, 50668, 66, 1980
2026/08/29 19:01:52.711, 1, 504.99, 100, 72, 49908, 54, 1980
2026/08/29 19:01:52.711, 2, 518.53, 100, 77, 49268, 54, 1980
2026/08/29 19:01:52.711, 3, 533.36, 94, 81, 49028, 65, 1980
2026/08/29 19:01:52.711, 4, 515.48, 95, 79, 48986, 65, 1980
2026/08/29 19:01:52.711, 5, 519.41, 100, 79, 48306, 54, 1980
2026/08/29 19:01:52.711, 6, 523.91, 100, 64, 47926, 63, 1980
2026/08/29 19:01:52.711, 7, 507.07, 99, 60, 47644, 52, 1980
2026/08/29 19:01:57.712, 0, 507.99, 99, 69, 50668, 66, 1980
2026/08/29 19:01:57.716, 1, 477.74, 75, 40, 49908, 49, 1980
2026/08/29 19:01:57.718, 2, 500.58, 100, 62, 49268, 54, 1980
2026/08/29 19:01:57.722, 3, 498.53, 96, 54, 49028, 63, 1980
2026/08/29 19:01:57.724, 4, 498.87, 100, 65, 48986, 64, 1980
2026/08/29 19:01:57.724, 5, 482.49, 100, 65, 48306, 55, 1980
2026/08/29 19:01:57.726, 6, 514.85, 72, 39, 47926, 63, 1980
2026/08/29 19:01:57.729, 7, 502.69, 100, 64, 47644, 50, 1980
2026/08/29 19:02:02.731, 0, 524.80, 86, 60, 50668, 65, 1980
2026/08/29 19:02:02.731, 1, 496.27, 97, 58, 49908, 52, 1980
2026/08/29 19:02:02.731, 2, 506.80, 91, 62, 49268, 52, 1980
2026/08/29 19:02:02.731, 3, 497.86, 37, 25, 49028, 64, 1980
2026/08/29 19:02:02.731, 4, 495.26, 59, 41, 48986, 61, 1980
2026/08/29 19:02:02.731, 5, 490.35, 91, 58, 48306, 52, 1980
2026/08/29 19:02:02.732, 6, 519.79, 98, 54, 47926, 63, 1980
2026/08/29 19:02:02.732, 7, 495.93, 71, 38, 47644, 49, 1980
2026/08/29 19:02:07.732, 0, 529.41, 41, 28, 50668, 65, 1980
2026/08/29 19:02:07.732, 1, 485.49, 95, 73, 49908, 53, 1980
2026/08/29 19:02:07.732, 2, 496.48, 56, 39, 49268, 53, 1980
2026/08/29 19:02:07.734, 3, 517.05, 100, 65, 49028, 65, 1980
2026/08/29 19:02:07.734, 4, 502.62, 100, 81, 48986, 64, 1980
2026/08/29 19:02:07.734, 5, 500.79, 48, 34, 48306, 53, 1980
2026/08/29 19:02:07.734, 6, 511.77, 95, 73, 47926, 63, 1980
2026/08/29 19:02:07.734, 7, 501.15, 100, 77, 47644, 52, 1980
2026/08/29 19:02:12.734, 0, 513.06, 97, 56, 50668, 65, 1980
2026/08/29 19:02:12.734, 1, 480.04, 93, 54, 49908, 51, 1980
2026/08/29 19:02:12.734, 2, 497.67, 95, 57, 49268, 53, 1980
2026/08/29 19:02:12.734, 3, 511.54, 98, 66, 49028, 61, 1980
2026/08/29 19:02:12.734, 4, 502.31, 78, 52, 48986, 65, 1980
2026/08/29 19:02:12.734, 5, 501.51, 96, 56, 48306, 54, 1980
2026/08/29 19:02:12.735, 6, 502.53, 93, 50, 47926, 61, 1980
2026/08/29 19:02:12.735, 7, 492.73, 52, 29, 47644, 51, 1980
2026/08/29 19:02:17.735, 0, 536.25, 42, 27, 50668, 65, 1980
2026/08/29 19:02:17.735, 1, 500.29, 95, 81, 49908, 53, 1980
2026/08/29 19:02:17.735, 2, 499.61, 48, 33, 49268, 53, 1980
2026/08/29 19:02:17.735, 3, 515.15, 83, 58, 49028, 63, 1980
2026/08/29 19:02:17.735, 4, 487.48, 43, 24, 48986, 63, 1980
2026/08/29 19:02:17.735, 5, 495.30, 46, 31, 48306, 54, 1980
2026/08/29 19:02:17.735, 6, 513.98, 95, 73, 47926, 61, 1980
2026/08/29 19:02:17.735, 7, 494.02, 45, 28, 47644, 50, 1980
2026/08/29 19:02:22.736, 0, 508.88, 95, 71, 50668, 65, 1980
2026/08/29 19:02:22.744, 1, 488.02, 95, 68, 49908, 52, 1980
2026/08/29 19:02:22.748, 2, 492.44, 95, 63, 49268, 52, 1980
2026/08/29 19:02:22.751, 3, 499.61, 70, 48, 49028, 62, 1980
2026/08/29 19:02:22.751, 4, 491.59, 90, 60, 48986, 63, 1980
2026/08/29 19:02:22.751, 5, 489.18, 95, 61, 48306, 53, 1980
2026/08/29 19:02:22.751, 6, 508.23, 95, 69, 47926, 63, 1980
2026/08/29 19:02:22.754, 7, 490.73, 43, 25, 47644, 50, 1980
2026/08/29 19:02:27.757, 0, 523.25, 72, 42, 50668, 67, 1980
2026/08/29 19:02:27.758, 1, 485.23, 100, 68, 49908, 52, 1980
2026/08/29 19:02:27.760, 2, 489.41, 62, 35, 49268, 53, 1980
2026/08/29 19:02:27.762, 3, 501.89, 91, 50, 49028, 63, 1980
2026/08/29 19:02:27.762, 4, 478.35, 100, 66, 48986, 65, 1980
2026/08/29 19:02:27.764, 5, 491.69, 96, 58, 48306, 54, 1980
2026/08/29 19:02:27.766, 6, 493.19, 100, 68, 47926, 64, 1980
2026/08/29 19:02:27.769, 7, 486.80, 97, 61, 47644, 53, 1980
2026/08/29 19:02:32.773, 0, 499.60, 97, 58, 50668, 64, 1980
2026/08/29 19:02:32.773, 1, 487.35, 93, 55, 49908, 53, 1980
2026/08/29 19:02:32.773, 2, 475.60, 95, 58, 49268, 53, 1980
2026/08/29 19:02:32.773, 3, 505.70, 99, 67, 49028, 61, 1980
2026/08/29 19:02:32.773, 4, 482.67, 73, 51, 48986, 62, 1980
2026/08/29 19:02:32.773, 5, 502.44, 96, 57, 48306, 53, 1980
2026/08/29 19:02:32.773, 6, 500.29, 93, 55, 47926, 63, 1980
2026/08/29 19:02:32.773, 7, 479.02, 53, 30, 47644, 50, 1980
2026/08/29 19:02:37.773, 0, 536.47, 95, 83, 50668, 66, 1980
2026/08/29 19:02:37.774, 1, 486.56, 96, 78, 49908, 53, 1980
2026/08/29 19:02:37.774, 2, 505.88, 95, 72, 49268, 51, 1980
2026/08/29 19:02:37.774, 3, 522.17, 95, 64, 49028, 65, 1980
2026/08/29 19:02:37.774, 4, 501.54, 49, 32, 48986, 64, 1980
2026/08/29 19:02:37.774, 5, 498.11, 72, 49, 48306, 54, 1980
2026/08/29 19:02:37.774, 6, 514.22, 96, 79, 47926, 62, 1980
2026/08/29 19:02:37.774, 7, 505.45, 100, 68, 47644, 51, 1980
2026/08/29 19:02:42.774, 0, 528.68, 96, 80, 50668, 66, 1980
2026/08/29 19:02:42.774, 1, 496.57, 100, 81, 49908, 54, 1980
2026/08/29 19:02:42.774, 2, 503.98, 100, 86, 49268, 54, 1980
2026/08/29 19:02:42.774, 3, 522.04, 95, 73, 49028, 64, 1980
2026/08/29 19:02:42.774, 4, 506.82, 95, 74, 48986, 65, 1980
2026/08/29 19:02:42.774, 5, 500.27, 96, 82, 48306, 55, 1980
2026/08/29 19:02:42.774, 6, 520.95, 99, 80, 47926, 64, 1980
2026/08/29 19:02:42.774, 7, 501.85, 83, 60, 47644, 52, 1980
2026/08/29 19:02:47.775, 0, 539.65, 91, 55, 50668, 66, 1980
2026/08/29 19:02:47.775, 1, 505.14, 99, 86, 49908, 54, 1980
2026/08/29 19:02:47.775, 2, 516.40, 99, 70, 49268, 54, 1980
2026/08/29 19:02:47.775, 3, 531.33, 94, 60, 49028, 64, 1980
2026/08/29 19:02:47.775, 4, 509.32, 100, 76, 48986, 65, 1980
2026/08/29 19:02:47.775, 5, 518.52, 100, 70, 48306, 55, 1980
2026/08/29 19:02:47.775, 6, 516.66, 100, 82, 47926, 64, 1980
2026/08/29 19:02:47.775, 7, 498.48, 100, 65, 47644, 52, 1980
2026/08/29 19:02:52.775, 0, 526.37, 100, 81, 50668, 67, 1980
2026/08/29 19:02:52.776, 1, 493.90, 100, 72, 49908, 53, 1980
2026/08/29 19:02:52.776, 2, 511.66, 100, 78, 49268, 53, 1980
2026/08/29 19:02:52.776, 3, 516.51, 95, 80, 49028, 65, 1980
2026/08/29 19:02:52.776, 4, 498.76, 93, 54, 48986, 62, 1980
2026/08/29 19:02:52.776, 5, 490.39, 100, 79, 48306, 55, 1980
2026/08/29 19:02:52.776, 6, 504.24, 100, 65, 47926, 63, 1980
2026/08/29 19:02:52.776, 7, 495.61, 100, 62, 47644, 53, 1980
2026/08/29 19:02:57.776, 0, 534.85, 95, 71, 50668, 65, 1980
2026/08/29 19:02:57.778, 1, 496.80, 95, 76, 49908, 53, 1980
2026/08/29 19:02:57.781, 2, 507.76, 49, 30, 49268, 53, 1980
2026/08/29 19:02:57.783, 3, 522.23, 61, 40, 49028, 65, 1980
2026/08/29 19:02:57.784, 4, 515.15, 69, 42, 48986, 63, 1980
2026/08/29 19:02:57.785, 5, 512.75, 49, 32, 48306, 53, 1980
2026/08/29 19:02:57.787, 6, 518.52, 95, 71, 47926, 63, 1980
2026/08/29 19:02:57.789, 7, 503.41, 100, 81, 47644, 52, 1980
2026/08/29 19:03:02.790, 0, 529.68, 97, 62, 50668, 66, 1980
2026/08/29 19:03:02.790, 1, 499.39, 97, 57, 49908, 53, 1980
2026/08/29 19:03:02.790, 2, 493.06, 97, 60, 49268, 53, 1980
2026/08/29 19:03:02.790, 3, 504.99, 100, 70, 49028, 65, 1980
2026/08/29 19:03:02.790, 4, 496.45, 100, 65, 48986, 62, 1980
2026/08/29 19:03:02.790, 5, 479.27, 98, 58, 48306, 53, 1980
2026/08/29 19:03:02.790, 6, 516.17, 98, 52, 47926, 63, 1980
2026/08/29 19:03:02.790, 7, 488.65, 100, 79, 47644, 53, 1980
2026/08/29 19:03:07.790, 0, 517.31, 95, 81, 50668, 66, 1980
2026/08/29 19:03:07.790, 1, 489.60, 79, 42, 49908, 51, 1980
2026/08/29 19:03:07.790, 2, 475.94, 95, 80, 49268, 51, 1980
2026/08/29 19:03:07.791, 3, 493.45, 85, 59, 49028, 64, 1980
2026/08/29 19:03:07.791, 4, 494.22, 47, 27, 48986, 64, 1980
2026/08/29 19:03:07.791, 5, 484.57, 95, 75, 48306, 52, 1980
2026/08/29 19:03:07.791, 6, 512.01, 96, 76, 47926, 60, 1980
2026/08/29 19:03:07.791, 7, 499.37, 50, 30, 47644, 51, 1980
2026/08/29 19:03:12.791, 0, 526.35, 39, 25, 50668, 65, 1980
2026/08/29 19:03:12.791, 1, 499.84, 56, 40, 49908, 52, 1980
2026/08/29 19:03:12.791, 2, 494.11, 41, 28, 49268, 52, 1980
2026/08/29 19:03:12.791, 3, 506.24, 95, 82, 49028, 63, 1980
2026/08/29 19:03:12.792, 4, 490.11, 96, 80, 48986, 65, 1980
2026/08/29 19:03:12.792, 5, 491.10, 43, 29, 48306, 53, 1980
2026/08/29 19:03:12.792, 6, 507.94, 65, 47, 47926, 63, 1980
2026/08/29 19:03:12.792, 7, 493.60, 96, 57, 47644, 50, 1980
2026/08/29 19:03:17.792, 0, 535.82, 95, 82, 50668, 67, 1980
2026/08/29 19:03:17.792, 1, 502.13, 97, 77, 49908, 53, 1980
2026/08/29 19:03:17.792, 2, 507.64, 95, 72, 49268, 53, 1980
2026/08/29 19:03:17.792, 3, 511.99, 95, 64, 49028, 65, 1980
2026/08/29 19:03:17.792, 4, 495.61, 49, 31, 48986, 64, 1980
2026/08/29 19:03:17.792, 5, 498.95, 70, 48, 48306, 54, 1980
2026/08/29 19:03:17.792, 6, 515.98, 96, 78, 47926, 62, 1980
2026/08/29 19:03:17.793, 7, 505.00, 100, 68, 47644, 52, 1980
2026/08/29 19:03:22.793, 0, 509.16, 40, 25, 50668, 65, 1980
2026/08/29 19:03:22.797, 1, 499.83, 96, 72, 49908, 53, 1980
2026/08/29 19:03:22.801, 2, 509.49, 43, 26, 49268, 53, 1980
2026/08/29 19:03:22.804, 3, 513.65, 82, 47, 49028, 61, 1980
2026/08/29 19:03:22.804, 4, 488.03, 67, 39, 48986, 62, 1980
2026/08/29 19:03:22.804, 5, 490.57, 44, 29, 48306, 53, 1980
2026/08/29 19:03:22.804, 6, 501.49, 46, 31, 47926, 63, 1980
2026/08/29 19:03:22.807, 7, 499.71, 88, 62, 47644, 50, 1980
2026/08/29 19:03:27.810, 0, 523.99, 65, 40, 50668, 64, 1980
2026/08/29 19:03:27.811, 1, 504.46, 95, 80, 49908, 53, 1980
2026/08/29 19:03:27.812, 2, 511.45, 55, 34, 49268, 53, 1980
2026/08/29 19:03:27.814, 3, 532.38, 90, 53, 49028, 63, 1980
2026/08/29 19:03:27.815, 4, 493.78, 99, 75, 48986, 65, 1980
2026/08/29 19:03:27.817, 5, 521.31, 94, 56, 48306, 54, 1980
2026/08/29 19:03:27.819, 6, 528.60, 50, 32, 47926, 64, 1980
2026/08/29 19:03:27.821, 7, 503.55, 95, 62, 47644, 48, 1980
2026/08/29 19:03:32.823, 0, 478.83, 98, 15, 50668, 64, 1980
2026/08/29 19:03:32.823, 1, 458.57, 97, 64, 49908, 47, 1980
2026/08/29 19:03:32.823, 2, 465.20, 99, 5, 49268, 50, 1980
2026/08/29 19:03:32.823, 3, 484.05, 98, 50, 49028, 61, 1980
2026/08/29 19:03:32.823, 4, 450.10, 0, 0, 48986, 61, 1980
2026/08/29 19:03:32.823, 5, 468.07, 99, 11, 48306, 48, 1980
2026/08/29 19:03:32.823, 6, 473.02, 40, 25, 47926, 60, 1980
2026/08/29 19:03:32.823, 7, 463.52, 61, 43, 47644, 50, 1980
2026/08/29 19:03:37.824, 0, 523.91, 95, 65, 50668, 63, 1980
2026/08/29 19:03:37.824, 1, 500.62, 94, 58, 49908, 53, 1980
2026/08/29 19:03:37.824, 2, 507.06, 100, 75, 49268, 54, 1980
2026/08/29 19:03:37.824, 3, 508.69, 100, 69, 49308, 65, 1980
2026/08/29 19:03:37.824, 4, 500.00, 90, 54, 48986, 63, 1980
2026/08/29 19:03:37.824, 5, 502.57, 100, 70, 48306, 55, 1980
2026/08/29 19:03:37.824, 6, 512.88, 100, 64, 47926, 62, 1980
2026/08/29 19:03:37.824, 7, 494.80, 93, 49, 47644, 49, 1980
2026/08/29 19:03:42.824, 0, 535.01, 95, 82, 50668, 66, 1980
2026/08/29 19:03:42.825, 1, 508.62, 99, 69, 49908, 54, 1980
2026/08/29 19:03:42.827, 2, 519.90, 95, 80, 49268, 54, 1980
2026/08/29 19:03:42.827, 3, 537.76, 95, 70, 49308, 66, 1980
2026/08/29 19:03:42.827, 4, 522.46, 95, 75, 48986, 65, 1980
2026/08/29 19:03:42.827, 5, 519.92, 95, 72, 48306, 55, 1980
2026/08/29 19:03:42.827, 6, 527.51, 97, 80, 47926, 64, 1980
2026/08/29 19:03:42.828, 7, 516.77, 100, 67, 47644, 52, 1980
2026/08/29 19:03:47.828, 0, 506.14, 95, 68, 50668, 65, 1980
2026/08/29 19:03:47.828, 1, 489.69, 93, 55, 49908, 53, 1980
2026/08/29 19:03:47.828, 2, 487.14, 46, 29, 49268, 53, 1980
2026/08/29 19:03:47.828, 3, 490.01, 55, 39, 49308, 64, 1980
2026/08/29 19:03:47.828, 4, 481.23, 69, 41, 48986, 63, 1980
2026/08/29 19:03:47.828, 5, 489.53, 42, 27, 48306, 53, 1980
2026/08/29 19:03:47.828, 6, 499.41, 46, 30, 47926, 63, 1980
2026/08/29 19:03:47.828, 7, 490.80, 54, 33, 47644, 51, 1980
2026/08/29 19:03:52.829, 0, 539.33, 100, 74, 50668, 66, 1980
2026/08/29 19:03:52.829, 1, 491.80, 95, 80, 49908, 53, 1980
2026/08/29 19:03:52.829, 2, 504.49, 99, 71, 49268, 55, 1980
2026/08/29 19:03:52.829, 3, 514.11, 97, 82, 49308, 66, 1980
2026/08/29 19:03:52.829, 4, 495.50, 100, 79, 48986, 65, 1980
2026/08/29 19:03:52.829, 5, 501.55, 100, 68, 48306, 55, 1980
2026/08/29 19:03:52.829, 6, 522.66, 100, 64, 47926, 64, 1980
2026/08/29 19:03:52.829, 7, 506.75, 96, 68, 47644, 52, 1980
2026/08/29 19:03:57.829, 0, 531.77, 99, 70, 50668, 66, 1980
2026/08/29 19:03:57.830, 1, 500.49, 99, 68, 49908, 54, 1980
2026/08/29 19:03:57.833, 2, 510.66, 99, 70, 49268, 54, 1980
2026/08/29 19:03:57.836, 3, 511.70, 69, 41, 49308, 65, 1980
2026/08/29 19:03:57.838, 4, 510.49, 94, 58, 48986, 64, 1980
2026/08/29 19:03:57.838, 5, 499.62, 94, 80, 48306, 55, 1980
2026/08/29 19:03:57.841, 6, 532.17, 99, 68, 47926, 64, 1980
2026/08/29 19:03:57.843, 7, 487.90, 94, 55, 47644, 52, 1980
2026/08/29 19:04:02.845, 0, 507.18, 94, 63, 50668, 63, 1980
2026/08/29 19:04:02.845, 1, 466.63, 50, 26, 49908, 52, 1980
2026/08/29 19:04:02.845, 2, 475.78, 99, 58, 49268, 51, 1980
2026/08/29 19:04:02.845, 3, 500.11, 100, 65, 49308, 65, 1980
2026/08/29 19:04:02.846, 4, 492.07, 100, 65, 48986, 63, 1980
2026/08/29 19:04:02.846, 5, 471.74, 97, 58, 48306, 51, 1980
2026/08/29 19:04:02.846, 6, 501.34, 97, 56, 47926, 63, 1980
2026/08/29 19:04:02.846, 7, 481.65, 90, 47, 47644, 49, 1980
2026/08/29 19:04:07.846, 0, 517.82, 66, 46, 50668, 64, 1980
2026/08/29 19:04:07.846, 1, 495.82, 90, 63, 49908, 52, 1980
2026/08/29 19:04:07.846, 2, 509.81, 64, 38, 49268, 51, 1980
2026/08/29 19:04:07.846, 3, 501.82, 46, 28, 49308, 64, 1980
2026/08/29 19:04:07.846, 4, 487.82, 92, 49, 48986, 64, 1980
2026/08/29 19:04:07.846, 5, 485.66, 75, 53, 48306, 51, 1980
2026/08/29 19:04:07.846, 6, 509.24, 95, 60, 47926, 63, 1980
2026/08/29 19:04:07.846, 7, 493.55, 86, 47, 47644, 51, 1980
2026/08/29 19:04:12.847, 0, 537.32, 95, 76, 50668, 66, 1980
2026/08/29 19:04:12.847, 1, 502.36, 69, 48, 49908, 54, 1980
2026/08/29 19:04:12.847, 2, 485.98, 95, 79, 49268, 53, 1980
2026/08/29 19:04:12.847, 3, 509.25, 89, 63, 49308, 64, 1980
2026/08/29 19:04:12.847, 4, 505.46, 95, 69, 48986, 64, 1980
2026/08/29 19:04:12.847, 5, 501.77, 95, 77, 48306, 54, 1980
2026/08/29 19:04:12.847, 6, 514.05, 95, 70, 47926, 61, 1980
2026/08/29 19:04:12.847, 7, 496.55, 49, 30, 47644, 51, 1980
2026/08/29 19:04:17.847, 0, 528.14, 44, 26, 50668, 65, 1980
2026/08/29 19:04:17.847, 1, 507.64, 50, 35, 49908, 53, 1980
2026/08/29 19:04:17.847, 2, 520.26, 96, 59, 49268, 54, 1980
2026/08/29 19:04:17.848, 3, 524.26, 95, 81, 49308, 64, 1980
2026/08/29 19:04:17.848, 4, 501.74, 97, 82, 48986, 64, 1980
2026/08/29 19:04:17.848, 5, 508.59, 95, 73, 48306, 54, 1980
2026/08/29 19:04:17.848, 6, 509.71, 50, 35, 47926, 63, 1980
2026/08/29 19:04:17.848, 7, 499.54, 96, 62, 47644, 51, 1980
2026/08/29 19:04:22.848, 0, 528.49, 100, 73, 50668, 66, 1980
2026/08/29 19:04:22.848, 1, 491.28, 95, 57, 49908, 52, 1980
2026/08/29 19:04:22.848, 2, 492.51, 99, 70, 49268, 54, 1980
2026/08/29 19:04:22.848, 3, 513.33, 96, 81, 49308, 65, 1980
2026/08/29 19:04:22.848, 4, 484.75, 100, 82, 48986, 65, 1980
2026/08/29 19:04:22.849, 5, 499.44, 100, 73, 48306, 55, 1980
2026/08/29 19:04:22.849, 6, 506.59, 100, 69, 47926, 64, 1980
2026/08/29 19:04:22.849, 7, 496.56, 99, 62, 47644, 52, 1980
2026/08/29 19:04:27.849, 0, 508.66, 40, 27, 50668, 66, 1980
2026/08/29 19:04:27.851, 1, 486.49, 67, 47, 49908, 50, 1980
2026/08/29 19:04:27.856, 2, 499.28, 51, 36, 49268, 50, 1980
2026/08/29 19:04:27.857, 3, 503.14, 51, 28, 49308, 63, 1980
2026/08/29 19:04:27.859, 4, 484.27, 43, 28, 48986, 64, 1980
2026/08/29 19:04:27.859, 5, 492.66, 47, 33, 48306, 52, 1980
2026/08/29 19:04:27.861, 6, 500.03, 72, 50, 47926, 61, 1980
2026/08/29 19:04:27.864, 7, 496.16, 95, 63, 47644, 51, 1980
2026/08/29 19:04:32.866, 0, 532.98, 95, 79, 50668, 66, 1980
2026/08/29 19:04:32.866, 1, 487.42, 78, 55, 49908, 53, 1980
2026/08/29 19:04:32.866, 2, 500.21, 95, 80, 49268, 54, 1980
2026/08/29 19:04:32.866, 3, 509.37, 99, 86, 49308, 65, 1980
2026/08/29 19:04:32.866, 4, 498.16, 95, 63, 48986, 64, 1980
2026/08/29 19:04:32.866, 5, 495.23, 95, 71, 48306, 54, 1980
2026/08/29 19:04:32.866, 6, 516.00, 95, 71, 47926, 62, 1980
2026/08/29 19:04:32.866, 7, 501.57, 48, 31, 47644, 51, 1980
2026/08/29 19:04:37.867, 0, 498.22, 94, 54, 50668, 65, 1980
2026/08/29 19:04:37.867, 1, 480.67, 90, 52, 49908, 51, 1980
2026/08/29 19:04:37.867, 2, 489.54, 92, 54, 49268, 53, 1980
2026/08/29 19:04:37.867, 3, 498.95, 95, 64, 49308, 61, 1980
2026/08/29 19:04:37.867, 4, 493.52, 76, 53, 48986, 62, 1980
2026/08/29 19:04:37.867, 5, 484.82, 95, 61, 48306, 54, 1980
2026/08/29 19:04:37.867, 6, 507.47, 91, 49, 47926, 63, 1980
2026/08/29 19:04:37.867, 7, 487.30, 53, 29, 47644, 50, 1980
2026/08/29 19:04:42.867, 0, 530.53, 36, 21, 50668, 65, 1980
2026/08/29 19:04:42.868, 1, 482.54, 95, 71, 49908, 52, 1980
2026/08/29 19:04:42.868, 2, 496.60, 45, 28, 49268, 52, 1980
2026/08/29 19:04:42.868, 3, 513.56, 66, 47, 49308, 65, 1980
2026/08/29 19:04:42.868, 4, 501.38, 55, 31, 48986, 63, 1980
2026/08/29 19:04:42.868, 5, 482.23, 41, 25, 48306, 53, 1980
2026/08/29 19:04:42.868, 6, 513.43, 48, 34, 47926, 63, 1980
2026/08/29 19:04:42.868, 7, 487.34, 98, 59, 47644, 50, 1980
2026/08/29 19:04:47.868, 0, 525.89, 95, 81, 50668, 66, 1980
2026/08/29 19:04:47.868, 1, 503.54, 97, 83, 49908, 52, 1980
2026/08/29 19:04:47.868, 2, 504.89, 95, 77, 49268, 54, 1980
2026/08/29 19:04:47.868, 3, 524.76, 79, 55, 49308, 64, 1980
2026/08/29 19:04:47.868, 4, 499.99, 94, 70, 48986, 64, 1980
2026/08/29 19:04:47.868, 5, 502.12, 94, 78, 48306, 52, 1980
2026/08/29 19:04:47.868, 6, 506.35, 97, 81, 47926, 64, 1980
2026/08/29 19:04:47.868, 7, 506.41, 96, 62, 47644, 52, 1980
2026/08/29 19:04:52.869, 0, 515.67, 37, 22, 50668, 65, 1980
2026/08/29 19:04:52.869, 1, 478.90, 89, 50, 49908, 52, 1980
2026/08/29 19:04:52.869, 2, 492.25, 48, 32, 49268, 53, 1980
2026/08/29 19:04:52.869, 3, 502.84, 71, 50, 49308, 62, 1980
2026/08/29 19:04:52.870, 4, 498.48, 52, 31, 48986, 63, 1980
2026/08/29 19:04:52.870, 5, 477.36, 43, 27, 48306, 53, 1980
2026/08/29 19:04:52.870, 6, 513.19, 53, 38, 47926, 63, 1980
2026/08/29 19:04:52.870, 7, 503.18, 99, 57, 47644, 51, 1980
2026/08/29 19:04:57.870, 0, 518.63, 97, 61, 50668, 63, 1980
2026/08/29 19:04:57.873, 1, 480.06, 95, 55, 49908, 53, 1980
2026/08/29 19:04:57.874, 2, 499.71, 97, 59, 49268, 52, 1980
2026/08/29 19:04:57.876, 3, 503.36, 100, 64, 49308, 62, 1980
2026/08/29 19:04:57.876, 4, 481.57, 46, 31, 48986, 62, 1980
2026/08/29 19:04:57.878, 5, 483.52, 82, 57, 48306, 52, 1980
2026/08/29 19:04:57.881, 6, 509.82, 95, 50, 47926, 62, 1980
2026/08/29 19:04:57.883, 7, 479.23, 76, 41, 47644, 48, 1980
2026/08/29 19:05:02.885, 0, 527.51, 36, 23, 50668, 66, 1980
2026/08/29 19:05:02.885, 1, 489.48, 95, 78, 49908, 53, 1980
2026/08/29 19:05:02.885, 2, 497.76, 50, 34, 49268, 53, 1980
2026/08/29 19:05:02.885, 3, 516.80, 76, 52, 49308, 65, 1980
2026/08/29 19:05:02.885, 4, 503.95, 100, 82, 48986, 63, 1980
2026/08/29 19:05:02.885, 5, 505.59, 48, 32, 48306, 54, 1980
2026/08/29 19:05:02.885, 6, 516.46, 76, 49, 47926, 63, 1980
2026/08/29 19:05:02.885, 7, 495.48, 95, 57, 47644, 51, 1980
2026/08/29 19:05:07.886, 0, 517.65, 64, 45, 50668, 64, 1980
2026/08/29 19:05:07.886, 1, 483.39, 96, 57, 49908, 51, 1980
2026/08/29 19:05:07.886, 2, 505.39, 80, 57, 49268, 52, 1980
2026/08/29 19:05:07.886, 3, 502.72, 95, 72, 49308, 64, 1980
2026/08/29 19:05:07.886, 4, 501.47, 36, 25, 48986, 64, 1980
2026/08/29 19:05:07.886, 5, 491.61, 85, 60, 48306, 51, 1980
2026/08/29 19:05:07.886, 6, 513.26, 95, 48, 47926, 61, 1980
2026/08/29 19:05:07.886, 7, 484.16, 95, 62, 47644, 49, 1980
2026/08/29 19:05:12.886, 0, 525.56, 94, 73, 50668, 65, 1980
2026/08/29 19:05:12.886, 1, 502.15, 54, 37, 49908, 53, 1980
2026/08/29 19:05:12.886, 2, 512.31, 95, 74, 49268, 53, 1980
2026/08/29 19:05:12.886, 3, 516.44, 95, 82, 49308, 65, 1980
2026/08/29 19:05:12.887, 4, 501.63, 86, 59, 48986, 63, 1980
2026/08/29 19:05:12.887, 5, 505.75, 95, 73, 48306, 53, 1980
2026/08/29 19:05:12.887, 6, 522.71, 95, 80, 47926, 63, 1980
2026/08/29 19:05:12.887, 7, 506.69, 100, 77, 47644, 50, 1980
2026/08/29 19:05:17.887, 0, 511.90, 99, 60, 50668, 64, 1980
2026/08/29 19:05:17.887, 1, 476.38, 95, 56, 49908, 52, 1980
2026/08/29 19:05:17.887, 2, 500.95, 98, 56, 49268, 53, 1980
2026/08/29 19:05:17.887, 3, 487.05, 93, 49, 49308, 64, 1980
2026/08/29 19:05:17.887, 4, 484.19, 66, 46, 48986, 61, 1980
2026/08/29 19:05:17.887, 5, 481.89, 95, 64, 48306, 53, 1980
2026/08/29 19:05:17.887, 6, 509.73, 96, 52, 47926, 63, 1980
2026/08/29 19:05:17.887, 7, 487.32, 100, 59, 47644, 50, 1980
2026/08/29 19:05:22.888, 0, 526.61, 60, 43, 50668, 66, 1980
2026/08/29 19:05:22.888, 1, 501.79, 95, 84, 49908, 53, 1980
2026/08/29 19:05:22.888, 2, 501.86, 81, 57, 49268, 53, 1980
2026/08/29 19:05:22.888, 3, 518.94, 95, 58, 49308, 65, 1980
2026/08/29 19:05:22.888, 4, 501.79, 100, 77, 48986, 64, 1980
2026/08/29 19:05:22.888, 5, 497.94, 71, 51, 48306, 53, 1980
2026/08/29 19:05:22.888, 6, 511.97, 95, 66, 47926, 63, 1980
2026/08/29 19:05:22.888, 7, 503.89, 95, 65, 47644, 51, 1980
2026/08/29 19:05:27.888, 0, 530.28, 100, 74, 50668, 66, 1980
2026/08/29 19:05:27.890, 1, 503.31, 100, 70, 49908, 53, 1980
2026/08/29 19:05:27.892, 2, 508.95, 99, 71, 49268, 54, 1980
2026/08/29 19:05:27.894, 3, 519.43, 99, 70, 49308, 65, 1980
2026/08/29 19:05:27.894, 4, 508.71, 100, 82, 48986, 65, 1980
2026/08/29 19:05:27.896, 5, 511.60, 100, 72, 48306, 55, 1980
2026/08/29 19:05:27.898, 6, 525.72, 100, 65, 47926, 62, 1980
2026/08/29 19:05:27.900, 7, 508.05, 96, 55, 47644, 52, 1980
2026/08/29 19:05:32.902, 0, 509.63, 64, 44, 50668, 62, 1980
2026/08/29 19:05:32.902, 1, 494.64, 88, 62, 49908, 51, 1980
2026/08/29 19:05:32.902, 2, 479.48, 66, 36, 49268, 50, 1980
2026/08/29 19:05:32.903, 3, 506.93, 47, 29, 49308, 64, 1980
2026/08/29 19:05:32.903, 4, 484.88, 96, 52, 48986, 64, 1980
2026/08/29 19:05:32.903, 5, 497.06, 73, 39, 48306, 50, 1980
2026/08/29 19:05:32.903, 6, 505.21, 47, 25, 47926, 62, 1980
2026/08/29 19:05:32.903, 7, 499.59, 52, 37, 47644, 48, 1980
2026/08/29 19:05:37.903, 0, 535.35, 95, 71, 50668, 66, 1980
2026/08/29 19:05:37.903, 1, 498.89, 95, 77, 49908, 54, 1980
2026/08/29 19:05:37.903, 2, 504.86, 95, 64, 49268, 53, 1980
2026/08/29 19:05:37.903, 3, 519.65, 95, 74, 49308, 64, 1980
2026/08/29 19:05:37.903, 4, 512.63, 100, 65, 48986, 64, 1980
2026/08/29 19:05:37.903, 5, 499.50, 99, 62, 48306, 54, 1980
2026/08/29 19:05:37.903, 6, 530.99, 98, 58, 47926, 63, 1980
2026/08/29 19:05:37.903, 7, 504.30, 97, 81, 47644, 52, 1980
2026/08/29 19:05:42.904, 0, 534.42, 99, 73, 50668, 66, 1980
2026/08/29 19:05:42.904, 1, 498.56, 99, 68, 49908, 53, 1980
2026/08/29 19:05:42.904, 2, 506.38, 99, 69, 49268, 53, 1980
2026/08/29 19:05:42.904, 3, 512.25, 94, 61, 49308, 65, 1980
2026/08/29 19:05:42.904, 4, 503.35, 94, 58, 48986, 63, 1980
2026/08/29 19:05:42.904, 5, 495.58, 95, 77, 48406, 54, 1980
2026/08/29 19:05:42.904, 6, 514.94, 95, 72, 47926, 64, 1980
2026/08/29 19:05:42.904, 7, 494.24, 100, 73, 47644, 52, 1980
2026/08/29 19:05:47.904, 0, 520.70, 95, 70, 50668, 65, 1980
2026/08/29 19:05:47.905, 1, 500.62, 96, 76, 49908, 53, 1980
2026/08/29 19:05:47.905, 2, 508.95, 95, 75, 49268, 53, 1980
2026/08/29 19:05:47.905, 3, 509.64, 100, 84, 49308, 65, 1980
2026/08/29 19:05:47.905, 4, 496.12, 95, 61, 48986, 63, 1980
2026/08/29 19:05:47.905, 5, 495.44, 95, 68, 48406, 54, 1980
2026/08/29 19:05:47.905, 6, 514.53, 96, 76, 47926, 63, 1980
2026/08/29 19:05:47.905, 7, 498.20, 95, 65, 47644, 51, 1980
2026/08/29 19:05:52.905, 0, 527.80, 100, 80, 50668, 64, 1980
2026/08/29 19:05:52.905, 1, 499.35, 100, 72, 49908, 53, 1980
2026/08/29 19:05:52.905, 2, 506.25, 100, 78, 49268, 52, 1980
2026/08/29 19:05:52.905, 3, 516.43, 62, 43, 49308, 62, 1980
2026/08/29 19:05:52.905, 4, 504.06, 91, 59, 48986, 64, 1980
2026/08/29 19:05:52.905, 5, 491.89, 95, 60, 48406, 53, 1980
2026/08/29 19:05:52.905, 6, 507.39, 95, 69, 47926, 62, 1980
2026/08/29 19:05:52.905, 7, 493.70, 100, 81, 47644, 52, 1980
2026/08/29 19:05:57.906, 0, 511.78, 89, 52, 50668, 66, 1980
2026/08/29 19:05:57.907, 1, 493.53, 100, 75, 49908, 53, 1980
2026/08/29 19:05:57.910, 2, 480.87, 100, 79, 49268, 54, 1980
2026/08/29 19:05:57.915, 3, 512.76, 100, 70, 49308, 64, 1980
2026/08/29 19:05:57.916, 4, 486.35, 96, 59, 48986, 65, 1980
2026/08/29 19:05:57.920, 5, 483.94, 89, 47, 48406, 50, 1980
2026/08/29 19:05:57.923, 6, 498.69, 61, 33, 47926, 61, 1980
2026/08/29 19:05:57.925, 7, 476.09, 100, 64, 47644, 52, 1980
2026/08/29 19:06:02.927, 0, 507.82, 97, 57, 50668, 66, 1980
2026/08/29 19:06:02.927, 1, 468.92, 96, 54, 49908, 52, 1980
2026/08/29 19:06:02.927, 2, 479.55, 96, 57, 49268, 52, 1980
2026/08/29 19:06:02.927, 3, 485.79, 74, 40, 49308, 61, 1980
2026/08/29 19:06:02.927, 4, 471.16, 56, 31, 48986, 62, 1980
2026/08/29 19:06:02.927, 5, 487.05, 50, 30, 48406, 53, 1980
2026/08/29 19:06:02.927, 6, 493.88, 100, 65, 47926, 60, 1980
2026/08/29 19:06:02.927, 7, 479.62, 100, 56, 47644, 50, 1980
2026/08/29 19:06:07.927, 0, 506.18, 91, 51, 50668, 65, 1980
2026/08/29 19:06:07.927, 1, 488.29, 66, 39, 49908, 49, 1980
2026/08/29 19:06:07.927, 2, 479.42, 83, 48, 49268, 50, 1980
2026/08/29 19:06:07.928, 3, 495.11, 48, 29, 49308, 63, 1980
2026/08/29 19:06:07.928, 4, 484.24, 95, 70, 48986, 64, 1980
2026/08/29 19:06:07.928, 5, 478.09, 90, 48, 48406, 53, 1980
2026/08/29 19:06:07.928, 6, 493.55, 64, 35, 47926, 61, 1980
2026/08/29 19:06:07.928, 7, 480.15, 45, 29, 47644, 50, 1980
2026/08/29 19:06:12.928, 0, 519.47, 95, 78, 50668, 65, 1980
2026/08/29 19:06:12.928, 1, 488.35, 76, 44, 49908, 51, 1980
2026/08/29 19:06:12.928, 2, 503.22, 95, 78, 49268, 53, 1980
2026/08/29 19:06:12.928, 3, 532.25, 55, 33, 49308, 63, 1980
2026/08/29 19:06:12.928, 4, 507.30, 95, 68, 48986, 63, 1980
2026/08/29 19:06:12.928, 5, 501.45, 95, 76, 48406, 54, 1980
2026/08/29 19:06:12.928, 6, 512.10, 69, 46, 47926, 61, 1980
2026/08/29 19:06:12.928, 7, 502.41, 46, 27, 47644, 51, 1980
2026/08/29 19:06:17.929, 0, 539.62, 65, 46, 50668, 66, 1980
2026/08/29 19:06:17.929, 1, 504.50, 97, 83, 49908, 53, 1980
2026/08/29 19:06:17.929, 2, 511.92, 95, 78, 49268, 54, 1980
2026/08/29 19:06:17.929, 3, 527.87, 100, 81, 49308, 66, 1980
2026/08/29 19:06:17.929, 4, 509.68, 100, 77, 48986, 65, 1980
2026/08/29 19:06:17.929, 5, 514.83, 100, 70, 48406, 54, 1980
2026/08/29 19:06:17.929, 6, 526.72, 98, 59, 47926, 63, 1980
2026/08/29 19:06:17.929, 7, 509.87, 95, 70, 47644, 52, 1980
2026/08/29 19:06:22.929, 0, 531.95, 95, 83, 50668, 66, 1980
2026/08/29 19:06:22.930, 1, 497.77, 97, 82, 49908, 53, 1980
2026/08/29 19:06:22.930, 2, 497.48, 97, 66, 49268, 53, 1980
2026/08/29 19:06:22.930, 3, 516.11, 100, 78, 49308, 64, 1980
2026/08/29 19:06:22.930, 4, 504.50, 97, 58, 48986, 63, 1980
2026/08/29 19:06:22.930, 5, 495.43, 95, 65, 48406, 54, 1980
2026/08/29 19:06:22.930, 6, 508.96, 96, 79, 47926, 63, 1980
2026/08/29 19:06:22.930, 7, 498.92, 100, 67, 47644, 52, 1980
2026/08/29 19:06:27.930, 0, 526.18, 96, 76, 50668, 64, 1980
2026/08/29 19:06:27.932, 1, 484.62, 100, 80, 49908, 54, 1980
2026/08/29 19:06:27.934, 2, 500.98, 99, 85, 49268, 54, 1980
2026/08/29 19:06:27.936, 3, 517.92, 100, 76, 49308, 65, 1980
2026/08/29 19:06:27.936, 4, 492.35, 42, 29, 48986, 64, 1980
2026/08/29 19:06:27.938, 5, 493.49, 86, 55, 48406, 55, 1980
2026/08/29 19:06:27.941, 6, 507.18, 95, 55, 47926, 62, 1980
2026/08/29 19:06:27.943, 7, 491.50, 95, 65, 47644, 51, 1980
2026/08/29 19:06:32.945, 0, 525.11, 95, 68, 50668, 65, 1980
2026/08/29 19:06:32.945, 1, 499.34, 95, 56, 49908, 52, 1980
2026/08/29 19:06:32.945, 2, 504.93, 96, 67, 49268, 52, 1980
2026/08/29 19:06:32.945, 3, 513.36, 86, 49, 49308, 64, 1980
2026/08/29 19:06:32.945, 4, 505.86, 72, 51, 48986, 63, 1980
2026/08/29 19:06:32.945, 5, 493.15, 95, 66, 48406, 53, 1980
2026/08/29 19:06:32.945, 6, 513.30, 95, 74, 47926, 63, 1980
2026/08/29 19:06:32.945, 7, 502.62, 96, 81, 47644, 49, 1980
2026/08/29 19:06:37.945, 0, 540.70, 61, 43, 50668, 66, 1980
2026/08/29 19:06:37.946, 1, 504.79, 87, 60, 49908, 54, 1980
2026/08/29 19:06:37.946, 2, 498.85, 77, 54, 49268, 54, 1980
2026/08/29 19:06:37.946, 3, 527.39, 95, 72, 49308, 64, 1980
2026/08/29 19:06:37.946, 4, 501.73, 95, 74, 48986, 64, 1980
2026/08/29 19:06:37.946, 5, 493.14, 95, 72, 48406, 54, 1980
2026/08/29 19:06:37.946, 6, 518.15, 99, 82, 47926, 62, 1980
2026/08/29 19:06:37.946, 7, 501.48, 50, 34, 47644, 51, 1980
2026/08/29 19:06:42.946, 0, 513.35, 25, 17, 50668, 65, 1980
2026/08/29 19:06:42.946, 1, 485.11, 69, 50, 49908, 51, 1980
2026/08/29 19:06:42.946, 2, 484.06, 56, 40, 49268, 52, 1980
2026/08/29 19:06:42.946, 3, 498.46, 70, 52, 49308, 63, 1980
2026/08/29 19:06:42.946, 4, 494.89, 96, 78, 48986, 63, 1980
2026/08/29 19:06:42.946, 5, 477.61, 46, 33, 48406, 53, 1980
2026/08/29 19:06:42.946, 6, 497.76, 73, 53, 47926, 61, 1980
2026/08/29 19:06:42.946, 7, 487.76, 95, 55, 47644, 51, 1980
2026/08/29 19:06:47.947, 0, 508.52, 58, 35, 50668, 63, 1980
2026/08/29 19:06:47.947, 1, 479.85, 41, 25, 49908, 52, 1980
2026/08/29 19:06:47.947, 2, 499.81, 46, 27, 49268, 52, 1980
2026/08/29 19:06:47.947, 3, 498.98, 46, 30, 49308, 62, 1980
2026/08/29 19:06:47.947, 4, 505.14, 99, 68, 48986, 61, 1980
2026/08/29 19:06:47.947, 5, 494.77, 97, 60, 48406, 52, 1980
2026/08/29 19:06:47.947, 6, 500.47, 95, 52, 47926, 63, 1980
2026/08/29 19:06:47.947, 7, 484.86, 72, 40, 47644, 48, 1980
2026/08/29 19:06:52.948, 0, 521.48, 91, 53, 50668, 63, 1980
2026/08/29 19:06:52.948, 1, 479.38, 95, 76, 49908, 54, 1980
2026/08/29 19:06:52.948, 2, 504.82, 86, 49, 49268, 50, 1980
2026/08/29 19:06:52.948, 3, 527.06, 94, 80, 49308, 64, 1980
2026/08/29 19:06:52.948, 4, 492.80, 93, 52, 48986, 64, 1980
2026/08/29 19:06:52.948, 5, 489.78, 90, 53, 48406, 51, 1980
2026/08/29 19:06:52.948, 6, 523.24, 70, 42, 47926, 63, 1980
2026/08/29 19:06:52.948, 7, 487.29, 47, 29, 47644, 52, 1980
2026/08/29 19:06:57.948, 0, 517.41, 54, 34, 50668, 65, 1980
2026/08/29 19:06:57.950, 1, 473.35, 47, 28, 49908, 52, 1980
2026/08/29 19:06:57.952, 2, 499.66, 45, 27, 49268, 52, 1980
2026/08/29 19:06:57.953, 3, 500.01, 48, 32, 49308, 64, 1980
2026/08/29 19:06:57.954, 4, 492.81, 62, 42, 48986, 62, 1980
2026/08/29 19:06:57.955, 5, 490.08, 89, 56, 48406, 52, 1980
2026/08/29 19:06:57.958, 6, 497.64, 95, 66, 47926, 62, 1980
2026/08/29 19:06:57.960, 7, 481.63, 67, 40, 47644, 50, 1980
2026/08/29 19:07:02.962, 0, 512.64, 99, 69, 50668, 64, 1980
2026/08/29 19:07:02.964, 1, 480.61, 94, 61, 49908, 54, 1980
2026/08/29 19:07:02.972, 2, 490.89, 100, 64, 49268, 50, 1980
2026/08/29 19:07:02.975, 3, 503.16, 95, 55, 49308, 63, 1980
2026/08/29 19:07:02.976, 4, 486.94, 49, 30, 48986, 64, 1980
2026/08/29 19:07:02.979, 5, 485.68, 53, 34, 48406, 52, 1980
2026/08/29 19:07:02.981, 6, 495.17, 70, 43, 47926, 63, 1980
2026/08/29 19:07:02.991, 7, 480.65, 93, 51, 47644, 51, 1980
2026/08/29 19:07:07.996, 0, 532.44, 97, 82, 50668, 65, 1980
2026/08/29 19:07:07.998, 1, 499.55, 99, 77, 49908, 54, 1980
2026/08/29 19:07:08.000, 2, 515.72, 100, 80, 49268, 52, 1980
2026/08/29 19:07:08.003, 3, 527.09, 99, 67, 49308, 64, 1980
2026/08/29 19:07:08.006, 4, 504.84, 99, 62, 48986, 64, 1980
2026/08/29 19:07:08.006, 5, 501.15, 72, 44, 48406, 54, 1980
2026/08/29 19:07:08.006, 6, 520.56, 95, 69, 47926, 64, 1980
2026/08/29 19:07:08.008, 7, 509.43, 95, 76, 47644, 52, 1980
2026/08/29 19:07:13.012, 0, 521.99, 44, 30, 50668, 65, 1980
2026/08/29 19:07:13.012, 1, 468.64, 70, 49, 49908, 51, 1980
2026/08/29 19:07:13.012, 2, 497.55, 55, 39, 49268, 52, 1980
2026/08/29 19:07:13.013, 3, 508.67, 84, 60, 49308, 63, 1980
2026/08/29 19:07:13.013, 4, 484.87, 44, 28, 48986, 63, 1980
2026/08/29 19:07:13.013, 5, 481.42, 50, 35, 48406, 54, 1980
2026/08/29 19:07:13.013, 6, 490.73, 77, 54, 47926, 61, 1980
2026/08/29 19:07:13.013, 7, 474.64, 95, 65, 47644, 51, 1980
2026/08/29 19:07:18.013, 0, 532.62, 97, 59, 50668, 65, 1980
2026/08/29 19:07:18.013, 1, 504.33, 93, 55, 49908, 54, 1980
2026/08/29 19:07:18.013, 2, 518.07, 97, 57, 49268, 54, 1980
2026/08/29 19:07:18.013, 3, 529.98, 100, 86, 49308, 65, 1980
2026/08/29 19:07:18.013, 4, 505.86, 100, 81, 48986, 65, 1980
2026/08/29 19:07:18.013, 5, 489.20, 100, 65, 48406, 54, 1980
2026/08/29 19:07:18.013, 6, 511.32, 100, 65, 47926, 63, 1980
2026/08/29 19:07:18.013, 7, 493.34, 98, 57, 47644, 52, 1980
2026/08/29 19:07:23.014, 0, 510.39, 100, 86, 50668, 66, 1980
2026/08/29 19:07:23.014, 1, 478.65, 100, 74, 49908, 53, 1980
2026/08/29 19:07:23.014, 2, 485.46, 100, 79, 49268, 54, 1980
2026/08/29 19:07:23.014, 3, 507.24, 100, 68, 49308, 63, 1980
2026/08/29 19:07:23.014, 4, 483.42, 98, 51, 48986, 64, 1980
2026/08/29 19:07:23.014, 5, 487.31, 94, 49, 48406, 51, 1980
2026/08/29 19:07:23.014, 6, 502.80, 75, 40, 47926, 63, 1980
2026/08/29 19:07:23.014, 7, 493.91, 100, 65, 47644, 51, 1980
2026/08/29 19:07:28.014, 0, 527.76, 100, 75, 50668, 66, 1980
2026/08/29 19:07:28.016, 1, 495.48, 100, 69, 49908, 54, 1980
2026/08/29 19:07:28.017, 2, 512.97, 100, 72, 49268, 52, 1980
2026/08/29 19:07:28.019, 3, 517.64, 100, 69, 49308, 64, 1980
2026/08/29 19:07:28.021, 4, 498.46, 99, 69, 48986, 65, 1980
2026/08/29 19:07:28.021, 5, 502.14, 100, 75, 48406, 54, 1980
2026/08/29 19:07:28.023, 6, 511.19, 95, 68, 47926, 63, 1980
2026/08/29 19:07:28.025, 7, 497.49, 100, 74, 47644, 52, 1980
2026/08/29 19:07:33.027, 0, 532.97, 71, 48, 50668, 64, 1980
2026/08/29 19:07:33.027, 1, 499.23, 95, 75, 49908, 52, 1980
2026/08/29 19:07:33.030, 2, 511.48, 85, 61, 49268, 52, 1980
2026/08/29 19:07:33.030, 3, 517.32, 95, 77, 49308, 64, 1980
2026/08/29 19:07:33.030, 4, 492.89, 53, 33, 48986, 64, 1980
2026/08/29 19:07:33.030, 5, 495.92, 75, 49, 48406, 53, 1980
2026/08/29 19:07:33.030, 6, 511.20, 95, 71, 47926, 63, 1980
2026/08/29 19:07:33.030, 7, 509.05, 95, 75, 47644, 52, 1980
2026/08/29 19:07:38.031, 0, 523.46, 100, 79, 50668, 66, 1980
2026/08/29 19:07:38.031, 1, 476.72, 100, 65, 49908, 52, 1980
2026/08/29 19:07:38.031, 2, 486.95, 100, 69, 49268, 53, 1980
2026/08/29 19:07:38.031, 3, 503.47, 85, 62, 49308, 64, 1980
2026/08/29 19:07:38.031, 4, 495.27, 95, 61, 48986, 64, 1980
2026/08/29 19:07:38.031, 5, 488.36, 100, 72, 48406, 53, 1980
2026/08/29 19:07:38.031, 6, 510.06, 95, 65, 47926, 63, 1980
2026/08/29 19:07:38.031, 7, 492.89, 100, 78, 47644, 52, 1980
2026/08/29 19:07:43.031, 0, 521.36, 95, 69, 50668, 64, 1980
2026/08/29 19:07:43.032, 1, 485.47, 95, 58, 49908, 52, 1980
2026/08/29 19:07:43.032, 2, 494.81, 95, 59, 49268, 52, 1980
2026/08/29 19:07:43.032, 3, 515.31, 88, 51, 49308, 64, 1980
2026/08/29 19:07:43.032, 4, 503.56, 72, 50, 48986, 62, 1980
2026/08/29 19:07:43.032, 5, 500.80, 97, 60, 48406, 52, 1980
2026/08/29 19:07:43.032, 6, 522.37, 95, 64, 47926, 62, 1980
2026/08/29 19:07:43.032, 7, 507.74, 55, 34, 47644, 50, 1980
2026/08/29 19:07:48.032, 0, 529.53, 99, 82, 50668, 66, 1980
2026/08/29 19:07:48.032, 1, 499.49, 100, 73, 49908, 54, 1980
2026/08/29 19:07:48.032, 2, 513.46, 100, 79, 49268, 53, 1980
2026/08/29 19:07:48.032, 3, 519.04, 100, 68, 49308, 65, 1980
2026/08/29 19:07:48.032, 4, 507.13, 95, 80, 48986, 65, 1980
2026/08/29 19:07:48.032, 5, 509.88, 100, 81, 48406, 55, 1980
2026/08/29 19:07:48.032, 6, 515.86, 95, 70, 47926, 63, 1980
2026/08/29 19:07:48.033, 7, 508.81, 97, 80, 47644, 52, 1980
2026/08/29 19:07:53.033, 0, 510.08, 99, 69, 50668, 66, 1980
2026/08/29 19:07:53.033, 1, 497.82, 96, 62, 49908, 53, 1980
2026/08/29 19:07:53.033, 2, 491.81, 98, 66, 49268, 55, 1980
2026/08/29 19:07:53.033, 3, 527.52, 97, 59, 49308, 64, 1980
2026/08/29 19:07:53.033, 4, 507.81, 100, 70, 48986, 64, 1980
2026/08/29 19:07:53.033, 5, 504.67, 100, 70, 48406, 51, 1980
2026/08/29 19:07:53.033, 6, 515.48, 97, 63, 47926, 63, 1980
2026/08/29 19:07:53.033, 7, 505.02, 93, 56, 47644, 50, 1980
2026/08/29 19:07:58.034, 0, 520.37, 89, 51, 50668, 63, 1980
2026/08/29 19:07:58.034, 1, 483.35, 63, 38, 49908, 53, 1980
2026/08/29 19:07:58.036, 2, 499.02, 82, 48, 49268, 50, 1980
2026/08/29 19:07:58.036, 3, 480.34, 44, 24, 49308, 64, 1980
2026/08/29 19:07:58.038, 4, 470.24, 94, 51, 48986, 64, 1980
2026/08/29 19:07:58.041, 5, 473.70, 87, 47, 48406, 55, 1980
2026/08/29 19:07:58.043, 6, 496.86, 97, 55, 47926, 62, 1980
2026/08/29 19:07:58.046, 7, 486.25, 93, 49, 47644, 50, 1980
2026/08/29 19:08:03.046, 0, 512.70, 91, 56, 50668, 66, 1980
2026/08/29 19:08:03.048, 1, 489.40, 100, 80, 49908, 54, 1980
2026/08/29 19:08:03.049, 2, 486.72, 91, 53, 49268, 51, 1980
2026/08/29 19:08:03.054, 3, 505.36, 100, 69, 49308, 64, 1980
2026/08/29 19:08:03.055, 4, 496.88, 97, 54, 48986, 63, 1980
2026/08/29 19:08:03.058, 5, 495.71, 93, 49, 48406, 52, 1980
2026/08/29 19:08:03.059, 6, 510.50, 85, 47, 47926, 64, 1980
2026/08/29 19:08:03.059, 7, 478.82, 100, 64, 47644, 52, 1980
2026/08/29 19:08:08.060, 0, 523.64, 99, 68, 50668, 63, 1980
2026/08/29 19:08:08.060, 1, 467.64, 94, 60, 49908, 49, 1980
2026/08/29 19:08:08.060, 2, 473.85, 97, 64, 49268, 50, 1980
2026/08/29 19:08:08.060, 3, 487.28, 94, 56, 49308, 64, 1980
2026/08/29 19:08:08.060, 4, 473.85, 45, 29, 48986, 65, 1980
2026/08/29 19:08:08.060, 5, 476.97, 100, 68, 48406, 51, 1980
2026/08/29 19:08:08.060, 6, 480.50, 67, 37, 47926, 60, 1980
2026/08/29 19:08:08.060, 7, 481.91, 100, 63, 47644, 50, 1980
2026/08/29 19:08:13.061, 0, 523.01, 93, 53, 50668, 64, 1980
2026/08/29 19:08:13.061, 1, 498.13, 63, 37, 49908, 51, 1980
2026/08/29 19:08:13.061, 2, 503.70, 83, 47, 49268, 52, 1980
2026/08/29 19:08:13.061, 3, 520.72, 50, 30, 49308, 64, 1980
2026/08/29 19:08:13.061, 4, 493.51, 53, 32, 48986, 63, 1980
2026/08/29 19:08:13.061, 5, 483.39, 89, 48, 48406, 53, 1980
2026/08/29 19:08:13.061, 6, 505.64, 63, 36, 47926, 62, 1980
2026/08/29 19:08:13.061, 7, 492.94, 54, 34, 47644, 49, 1980
2026/08/29 19:08:18.061, 0, 532.71, 100, 76, 50668, 67, 1980
2026/08/29 19:08:18.062, 1, 499.18, 100, 70, 49908, 53, 1980
2026/08/29 19:08:18.062, 2, 514.54, 100, 72, 49268, 54, 1980
2026/08/29 19:08:18.062, 3, 516.63, 99, 69, 49308, 65, 1980
2026/08/29 19:08:18.062, 4, 501.81, 100, 84, 48986, 65, 1980
2026/08/29 19:08:18.062, 5, 493.76, 100, 75, 48406, 55, 1980
2026/08/29 19:08:18.062, 6, 514.77, 95, 77, 47926, 63, 1980
2026/08/29 19:08:18.062, 7, 496.40, 100, 75, 47644, 52, 1980
2026/08/29 19:08:23.062, 0, 524.56, 50, 31, 50668, 64, 1980
2026/08/29 19:08:23.062, 1, 491.26, 99, 59, 49908, 50, 1980
2026/08/29 19:08:23.062, 2, 499.59, 59, 38, 49268, 52, 1980
2026/08/29 19:08:23.062, 3, 498.58, 99, 56, 49308, 64, 1980
2026/08/29 19:08:23.062, 4, 491.58, 95, 74, 48986, 64, 1980
2026/08/29 19:08:23.062, 5, 488.01, 53, 34, 48406, 52, 1980
2026/08/29 19:08:23.062, 6, 513.78, 69, 38, 47926, 61, 1980
2026/08/29 19:08:23.062, 7, 498.86, 95, 76, 47644, 51, 1980
2026/08/29 19:08:28.063, 0, 518.50, 95, 75, 50668, 66, 1980
2026/08/29 19:08:28.065, 1, 495.21, 95, 79, 49908, 54, 1980
2026/08/29 19:08:28.065, 2, 505.38, 95, 76, 49268, 54, 1980
2026/08/29 19:08:28.067, 3, 516.47, 100, 85, 49308, 65, 1980
2026/08/29 19:08:28.069, 4, 506.47, 99, 66, 48986, 65, 1980
2026/08/29 19:08:28.071, 5, 495.23, 100, 60, 48406, 55, 1980
2026/08/29 19:08:28.072, 6, 515.31, 100, 69, 47926, 64, 1980
2026/08/29 19:08:28.073, 7, 488.44, 95, 62, 47644, 52, 1980
2026/08/29 19:08:33.075, 0, 505.71, 94, 55, 50668, 64, 1980
2026/08/29 19:08:33.075, 1, 477.87, 44, 28, 49908, 52, 1980
2026/08/29 19:08:33.076, 2, 482.70, 95, 50, 49268, 52, 1980
2026/08/29 19:08:33.076, 3, 501.23, 41, 29, 49308, 62, 1980
2026/08/29 19:08:33.076, 4, 483.63, 95, 59, 48986, 61, 1980
2026/08/29 19:08:33.076, 5, 481.46, 95, 55, 48406, 52, 1980
2026/08/29 19:08:33.076, 6, 508.57, 91, 50, 47926, 62, 1980
2026/08/29 19:08:33.076, 7, 481.66, 61, 35, 47644, 49, 1980
2026/08/29 19:08:38.076, 0, 524.03, 46, 32, 50668, 65, 1980
2026/08/29 19:08:38.076, 1, 481.94, 78, 56, 49908, 51, 1980
2026/08/29 19:08:38.076, 2, 511.12, 62, 45, 49268, 52, 1980
2026/08/29 19:08:38.076, 3, 515.44, 94, 60, 49308, 63, 1980
2026/08/29 19:08:38.076, 4, 486.33, 46, 29, 48986, 63, 1980
2026/08/29 19:08:38.076, 5, 495.75, 55, 39, 48406, 53, 1980
2026/08/29 19:08:38.077, 6, 492.01, 63, 35, 47926, 61, 1980
2026/08/29 19:08:38.077, 7, 491.14, 49, 32, 47644, 51, 1980
2026/08/29 19:08:43.077, 0, 526.73, 100, 73, 50668, 66, 1980
2026/08/29 19:08:43.077, 1, 503.62, 95, 78, 49908, 54, 1980
2026/08/29 19:08:43.077, 2, 512.89, 100, 70, 49268, 54, 1980
2026/08/29 19:08:43.077, 3, 526.77, 83, 59, 49308, 65, 1980
2026/08/29 19:08:43.077, 4, 507.15, 100, 59, 48986, 64, 1980
2026/08/29 19:08:43.077, 5, 508.39, 100, 65, 48406, 55, 1980
2026/08/29 19:08:43.077, 6, 523.04, 100, 63, 47926, 63, 1980
2026/08/29 19:08:43.077, 7, 510.45, 100, 58, 47644, 51, 1980
2026/08/29 19:08:48.078, 0, 523.96, 97, 60, 50668, 63, 1980
2026/08/29 19:08:48.078, 1, 472.08, 93, 56, 49908, 52, 1980
2026/08/29 19:08:48.078, 2, 497.50, 96, 63, 49268, 52, 1980
2026/08/29 19:08:48.078, 3, 494.47, 94, 50, 49308, 64, 1980
2026/08/29 19:08:48.078, 4, 498.32, 55, 38, 48986, 61, 1980
2026/08/29 19:08:48.078, 5, 482.88, 88, 63, 48406, 52, 1980
2026/08/29 19:08:48.078, 6, 490.54, 44, 27, 47926, 62, 1980
2026/08/29 19:08:48.078, 7, 493.96, 98, 59, 47644, 48, 1980
2026/08/29 19:08:53.078, 0, 501.76, 91, 53, 50668, 65, 1980
2026/08/29 19:08:53.078, 1, 488.50, 56, 39, 49908, 50, 1980
2026/08/29 19:08:53.078, 2, 488.89, 91, 52, 49268, 53, 1980
2026/08/29 19:08:53.078, 3, 523.93, 72, 50, 49308, 61, 1980
2026/08/29 19:08:53.079, 4, 486.57, 94, 56, 48986, 63, 1980
2026/08/29 19:08:53.079, 5, 495.15, 90, 52, 48406, 54, 1980
2026/08/29 19:08:53.079, 6, 520.58, 83, 47, 47926, 60, 1980
2026/08/29 19:08:53.079, 7, 477.93, 45, 29, 47644, 51, 1980
2026/08/29 19:08:58.079, 0, 529.06, 95, 69, 50668, 65, 1980
2026/08/29 19:08:58.080, 1, 499.63, 95, 76, 49908, 53, 1980
2026/08/29 19:08:58.083, 2, 502.97, 95, 62, 49268, 52, 1980
2026/08/29 19:08:58.084, 3, 527.13, 95, 73, 49308, 64, 1980
2026/08/29 19:08:58.086, 4, 510.19, 83, 58, 48986, 64, 1980
2026/08/29 19:08:58.088, 5, 503.08, 95, 60, 48406, 53, 1980
2026/08/29 19:08:58.090, 6, 515.81, 47, 32, 47926, 63, 1980
2026/08/29 19:08:58.091, 7, 499.37, 93, 61, 47644, 50, 1980
2026/08/29 19:09:03.093, 0, 525.35, 100, 86, 50668, 65, 1980
2026/08/29 19:09:03.093, 1, 500.78, 100, 78, 49908, 53, 1980
2026/08/29 19:09:03.096, 2, 500.99, 95, 62, 49268, 52, 1980
2026/08/29 19:09:03.096, 3, 519.21, 100, 66, 49308, 64, 1980
2026/08/29 19:09:03.096, 4, 504.60, 75, 53, 48986, 62, 1980
2026/08/29 19:09:03.098, 5, 505.58, 95, 61, 48406, 53, 1980
2026/08/29 19:09:03.101, 6, 526.93, 95, 67, 47926, 63, 1980
2026/08/29 19:09:03.103, 7, 494.99, 97, 76, 47644, 52, 1980
2026/08/29 19:09:08.103, 0, 504.08, 47, 31, 50668, 64, 1980
2026/08/29 19:09:08.103, 1, 487.49, 99, 64, 49908, 51, 1980
2026/08/29 19:09:08.103, 2, 496.30, 54, 38, 49268, 50, 1980
2026/08/29 19:09:08.103, 3, 515.32, 99, 61, 49308, 63, 1980
2026/08/29 19:09:08.103, 4, 496.58, 44, 28, 48986, 64, 1980
2026/08/29 19:09:08.103, 5, 496.88, 49, 32, 48406, 52, 1980
2026/08/29 19:09:08.104, 6, 506.19, 73, 40, 47926, 60, 1980
2026/08/29 19:09:08.104, 7, 487.44, 50, 31, 47644, 51, 1980
2026/08/29 19:09:13.104, 0, 523.04, 54, 35, 50668, 65, 1980
2026/08/29 19:09:13.104, 1, 494.04, 81, 56, 49908, 51, 1980
2026/08/29 19:09:13.104, 2, 490.39, 82, 44, 49268, 52, 1980
2026/08/29 19:09:13.104, 3, 523.98, 95, 72, 49308, 64, 1980
2026/08/29 19:09:13.104, 4, 498.73, 98, 54, 48986, 64, 1980
2026/08/29 19:09:13.104, 5, 501.64, 91, 48, 48406, 52, 1980
2026/08/29 19:09:13.104, 6, 508.92, 100, 79, 47926, 62, 1980
2026/08/29 19:09:13.104, 7, 495.36, 54, 34, 47644, 52, 1980
2026/08/29 19:09:18.104, 0, 525.20, 45, 29, 50668, 66, 1980
2026/08/29 19:09:18.105, 1, 486.07, 67, 46, 49908, 51, 1980
2026/08/29 19:09:18.105, 2, 499.02, 50, 34, 49268, 53, 1980
2026/08/29 19:09:18.105, 3, 513.38, 85, 60, 49308, 64, 1980
2026/08/29 19:09:18.105, 4, 499.27, 43, 27, 48986, 64, 1980
2026/08/29 19:09:18.105, 5, 489.38, 47, 31, 48406, 54, 1980
2026/08/29 19:09:18.105, 6, 501.01, 77, 42, 47926, 62, 1980
2026/08/29 19:09:18.105, 7, 493.94, 44, 26, 47644, 51, 1980
2026/08/29 19:09:23.105, 0, 540.91, 99, 85, 50668, 65, 1980
2026/08/29 19:09:23.105, 1, 500.08, 100, 72, 49908, 53, 1980
2026/08/29 19:09:23.105, 2, 502.90, 95, 65, 49268, 52, 1980
2026/08/29 19:09:23.105, 3, 521.09, 95, 78, 49308, 64, 1980
2026/08/29 19:09:23.105, 4, 511.17, 95, 76, 48986, 63, 1980
2026/08/29 19:09:23.105, 5, 503.84, 89, 57, 48406, 53, 1980
2026/08/29 19:09:23.105, 6, 519.57, 95, 72, 47926, 63, 1980
2026/08/29 19:09:23.105, 7, 505.76, 97, 75, 47644, 52, 1980
2026/08/29 19:09:28.106, 0, 515.05, 90, 50, 50668, 67, 1980
2026/08/29 19:09:28.106, 1, 495.76, 100, 77, 49908, 53, 1980
2026/08/29 19:09:28.107, 2, 492.92, 80, 44, 49268, 50, 1980
2026/08/29 19:09:28.111, 3, 516.30, 100, 66, 49308, 64, 1980
2026/08/29 19:09:28.114, 4, 488.61, 94, 52, 48986, 64, 1980
2026/08/29 19:09:28.117, 5, 487.68, 88, 47, 48406, 56, 1980
2026/08/29 19:09:28.119, 6, 490.82, 98, 58, 47926, 62, 1980
2026/08/29 19:09:28.120, 7, 482.94, 93, 50, 47644, 52, 1980
2026/08/29 19:09:33.122, 0, 499.23, 93, 57, 50668, 65, 1980
2026/08/29 19:09:33.122, 1, 491.73, 86, 51, 49908, 53, 1980
2026/08/29 19:09:33.122, 2, 497.28, 100, 64, 49268, 51, 1980
2026/08/29 19:09:33.122, 3, 509.50, 98, 58, 49308, 61, 1980
2026/08/29 19:09:33.122, 4, 502.73, 90, 64, 48986, 64, 1980
2026/08/29 19:09:33.122, 5, 490.62, 47, 31, 48406, 53, 1980
2026/08/29 19:09:33.122, 6, 490.07, 55, 38, 47926, 60, 1980
2026/08/29 19:09:33.122, 7, 481.42, 98, 52, 47644, 51, 1980
2026/08/29 19:09:38.123, 0, 528.30, 99, 71, 50668, 67, 1980
2026/08/29 19:09:38.123, 1, 497.45, 94, 56, 49908, 54, 1980
2026/08/29 19:09:38.123, 2, 501.05, 98, 62, 49268, 50, 1980
2026/08/29 19:09:38.123, 3, 500.45, 94, 54, 49308, 64, 1980
2026/08/29 19:09:38.123, 4, 505.26, 100, 79, 48986, 65, 1980
2026/08/29 19:09:38.123, 5, 515.24, 100, 68, 48406, 55, 1980
2026/08/29 19:09:38.123, 6, 510.51, 95, 78, 47926, 64, 1980
2026/08/29 19:09:38.123, 7, 509.34, 99, 74, 47644, 51, 1980
2026/08/29 19:09:43.123, 0, 519.37, 95, 83, 50668, 67, 1980
2026/08/29 19:09:43.123, 1, 493.93, 100, 75, 49908, 52, 1980
2026/08/29 19:09:43.123, 2, 488.87, 96, 58, 49268, 52, 1980
2026/08/29 19:09:43.123, 3, 512.65, 95, 70, 49308, 64, 1980
2026/08/29 19:09:43.123, 4, 509.27, 95, 75, 48986, 64, 1980
2026/08/29 19:09:43.123, 5, 500.38, 96, 63, 48406, 53, 1980
2026/08/29 19:09:43.123, 6, 522.47, 95, 63, 47926, 63, 1980
2026/08/29 19:09:43.123, 7, 481.19, 95, 72, 47644, 52, 1980
2026/08/29 19:09:48.124, 0, 504.91, 43, 26, 50668, 66, 1980
2026/08/29 19:09:48.124, 1, 490.82, 99, 67, 49908, 51, 1980
2026/08/29 19:09:48.124, 2, 488.08, 45, 28, 49268, 53, 1980
2026/08/29 19:09:48.124, 3, 498.18, 99, 66, 49308, 62, 1980
2026/08/29 19:09:48.124, 4, 482.00, 70, 41, 48986, 62, 1980
2026/08/29 19:09:48.124, 5, 497.66, 42, 26, 48406, 55, 1980
2026/08/29 19:09:48.124, 6, 504.17, 90, 52, 47926, 62, 1980
2026/08/29 19:09:48.124, 7, 487.92, 55, 33, 47644, 50, 1980
2026/08/29 19:09:53.124, 0, 519.22, 85, 60, 50668, 67, 1980
2026/08/29 19:09:53.124, 1, 504.05, 95, 76, 49908, 53, 1980
2026/08/29 19:09:53.124, 2, 499.47, 47, 30, 49268, 53, 1980
2026/08/29 19:09:53.124, 3, 524.64, 51, 32, 49308, 66, 1980
2026/08/29 19:09:53.125, 4, 508.95, 60, 40, 48986, 64, 1980
2026/08/29 19:09:53.125, 5, 504.58, 100, 82, 48406, 55, 1980
2026/08/29 19:09:53.125, 6, 511.49, 100, 70, 47926, 63, 1980
2026/08/29 19:09:53.125, 7, 487.71, 75, 48, 47644, 53, 1980
2026/08/29 19:09:58.125, 0, 535.44, 100, 81, 50668, 67, 1980
2026/08/29 19:09:58.126, 1, 495.78, 100, 70, 49908, 54, 1980
2026/08/29 19:09:58.126, 2, 507.69, 100, 78, 49268, 53, 1980
2026/08/29 19:09:58.128, 3, 516.48, 100, 69, 49308, 66, 1980
2026/08/29 19:09:58.130, 4, 512.22, 95, 80, 48986, 65, 1980
2026/08/29 19:09:58.132, 5, 506.02, 100, 81, 48406, 55, 1980
2026/08/29 19:09:58.134, 6, 519.19, 96, 55, 47926, 64, 1980
2026/08/29 19:09:58.134, 7, 511.37, 100, 82, 47644, 53, 1980
2026/08/29 19:10:03.136, 0, 532.32, 100, 85, 50668, 67, 1980
2026/08/29 19:10:03.138, 1, 497.85, 100, 70, 49908, 54, 1980
2026/08/29 19:10:03.139, 2, 510.09, 95, 63, 49268, 53, 1980
2026/08/29 19:10:03.141, 3, 520.41, 95, 75, 49308, 65, 1980
2026/08/29 19:10:03.142, 4, 511.87, 95, 75, 48986, 65, 1980
2026/08/29 19:10:03.144, 5, 494.12, 91, 59, 48406, 55, 1980
2026/08/29 19:10:03.145, 6, 516.62, 95, 70, 47926, 63, 1980
2026/08/29 19:10:03.147, 7, 505.31, 96, 76, 47644, 53, 1980
2026/08/29 19:10:08.148, 0, 524.05, 95, 80, 50668, 67, 1980
2026/08/29 19:10:08.149, 1, 502.55, 43, 27, 49908, 52, 1980
2026/08/29 19:10:08.149, 2, 503.05, 97, 83, 49268, 54, 1980
2026/08/29 19:10:08.149, 3, 532.03, 100, 76, 49308, 65, 1980
2026/08/29 19:10:08.149, 4, 507.67, 95, 77, 48986, 65, 1980
2026/08/29 19:10:08.149, 5, 514.57, 96, 76, 48406, 53, 1980
2026/08/29 19:10:08.149, 6, 525.16, 95, 68, 47926, 63, 1980
2026/08/29 19:10:08.149, 7, 513.05, 95, 77, 47644, 52, 1980
2026/08/29 19:10:13.149, 0, 527.99, 74, 44, 50668, 65, 1980
2026/08/29 19:10:13.149, 1, 498.11, 42, 25, 49908, 52, 1980
2026/08/29 19:10:13.149, 2, 499.24, 96, 56, 49268, 51, 1980
2026/08/29 19:10:13.149, 3, 507.65, 93, 51, 49308, 64, 1980
2026/08/29 19:10:13.149, 4, 500.57, 95, 67, 48986, 65, 1980
2026/08/29 19:10:13.149, 5, 478.23, 73, 50, 48406, 52, 1980
2026/08/29 19:10:13.149, 6, 498.84, 95, 60, 47926, 63, 1980
2026/08/29 19:10:13.150, 7, 495.98, 87, 47, 47644, 52, 1980
2026/08/29 19:10:18.151, 0, 507.54, 97, 64, 50668, 63, 1980
2026/08/29 19:10:18.151, 1, 490.35, 97, 59, 49908, 53, 1980
2026/08/29 19:10:18.151, 2, 487.40, 97, 62, 49268, 52, 1980
2026/08/29 19:10:18.151, 3, 512.01, 95, 59, 49308, 65, 1980
2026/08/29 19:10:18.151, 4, 483.02, 99, 69, 48986, 63, 1980
2026/08/29 19:10:18.151, 5, 476.84, 100, 60, 48406, 55, 1980
2026/08/29 19:10:18.151, 6, 492.30, 47, 25, 47926, 63, 1980
2026/08/29 19:10:18.151, 7, 476.42, 100, 64, 47644, 49, 1980
2026/08/29 19:10:23.151, 0, 536.97, 85, 60, 50668, 65, 1980
2026/08/29 19:10:23.152, 1, 483.23, 95, 74, 49908, 53, 1980
2026/08/29 19:10:23.152, 2, 493.47, 45, 29, 49268, 53, 1980
2026/08/29 19:10:23.152, 3, 497.46, 46, 31, 49308, 64, 1980
2026/08/29 19:10:23.152, 4, 497.01, 64, 44, 48986, 63, 1980
2026/08/29 19:10:23.152, 5, 483.88, 49, 26, 48406, 53, 1980
2026/08/29 19:10:23.152, 6, 489.87, 50, 31, 47926, 63, 1980
2026/08/29 19:10:23.152, 7, 495.67, 81, 48, 47644, 51, 1980
2026/08/29 19:10:28.152, 0, 523.10, 99, 69, 50668, 66, 1980
2026/08/29 19:10:28.152, 1, 491.27, 95, 62, 49908, 54, 1980
2026/08/29 19:10:28.154, 2, 503.57, 99, 69, 49268, 54, 1980
2026/08/29 19:10:28.154, 3, 515.12, 96, 60, 49308, 66, 1980
2026/08/29 19:10:28.156, 4, 505.03, 100, 70, 48986, 65, 1980
2026/08/29 19:10:28.157, 5, 491.99, 100, 80, 48406, 54, 1980
2026/08/29 19:10:28.158, 6, 508.82, 100, 72, 47926, 64, 1980
2026/08/29 19:10:28.160, 7, 496.52, 100, 64, 47644, 52, 1980
2026/08/29 19:10:33.162, 0, 509.04, 99, 68, 50668, 63, 1980
2026/08/29 19:10:33.162, 1, 484.39, 99, 62, 49908, 51, 1980
2026/08/29 19:10:33.162, 2, 491.31, 71, 50, 49268, 55, 1980
2026/08/29 19:10:33.162, 3, 509.27, 100, 67, 49308, 65, 1980
2026/08/29 19:10:33.162, 4, 482.38, 50, 31, 48986, 64, 1980
2026/08/29 19:10:33.162, 5, 490.41, 83, 45, 48406, 51, 1980
2026/08/29 19:10:33.162, 6, 507.49, 55, 30, 47926, 62, 1980
2026/08/29 19:10:33.162, 7, 490.99, 52, 34, 47644, 49, 1980
2026/08/29 19:10:38.162, 0, 518.49, 77, 45, 50668, 65, 1980
2026/08/29 19:10:38.163, 1, 496.28, 49, 26, 49908, 52, 1980
2026/08/29 19:10:38.163, 2, 492.31, 64, 35, 49268, 53, 1980
2026/08/29 19:10:38.163, 3, 509.75, 51, 31, 49308, 64, 1980
2026/08/29 19:10:38.163, 4, 482.52, 97, 52, 48986, 63, 1980
2026/08/29 19:10:38.163, 5, 498.65, 69, 46, 48406, 51, 1980
2026/08/29 19:10:38.163, 6, 508.07, 95, 73, 47926, 63, 1980
2026/08/29 19:10:38.163, 7, 488.83, 92, 49, 47644, 51, 1980
2026/08/29 19:10:43.163, 0, 522.66, 74, 51, 50668, 64, 1980
2026/08/29 19:10:43.163, 1, 492.14, 95, 70, 49908, 52, 1980
2026/08/29 19:10:43.163, 2, 495.88, 53, 29, 49268, 52, 1980
2026/08/29 19:10:43.163, 3, 503.81, 95, 74, 49308, 64, 1980
2026/08/29 19:10:43.163, 4, 496.42, 46, 32, 48986, 64, 1980
2026/08/29 19:10:43.163, 5, 489.55, 63, 34, 48406, 53, 1980
2026/08/29 19:10:43.163, 6, 507.34, 100, 53, 47926, 62, 1980
2026/08/29 19:10:43.163, 7, 494.56, 64, 44, 47644, 49, 1980
2026/08/29 19:10:48.164, 0, 509.95, 96, 55, 50668, 63, 1980
2026/08/29 19:10:48.164, 1, 472.79, 100, 74, 49908, 53, 1980
2026/08/29 19:10:48.164, 2, 499.94, 90, 48, 49268, 50, 1980
2026/08/29 19:10:48.164, 3, 486.93, 53, 29, 49308, 64, 1980
2026/08/29 19:10:48.164, 4, 495.51, 98, 51, 48986, 65, 1980
2026/08/29 19:10:48.164, 5, 477.39, 100, 65, 48406, 51, 1980
2026/08/29 19:10:48.164, 6, 502.56, 100, 61, 47926, 60, 1980
2026/08/29 19:10:48.164, 7, 506.46, 96, 52, 47644, 51, 1980
2026/08/29 19:10:53.164, 0, 509.55, 72, 43, 50668, 64, 1980
2026/08/29 19:10:53.164, 1, 479.39, 41, 25, 49908, 52, 1980
2026/08/29 19:10:53.164, 2, 491.39, 81, 57, 49268, 51, 1980
2026/08/29 19:10:53.164, 3, 501.36, 39, 22, 49308, 64, 1980
2026/08/29 19:10:53.164, 4, 491.29, 95, 75, 48986, 64, 1980
2026/08/29 19:10:53.164, 5, 496.20, 76, 53, 48406, 51, 1980
2026/08/29 19:10:53.164, 6, 512.65, 42, 24, 47926, 62, 1980
2026/08/29 19:10:53.164, 7, 476.70, 95, 69, 47644, 51, 1980
2026/08/29 19:10:58.165, 0, 537.95, 50, 31, 50668, 67, 1980
2026/08/29 19:10:58.170, 1, 506.20, 73, 47, 49908, 52, 1980
2026/08/29 19:10:58.172, 2, 520.67, 58, 39, 49268, 54, 1980
2026/08/29 19:10:58.174, 3, 533.95, 87, 63, 49308, 65, 1980
2026/08/29 19:10:58.178, 4, 505.96, 49, 31, 48986, 64, 1980
2026/08/29 19:10:58.192, 5, 497.39, 95, 79, 48406, 55, 1980
2026/08/29 19:10:58.198, 6, 520.78, 100, 81, 47926, 64, 1980
2026/08/29 19:10:58.203, 7, 504.54, 99, 60, 47644, 52, 1980
2026/08/29 19:11:03.208, 0, 501.86, 99, 64, 50668, 67, 1980
2026/08/29 19:11:03.208, 1, 479.18, 99, 59, 49908, 53, 1980
2026/08/29 19:11:03.208, 2, 506.77, 99, 62, 49268, 53, 1980
2026/08/29 19:11:03.208, 3, 499.52, 96, 58, 49308, 65, 1980
2026/08/29 19:11:03.208, 4, 503.82, 99, 69, 48986, 62, 1980
2026/08/29 19:11:03.208, 5, 497.77, 69, 40, 48406, 55, 1980
2026/08/29 19:11:03.208, 6, 516.82, 42, 25, 47926, 63, 1980
2026/08/29 19:11:03.208, 7, 487.63, 100, 62, 47644, 48, 1980
2026/08/29 19:11:08.208, 0, 506.87, 49, 32, 50668, 65, 1980
2026/08/29 19:11:08.208, 1, 475.15, 76, 52, 49908, 52, 1980
2026/08/29 19:11:08.208, 2, 489.30, 58, 39, 49268, 52, 1980
2026/08/29 19:11:08.208, 3, 505.02, 88, 61, 49308, 64, 1980
2026/08/29 19:11:08.208, 4, 495.92, 50, 32, 48986, 64, 1980
2026/08/29 19:11:08.208, 5, 482.74, 96, 52, 48406, 53, 1980
2026/08/29 19:11:08.209, 6, 518.45, 71, 39, 47926, 62, 1980
2026/08/29 19:11:08.209, 7, 481.71, 52, 32, 47644, 51, 1980
2026/08/29 19:11:13.209, 0, 535.84, 99, 69, 50668, 66, 1980
2026/08/29 19:11:13.209, 1, 501.96, 95, 72, 49908, 54, 1980
2026/08/29 19:11:13.209, 2, 503.68, 99, 69, 49268, 54, 1980
2026/08/29 19:11:13.209, 3, 523.00, 97, 60, 49308, 65, 1980
2026/08/29 19:11:13.209, 4, 507.17, 100, 69, 48986, 65, 1980
2026/08/29 19:11:13.209, 5, 500.48, 99, 81, 48406, 55, 1980
2026/08/29 19:11:13.209, 6, 519.08, 95, 65, 47926, 63, 1980
2026/08/29 19:11:13.209, 7, 496.02, 100, 64, 47644, 52, 1980
2026/08/29 19:11:18.210, 0, 522.27, 99, 69, 50668, 66, 1980
2026/08/29 19:11:18.210, 1, 478.10, 99, 70, 49908, 51, 1980
2026/08/29 19:11:18.210, 2, 492.93, 100, 69, 49268, 53, 1980
2026/08/29 19:11:18.210, 3, 508.52, 95, 64, 49308, 61, 1980
2026/08/29 19:11:18.210, 4, 475.15, 63, 35, 48986, 63, 1980
2026/08/29 19:11:18.210, 5, 488.77, 94, 48, 48406, 54, 1980
2026/08/29 19:11:18.210, 6, 497.02, 92, 48, 47926, 61, 1980
2026/08/29 19:11:18.210, 7, 480.54, 51, 27, 47644, 51, 1980
2026/08/29 19:11:23.210, 0, 514.80, 33, 19, 50668, 65, 1980
2026/08/29 19:11:23.210, 1, 488.02, 51, 35, 49908, 52, 1980
2026/08/29 19:11:23.210, 2, 485.71, 47, 29, 49268, 53, 1980
2026/08/29 19:11:23.210, 3, 502.90, 60, 41, 49308, 61, 1980
2026/08/29 19:11:23.210, 4, 482.32, 54, 34, 48986, 63, 1980
2026/08/29 19:11:23.210, 5, 472.81, 95, 56, 48406, 53, 1980
2026/08/29 19:11:23.211, 6, 491.27, 48, 33, 47926, 63, 1980
2026/08/29 19:11:23.211, 7, 481.98, 43, 25, 47644, 50, 1980
2026/08/29 19:11:28.211, 0, 533.40, 99, 68, 50668, 66, 1980
2026/08/29 19:11:28.212, 1, 498.94, 100, 78, 49908, 54, 1980
2026/08/29 19:11:28.213, 2, 514.98, 100, 83, 49268, 54, 1980
2026/08/29 19:11:28.215, 3, 530.72, 100, 74, 49308, 66, 1980
2026/08/29 19:11:28.217, 4, 521.03, 94, 80, 48986, 65, 1980
2026/08/29 19:11:28.219, 5, 501.50, 87, 58, 48406, 55, 1980
2026/08/29 19:11:28.221, 6, 531.64, 99, 62, 47926, 64, 1980
2026/08/29 19:11:28.221, 7, 511.10, 95, 81, 47644, 53, 1980
2026/08/29 19:11:33.224, 0, 517.83, 96, 59, 50668, 67, 1980
2026/08/29 19:11:33.224, 1, 483.79, 86, 50, 49908, 55, 1980
2026/08/29 19:11:33.224, 2, 502.95, 95, 57, 49268, 51, 1980
2026/08/29 19:11:33.224, 3, 516.93, 69, 42, 49308, 65, 1980
2026/08/29 19:11:33.224, 4, 515.61, 99, 61, 48986, 64, 1980
2026/08/29 19:11:33.224, 5, 506.64, 100, 69, 48406, 53, 1980
2026/08/29 19:11:33.224, 6, 512.14, 100, 78, 47926, 64, 1980
2026/08/29 19:11:33.224, 7, 504.91, 100, 53, 47644, 52, 1980
2026/08/29 19:11:38.224, 0, 514.50, 99, 62, 50668, 64, 1980
2026/08/29 19:11:38.225, 1, 483.29, 99, 70, 49908, 52, 1980
2026/08/29 19:11:38.225, 2, 504.25, 100, 71, 49268, 54, 1980
2026/08/29 19:11:38.225, 3, 503.79, 100, 65, 49308, 62, 1980
2026/08/29 19:11:38.225, 4, 480.17, 82, 45, 48986, 61, 1980
2026/08/29 19:11:38.225, 5, 499.70, 100, 57, 48406, 53, 1980
2026/08/29 19:11:38.225, 6, 493.79, 96, 54, 47926, 62, 1980
2026/08/29 19:11:38.225, 7, 479.25, 67, 37, 47644, 49, 1980
2026/08/29 19:11:43.225, 0, 522.51, 42, 27, 50668, 65, 1980
2026/08/29 19:11:43.225, 1, 470.94, 61, 43, 49908, 52, 1980
2026/08/29 19:11:43.225, 2, 480.25, 47, 32, 49268, 53, 1980
2026/08/29 19:11:43.225, 3, 493.39, 74, 51, 49308, 62, 1980
2026/08/29 19:11:43.225, 4, 483.95, 45, 24, 48986, 63, 1980
2026/08/29 19:11:43.225, 5, 482.87, 95, 65, 48406, 53, 1980
2026/08/29 19:11:43.225, 6, 502.43, 57, 40, 47926, 63, 1980
2026/08/29 19:11:43.225, 7, 491.73, 42, 27, 47644, 51, 1980
2026/08/29 19:11:48.226, 0, 526.47, 53, 33, 50668, 64, 1980
2026/08/29 19:11:48.226, 1, 492.25, 95, 57, 49908, 53, 1980
2026/08/29 19:11:48.226, 2, 494.35, 99, 58, 49268, 54, 1980
2026/08/29 19:11:48.226, 3, 522.22, 95, 55, 49308, 62, 1980
2026/08/29 19:11:48.226, 4, 482.86, 99, 65, 48986, 62, 1980
2026/08/29 19:11:48.226, 5, 481.35, 95, 78, 48406, 54, 1980
2026/08/29 19:11:48.226, 6, 501.14, 48, 29, 47926, 63, 1980
2026/08/29 19:11:48.226, 7, 487.47, 99, 59, 47644, 50, 1980
2026/08/29 19:11:53.226, 0, 527.27, 95, 80, 50668, 65, 1980
2026/08/29 19:11:53.227, 1, 500.67, 100, 80, 49908, 52, 1980
2026/08/29 19:11:53.227, 2, 509.78, 100, 85, 49268, 55, 1980
2026/08/29 19:11:53.227, 3, 519.74, 100, 76, 49308, 64, 1980
2026/08/29 19:11:53.227, 4, 511.73, 95, 79, 48986, 65, 1980
2026/08/29 19:11:53.227, 5, 499.48, 93, 58, 48406, 54, 1980
2026/08/29 19:11:53.227, 6, 522.61, 47, 29, 47926, 63, 1980
2026/08/29 19:11:53.227, 7, 498.09, 95, 70, 47644, 52, 1980
2026/08/29 19:11:58.227, 0, 522.82, 100, 69, 50668, 65, 1980
2026/08/29 19:11:58.232, 1, 490.07, 100, 83, 49908, 55, 1980
2026/08/29 19:11:58.246, 2, 487.56, 96, 56, 49268, 51, 1980
2026/08/29 19:11:58.255, 3, 494.57, 66, 39, 49308, 65, 1980
2026/08/29 19:11:58.256, 4, 500.19, 99, 60, 48986, 64, 1980
2026/08/29 19:11:58.258, 5, 489.04, 100, 69, 48406, 53, 1980
2026/08/29 19:11:58.260, 6, 516.94, 99, 68, 47926, 60, 1980
2026/08/29 19:11:58.262, 7, 488.96, 98, 51, 47644, 52, 1980
2026/08/29 19:12:03.270, 0, 508.99, 97, 58, 50668, 65, 1980
2026/08/29 19:12:03.270, 1, 468.15, 89, 50, 49908, 52, 1980
2026/08/29 19:12:03.270, 2, 490.43, 95, 56, 49268, 53, 1980
2026/08/29 19:12:03.270, 3, 498.50, 99, 64, 49308, 61, 1980
2026/08/29 19:12:03.270, 4, 482.45, 89, 55, 48986, 63, 1980
2026/08/29 19:12:03.270, 5, 492.27, 52, 32, 48406, 54, 1980
2026/08/29 19:12:03.270, 6, 512.24, 90, 51, 47926, 61, 1980
2026/08/29 19:12:03.271, 7, 480.83, 95, 63, 47644, 51, 1980
2026/08/29 19:12:08.271, 0, 521.02, 38, 23, 50668, 66, 1980
2026/08/29 19:12:08.271, 1, 493.92, 89, 50, 49908, 50, 1980
2026/08/29 19:12:08.271, 2, 502.11, 91, 54, 49268, 53, 1980
2026/08/29 19:12:08.271, 3, 519.17, 76, 44, 49308, 63, 1980
2026/08/29 19:12:08.271, 4, 484.81, 94, 58, 48986, 62, 1980
2026/08/29 19:12:08.271, 5, 490.40, 45, 27, 48406, 54, 1980
2026/08/29 19:12:08.271, 6, 505.35, 44, 31, 47926, 63, 1980
2026/08/29 19:12:08.271, 7, 476.29, 96, 53, 47644, 51, 1980
2026/08/29 19:12:13.272, 0, 512.77, 40, 25, 50668, 65, 1980
2026/08/29 19:12:13.272, 1, 491.23, 49, 33, 49908, 53, 1980
2026/08/29 19:12:13.272, 2, 506.41, 49, 30, 49268, 53, 1980
2026/08/29 19:12:13.272, 3, 493.87, 56, 38, 49308, 61, 1980
2026/08/29 19:12:13.272, 4, 493.65, 64, 36, 48986, 62, 1980
2026/08/29 19:12:13.272, 5, 488.13, 99, 53, 48406, 53, 1980
2026/08/29 19:12:13.272, 6, 507.78, 46, 30, 47926, 61, 1980
2026/08/29 19:12:13.272, 7, 497.95, 51, 29, 47644, 51, 1980
2026/08/29 19:12:18.272, 0, 514.83, 88, 60, 50668, 65, 1980
2026/08/29 19:12:18.272, 1, 486.76, 99, 68, 49908, 52, 1980
2026/08/29 19:12:18.272, 2, 486.24, 46, 30, 49268, 53, 1980
2026/08/29 19:12:18.272, 3, 504.82, 45, 30, 49308, 64, 1980
2026/08/29 19:12:18.272, 4, 477.77, 77, 45, 48986, 62, 1980
2026/08/29 19:12:18.272, 5, 468.90, 98, 55, 48406, 53, 1980
2026/08/29 19:12:18.273, 6, 492.69, 93, 51, 47926, 63, 1980
2026/08/29 19:12:18.273, 7, 473.64, 63, 35, 47644, 51, 1980
2026/08/29 19:12:23.273, 0, 531.26, 48, 31, 50668, 66, 1980
2026/08/29 19:12:23.273, 1, 506.33, 72, 50, 49908, 54, 1980
2026/08/29 19:12:23.273, 2, 523.27, 100, 68, 49268, 54, 1980
2026/08/29 19:12:23.273, 3, 518.32, 85, 57, 49308, 64, 1980
2026/08/29 19:12:23.273, 4, 509.06, 100, 80, 48986, 64, 1980
2026/08/29 19:12:23.273, 5, 506.30, 95, 78, 48406, 54, 1980
2026/08/29 19:12:23.273, 6, 524.62, 68, 46, 47926, 62, 1980
2026/08/29 19:12:23.273, 7, 509.83, 100, 76, 47644, 52, 1980
2026/08/29 19:12:28.274, 0, 538.92, 100, 71, 50668, 67, 1980
2026/08/29 19:12:28.276, 1, 504.18, 99, 69, 49908, 54, 1980
2026/08/29 19:12:28.277, 2, 510.70, 100, 86, 49268, 55, 1980
2026/08/29 19:12:28.277, 3, 507.92, 100, 72, 49308, 65, 1980
2026/08/29 19:12:28.279, 4, 495.81, 95, 74, 48986, 65, 1980
2026/08/29 19:12:28.281, 5, 495.65, 100, 65, 48406, 55, 1980
2026/08/29 19:12:28.281, 6, 512.74, 100, 64, 47926, 65, 1980
2026/08/29 19:12:28.283, 7, 499.75, 95, 74, 47644, 52, 1980
2026/08/29 19:12:33.285, 0, 505.20, 41, 27, 50668, 65, 1980
2026/08/29 19:12:33.285, 1, 470.61, 52, 37, 49908, 52, 1980
2026/08/29 19:12:33.285, 2, 472.42, 40, 28, 49268, 53, 1980
2026/08/29 19:12:33.285, 3, 487.50, 71, 51, 49308, 61, 1980
2026/08/29 19:12:33.285, 4, 481.29, 40, 25, 48986, 63, 1980
2026/08/29 19:12:33.285, 5, 458.86, 95, 56, 48406, 54, 1980
2026/08/29 19:12:33.285, 6, 490.37, 61, 43, 47926, 63, 1980
2026/08/29 19:12:33.285, 7, 466.58, 43, 26, 47644, 50, 1980
2026/08/29 19:12:38.286, 0, 517.67, 85, 60, 50668, 64, 1980
2026/08/29 19:12:38.286, 1, 493.27, 33, 18, 49908, 53, 1980
2026/08/29 19:12:38.286, 2, 485.46, 44, 25, 49268, 52, 1980
2026/08/29 19:12:38.286, 3, 508.19, 44, 28, 49308, 65, 1980
2026/08/29 19:12:38.286, 4, 480.48, 85, 49, 48986, 62, 1980
2026/08/29 19:12:38.286, 5, 475.73, 100, 58, 48406, 53, 1980
2026/08/29 19:12:38.286, 6, 493.04, 98, 54, 47926, 63, 1980
2026/08/29 19:12:38.286, 7, 479.78, 71, 39, 47644, 49, 1980
2026/08/29 19:12:43.286, 0, 524.98, 100, 69, 50668, 66, 1980
2026/08/29 19:12:43.286, 1, 478.49, 97, 59, 49908, 50, 1980
2026/08/29 19:12:43.286, 2, 468.54, 50, 31, 49268, 52, 1980
2026/08/29 19:12:43.286, 3, 492.29, 98, 58, 49308, 62, 1980
2026/08/29 19:12:43.287, 4, 474.05, 57, 30, 48986, 63, 1980
2026/08/29 19:12:43.287, 5, 471.00, 94, 50, 48406, 54, 1980
2026/08/29 19:12:43.287, 6, 491.36, 92, 48, 47926, 64, 1980
2026/08/29 19:12:43.287, 7, 476.70, 45, 24, 47644, 51, 1980
2026/08/29 19:12:48.287, 0, 503.52, 97, 54, 50668, 66, 1980
2026/08/29 19:12:48.287, 1, 475.29, 90, 50, 49908, 54, 1980
2026/08/29 19:12:48.287, 2, 491.02, 100, 66, 49268, 52, 1980
2026/08/29 19:12:48.287, 3, 491.53, 100, 62, 49308, 65, 1980
2026/08/29 19:12:48.287, 4, 503.90, 99, 77, 48986, 63, 1980
2026/08/29 19:12:48.287, 5, 499.76, 98, 50, 48406, 55, 1980
2026/08/29 19:12:48.287, 6, 510.81, 96, 47, 47926, 61, 1980
2026/08/29 19:12:48.287, 7, 497.05, 100, 73, 47644, 51, 1980
2026/08/29 19:12:53.288, 0, 511.81, 96, 58, 50668, 65, 1980
2026/08/29 19:12:53.289, 1, 493.38, 86, 49, 49908, 50, 1980
2026/08/29 19:12:53.291, 2, 485.28, 96, 56, 49268, 52, 1980
2026/08/29 19:12:53.291, 3, 511.67, 70, 41, 49308, 61, 1980
2026/08/29 19:12:53.292, 4, 496.66, 99, 60, 48986, 63, 1980
2026/08/29 19:12:53.294, 5, 477.47, 47, 29, 48406, 54, 1980
2026/08/29 19:12:53.296, 6, 505.05, 52, 37, 47926, 64, 1980
2026/08/29 19:12:53.299, 7, 476.81, 100, 52, 47644, 51, 1980
2026/08/29 19:12:58.299, 0, 507.10, 61, 41, 50668, 65, 1980
2026/08/29 19:12:58.303, 1, 464.24, 50, 30, 49908, 52, 1980
2026/08/29 19:12:58.304, 2, 476.91, 70, 39, 49268, 51, 1980
2026/08/29 19:12:58.306, 3, 490.41, 46, 29, 49308, 64, 1980
2026/08/29 19:12:58.307, 4, 476.54, 52, 32, 48986, 63, 1980
2026/08/29 19:12:58.310, 5, 489.90, 95, 58, 48406, 51, 1980
2026/08/29 19:12:58.310, 6, 506.39, 95, 55, 47926, 63, 1980
2026/08/29 19:12:58.313, 7, 478.87, 91, 49, 47644, 50, 1980
2026/08/29 19:13:03.316, 0, 520.09, 99, 57, 50668, 67, 1980
2026/08/29 19:13:03.316, 1, 492.82, 61, 37, 49908, 55, 1980
2026/08/29 19:13:03.316, 2, 510.18, 99, 56, 49268, 54, 1980
2026/08/29 19:13:03.316, 3, 516.01, 76, 53, 49308, 66, 1980
2026/08/29 19:13:03.316, 4, 511.79, 99, 70, 48986, 66, 1980
2026/08/29 19:13:03.316, 5, 500.38, 95, 78, 48406, 54, 1980
2026/08/29 19:13:03.316, 6, 519.43, 99, 82, 47926, 65, 1980
2026/08/29 19:13:03.316, 7, 499.54, 99, 60, 47644, 53, 1980
2026/08/29 19:13:08.316, 0, 473.97, 99, 66, 50668, 63, 1980
2026/08/29 19:13:08.317, 1, 441.52, 99, 80, 49908, 53, 1980
2026/08/29 19:13:08.317, 2, 438.25, 100, 85, 49268, 55, 1980
2026/08/29 19:13:08.317, 3, 470.74, 100, 76, 49308, 65, 1980
2026/08/29 19:13:08.317, 4, 433.86, 99, 70, 48986, 65, 1980
2026/08/29 19:13:08.317, 5, 434.92, 98, 65, 48406, 56, 1980
2026/08/29 19:13:08.317, 6, 466.31, 97, 57, 47926, 62, 1980
2026/08/29 19:13:08.317, 7, 429.02, 93, 50, 47644, 53, 1980
2026/08/29 19:13:13.317, 0, 502.64, 52, 37, 50668, 66, 1980
2026/08/29 19:13:13.317, 1, 477.27, 78, 55, 49908, 51, 1980
2026/08/29 19:13:13.317, 2, 495.38, 66, 47, 49268, 52, 1980
2026/08/29 19:13:13.317, 3, 506.29, 90, 66, 49308, 62, 1980
2026/08/29 19:13:13.317, 4, 497.18, 22, 12, 48986, 63, 1980
2026/08/29 19:13:13.317, 5, 487.40, 95, 32, 48406, 52, 1980
2026/08/29 19:13:13.317, 6, 506.33, 95, 44, 47926, 61, 1980
2026/08/29 19:13:13.317, 7, 482.62, 11, 5, 47644, 51, 1980
2026/08/29 19:13:18.318, 0, 479.54, 96, 57, 50668, 64, 1980
2026/08/29 19:13:18.318, 1, 452.93, 99, 66, 49908, 54, 1980
2026/08/29 19:13:18.318, 2, 455.96, 99, 69, 49268, 54, 1980
2026/08/29 19:13:18.318, 3, 476.83, 99, 61, 49308, 65, 1980
2026/08/29 19:13:18.318, 4, 430.79, 100, 53, 48986, 65, 1980
2026/08/29 19:13:18.318, 5, 462.04, 97, 53, 48406, 55, 1980
2026/08/29 19:13:18.318, 6, 450.39, 100, 73, 47926, 64, 1980
2026/08/29 19:13:18.318, 7, 441.90, 100, 64, 47644, 52, 1980
2026/08/29 19:13:23.318, 0, 529.70, 95, 80, 50668, 67, 1980
2026/08/29 19:13:23.318, 1, 489.95, 97, 83, 49908, 55, 1980
2026/08/29 19:13:23.319, 2, 510.16, 96, 57, 49268, 53, 1980
2026/08/29 19:13:23.319, 3, 518.26, 100, 83, 49308, 66, 1980
2026/08/29 19:13:23.319, 4, 516.48, 99, 62, 48986, 64, 1980
2026/08/29 19:13:23.319, 5, 508.26, 100, 64, 48406, 55, 1980
2026/08/29 19:13:23.319, 6, 512.93, 100, 64, 47926, 64, 1980
2026/08/29 19:13:23.319, 7, 506.96, 100, 58, 47644, 51, 1980
2026/08/29 19:13:28.319, 0, 512.97, 57, 37, 50668, 65, 1980
2026/08/29 19:13:28.319, 1, 484.88, 46, 27, 49908, 53, 1980
2026/08/29 19:13:28.321, 2, 491.12, 99, 58, 49268, 53, 1980
2026/08/29 19:13:28.323, 3, 486.29, 95, 55, 49308, 65, 1980
2026/08/29 19:13:28.323, 4, 479.61, 95, 81, 48986, 62, 1980
2026/08/29 19:13:28.325, 5, 475.70, 54, 33, 48406, 53, 1980
2026/08/29 19:13:28.327, 6, 492.46, 46, 29, 47926, 63, 1980
2026/08/29 19:13:28.329, 7, 472.63, 73, 49, 47644, 50, 1980
2026/08/29 19:13:33.331, 0, 528.48, 95, 73, 50668, 65, 1980
2026/08/29 19:13:33.331, 1, 502.23, 95, 80, 49908, 54, 1980
2026/08/29 19:13:33.331, 2, 509.11, 95, 76, 49268, 55, 1980
2026/08/29 19:13:33.331, 3, 529.09, 95, 82, 49308, 65, 1980
2026/08/29 19:13:33.331, 4, 508.52, 95, 67, 48986, 65, 1980
2026/08/29 19:13:33.331, 5, 499.33, 100, 71, 48406, 55, 1980
2026/08/29 19:13:33.331, 6, 517.71, 100, 63, 47926, 63, 1980
2026/08/29 19:13:33.331, 7, 507.60, 95, 64, 47644, 52, 1980
2026/08/29 19:13:38.332, 0, 506.52, 49, 31, 50668, 66, 1980
2026/08/29 19:13:38.332, 1, 471.63, 82, 48, 49908, 50, 1980
2026/08/29 19:13:38.332, 2, 485.24, 97, 58, 49268, 52, 1980
2026/08/29 19:13:38.332, 3, 496.71, 67, 41, 49308, 61, 1980
2026/08/29 19:13:38.332, 4, 490.01, 47, 30, 48986, 65, 1980
2026/08/29 19:13:38.332, 5, 493.82, 50, 31, 48406, 54, 1980
2026/08/29 19:13:38.332, 6, 504.04, 100, 69, 47926, 61, 1980
2026/08/29 19:13:38.332, 7, 497.40, 97, 59, 47644, 52, 1980
2026/08/29 19:13:43.332, 0, 536.39, 99, 60, 50668, 67, 1980
2026/08/29 19:13:43.332, 1, 508.11, 95, 55, 49908, 55, 1980
2026/08/29 19:13:43.332, 2, 529.90, 97, 58, 49268, 55, 1980
2026/08/29 19:13:43.333, 3, 525.65, 100, 82, 49308, 67, 1980
2026/08/29 19:13:43.333, 4, 513.02, 100, 61, 48986, 65, 1980
2026/08/29 19:13:43.333, 5, 514.29, 100, 66, 48406, 55, 1980
2026/08/29 19:13:43.333, 6, 528.19, 100, 65, 47926, 64, 1980
2026/08/29 19:13:43.333, 7, 512.31, 100, 59, 47644, 51, 1980
2026/08/29 19:13:48.333, 0, 525.18, 54, 38, 50668, 66, 1980
2026/08/29 19:13:48.333, 1, 499.69, 88, 63, 49908, 53, 1980
2026/08/29 19:13:48.333, 2, 510.19, 95, 82, 49268, 53, 1980
2026/08/29 19:13:48.333, 3, 521.84, 43, 27, 49308, 64, 1980
2026/08/29 19:13:48.333, 4, 507.35, 100, 74, 48986, 64, 1980
2026/08/29 19:13:48.333, 5, 505.56, 61, 43, 48406, 55, 1980
2026/08/29 19:13:48.333, 6, 519.82, 84, 58, 47926, 63, 1980
2026/08/29 19:13:48.333, 7, 494.69, 95, 72, 47644, 52, 1980
2026/08/29 19:13:53.334, 0, 533.09, 96, 81, 50668, 67, 1980
2026/08/29 19:13:53.334, 1, 511.57, 100, 78, 49908, 55, 1980
2026/08/29 19:13:53.334, 2, 520.07, 100, 83, 49268, 55, 1980
2026/08/29 19:13:53.334, 3, 529.90, 100, 74, 49308, 66, 1980
2026/08/29 19:13:53.334, 4, 513.36, 94, 73, 48986, 65, 1980
2026/08/29 19:13:53.334, 5, 513.53, 100, 63, 48406, 55, 1980
2026/08/29 19:13:53.334, 6, 525.71, 97, 57, 47926, 64, 1980
2026/08/29 19:13:53.334, 7, 517.12, 95, 73, 47644, 52, 1980
2026/08/29 19:13:58.334, 0, 525.57, 94, 60, 50668, 67, 1980
2026/08/29 19:13:58.342, 1, 498.43, 100, 74, 49908, 55, 1980
2026/08/29 19:13:58.342, 2, 504.57, 100, 80, 49268, 55, 1980
2026/08/29 19:13:58.346, 3, 526.03, 99, 70, 49308, 66, 1980
2026/08/29 19:13:58.348, 4, 507.07, 100, 64, 48986, 65, 1980
2026/08/29 19:13:58.351, 5, 495.91, 95, 57, 48406, 54, 1980
2026/08/29 19:13:58.353, 6, 518.31, 95, 51, 47926, 64, 1980
2026/08/29 19:13:58.355, 7, 501.84, 96, 76, 47644, 53, 1980
2026/08/29 19:14:03.357, 0, 517.47, 94, 56, 50668, 67, 1980
2026/08/29 19:14:03.357, 1, 495.37, 91, 53, 49908, 51, 1980
2026/08/29 19:14:03.357, 2, 492.73, 91, 55, 49268, 53, 1980
2026/08/29 19:14:03.357, 3, 507.28, 82, 48, 49308, 66, 1980
2026/08/29 19:14:03.357, 4, 511.38, 94, 59, 48986, 65, 1980
2026/08/29 19:14:03.357, 5, 477.52, 100, 64, 48406, 55, 1980
2026/08/29 19:14:03.357, 6, 513.58, 100, 64, 47926, 64, 1980
2026/08/29 19:14:03.357, 7, 486.11, 97, 54, 47644, 51, 1980
2026/08/29 19:14:08.357, 0, 518.15, 92, 51, 50668, 66, 1980
2026/08/29 19:14:08.357, 1, 497.52, 96, 59, 49908, 51, 1980
2026/08/29 19:14:08.357, 2, 504.28, 64, 45, 49268, 53, 1980
2026/08/29 19:14:08.358, 3, 502.30, 97, 58, 49308, 63, 1980
2026/08/29 19:14:08.358, 4, 496.29, 95, 66, 48986, 64, 1980
2026/08/29 19:14:08.358, 5, 496.80, 89, 49, 48406, 54, 1980
2026/08/29 19:14:08.358, 6, 494.55, 61, 34, 47926, 61, 1980
2026/08/29 19:14:08.358, 7, 479.97, 47, 31, 47644, 52, 1980
2026/08/29 19:14:13.358, 0, 538.24, 95, 82, 50668, 67, 1980
2026/08/29 19:14:13.358, 1, 502.60, 100, 81, 49908, 55, 1980
2026/08/29 19:14:13.358, 2, 506.42, 97, 76, 49268, 55, 1980
2026/08/29 19:14:13.358, 3, 523.77, 100, 77, 49308, 66, 1980
2026/08/29 19:14:13.358, 4, 498.22, 95, 73, 48986, 65, 1980
2026/08/29 19:14:13.358, 5, 502.69, 100, 64, 48406, 55, 1980
2026/08/29 19:14:13.358, 6, 522.91, 100, 62, 47926, 64, 1980
2026/08/29 19:14:13.358, 7, 499.44, 98, 51, 47644, 53, 1980
2026/08/29 19:14:18.359, 0, 521.54, 99, 69, 50668, 67, 1980
2026/08/29 19:14:18.361, 1, 487.37, 100, 72, 49908, 55, 1980
2026/08/29 19:14:18.364, 2, 502.84, 100, 78, 49268, 55, 1980
2026/08/29 19:14:18.364, 3, 525.93, 100, 69, 49308, 66, 1980
2026/08/29 19:14:18.364, 4, 512.48, 99, 69, 48986, 66, 1980
2026/08/29 19:14:18.366, 5, 487.31, 100, 61, 48406, 56, 1980
2026/08/29 19:14:18.369, 6, 509.40, 98, 57, 47926, 63, 1980
2026/08/29 19:14:18.372, 7, 496.58, 100, 81, 47644, 53, 1980
2026/08/29 19:14:23.372, 0, 529.76, 95, 80, 50668, 67, 1980
2026/08/29 19:14:23.372, 1, 496.54, 96, 78, 49908, 54, 1980
2026/08/29 19:14:23.372, 2, 510.12, 95, 77, 49268, 55, 1980
2026/08/29 19:14:23.372, 3, 530.90, 100, 85, 49308, 66, 1980
2026/08/29 19:14:23.372, 4, 513.53, 95, 62, 48986, 64, 1980
2026/08/29 19:14:23.372, 5, 501.74, 100, 64, 48406, 53, 1980
2026/08/29 19:14:23.372, 6, 532.52, 81, 55, 47946, 62, 1980
2026/08/29 19:14:23.372, 7, 514.02, 95, 66, 47644, 53, 1980
2026/08/29 19:14:28.373, 0, 521.56, 99, 83, 50668, 67, 1980
2026/08/29 19:14:28.377, 1, 484.11, 100, 74, 49908, 55, 1980
2026/08/29 19:14:28.378, 2, 514.33, 94, 58, 49268, 53, 1980
2026/08/29 19:14:28.382, 3, 503.91, 95, 80, 49308, 66, 1980
2026/08/29 19:14:28.385, 4, 508.84, 90, 51, 48986, 66, 1980
2026/08/29 19:14:28.387, 5, 485.95, 100, 83, 48406, 55, 1980
2026/08/29 19:14:28.388, 6, 529.08, 100, 76, 47946, 64, 1980
2026/08/29 19:14:28.389, 7, 498.61, 97, 66, 47644, 54, 1980
2026/08/29 19:14:33.391, 0, 523.52, 65, 38, 50668, 64, 1980
2026/08/29 19:14:33.392, 1, 504.49, 36, 22, 49908, 53, 1980
2026/08/29 19:14:33.392, 2, 505.56, 95, 75, 49268, 52, 1980
2026/08/29 19:14:33.392, 3, 514.97, 39, 24, 49308, 65, 1980
2026/08/29 19:14:33.392, 4, 495.06, 95, 74, 48986, 65, 1980
2026/08/29 19:14:33.392, 5, 488.32, 78, 55, 48406, 53, 1980
2026/08/29 19:14:33.392, 6, 509.75, 95, 57, 47946, 63, 1980
2026/08/29 19:14:33.392, 7, 491.15, 95, 70, 47644, 52, 1980
2026/08/29 19:14:38.392, 0, 539.35, 95, 82, 50668, 67, 1980
2026/08/29 19:14:38.392, 1, 508.62, 100, 85, 49908, 55, 1980
2026/08/29 19:14:38.392, 2, 521.28, 79, 55, 49268, 55, 1980
2026/08/29 19:14:38.392, 3, 515.16, 95, 70, 49308, 65, 1980
2026/08/29 19:14:38.392, 4, 501.05, 94, 68, 48986, 65, 1980
2026/08/29 19:14:38.392, 5, 505.52, 95, 73, 48406, 55, 1980
2026/08/29 19:14:38.392, 6, 530.29, 99, 82, 47946, 64, 1980
2026/08/29 19:14:38.392, 7, 507.05, 51, 36, 47644, 52, 1980
2026/08/29 19:14:43.393, 0, 515.15, 92, 54, 50668, 67, 1980
2026/08/29 19:14:43.393, 1, 484.73, 86, 49, 49908, 51, 1980
2026/08/29 19:14:43.397, 2, 484.95, 91, 53, 49268, 52, 1980
2026/08/29 19:14:43.397, 3, 508.20, 78, 46, 49308, 62, 1980
2026/08/29 19:14:43.400, 4, 484.54, 94, 55, 48986, 61, 1980
2026/08/29 19:14:43.401, 5, 496.46, 46, 28, 48406, 55, 1980
2026/08/29 19:14:43.405, 6, 502.96, 45, 32, 47946, 61, 1980
2026/08/29 19:14:43.405, 7, 479.59, 94, 54, 47644, 52, 1980
2026/08/29 19:14:48.409, 0, 522.26, 82, 47, 50668, 68, 1980
2026/08/29 19:14:48.409, 1, 484.43, 100, 71, 49908, 53, 1980
2026/08/29 19:14:48.412, 2, 517.07, 97, 62, 49268, 55, 1980
2026/08/29 19:14:48.414, 3, 519.42, 95, 55, 49308, 66, 1980
2026/08/29 19:14:48.414, 4, 487.45, 93, 50, 48986, 65, 1980
2026/08/29 19:14:48.415, 5, 488.54, 79, 42, 48406, 56, 1980
2026/08/29 19:14:48.417, 6, 498.69, 100, 66, 47946, 63, 1980
2026/08/29 19:14:48.420, 7, 494.41, 100, 65, 47644, 50, 1980
2026/08/29 19:14:53.423, 0, 496.56, 99, 69, 50668, 64, 1980
2026/08/29 19:14:53.423, 1, 473.32, 65, 39, 49908, 51, 1980
2026/08/29 19:14:53.423, 2, 495.48, 58, 40, 49268, 53, 1980
2026/08/29 19:14:53.423, 3, 518.83, 99, 61, 49308, 64, 1980
2026/08/29 19:14:53.423, 4, 487.12, 43, 27, 48986, 65, 1980
2026/08/29 19:14:53.423, 5, 478.20, 97, 51, 48406, 52, 1980
2026/08/29 19:14:53.423, 6, 499.92, 70, 38, 47946, 61, 1980
2026/08/29 19:14:53.423, 7, 503.49, 46, 28, 47644, 51, 1980
2026/08/29 19:14:58.423, 0, 513.18, 99, 62, 50668, 65, 1980
2026/08/29 19:14:58.424, 1, 477.25, 95, 57, 49908, 53, 1980
2026/08/29 19:14:58.427, 2, 501.91, 100, 75, 49268, 55, 1980
2026/08/29 19:14:58.428, 3, 512.17, 100, 69, 49308, 63, 1980
2026/08/29 19:14:58.430, 4, 504.97, 58, 41, 48986, 67, 1980
2026/08/29 19:14:58.431, 5, 492.68, 100, 61, 48406, 53, 1980
2026/08/29 19:14:58.433, 6, 501.63, 98, 54, 47946, 64, 1980
2026/08/29 19:14:58.435, 7, 491.70, 69, 38, 47644, 49, 1980
2026/08/29 19:15:03.437, 0, 526.48, 79, 55, 50668, 64, 1980
2026/08/29 19:15:03.437, 1, 484.61, 95, 66, 49908, 53, 1980
2026/08/29 19:15:03.437, 2, 490.94, 50, 26, 49268, 53, 1980
2026/08/29 19:15:03.437, 3, 523.45, 39, 24, 49308, 65, 1980
2026/08/29 19:15:03.437, 4, 491.89, 86, 47, 48986, 65, 1980
2026/08/29 19:15:03.437, 5, 494.74, 82, 58, 48406, 52, 1980
2026/08/29 19:15:03.437, 6, 504.26, 95, 65, 47946, 63, 1980
2026/08/29 19:15:03.437, 7, 503.28, 78, 43, 47644, 49, 1980
2026/08/29 19:15:08.438, 0, 523.35, 90, 65, 50668, 64, 1980
2026/08/29 19:15:08.438, 1, 486.68, 93, 55, 49908, 53, 1980
2026/08/29 19:15:08.439, 2, 486.89, 43, 27, 49268, 53, 1980
2026/08/29 19:15:08.442, 3, 500.58, 26, 18, 49308, 65, 1980
2026/08/29 19:15:08.445, 4, 488.45, 63, 45, 48986, 62, 1980
2026/08/29 19:15:08.445, 5, 486.56, 96, 64, 48406, 52, 1980
2026/08/29 19:15:08.445, 6, 507.23, 95, 50, 47946, 64, 1980
2026/08/29 19:15:08.445, 7, 494.94, 61, 33, 47644, 50, 1980
2026/08/29 19:15:13.445, 0, 494.67, 99, 76, 50668, 66, 1980
2026/08/29 19:15:13.445, 1, 498.45, 93, 59, 49908, 50, 1980
2026/08/29 19:15:13.445, 2, 517.81, 88, 51, 49268, 51, 1980
2026/08/29 19:15:13.445, 3, 510.66, 58, 36, 49308, 65, 1980
2026/08/29 19:15:13.445, 4, 512.33, 94, 52, 48986, 65, 1980
2026/08/29 19:15:13.445, 5, 481.98, 99, 73, 48406, 55, 1980
2026/08/29 19:15:13.445, 6, 518.00, 94, 58, 47946, 65, 1980
2026/08/29 19:15:13.445, 7, 479.84, 92, 54, 47644, 54, 1980
2026/08/29 19:15:18.446, 0, 505.77, 74, 43, 50668, 65, 1980
2026/08/29 19:15:18.446, 1, 480.04, 47, 29, 49908, 53, 1980
2026/08/29 19:15:18.446, 2, 487.16, 85, 57, 49268, 53, 1980
2026/08/29 19:15:18.446, 3, 509.37, 97, 59, 49308, 65, 1980
2026/08/29 19:15:18.446, 4, 494.92, 94, 80, 48986, 65, 1980
2026/08/29 19:15:18.446, 5, 494.52, 71, 41, 48406, 54, 1980
2026/08/29 19:15:18.446, 6, 502.11, 47, 26, 47946, 63, 1980
2026/08/29 19:15:18.446, 7, 482.37, 60, 41, 47644, 51, 1980
2026/08/29 19:15:23.446, 0, 516.27, 97, 57, 50668, 68, 1980
2026/08/29 19:15:23.447, 1, 510.27, 88, 52, 49908, 51, 1980
2026/08/29 19:15:23.447, 2, 526.73, 99, 73, 49268, 53, 1980
2026/08/29 19:15:23.447, 3, 518.41, 99, 64, 49308, 67, 1980
2026/08/29 19:15:23.447, 4, 524.13, 99, 82, 48986, 64, 1980
2026/08/29 19:15:23.447, 5, 499.35, 98, 55, 48406, 56, 1980
2026/08/29 19:15:23.447, 6, 536.58, 100, 64, 47946, 65, 1980
2026/08/29 19:15:23.447, 7, 501.70, 44, 25, 47644, 53, 1980
2026/08/29 19:15:28.447, 0, 527.82, 100, 79, 50668, 67, 1980
2026/08/29 19:15:28.449, 1, 494.13, 63, 45, 49908, 54, 1980
2026/08/29 19:15:28.451, 2, 509.89, 95, 76, 49268, 54, 1980
2026/08/29 19:15:28.452, 3, 517.22, 100, 71, 49308, 66, 1980
2026/08/29 19:15:28.453, 4, 509.62, 100, 82, 48986, 65, 1980
2026/08/29 19:15:28.455, 5, 508.53, 100, 73, 48406, 55, 1980
2026/08/29 19:15:28.457, 6, 518.88, 100, 64, 47946, 65, 1980
2026/08/29 19:15:28.459, 7, 490.07, 95, 62, 47644, 53, 1980
2026/08/29 19:15:33.461, 0, 515.03, 49, 29, 50668, 67, 1980
2026/08/29 19:15:33.461, 1, 490.80, 95, 62, 49908, 50, 1980
2026/08/29 19:15:33.461, 2, 519.20, 91, 52, 49268, 52, 1980
2026/08/29 19:15:33.461, 3, 518.33, 70, 41, 49308, 66, 1980
2026/08/29 19:15:33.461, 4, 511.01, 94, 55, 48986, 65, 1980
2026/08/29 19:15:33.461, 5, 494.82, 100, 72, 48406, 54, 1980
2026/08/29 19:15:33.461, 6, 510.68, 94, 80, 47946, 65, 1980
2026/08/29 19:15:33.462, 7, 486.83, 95, 49, 47644, 53, 1980
2026/08/29 19:15:38.462, 0, 509.35, 84, 48, 50668, 65, 1980
2026/08/29 19:15:38.462, 1, 482.41, 94, 67, 49908, 53, 1980
2026/08/29 19:15:38.462, 2, 492.40, 75, 46, 49268, 53, 1980
2026/08/29 19:15:38.462, 3, 506.55, 94, 55, 49308, 65, 1980
2026/08/29 19:15:38.462, 4, 492.78, 95, 78, 48986, 65, 1980
2026/08/29 19:15:38.462, 5, 478.21, 84, 46, 48406, 53, 1980
2026/08/29 19:15:38.462, 6, 493.05, 55, 31, 47946, 63, 1980
2026/08/29 19:15:38.462, 7, 494.57, 53, 34, 47644, 51, 1980
2026/08/29 19:15:43.463, 0, 528.64, 99, 71, 50668, 68, 1980
2026/08/29 19:15:43.463, 1, 499.23, 99, 62, 49908, 53, 1980
2026/08/29 19:15:43.463, 2, 492.57, 100, 74, 49268, 55, 1980
2026/08/29 19:15:43.463, 3, 510.44, 100, 65, 49308, 65, 1980
2026/08/29 19:15:43.463, 4, 498.99, 95, 73, 48986, 65, 1980
2026/08/29 19:15:43.463, 5, 495.89, 100, 63, 48406, 56, 1980
2026/08/29 19:15:43.463, 6, 515.07, 100, 59, 47946, 64, 1980
2026/08/29 19:15:43.463, 7, 502.05, 96, 51, 47644, 53, 1980
2026/08/29 19:15:48.463, 0, 523.07, 94, 62, 50668, 67, 1980
2026/08/29 19:15:48.464, 1, 499.93, 100, 70, 49908, 55, 1980
2026/08/29 19:15:48.464, 2, 492.96, 100, 70, 49268, 53, 1980
2026/08/29 19:15:48.464, 3, 512.16, 100, 65, 49308, 66, 1980
2026/08/29 19:15:48.464, 4, 483.90, 100, 65, 48986, 63, 1980
2026/08/29 19:15:48.464, 5, 487.59, 96, 58, 48406, 55, 1980
2026/08/29 19:15:48.464, 6, 504.16, 96, 53, 47946, 63, 1980
2026/08/29 19:15:48.464, 7, 491.34, 100, 80, 47664, 54, 1980
2026/08/29 19:15:53.464, 0, 528.39, 99, 86, 50668, 66, 1980
2026/08/29 19:15:53.464, 1, 487.69, 45, 29, 49908, 53, 1980
2026/08/29 19:15:53.464, 2, 483.16, 96, 62, 49268, 53, 1980
2026/08/29 19:15:53.464, 3, 514.76, 95, 72, 49308, 65, 1980
2026/08/29 19:15:53.464, 4, 492.56, 71, 50, 48986, 63, 1980
2026/08/29 19:15:53.464, 5, 499.56, 45, 25, 48406, 54, 1980
2026/08/29 19:15:53.464, 6, 511.55, 97, 53, 47946, 64, 1980
2026/08/29 19:15:53.464, 7, 495.61, 82, 59, 47664, 53, 1980
2026/08/29 19:15:58.465, 0, 524.13, 84, 59, 50668, 67, 1980
2026/08/29 19:15:58.465, 1, 496.05, 100, 79, 49908, 53, 1980
2026/08/29 19:15:58.467, 2, 510.89, 100, 86, 49268, 55, 1980
2026/08/29 19:15:58.467, 3, 507.57, 47, 31, 49308, 65, 1980
2026/08/29 19:15:58.469, 4, 500.12, 100, 64, 48986, 66, 1980
2026/08/29 19:15:58.472, 5, 495.96, 88, 58, 48406, 55, 1980
2026/08/29 19:15:58.474, 6, 508.52, 95, 65, 47946, 64, 1980
2026/08/29 19:15:58.476, 7, 493.50, 95, 74, 47664, 53, 1980
2026/08/29 19:16:03.476, 0, 519.31, 94, 56, 50668, 66, 1980
2026/08/29 19:16:03.476, 1, 488.72, 92, 48, 49908, 52, 1980
2026/08/29 19:16:03.476, 2, 481.25, 100, 64, 49268, 55, 1980
2026/08/29 19:16:03.476, 3, 509.54, 100, 63, 49308, 63, 1980
2026/08/29 19:16:03.477, 4, 501.68, 100, 73, 48986, 65, 1980
2026/08/29 19:16:03.477, 5, 495.34, 96, 52, 48406, 55, 1980
2026/08/29 19:16:03.477, 6, 496.32, 92, 50, 47946, 64, 1980
2026/08/29 19:16:03.477, 7, 491.33, 60, 32, 47664, 51, 1980
2026/08/29 19:16:08.477, 0, 506.47, 50, 30, 50668, 64, 1980
2026/08/29 19:16:08.477, 1, 465.55, 91, 53, 49908, 52, 1980
2026/08/29 19:16:08.477, 2, 473.34, 93, 52, 49268, 52, 1980
2026/08/29 19:16:08.477, 3, 492.81, 38, 26, 49308, 63, 1980
2026/08/29 19:16:08.477, 4, 473.69, 76, 44, 48986, 65, 1980
2026/08/29 19:16:08.477, 5, 482.13, 48, 28, 48406, 54, 1980
2026/08/29 19:16:08.477, 6, 489.82, 22, 12, 47946, 62, 1980
2026/08/29 19:16:08.477, 7, 478.23, 94, 59, 47664, 50, 1980
2026/08/29 19:16:13.478, 0, 530.42, 83, 47, 50668, 68, 1980
2026/08/29 19:16:13.478, 1, 502.93, 100, 70, 49908, 53, 1980
2026/08/29 19:16:13.478, 2, 475.72, 97, 56, 49268, 53, 1980
2026/08/29 19:16:13.478, 3, 505.52, 96, 49, 49308, 65, 1980
2026/08/29 19:16:13.478, 4, 493.44, 100, 65, 48986, 65, 1980
2026/08/29 19:16:13.478, 5, 492.26, 79, 43, 48406, 56, 1980
2026/08/29 19:16:13.478, 6, 508.20, 100, 66, 47946, 64, 1980
2026/08/29 19:16:13.478, 7, 494.99, 100, 64, 47664, 50, 1980
2026/08/29 19:16:18.478, 0, 522.63, 56, 40, 50668, 67, 1980
2026/08/29 19:16:18.478, 1, 474.68, 97, 81, 49908, 54, 1980
2026/08/29 19:16:18.478, 2, 496.52, 95, 76, 49268, 54, 1980
2026/08/29 19:16:18.478, 3, 519.39, 36, 23, 49308, 64, 1980
2026/08/29 19:16:18.478, 4, 497.05, 100, 74, 48986, 65, 1980
2026/08/29 19:16:18.478, 5, 486.02, 64, 44, 48406, 55, 1980
2026/08/29 19:16:18.479, 6, 518.13, 88, 56, 47946, 64, 1980
2026/08/29 19:16:18.479, 7, 501.80, 95, 67, 47664, 52, 1980
2026/08/29 19:16:23.479, 0, 525.55, 99, 68, 50668, 67, 1980
2026/08/29 19:16:23.479, 1, 496.21, 93, 56, 49908, 55, 1980
2026/08/29 19:16:23.479, 2, 505.83, 100, 83, 49268, 56, 1980
2026/08/29 19:16:23.479, 3, 512.07, 100, 69, 49308, 65, 1980
2026/08/29 19:16:23.479, 4, 500.95, 95, 76, 48986, 65, 1980
2026/08/29 19:16:23.479, 5, 493.27, 100, 63, 48406, 55, 1980
2026/08/29 19:16:23.479, 6, 510.49, 100, 74, 47946, 64, 1980
2026/08/29 19:16:23.479, 7, 499.98, 92, 50, 47664, 53, 1980
2026/08/29 19:16:28.480, 0, 530.06, 94, 55, 50668, 66, 1980
2026/08/29 19:16:28.481, 1, 496.52, 99, 69, 49908, 51, 1980
2026/08/29 19:16:28.483, 2, 503.81, 100, 69, 49268, 54, 1980
2026/08/29 19:16:28.484, 3, 521.99, 84, 48, 49308, 66, 1980
2026/08/29 19:16:28.485, 4, 487.56, 94, 60, 48986, 62, 1980
2026/08/29 19:16:28.488, 5, 499.08, 94, 54, 48406, 56, 1980
2026/08/29 19:16:28.490, 6, 517.78, 90, 52, 47946, 62, 1980
2026/08/29 19:16:28.492, 7, 478.02, 54, 30, 47664, 51, 1980
2026/08/29 19:16:33.492, 0, 515.49, 53, 35, 50668, 63, 1980
2026/08/29 19:16:33.493, 1, 478.98, 94, 58, 49908, 52, 1980
2026/08/29 19:16:33.493, 2, 498.02, 77, 44, 49268, 51, 1980
2026/08/29 19:16:33.493, 3, 497.68, 45, 26, 49308, 65, 1980
2026/08/29 19:16:33.493, 4, 493.30, 90, 54, 48986, 64, 1980
2026/08/29 19:16:33.493, 5, 484.92, 61, 41, 48406, 52, 1980
2026/08/29 19:16:33.493, 6, 488.24, 59, 35, 47946, 63, 1980
2026/08/29 19:16:33.493, 7, 480.80, 90, 52, 47664, 50, 1980
2026/08/29 19:16:38.493, 0, 512.32, 52, 31, 50668, 64, 1980
2026/08/29 19:16:38.493, 1, 477.77, 95, 72, 49908, 53, 1980
2026/08/29 19:16:38.493, 2, 495.08, 98, 59, 49268, 53, 1980
2026/08/29 19:16:38.493, 3, 493.05, 41, 28, 49308, 64, 1980
2026/08/29 19:16:38.493, 4, 494.83, 95, 73, 48986, 65, 1980
2026/08/29 19:16:38.493, 5, 482.37, 49, 30, 48406, 53, 1980
2026/08/29 19:16:38.493, 6, 505.12, 43, 26, 47946, 63, 1980
2026/08/29 19:16:38.493, 7, 498.99, 78, 55, 47664, 49, 1980
2026/08/29 19:16:43.494, 0, 535.88, 99, 70, 50668, 67, 1980
2026/08/29 19:16:43.494, 1, 506.30, 99, 69, 49908, 54, 1980
2026/08/29 19:16:43.494, 2, 518.85, 96, 60, 49268, 55, 1980
2026/08/29 19:16:43.494, 3, 529.76, 100, 83, 49308, 66, 1980
2026/08/29 19:16:43.494, 4, 512.86, 95, 74, 48986, 66, 1980
2026/08/29 19:16:43.494, 5, 521.11, 100, 69, 48406, 56, 1980
2026/08/29 19:16:43.494, 6, 533.23, 96, 80, 47946, 65, 1980
2026/08/29 19:16:43.494, 7, 501.64, 100, 57, 47664, 53, 1980
2026/08/29 19:16:48.495, 0, 513.68, 94, 56, 50668, 66, 1980
2026/08/29 19:16:48.495, 1, 487.54, 99, 69, 49908, 51, 1980
2026/08/29 19:16:48.499, 2, 486.82, 100, 70, 49268, 54, 1980
2026/08/29 19:16:48.501, 3, 482.07, 89, 48, 49308, 62, 1980
2026/08/29 19:16:48.501, 4, 479.67, 95, 57, 48986, 61, 1980
2026/08/29 19:16:48.501, 5, 470.98, 96, 50, 48406, 55, 1980
2026/08/29 19:16:48.501, 6, 510.70, 93, 49, 47946, 62, 1980
2026/08/29 19:16:48.501, 7, 468.68, 54, 30, 47664, 51, 1980
2026/08/29 19:16:53.501, 0, 520.67, 95, 66, 50668, 65, 1980
2026/08/29 19:16:53.501, 1, 490.17, 92, 54, 49908, 53, 1980
2026/08/29 19:16:53.501, 2, 490.65, 44, 27, 49268, 53, 1980
2026/08/29 19:16:53.501, 3, 504.77, 33, 23, 49308, 64, 1980
2026/08/29 19:16:53.501, 4, 478.74, 70, 39, 48986, 61, 1980
2026/08/29 19:16:53.501, 5, 478.28, 98, 57, 48406, 54, 1980
2026/08/29 19:16:53.502, 6, 503.32, 46, 30, 47946, 63, 1980
2026/08/29 19:16:53.502, 7, 491.57, 55, 31, 47664, 50, 1980
2026/08/29 19:16:58.502, 0, 504.57, 90, 52, 50668, 66, 1980
2026/08/29 19:16:58.503, 1, 468.29, 83, 59, 49908, 51, 1980
2026/08/29 19:16:58.505, 2, 478.30, 56, 39, 49268, 53, 1980
2026/08/29 19:16:58.507, 3, 506.88, 47, 30, 49308, 63, 1980
2026/08/29 19:16:58.507, 4, 473.88, 95, 48, 48986, 63, 1980
2026/08/29 19:16:58.509, 5, 475.63, 53, 38, 48406, 54, 1980
2026/08/29 19:16:58.512, 6, 511.23, 62, 36, 47946, 63, 1980
2026/08/29 19:16:58.512, 7, 484.55, 47, 31, 47664, 52, 1980
2026/08/29 19:17:03.514, 0, 540.23, 95, 81, 50668, 67, 1980
2026/08/29 19:17:03.514, 1, 502.15, 96, 62, 49908, 55, 1980
2026/08/29 19:17:03.514, 2, 511.34, 99, 68, 49268, 55, 1980
2026/08/29 19:17:03.514, 3, 533.13, 85, 60, 49308, 66, 1980
2026/08/29 19:17:03.514, 4, 507.01, 100, 77, 48986, 64, 1980
2026/08/29 19:17:03.514, 5, 519.35, 95, 80, 48406, 55, 1980
2026/08/29 19:17:03.514, 6, 516.23, 72, 50, 47946, 64, 1980
2026/08/29 19:17:03.514, 7, 499.79, 100, 67, 47664, 52, 1980
2026/08/29 19:17:08.514, 0, 516.99, 94, 55, 50668, 64, 1980
2026/08/29 19:17:08.514, 1, 482.41, 97, 62, 49908, 50, 1980
2026/08/29 19:17:08.514, 2, 490.76, 99, 69, 49268, 51, 1980
2026/08/29 19:17:08.514, 3, 508.29, 61, 37, 49308, 62, 1980
2026/08/29 19:17:08.515, 4, 498.68, 99, 58, 48986, 64, 1980
2026/08/29 19:17:08.515, 5, 492.45, 46, 30, 48406, 53, 1980
2026/08/29 19:17:08.515, 6, 497.99, 77, 42, 47946, 60, 1980
2026/08/29 19:17:08.515, 7, 489.00, 45, 28, 47664, 52, 1980
2026/08/29 19:17:13.515, 0, 515.04, 96, 72, 50668, 65, 1980
2026/08/29 19:17:13.515, 1, 474.99, 50, 33, 49908, 53, 1980
2026/08/29 19:17:13.515, 2, 489.76, 51, 32, 49268, 54, 1980
2026/08/29 19:17:13.515, 3, 496.39, 53, 36, 49308, 63, 1980
2026/08/29 19:17:13.515, 4, 494.05, 72, 40, 48986, 62, 1980
2026/08/29 19:17:13.515, 5, 500.44, 95, 72, 48406, 54, 1980
2026/08/29 19:17:13.515, 6, 505.07, 53, 33, 47946, 63, 1980
2026/08/29 19:17:13.515, 7, 479.59, 58, 32, 47664, 51, 1980
2026/08/29 19:17:18.516, 0, 522.65, 95, 82, 50668, 67, 1980
2026/08/29 19:17:18.516, 1, 500.79, 99, 69, 49908, 54, 1980
2026/08/29 19:17:18.516, 2, 512.15, 100, 70, 49268, 55, 1980
2026/08/29 19:17:18.516, 3, 515.68, 93, 50, 49308, 65, 1980
2026/08/29 19:17:18.516, 4, 495.21, 96, 58, 48986, 65, 1980
2026/08/29 19:17:18.516, 5, 497.55, 100, 64, 48406, 55, 1980
2026/08/29 19:17:18.516, 6, 509.98, 96, 79, 47946, 63, 1980
2026/08/29 19:17:18.516, 7, 499.64, 100, 67, 47664, 52, 1980
2026/08/29 19:17:23.516, 0, 527.63, 100, 75, 50668, 66, 1980
2026/08/29 19:17:23.516, 1, 503.51, 95, 57, 49908, 55, 1980
2026/08/29 19:17:23.516, 2, 516.06, 100, 59, 49268, 55, 1980
2026/08/29 19:17:23.516, 3, 529.41, 95, 82, 49308, 66, 1980
2026/08/29 19:17:23.517, 4, 500.47, 100, 62, 48986, 65, 1980
2026/08/29 19:17:23.517, 5, 506.16, 100, 68, 48406, 55, 1980
2026/08/29 19:17:23.517, 6, 518.00, 96, 66, 47946, 64, 1980
2026/08/29 19:17:23.517, 7, 496.77, 100, 61, 47664, 53, 1980
2026/08/29 19:17:28.517, 0, 518.14, 100, 76, 50668, 67, 1980
2026/08/29 19:17:28.526, 1, 489.34, 95, 83, 49908, 55, 1980
2026/08/29 19:17:28.528, 2, 495.66, 95, 69, 49268, 55, 1980
2026/08/29 19:17:28.528, 3, 516.57, 99, 71, 49308, 65, 1980
2026/08/29 19:17:28.537, 4, 493.14, 100, 81, 48986, 65, 1980
2026/08/29 19:17:28.542, 5, 494.39, 94, 59, 48406, 56, 1980
2026/08/29 19:17:28.544, 6, 511.87, 100, 70, 47946, 64, 1980
2026/08/29 19:17:28.546, 7, 486.97, 96, 58, 47664, 53, 1980
2026/08/29 19:17:33.554, 0, 501.83, 48, 28, 50668, 65, 1980
2026/08/29 19:17:33.554, 1, 476.30, 90, 51, 49908, 52, 1980
2026/08/29 19:17:33.554, 2, 483.38, 92, 53, 49268, 53, 1980
2026/08/29 19:17:33.554, 3, 497.30, 90, 50, 49308, 62, 1980
2026/08/29 19:17:33.554, 4, 484.73, 93, 60, 48986, 62, 1980
2026/08/29 19:17:33.554, 5, 484.88, 45, 25, 48406, 54, 1980
2026/08/29 19:17:33.554, 6, 486.36, 92, 49, 47946, 62, 1980
2026/08/29 19:17:33.554, 7, 471.79, 59, 32, 47664, 50, 1980
2026/08/29 19:17:38.555, 0, 504.59, 80, 46, 50668, 67, 1980
2026/08/29 19:17:38.555, 1, 471.68, 99, 61, 49908, 54, 1980
2026/08/29 19:17:38.555, 2, 489.66, 64, 37, 49268, 54, 1980
2026/08/29 19:17:38.555, 3, 494.17, 36, 22, 49308, 64, 1980
2026/08/29 19:17:38.555, 4, 479.21, 97, 52, 48986, 63, 1980
2026/08/29 19:17:38.555, 5, 491.15, 100, 61, 48406, 56, 1980
2026/08/29 19:17:38.555, 6, 499.85, 49, 26, 47946, 62, 1980
2026/08/29 19:17:38.555, 7, 497.34, 100, 65, 47664, 50, 1980
2026/08/29 19:17:43.555, 0, 504.70, 97, 63, 50668, 63, 1980
2026/08/29 19:17:43.555, 1, 476.36, 42, 25, 49908, 53, 1980
2026/08/29 19:17:43.555, 2, 474.39, 61, 37, 49268, 52, 1980
2026/08/29 19:17:43.556, 3, 499.82, 100, 64, 49308, 65, 1980
2026/08/29 19:17:43.556, 4, 470.45, 93, 51, 48986, 63, 1980
2026/08/29 19:17:43.556, 5, 469.11, 98, 59, 48406, 51, 1980
2026/08/29 19:17:43.556, 6, 500.60, 100, 68, 47946, 63, 1980
2026/08/29 19:17:43.556, 7, 476.17, 100, 62, 47664, 49, 1980
2026/08/29 19:17:48.556, 0, 519.61, 97, 56, 50668, 67, 1980
2026/08/29 19:17:48.556, 1, 483.77, 94, 50, 49908, 54, 1980
2026/08/29 19:17:48.556, 2, 490.31, 95, 71, 49268, 54, 1980
2026/08/29 19:17:48.556, 3, 519.60, 98, 61, 49308, 62, 1980
2026/08/29 19:17:48.556, 4, 484.23, 100, 74, 48986, 64, 1980
2026/08/29 19:17:48.556, 5, 502.62, 96, 51, 48406, 56, 1980
2026/08/29 19:17:48.556, 6, 522.69, 100, 64, 47946, 61, 1980
2026/08/29 19:17:48.556, 7, 514.76, 97, 56, 47664, 51, 1980
2026/08/29 19:17:53.557, 0, 499.67, 75, 43, 50668, 63, 1980
2026/08/29 19:17:53.557, 1, 474.10, 96, 52, 49908, 53, 1980
2026/08/29 19:17:53.557, 2, 480.74, 97, 61, 49268, 52, 1980
2026/08/29 19:17:53.557, 3, 489.81, 95, 52, 49308, 65, 1980
2026/08/29 19:17:53.557, 4, 473.58, 93, 49, 48986, 62, 1980
2026/08/29 19:17:53.557, 5, 479.87, 71, 39, 48406, 51, 1980
2026/08/29 19:17:53.557, 6, 492.08, 98, 55, 47946, 63, 1980
2026/08/29 19:17:53.557, 7, 469.82, 86, 46, 47664, 49, 1980
2026/08/29 19:17:58.557, 0, 539.76, 99, 66, 50668, 65, 1980
2026/08/29 19:17:58.558, 1, 497.17, 95, 74, 49908, 53, 1980
2026/08/29 19:17:58.561, 2, 507.64, 95, 68, 49268, 53, 1980
2026/08/29 19:17:58.563, 3, 518.93, 100, 72, 49308, 66, 1980
2026/08/29 19:17:58.565, 4, 516.57, 95, 79, 48986, 65, 1980
2026/08/29 19:17:58.565, 5, 514.28, 98, 65, 48406, 54, 1980
2026/08/29 19:17:58.567, 6, 530.23, 100, 77, 47946, 64, 1980
2026/08/29 19:17:58.570, 7, 521.92, 74, 52, 47664, 53, 1980
2026/08/29 19:18:03.572, 0, 536.12, 96, 68, 50668, 67, 1980
2026/08/29 19:18:03.572, 1, 498.34, 99, 68, 49908, 54, 1980
2026/08/29 19:18:03.572, 2, 508.21, 100, 73, 49268, 55, 1980
2026/08/29 19:18:03.572, 3, 513.65, 58, 39, 49308, 65, 1980
2026/08/29 19:18:03.572, 4, 504.95, 93, 60, 48986, 65, 1980
2026/08/29 19:18:03.572, 5, 503.77, 95, 68, 48406, 56, 1980
2026/08/29 19:18:03.572, 6, 522.53, 50, 34, 47946, 63, 1980
2026/08/29 19:18:03.573, 7, 503.95, 100, 78, 47664, 53, 1980
2026/08/29 19:18:08.573, 0, 513.06, 91, 54, 50668, 66, 1980
2026/08/29 19:18:08.573, 1, 486.42, 71, 43, 49908, 50, 1980
2026/08/29 19:18:08.573, 2, 491.10, 50, 35, 49268, 54, 1980
2026/08/29 19:18:08.573, 3, 503.87, 94, 58, 49308, 63, 1980
2026/08/29 19:18:08.573, 4, 489.36, 43, 28, 48986, 65, 1980
2026/08/29 19:18:08.573, 5, 491.53, 91, 54, 48406, 55, 1980
2026/08/29 19:18:08.573, 6, 518.86, 94, 62, 47946, 61, 1980
2026/08/29 19:18:08.573, 7, 486.69, 92, 54, 47664, 52, 1980
2026/08/29 19:18:13.574, 0, 531.07, 100, 81, 50668, 67, 1980
2026/08/29 19:18:13.574, 1, 504.02, 95, 81, 49908, 55, 1980
2026/08/29 19:18:13.574, 2, 513.13, 95, 66, 49268, 55, 1980
2026/08/29 19:18:13.574, 3, 531.11, 95, 81, 49308, 65, 1980
2026/08/29 19:18:13.574, 4, 510.68, 96, 76, 48986, 65, 1980
2026/08/29 19:18:13.574, 5, 499.74, 100, 76, 48406, 55, 1980
2026/08/29 19:18:13.574, 6, 516.75, 95, 66, 47946, 63, 1980
2026/08/29 19:18:13.574, 7, 502.40, 99, 59, 47664, 53, 1980
2026/08/29 19:18:18.574, 0, 517.92, 95, 78, 50668, 66, 1980
2026/08/29 19:18:18.574, 1, 484.08, 49, 26, 49908, 52, 1980
2026/08/29 19:18:18.574, 2, 491.83, 72, 51, 49268, 50, 1980
2026/08/29 19:18:18.574, 3, 513.94, 94, 67, 49308, 64, 1980
2026/08/29 19:18:18.575, 4, 486.44, 49, 31, 48986, 64, 1980
2026/08/29 19:18:18.575, 5, 488.92, 95, 71, 48406, 51, 1980
2026/08/29 19:18:18.575, 6, 507.70, 87, 61, 47946, 62, 1980
2026/08/29 19:18:18.575, 7, 499.57, 92, 48, 47664, 52, 1980
2026/08/29 19:18:23.575, 0, 527.07, 100, 75, 50668, 67, 1980
2026/08/29 19:18:23.575, 1, 492.80, 97, 59, 49908, 54, 1980
2026/08/29 19:18:23.575, 2, 499.38, 99, 61, 49268, 54, 1980
2026/08/29 19:18:23.575, 3, 496.44, 95, 81, 49308, 66, 1980
2026/08/29 19:18:23.575, 4, 500.98, 93, 54, 48986, 65, 1980
2026/08/29 19:18:23.575, 5, 491.10, 100, 70, 48406, 54, 1980
2026/08/29 19:18:23.575, 6, 496.28, 100, 53, 47946, 64, 1980
2026/08/29 19:18:23.575, 7, 491.97, 100, 62, 47664, 53, 1980
2026/08/29 19:18:28.576, 0, 510.10, 41, 25, 50668, 65, 1980
2026/08/29 19:18:28.578, 1, 478.11, 31, 21, 49908, 53, 1980
2026/08/29 19:18:28.581, 2, 492.61, 95, 58, 49268, 54, 1980
2026/08/29 19:18:28.590, 3, 512.50, 88, 49, 49308, 65, 1980
2026/08/29 19:18:28.595, 4, 492.21, 77, 54, 48986, 62, 1980
2026/08/29 19:18:28.600, 5, 493.03, 44, 29, 48406, 54, 1980
2026/08/29 19:18:28.604, 6, 504.43, 96, 53, 47946, 63, 1980
2026/08/29 19:18:28.605, 7, 494.59, 52, 29, 47664, 50, 1980
2026/08/29 19:18:33.612, 0, 511.51, 99, 77, 50668, 67, 1980
2026/08/29 19:18:33.612, 1, 497.39, 100, 68, 49908, 54, 1980
2026/08/29 19:18:33.612, 2, 512.62, 47, 31, 49268, 54, 1980
2026/08/29 19:18:33.612, 3, 531.48, 71, 48, 49308, 66, 1980
2026/08/29 19:18:33.612, 4, 508.22, 93, 58, 48986, 64, 1980
2026/08/29 19:18:33.612, 5, 506.34, 95, 68, 48406, 54, 1980
2026/08/29 19:18:33.612, 6, 516.23, 56, 39, 47946, 64, 1980
2026/08/29 19:18:33.612, 7, 495.18, 100, 77, 47664, 52, 1980
2026/08/29 19:18:38.613, 0, 508.98, 49, 35, 50668, 63, 1980
2026/08/29 19:18:38.613, 1, 476.31, 99, 61, 49908, 51, 1980
2026/08/29 19:18:38.613, 2, 490.38, 74, 43, 49268, 51, 1980
2026/08/29 19:18:38.613, 3, 501.51, 43, 25, 49308, 63, 1980
2026/08/29 19:18:38.613, 4, 497.68, 96, 58, 48986, 65, 1980
2026/08/29 19:18:38.613, 5, 490.20, 57, 40, 48406, 55, 1980
2026/08/29 19:18:38.613, 6, 523.88, 58, 35, 47946, 62, 1980
2026/08/29 19:18:38.613, 7, 475.29, 47, 31, 47664, 52, 1980
2026/08/29 19:18:43.613, 0, 509.48, 96, 58, 50668, 66, 1980
2026/08/29 19:18:43.614, 1, 479.83, 73, 44, 49908, 50, 1980
2026/08/29 19:18:43.614, 2, 486.61, 94, 55, 49268, 51, 1980
2026/08/29 19:18:43.614, 3, 499.43, 62, 37, 49308, 63, 1980
2026/08/29 19:18:43.614, 4, 488.58, 48, 31, 48986, 65, 1980
2026/08/29 19:18:43.614, 5, 490.38, 51, 33, 48406, 53, 1980
2026/08/29 19:18:43.614, 6, 509.43, 79, 47, 47946, 61, 1980
2026/08/29 19:18:43.614, 7, 478.97, 100, 63, 47664, 52, 1980
2026/08/29 19:18:48.614, 0, 519.29, 44, 27, 50668, 66, 1980
2026/08/29 19:18:48.614, 1, 488.57, 66, 46, 49908, 51, 1980
2026/08/29 19:18:48.614, 2, 494.54, 95, 71, 49268, 54, 1980
2026/08/29 19:18:48.614, 3, 519.76, 63, 39, 49308, 63, 1980
2026/08/29 19:18:48.614, 4, 498.17, 95, 59, 48986, 64, 1980
2026/08/29 19:18:48.614, 5, 491.82, 48, 31, 48406, 55, 1980
2026/08/29 19:18:48.614, 6, 506.53, 80, 44, 47946, 62, 1980
2026/08/29 19:18:48.614, 7, 478.39, 45, 28, 47664, 51, 1980
2026/08/29 19:18:53.615, 0, 527.86, 99, 63, 50668, 66, 1980
2026/08/29 19:18:53.615, 1, 497.71, 96, 60, 49908, 55, 1980
2026/08/29 19:18:53.615, 2, 496.96, 95, 71, 49268, 55, 1980
2026/08/29 19:18:53.615, 3, 518.50, 95, 82, 49308, 66, 1980
2026/08/29 19:18:53.615, 4, 503.82, 99, 85, 48986, 66, 1980
2026/08/29 19:18:53.615, 5, 500.88, 100, 78, 48406, 56, 1980
2026/08/29 19:18:53.615, 6, 524.92, 95, 77, 47946, 65, 1980
2026/08/29 19:18:53.615, 7, 499.58, 100, 81, 47664, 53, 1980
2026/08/29 19:18:58.615, 0, 531.97, 51, 31, 50668, 65, 1980
2026/08/29 19:18:58.616, 1, 494.25, 47, 30, 49908, 53, 1980
2026/08/29 19:18:58.620, 2, 504.56, 95, 69, 49268, 55, 1980
2026/08/29 19:18:58.622, 3, 516.67, 95, 78, 49308, 65, 1980
2026/08/29 19:18:58.623, 4, 498.03, 67, 46, 48986, 65, 1980
2026/08/29 19:18:58.624, 5, 495.98, 100, 84, 48406, 54, 1980
2026/08/29 19:18:58.626, 6, 529.85, 95, 74, 47946, 63, 1980
2026/08/29 19:18:58.628, 7, 500.73, 95, 80, 47664, 53, 1980
2026/08/29 19:19:03.630, 0, 528.93, 99, 83, 50668, 68, 1980
2026/08/29 19:19:03.630, 1, 505.04, 100, 73, 49908, 55, 1980
2026/08/29 19:19:03.630, 2, 502.33, 100, 74, 49268, 54, 1980
2026/08/29 19:19:03.631, 3, 518.29, 100, 64, 49308, 66, 1980
2026/08/29 19:19:03.631, 4, 506.37, 100, 65, 48986, 65, 1980
2026/08/29 19:19:03.631, 5, 496.38, 98, 60, 48406, 56, 1980
2026/08/29 19:19:03.631, 6, 518.51, 100, 69, 47946, 64, 1980
2026/08/29 19:19:03.631, 7, 503.13, 100, 65, 47664, 53, 1980
2026/08/29 19:19:08.631, 0, 533.68, 95, 70, 50668, 66, 1980
2026/08/29 19:19:08.631, 1, 488.13, 95, 80, 49908, 54, 1980
2026/08/29 19:19:08.631, 2, 491.49, 100, 71, 49268, 54, 1980
2026/08/29 19:19:08.631, 3, 509.25, 57, 40, 49308, 65, 1980
2026/08/29 19:19:08.631, 4, 494.67, 97, 81, 48986, 66, 1980
2026/08/29 19:19:08.631, 5, 498.88, 47, 30, 48406, 54, 1980
2026/08/29 19:19:08.631, 6, 514.59, 100, 66, 47946, 64, 1980
2026/08/29 19:19:08.631, 7, 502.62, 95, 59, 47664, 53, 1980
2026/08/29 19:19:13.632, 0, 500.09, 55, 39, 50668, 66, 1980
2026/08/29 19:19:13.632, 1, 474.07, 88, 62, 49908, 52, 1980
2026/08/29 19:19:13.632, 2, 484.17, 74, 51, 49268, 51, 1980
2026/08/29 19:19:13.632, 3, 506.39, 94, 54, 49308, 64, 1980
2026/08/29 19:19:13.632, 4, 490.37, 95, 72, 48986, 64, 1980
2026/08/29 19:19:13.632, 5, 489.29, 81, 45, 48406, 53, 1980
2026/08/29 19:19:13.632, 6, 497.44, 95, 56, 47946, 62, 1980
2026/08/29 19:19:13.632, 7, 484.01, 49, 33, 47664, 50, 1980
2026/08/29 19:19:18.632, 0, 521.02, 94, 62, 50668, 63, 1980
2026/08/29 19:19:18.632, 1, 475.82, 96, 50, 49908, 53, 1980
2026/08/29 19:19:18.633, 2, 485.34, 58, 32, 49268, 53, 1980
2026/08/29 19:19:18.633, 3, 509.80, 46, 28, 49308, 65, 1980
2026/08/29 19:19:18.633, 4, 496.33, 94, 51, 48986, 65, 1980
2026/08/29 19:19:18.633, 5, 507.70, 77, 53, 48406, 52, 1980
2026/08/29 19:19:18.633, 6, 519.82, 44, 25, 47946, 63, 1980
2026/08/29 19:19:18.633, 7, 493.99, 58, 40, 47664, 51, 1980
2026/08/29 19:19:23.633, 0, 514.55, 46, 28, 50668, 66, 1980
2026/08/29 19:19:23.633, 1, 487.24, 53, 37, 49908, 53, 1980
2026/08/29 19:19:23.633, 2, 499.81, 49, 33, 49268, 54, 1980
2026/08/29 19:19:23.633, 3, 496.02, 59, 41, 49308, 64, 1980
2026/08/29 19:19:23.633, 4, 495.17, 96, 61, 48986, 64, 1980
2026/08/29 19:19:23.633, 5, 493.96, 95, 60, 48406, 54, 1980
2026/08/29 19:19:23.633, 6, 499.53, 56, 38, 47946, 64, 1980
2026/08/29 19:19:23.633, 7, 493.69, 95, 57, 47664, 52, 1980
2026/08/29 19:19:28.634, 0, 511.30, 94, 54, 50668, 64, 1980
2026/08/29 19:19:28.636, 1, 484.29, 66, 39, 49908, 50, 1980
2026/08/29 19:19:28.639, 2, 484.45, 54, 38, 49268, 54, 1980
2026/08/29 19:19:28.640, 3, 513.05, 83, 58, 49308, 63, 1980
2026/08/29 19:19:28.641, 4, 485.67, 44, 28, 48986, 64, 1980
2026/08/29 19:19:28.643, 5, 492.17, 100, 64, 48406, 52, 1980
2026/08/29 19:19:28.647, 6, 505.76, 69, 47, 47946, 61, 1980
2026/08/29 19:19:28.649, 7, 485.36, 93, 51, 47664, 52, 1980
2026/08/29 19:19:33.652, 0, 527.87, 100, 85, 50668, 68, 1980
2026/08/29 19:19:33.652, 1, 500.90, 100, 75, 49908, 55, 1980
2026/08/29 19:19:33.652, 2, 511.89, 100, 80, 49268, 55, 1980
2026/08/29 19:19:33.652, 3, 522.70, 53, 38, 49308, 66, 1980
2026/08/29 19:19:33.652, 4, 515.45, 100, 69, 48986, 66, 1980
2026/08/29 19:19:33.652, 5, 511.44, 95, 67, 48406, 56, 1980
2026/08/29 19:19:33.652, 6, 515.73, 95, 66, 47946, 63, 1980
2026/08/29 19:19:33.652, 7, 506.60, 95, 61, 47664, 53, 1980
2026/08/29 19:19:38.652, 0, 450.35, 95, 70, 50668, 65, 1980
2026/08/29 19:19:38.652, 1, 425.90, 42, 26, 49908, 52, 1980
2026/08/29 19:19:38.652, 2, 429.51, 81, 57, 49268, 54, 1980
2026/08/29 19:19:38.652, 3, 445.54, 95, 59, 49308, 64, 1980
2026/08/29 19:19:38.652, 4, 431.21, 47, 31, 48986, 64, 1980
2026/08/29 19:19:38.652, 5, 424.93, 67, 48, 48406, 53, 1980
2026/08/29 19:19:38.653, 6, 438.69, 90, 66, 47946, 65, 1980
2026/08/29 19:19:38.653, 7, 422.18, 95, 58, 47664, 52, 1980
2026/08/29 19:19:43.653, 0, 525.40, 99, 70, 50668, 67, 1980
2026/08/29 19:19:43.653, 1, 504.73, 97, 66, 49908, 51, 1980
2026/08/29 19:19:43.653, 2, 500.80, 99, 70, 49268, 52, 1980
2026/08/29 19:19:43.653, 3, 514.37, 95, 58, 49308, 66, 1980
2026/08/29 19:19:43.653, 4, 490.35, 95, 55, 48986, 64, 1980
2026/08/29 19:19:43.653, 5, 497.46, 94, 51, 48406, 55, 1980
2026/08/29 19:19:43.653, 6, 513.47, 90, 48, 47946, 64, 1980
2026/08/29 19:19:43.653, 7, 490.36, 96, 53, 47664, 52, 1980
2026/08/29 19:19:48.654, 0, 508.42, 99, 60, 50668, 66, 1980
2026/08/29 19:19:48.654, 1, 487.37, 96, 56, 49908, 52, 1980
2026/08/29 19:19:48.654, 2, 492.20, 43, 26, 49268, 53, 1980
2026/08/29 19:19:48.654, 3, 508.25, 45, 31, 49308, 63, 1980
2026/08/29 19:19:48.654, 4, 481.25, 71, 39, 48986, 62, 1980
2026/08/29 19:19:48.654, 5, 485.91, 44, 26, 48406, 55, 1980
2026/08/29 19:19:48.654, 6, 496.96, 47, 30, 47946, 64, 1980
2026/08/29 19:19:48.654, 7, 496.02, 100, 59, 47664, 51, 1980
2026/08/29 19:19:53.654, 0, 528.41, 93, 56, 50668, 65, 1980
2026/08/29 19:19:53.654, 1, 495.66, 61, 40, 49908, 50, 1980
2026/08/29 19:19:53.654, 2, 498.93, 89, 51, 49268, 51, 1980
2026/08/29 19:19:53.655, 3, 515.25, 96, 61, 49308, 65, 1980
2026/08/29 19:19:53.655, 4, 496.32, 43, 28, 48986, 66, 1980
2026/08/29 19:19:53.655, 5, 502.98, 100, 69, 48406, 53, 1980
2026/08/29 19:19:53.655, 6, 506.13, 100, 80, 47946, 65, 1980
2026/08/29 19:19:53.655, 7, 503.96, 100, 64, 47664, 52, 1980
2026/08/29 19:19:58.655, 0, 511.60, 95, 71, 50668, 67, 1980
2026/08/29 19:19:58.656, 1, 497.51, 99, 68, 49908, 51, 1980
2026/08/29 19:19:58.657, 2, 509.22, 91, 55, 49268, 53, 1980
2026/08/29 19:19:58.659, 3, 506.05, 79, 44, 49308, 62, 1980
2026/08/29 19:19:58.659, 4, 490.43, 96, 55, 48986, 64, 1980
2026/08/29 19:19:58.661, 5, 491.68, 44, 26, 48406, 55, 1980
2026/08/29 19:19:58.664, 6, 498.38, 91, 49, 47946, 63, 1980
2026/08/29 19:19:58.666, 7, 492.88, 47, 26, 47664, 52, 1980
2026/08/29 19:20:03.668, 0, 518.83, 58, 42, 50668, 66, 1980
2026/08/29 19:20:03.668, 1, 494.59, 86, 62, 49908, 54, 1980
2026/08/29 19:20:03.668, 2, 497.04, 74, 53, 49268, 54, 1980
2026/08/29 19:20:03.668, 3, 511.82, 96, 82, 49308, 64, 1980
2026/08/29 19:20:03.669, 4, 492.84, 95, 58, 48986, 65, 1980
2026/08/29 19:20:03.669, 5, 495.98, 95, 60, 48406, 54, 1980
2026/08/29 19:20:03.669, 6, 513.36, 96, 68, 47946, 62, 1980
2026/08/29 19:20:03.669, 7, 488.87, 95, 56, 47664, 52, 1980
2026/08/29 19:20:08.669, 0, 537.65, 67, 45, 50668, 68, 1980
2026/08/29 19:20:08.669, 1, 508.48, 95, 73, 49908, 53, 1980
2026/08/29 19:20:08.669, 2, 517.91, 100, 78, 49268, 53, 1980
2026/08/29 19:20:08.669, 3, 538.71, 99, 68, 49308, 66, 1980
2026/08/29 19:20:08.669, 4, 507.19, 95, 73, 48986, 65, 1980
2026/08/29 19:20:08.669, 5, 515.26, 95, 55, 48406, 54, 1980
2026/08/29 19:20:08.669, 6, 522.32, 100, 74, 47946, 65, 1980
2026/08/29 19:20:08.669, 7, 506.49, 95, 57, 47664, 53, 1980
2026/08/29 19:20:13.670, 0, 508.05, 57, 34, 50668, 64, 1980
2026/08/29 19:20:13.670, 1, 471.64, 40, 24, 49908, 53, 1980
2026/08/29 19:20:13.670, 2, 490.08, 42, 25, 49268, 53, 1980
2026/08/29 19:20:13.670, 3, 505.14, 91, 53, 49308, 63, 1980
2026/08/29 19:20:13.670, 4, 489.14, 58, 41, 48986, 64, 1980
2026/08/29 19:20:13.670, 5, 492.69, 95, 58, 48406, 54, 1980
2026/08/29 19:20:13.670, 6, 494.82, 100, 65, 47946, 63, 1980
2026/08/29 19:20:13.670, 7, 480.53, 96, 57, 48024, 50, 1980
2026/08/29 19:20:18.670, 0, 506.22, 41, 29, 50668, 64, 1980
2026/08/29 19:20:18.671, 1, 499.28, 94, 58, 49908, 50, 1980
2026/08/29 19:20:18.671, 2, 484.49, 94, 62, 49268, 51, 1980
2026/08/29 19:20:18.671, 3, 500.06, 95, 54, 49308, 63, 1980
2026/08/29 19:20:18.671, 4, 486.89, 100, 68, 48986, 65, 1980
2026/08/29 19:20:18.671, 5, 493.77, 89, 48, 48406, 52, 1980
2026/08/29 19:20:18.671, 6, 505.99, 95, 57, 47946, 61, 1980
2026/08/29 19:20:18.671, 7, 478.57, 91, 50, 48024, 51, 1980
2026/08/29 19:20:23.671, 0, 527.36, 81, 47, 50668, 66, 1980
2026/08/29 19:20:23.671, 1, 490.88, 45, 26, 49908, 53, 1980
2026/08/29 19:20:23.671, 2, 505.32, 65, 38, 49268, 52, 1980
2026/08/29 19:20:23.671, 3, 505.20, 95, 55, 49308, 64, 1980
2026/08/29 19:20:23.671, 4, 486.92, 47, 31, 48986, 64, 1980
2026/08/29 19:20:23.671, 5, 478.56, 67, 47, 48406, 53, 1980
2026/08/29 19:20:23.671, 6, 501.32, 89, 60, 47946, 62, 1980
2026/08/29 19:20:23.671, 7, 497.77, 50, 35, 48024, 52, 1980
2026/08/29 19:20:28.672, 0, 525.45, 44, 31, 50668, 66, 1980
2026/08/29 19:20:28.673, 1, 491.50, 80, 57, 49908, 53, 1980
2026/08/29 19:20:28.674, 2, 507.73, 63, 45, 49268, 53, 1980
2026/08/29 19:20:28.675, 3, 501.04, 82, 59, 49308, 64, 1980
2026/08/29 19:20:28.677, 4, 490.15, 46, 29, 48986, 65, 1980
2026/08/29 19:20:28.680, 5, 491.09, 89, 47, 48406, 54, 1980
2026/08/29 19:20:28.682, 6, 507.37, 78, 55, 47946, 62, 1980
2026/08/29 19:20:28.683, 7, 499.72, 95, 64, 48024, 52, 1980
2026/08/29 19:20:33.684, 0, 523.16, 95, 72, 50668, 66, 1980
2026/08/29 19:20:33.684, 1, 499.88, 95, 82, 49908, 55, 1980
2026/08/29 19:20:33.684, 2, 512.27, 95, 69, 49268, 55, 1980
2026/08/29 19:20:33.684, 3, 526.78, 73, 51, 49308, 64, 1980
2026/08/29 19:20:33.684, 4, 512.74, 99, 84, 48986, 66, 1980
2026/08/29 19:20:33.684, 5, 516.71, 52, 33, 48406, 55, 1980
2026/08/29 19:20:33.684, 6, 526.58, 100, 66, 47946, 61, 1980
2026/08/29 19:20:33.684, 7, 490.84, 49, 32, 48024, 52, 1980
2026/08/29 19:20:38.685, 0, 515.14, 41, 25, 50668, 67, 1980
2026/08/29 19:20:38.685, 1, 504.71, 99, 68, 49908, 51, 1980
2026/08/29 19:20:38.685, 2, 492.73, 99, 69, 49268, 53, 1980
2026/08/29 19:20:38.685, 3, 515.20, 96, 63, 49308, 63, 1980
2026/08/29 19:20:38.685, 4, 483.28, 100, 76, 48986, 65, 1980
2026/08/29 19:20:38.685, 5, 487.31, 95, 57, 48406, 56, 1980
2026/08/29 19:20:38.685, 6, 516.57, 100, 69, 47946, 62, 1980
2026/08/29 19:20:38.685, 7, 497.77, 97, 59, 48024, 52, 1980
2026/08/29 19:20:43.685, 0, 537.23, 85, 60, 50668, 67, 1980
2026/08/29 19:20:43.685, 1, 500.04, 95, 70, 49908, 55, 1980
2026/08/29 19:20:43.685, 2, 507.17, 95, 53, 49268, 55, 1980
2026/08/29 19:20:43.685, 3, 529.19, 100, 71, 49308, 65, 1980
2026/08/29 19:20:43.685, 4, 513.66, 95, 74, 48986, 66, 1980
2026/08/29 19:20:43.685, 5, 506.80, 96, 79, 48406, 56, 1980
2026/08/29 19:20:43.685, 6, 525.36, 100, 76, 47946, 63, 1980
2026/08/29 19:20:43.686, 7, 502.63, 96, 67, 48024, 53, 1980
2026/08/29 19:20:48.686, 0, 538.46, 100, 84, 50668, 68, 1980
2026/08/29 19:20:48.686, 1, 505.87, 100, 74, 49908, 55, 1980
2026/08/29 19:20:48.686, 2, 522.43, 100, 79, 49268, 56, 1980
2026/08/29 19:20:48.686, 3, 526.93, 99, 72, 49308, 67, 1980
2026/08/29 19:20:48.686, 4, 516.93, 95, 79, 48986, 66, 1980
2026/08/29 19:20:48.686, 5, 505.60, 92, 65, 48406, 56, 1980
2026/08/29 19:20:48.686, 6, 525.65, 100, 76, 47946, 65, 1980
2026/08/29 19:20:48.686, 7, 502.75, 100, 63, 48024, 54, 1980
2026/08/29 19:20:53.687, 0, 522.16, 96, 57, 50668, 66, 1980
2026/08/29 19:20:53.687, 1, 480.59, 78, 45, 49908, 51, 1980
2026/08/29 19:20:53.687, 2, 485.38, 97, 55, 49268, 52, 1980
2026/08/29 19:20:53.687, 3, 502.98, 99, 63, 49308, 66, 1980
2026/08/29 19:20:53.687, 4, 490.80, 45, 26, 48986, 65, 1980
2026/08/29 19:20:53.687, 5, 475.58, 100, 64, 48406, 54, 1980
2026/08/29 19:20:53.687, 6, 491.43, 59, 40, 47946, 65, 1980
2026/08/29 19:20:53.687, 7, 495.11, 100, 64, 48024, 53, 1980
2026/08/29 19:20:58.687, 0, 532.50, 100, 70, 50668, 67, 1980
2026/08/29 19:20:58.687, 1, 506.01, 95, 69, 49908, 55, 1980
2026/08/29 19:20:58.689, 2, 503.57, 100, 65, 49268, 55, 1980
2026/08/29 19:20:58.689, 3, 512.11, 95, 64, 49308, 66, 1980
2026/08/29 19:20:58.691, 4, 503.01, 47, 33, 48986, 65, 1980
2026/08/29 19:20:58.693, 5, 507.41, 95, 69, 48406, 55, 1980
2026/08/29 19:20:58.695, 6, 518.84, 96, 59, 47946, 64, 1980
2026/08/29 19:20:58.697, 7, 510.85, 95, 68, 48024, 54, 1980
2026/08/29 19:21:03.697, 0, 534.58, 86, 63, 50668, 67, 1980
2026/08/29 19:21:03.698, 1, 503.96, 96, 71, 49908, 55, 1980
2026/08/29 19:21:03.698, 2, 517.47, 95, 66, 49268, 55, 1980
2026/08/29 19:21:03.698, 3, 513.56, 100, 72, 49308, 65, 1980
2026/08/29 19:21:03.698, 4, 504.73, 95, 69, 48986, 65, 1980
2026/08/29 19:21:03.698, 5, 505.61, 96, 76, 48406, 56, 1980
2026/08/29 19:21:03.698, 6, 509.24, 100, 77, 47946, 63, 1980
2026/08/29 19:21:03.698, 7, 497.78, 95, 68, 48024, 53, 1980
2026/08/29 19:21:08.698, 0, 531.18, 99, 85, 50668, 68, 1980
2026/08/29 19:21:08.699, 1, 503.04, 100, 76, 49908, 55, 1980
2026/08/29 19:21:08.699, 2, 504.28, 100, 76, 49268, 55, 1980
2026/08/29 19:21:08.699, 3, 518.79, 100, 66, 49308, 66, 1980
2026/08/29 19:21:08.699, 4, 507.64, 95, 72, 48986, 65, 1980
2026/08/29 19:21:08.699, 5, 502.66, 100, 65, 48406, 56, 1980
2026/08/29 19:21:08.699, 6, 528.11, 100, 71, 47946, 65, 1980
2026/08/29 19:21:08.699, 7, 512.54, 100, 64, 48024, 54, 1980
2026/08/29 19:21:13.700, 0, 543.78, 100, 85, 50668, 68, 1980
2026/08/29 19:21:13.700, 1, 496.17, 100, 74, 49908, 55, 1980
2026/08/29 19:21:13.700, 2, 513.16, 100, 80, 49268, 56, 1980
2026/08/29 19:21:13.700, 3, 527.65, 95, 73, 49308, 66, 1980
2026/08/29 19:21:13.700, 4, 510.60, 99, 70, 48986, 66, 1980
2026/08/29 19:21:13.700, 5, 513.93, 95, 62, 48406, 57, 1980
2026/08/29 19:21:13.700, 6, 530.55, 94, 56, 47946, 65, 1980
2026/08/29 19:21:13.700, 7, 505.71, 90, 53, 48024, 53, 1980
2026/08/29 19:21:18.700, 0, 519.97, 95, 74, 50668, 66, 1980
2026/08/29 19:21:18.700, 1, 498.60, 96, 54, 49908, 53, 1980
2026/08/29 19:21:18.700, 2, 506.52, 95, 78, 49268, 54, 1980
2026/08/29 19:21:18.700, 3, 505.88, 86, 49, 49308, 65, 1980
2026/08/29 19:21:18.700, 4, 507.89, 83, 56, 48986, 64, 1980
2026/08/29 19:21:18.700, 5, 502.01, 49, 31, 48406, 55, 1980
2026/08/29 19:21:18.701, 6, 517.99, 96, 56, 47946, 63, 1980
2026/08/29 19:21:18.701, 7, 499.80, 50, 30, 48024, 53, 1980
2026/08/29 19:21:23.701, 0, 523.63, 96, 57, 50668, 66, 1980
2026/08/29 19:21:23.701, 1, 500.63, 76, 44, 49908, 53, 1980
2026/08/29 19:21:23.701, 2, 518.76, 97, 55, 49268, 54, 1980
2026/08/29 19:21:23.701, 3, 513.68, 76, 54, 49308, 63, 1980
2026/08/29 19:21:23.701, 4, 498.45, 44, 26, 48986, 65, 1980
2026/08/29 19:21:23.701, 5, 501.89, 47, 31, 48406, 55, 1980
2026/08/29 19:21:23.701, 6, 521.17, 59, 41, 47946, 62, 1980
2026/08/29 19:21:23.701, 7, 494.41, 46, 29, 48024, 52, 1980
2026/08/29 19:21:28.702, 0, 542.51, 94, 67, 50668, 68, 1980
2026/08/29 19:21:28.703, 1, 491.62, 95, 78, 49908, 54, 1980
2026/08/29 19:21:28.703, 2, 511.26, 95, 73, 49268, 54, 1980
2026/08/29 19:21:28.705, 3, 515.14, 95, 79, 49308, 66, 1980
2026/08/29 19:21:28.708, 4, 501.26, 76, 53, 48986, 64, 1980
2026/08/29 19:21:28.710, 5, 506.70, 100, 83, 48406, 57, 1980
2026/08/29 19:21:28.711, 6, 529.49, 94, 75, 47946, 64, 1980
2026/08/29 19:21:28.712, 7, 505.38, 97, 78, 48024, 53, 1980
2026/08/29 19:21:33.714, 0, 515.76, 100, 70, 50668, 68, 1980
2026/08/29 19:21:33.714, 1, 494.39, 99, 68, 49908, 55, 1980
2026/08/29 19:21:33.714, 2, 507.86, 100, 69, 49268, 55, 1980
2026/08/29 19:21:33.714, 3, 525.15, 81, 48, 49308, 67, 1980
2026/08/29 19:21:33.714, 4, 505.24, 99, 62, 48986, 65, 1980
2026/08/29 19:21:33.714, 5, 512.99, 95, 68, 48406, 57, 1980
2026/08/29 19:21:33.714, 6, 528.70, 100, 69, 47946, 66, 1980
2026/08/29 19:21:33.714, 7, 490.51, 95, 59, 48024, 53, 1980
2026/08/29 19:21:38.715, 0, 506.40, 52, 32, 50668, 65, 1980
2026/08/29 19:21:38.715, 1, 485.51, 99, 69, 49908, 53, 1980
2026/08/29 19:21:38.715, 2, 491.21, 42, 27, 49268, 54, 1980
2026/08/29 19:21:38.715, 3, 517.75, 99, 69, 49308, 64, 1980
2026/08/29 19:21:38.715, 4, 487.30, 78, 45, 48986, 66, 1980
2026/08/29 19:21:38.715, 5, 476.77, 100, 58, 48406, 54, 1980
2026/08/29 19:21:38.715, 6, 490.84, 100, 64, 47946, 63, 1980
2026/08/29 19:21:38.715, 7, 485.97, 100, 59, 48024, 50, 1980
2026/08/29 19:21:43.715, 0, 537.38, 99, 70, 50668, 64, 1980
2026/08/29 19:21:43.715, 1, 493.03, 53, 32, 49908, 54, 1980
2026/08/29 19:21:43.715, 2, 482.74, 100, 61, 49268, 51, 1980
2026/08/29 19:21:43.715, 3, 517.28, 45, 24, 49308, 65, 1980
2026/08/29 19:21:43.715, 4, 486.88, 96, 52, 48986, 65, 1980
2026/08/29 19:21:43.715, 5, 498.78, 89, 48, 48406, 52, 1980
2026/08/29 19:21:43.716, 6, 498.02, 61, 33, 47946, 62, 1980
2026/08/29 19:21:43.716, 7, 498.51, 96, 51, 48024, 51, 1980
2026/08/29 19:21:48.716, 0, 533.84, 84, 62, 50668, 68, 1980
2026/08/29 19:21:48.716, 1, 497.55, 95, 81, 49908, 55, 1980
2026/08/29 19:21:48.716, 2, 517.76, 95, 76, 49268, 56, 1980
2026/08/29 19:21:48.716, 3, 528.92, 95, 81, 49308, 67, 1980
2026/08/29 19:21:48.716, 4, 513.99, 59, 37, 48986, 64, 1980
2026/08/29 19:21:48.716, 5, 519.50, 99, 71, 48406, 56, 1980
2026/08/29 19:21:48.716, 6, 536.30, 94, 78, 47946, 65, 1980
2026/08/29 19:21:48.716, 7, 521.04, 99, 77, 48024, 53, 1980
2026/08/29 19:21:53.717, 0, 532.28, 95, 83, 50668, 67, 1980
2026/08/29 19:21:53.717, 1, 502.75, 100, 64, 49908, 54, 1980
2026/08/29 19:21:53.717, 2, 511.33, 96, 71, 49268, 55, 1980
2026/08/29 19:21:53.717, 3, 512.59, 100, 63, 49308, 66, 1980
2026/08/29 19:21:53.717, 4, 503.81, 100, 71, 48986, 65, 1980
2026/08/29 19:21:53.717, 5, 498.81, 95, 71, 48406, 55, 1980
2026/08/29 19:21:53.717, 6, 520.95, 100, 65, 47946, 64, 1980
2026/08/29 19:21:53.717, 7, 498.21, 100, 66, 48024, 53, 1980
2026/08/29 19:21:58.717, 0, 525.78, 96, 63, 50668, 68, 1980
2026/08/29 19:21:58.718, 1, 504.24, 95, 80, 49908, 55, 1980
2026/08/29 19:21:58.720, 2, 516.07, 97, 60, 49268, 54, 1980
2026/08/29 19:21:58.721, 3, 526.59, 95, 82, 49308, 66, 1980
2026/08/29 19:21:58.722, 4, 522.37, 99, 69, 48986, 66, 1980
2026/08/29 19:21:58.724, 5, 514.26, 100, 80, 48406, 56, 1980
2026/08/29 19:21:58.726, 6, 526.40, 95, 77, 47946, 65, 1980
2026/08/29 19:21:58.727, 7, 509.31, 100, 85, 48024, 54, 1980
2026/08/29 19:22:03.729, 0, 501.46, 100, 81, 50668, 67, 1980
2026/08/29 19:22:03.730, 1, 484.49, 94, 58, 49908, 53, 1980
2026/08/29 19:22:03.730, 2, 488.70, 100, 78, 49268, 55, 1980
2026/08/29 19:22:03.730, 3, 510.19, 94, 57, 49308, 65, 1980
2026/08/29 19:22:03.730, 4, 495.97, 99, 69, 48986, 64, 1980
2026/08/29 19:22:03.730, 5, 501.70, 82, 48, 48406, 56, 1980
2026/08/29 19:22:03.730, 6, 506.14, 96, 55, 47946, 63, 1980
2026/08/29 19:22:03.730, 7, 481.23, 100, 63, 48024, 53, 1980
2026/08/29 19:22:08.730, 0, 509.27, 80, 46, 50668, 65, 1980
2026/08/29 19:22:08.730, 1, 488.06, 42, 25, 49908, 52, 1980
2026/08/29 19:22:08.730, 2, 487.57, 63, 37, 49268, 53, 1980
2026/08/29 19:22:08.730, 3, 489.57, 44, 29, 49308, 65, 1980
2026/08/29 19:22:08.730, 4, 485.39, 92, 50, 48986, 65, 1980
2026/08/29 19:22:08.730, 5, 487.49, 67, 46, 48406, 53, 1980
2026/08/29 19:22:08.730, 6, 504.02, 49, 28, 47946, 63, 1980
2026/08/29 19:22:08.730, 7, 488.86, 55, 39, 48024, 51, 1980
2026/08/29 19:22:13.731, 0, 521.10, 41, 29, 50668, 66, 1980
2026/08/29 19:22:13.731, 1, 482.00, 95, 82, 49908, 54, 1980
2026/08/29 19:22:13.731, 2, 512.66, 68, 49, 49268, 53, 1980
2026/08/29 19:22:13.731, 3, 513.71, 95, 76, 49308, 64, 1980
2026/08/29 19:22:13.731, 4, 481.08, 96, 57, 48986, 64, 1980
2026/08/29 19:22:13.731, 5, 483.14, 58, 41, 48406, 55, 1980
2026/08/29 19:22:13.731, 6, 504.79, 94, 65, 47946, 61, 1980
2026/08/29 19:22:13.731, 7, 489.58, 95, 55, 48024, 53, 1980
2026/08/29 19:22:18.731, 0, 531.31, 99, 83, 50668, 67, 1980
2026/08/29 19:22:18.732, 1, 503.88, 54, 38, 49908, 54, 1980
2026/08/29 19:22:18.732, 2, 511.36, 100, 73, 49268, 55, 1980
2026/08/29 19:22:18.732, 3, 522.51, 68, 48, 49308, 65, 1980
2026/08/29 19:22:18.732, 4, 497.62, 96, 75, 48986, 65, 1980
2026/08/29 19:22:18.732, 5, 505.11, 95, 62, 48406, 55, 1980
2026/08/29 19:22:18.732, 6, 518.84, 100, 69, 47946, 64, 1980
2026/08/29 19:22:18.732, 7, 498.14, 95, 59, 48024, 53, 1980
2026/08/29 19:22:23.732, 0, 533.37, 95, 63, 50668, 68, 1980
2026/08/29 19:22:23.732, 1, 504.99, 100, 72, 49908, 54, 1980
2026/08/29 19:22:23.733, 2, 504.75, 95, 66, 49268, 55, 1980
2026/08/29 19:22:23.734, 3, 530.78, 100, 64, 49308, 65, 1980
2026/08/29 19:22:23.735, 4, 508.95, 97, 73, 48986, 65, 1980
2026/08/29 19:22:23.736, 5, 503.44, 96, 58, 48406, 56, 1980
2026/08/29 19:22:23.737, 6, 530.09, 94, 71, 47946, 65, 1980
2026/08/29 19:22:23.737, 7, 512.58, 97, 81, 48024, 53, 1980
2026/08/29 19:22:28.737, 0, 526.88, 48, 31, 50668, 66, 1980
2026/08/29 19:22:28.743, 1, 495.52, 43, 29, 49908, 54, 1980
2026/08/29 19:22:28.744, 2, 508.11, 43, 28, 49268, 54, 1980
2026/08/29 19:22:28.746, 3, 526.30, 43, 30, 49308, 65, 1980
2026/08/29 19:22:28.749, 4, 517.84, 73, 43, 48986, 65, 1980
2026/08/29 19:22:28.751, 5, 512.44, 93, 69, 48406, 54, 1980
2026/08/29 19:22:28.752, 6, 522.57, 40, 26, 47946, 64, 1980
2026/08/29 19:22:28.753, 7, 495.86, 83, 59, 48024, 51, 1980
2026/08/29 19:22:33.755, 0, 527.65, 60, 37, 50668, 66, 1980
2026/08/29 19:22:33.755, 1, 486.45, 95, 75, 49908, 53, 1980
2026/08/29 19:22:33.756, 2, 504.56, 44, 26, 49268, 54, 1980
2026/08/29 19:22:33.756, 3, 517.96, 95, 74, 49308, 66, 1980
2026/08/29 19:22:33.756, 4, 503.79, 55, 38, 48986, 64, 1980
2026/08/29 19:22:33.756, 5, 504.16, 96, 82, 48406, 54, 1980
2026/08/29 19:22:33.756, 6, 505.42, 95, 64, 47946, 64, 1980
2026/08/29 19:22:33.756, 7, 490.71, 73, 50, 48024, 51, 1980
2026/08/29 19:22:38.756, 0, 526.64, 95, 80, 50668, 67, 1980
2026/08/29 19:22:38.756, 1, 509.52, 54, 35, 49908, 53, 1980
2026/08/29 19:22:38.756, 2, 521.76, 100, 85, 49268, 56, 1980
2026/08/29 19:22:38.756, 3, 531.39, 46, 28, 49308, 65, 1980
2026/08/29 19:22:38.756, 4, 517.96, 95, 74, 48986, 65, 1980
2026/08/29 19:22:38.756, 5, 518.18, 82, 56, 48406, 56, 1980
2026/08/29 19:22:38.756, 6, 529.10, 100, 77, 47946, 65, 1980
2026/08/29 19:22:38.756, 7, 493.69, 67, 45, 48024, 53, 1980
2026/08/29 19:22:43.757, 0, 526.16, 94, 61, 50668, 67, 1980
2026/08/29 19:22:43.757, 1, 501.95, 99, 70, 49908, 55, 1980
2026/08/29 19:22:43.757, 2, 490.73, 95, 64, 49268, 55, 1980
2026/08/29 19:22:43.757, 3, 519.61, 100, 65, 49308, 65, 1980
2026/08/29 19:22:43.757, 4, 497.83, 97, 79, 48986, 65, 1980
2026/08/29 19:22:43.757, 5, 493.56, 100, 75, 48406, 56, 1980
2026/08/29 19:22:43.758, 6, 517.20, 100, 67, 47946, 65, 1980
2026/08/29 19:22:43.758, 7, 492.17, 96, 59, 48024, 53, 1980
2026/08/29 19:22:48.758, 0, 521.62, 99, 63, 50668, 63, 1980
2026/08/29 19:22:48.758, 1, 481.58, 95, 58, 49908, 55, 1980
2026/08/29 19:22:48.758, 2, 486.08, 99, 60, 49268, 53, 1980
2026/08/29 19:22:48.758, 3, 504.40, 95, 57, 49308, 65, 1980
2026/08/29 19:22:48.758, 4, 487.55, 99, 69, 48986, 63, 1980
2026/08/29 19:22:48.759, 5, 489.18, 61, 36, 48406, 53, 1980
2026/08/29 19:22:48.759, 6, 499.55, 99, 52, 47946, 63, 1980
2026/08/29 19:22:48.759, 7, 496.17, 79, 43, 48024, 50, 1980
2026/08/29 19:22:53.759, 0, 508.14, 100, 69, 50668, 66, 1980
2026/08/29 19:22:53.759, 1, 497.43, 79, 46, 49908, 51, 1980
2026/08/29 19:22:53.759, 2, 490.83, 99, 69, 49268, 56, 1980
2026/08/29 19:22:53.759, 3, 514.86, 68, 40, 49308, 62, 1980
2026/08/29 19:22:53.759, 4, 486.01, 99, 60, 48986, 65, 1980
2026/08/29 19:22:53.759, 5, 485.89, 48, 31, 48406, 56, 1980
2026/08/29 19:22:53.759, 6, 525.86, 85, 49, 47946, 66, 1980
2026/08/29 19:22:53.759, 7, 487.70, 98, 51, 48024, 53, 1980
2026/08/29 19:22:58.760, 0, 508.14, 64, 37, 50668, 65, 1980
2026/08/29 19:22:58.760, 1, 475.42, 51, 30, 49908, 54, 1980
2026/08/29 19:22:58.763, 2, 487.56, 49, 27, 49268, 54, 1980
2026/08/29 19:22:58.765, 3, 495.97, 100, 68, 49308, 64, 1980
2026/08/29 19:22:58.767, 4, 487.06, 85, 47, 48986, 63, 1980
2026/08/29 19:22:58.767, 5, 478.15, 95, 55, 48406, 54, 1980
2026/08/29 19:22:58.769, 6, 491.34, 48, 31, 47946, 64, 1980
2026/08/29 19:22:58.772, 7, 482.54, 95, 58, 48024, 50, 1980
2026/08/29 19:23:03.774, 0, 530.16, 95, 82, 50668, 67, 1980
2026/08/29 19:23:03.774, 1, 496.79, 95, 71, 49908, 55, 1980
2026/08/29 19:23:03.774, 2, 514.89, 97, 84, 49268, 53, 1980
2026/08/29 19:23:03.774, 3, 532.47, 95, 72, 49308, 66, 1980
2026/08/29 19:23:03.774, 4, 516.89, 100, 72, 48986, 65, 1980
2026/08/29 19:23:03.774, 5, 514.86, 96, 71, 48406, 53, 1980
2026/08/29 19:23:03.774, 6, 526.69, 95, 59, 47946, 64, 1980
2026/08/29 19:23:03.774, 7, 509.62, 95, 70, 48024, 53, 1980
2026/08/29 19:23:08.774, 0, 504.38, 99, 79, 50668, 67, 1980
2026/08/29 19:23:08.774, 1, 492.08, 100, 69, 49908, 55, 1980
2026/08/29 19:23:08.774, 2, 512.78, 100, 73, 49268, 54, 1980
2026/08/29 19:23:08.774, 3, 511.86, 100, 69, 49308, 66, 1980
2026/08/29 19:23:08.775, 4, 513.13, 100, 85, 48986, 66, 1980
2026/08/29 19:23:08.775, 5, 514.30, 100, 58, 48406, 54, 1980
2026/08/29 19:23:08.775, 6, 526.16, 100, 64, 47946, 64, 1980
2026/08/29 19:23:08.775, 7, 517.98, 100, 61, 48024, 54, 1980
2026/08/29 19:23:13.775, 0, 517.23, 94, 53, 50668, 66, 1980
2026/08/29 19:23:13.775, 1, 483.94, 79, 55, 49908, 53, 1980
2026/08/29 19:23:13.775, 2, 492.75, 79, 46, 49268, 51, 1980
2026/08/29 19:23:13.775, 3, 511.08, 86, 62, 49308, 64, 1980
2026/08/29 19:23:13.775, 4, 496.08, 37, 22, 48986, 64, 1980
2026/08/29 19:23:13.775, 5, 485.96, 95, 66, 48406, 55, 1980
2026/08/29 19:23:13.775, 6, 508.42, 76, 53, 47946, 61, 1980
2026/08/29 19:23:13.775, 7, 481.40, 95, 60, 48024, 52, 1980
2026/08/29 19:23:18.776, 0, 507.64, 61, 41, 50668, 65, 1980
2026/08/29 19:23:18.776, 1, 497.84, 96, 71, 49908, 53, 1980
2026/08/29 19:23:18.776, 2, 496.74, 82, 54, 49268, 53, 1980
2026/08/29 19:23:18.776, 3, 524.58, 94, 54, 49308, 65, 1980
2026/08/29 19:23:18.776, 4, 495.87, 96, 78, 48986, 65, 1980
2026/08/29 19:23:18.776, 5, 492.69, 78, 45, 48406, 53, 1980
2026/08/29 19:23:18.776, 6, 517.67, 90, 60, 47946, 63, 1980
2026/08/29 19:23:18.776, 7, 492.97, 91, 48, 48024, 51, 1980
2026/08/29 19:23:23.776, 0, 536.05, 100, 71, 50668, 67, 1980
2026/08/29 19:23:23.776, 1, 491.91, 91, 65, 49908, 55, 1980
2026/08/29 19:23:23.776, 2, 503.37, 95, 81, 49268, 53, 1980
2026/08/29 19:23:23.776, 3, 514.37, 95, 63, 49308, 66, 1980
2026/08/29 19:23:23.776, 4, 499.94, 100, 73, 48986, 64, 1980
2026/08/29 19:23:23.777, 5, 506.34, 95, 72, 48406, 55, 1980
2026/08/29 19:23:23.777, 6, 525.60, 88, 60, 47946, 64, 1980
2026/08/29 19:23:23.777, 7, 501.57, 95, 69, 48024, 53, 1980
2026/08/29 19:23:28.777, 0, 526.91, 95, 69, 50668, 67, 1980
2026/08/29 19:23:28.778, 1, 505.97, 96, 82, 49908, 55, 1980
2026/08/29 19:23:28.781, 2, 505.83, 95, 79, 49268, 56, 1980
2026/08/29 19:23:28.782, 3, 521.76, 100, 85, 49308, 66, 1980
2026/08/29 19:23:28.784, 4, 508.18, 100, 78, 48986, 66, 1980
2026/08/29 19:23:28.785, 5, 503.06, 100, 63, 48406, 56, 1980
2026/08/29 19:23:28.787, 6, 522.91, 96, 73, 47946, 64, 1980
2026/08/29 19:23:28.789, 7, 503.05, 100, 69, 48024, 53, 1980
2026/08/29 19:23:33.791, 0, 538.04, 100, 68, 50668, 67, 1980
2026/08/29 19:23:33.791, 1, 495.90, 96, 57, 49908, 55, 1980
2026/08/29 19:23:33.791, 2, 507.11, 100, 65, 49268, 55, 1980
2026/08/29 19:23:33.791, 3, 517.73, 96, 56, 49308, 65, 1980
2026/08/29 19:23:33.791, 4, 507.19, 100, 63, 48986, 66, 1980
2026/08/29 19:23:33.791, 5, 507.95, 93, 49, 48406, 55, 1980
2026/08/29 19:23:33.791, 6, 523.96, 96, 59, 47946, 64, 1980
2026/08/29 19:23:33.791, 7, 502.07, 94, 49, 48024, 53, 1980
2026/08/29 19:23:38.792, 0, 510.11, 83, 48, 50668, 63, 1980
2026/08/29 19:23:38.792, 1, 483.37, 47, 27, 49908, 53, 1980
2026/08/29 19:23:38.792, 2, 491.76, 66, 39, 49268, 53, 1980
2026/08/29 19:23:38.792, 3, 502.16, 45, 29, 49308, 66, 1980
2026/08/29 19:23:38.792, 4, 488.19, 52, 33, 48986, 63, 1980
2026/08/29 19:23:38.792, 5, 481.88, 96, 57, 48406, 52, 1980
2026/08/29 19:23:38.792, 6, 500.48, 51, 29, 47946, 63, 1980
2026/08/29 19:23:38.792, 7, 482.34, 100, 63, 48024, 50, 1980
2026/08/29 19:23:43.792, 0, 534.48, 97, 57, 50668, 68, 1980
2026/08/29 19:23:43.793, 1, 496.11, 95, 76, 49908, 54, 1980
2026/08/29 19:23:43.793, 2, 506.95, 97, 50, 49268, 55, 1980
2026/08/29 19:23:43.793, 3, 528.52, 95, 72, 49308, 66, 1980
2026/08/29 19:23:43.793, 4, 510.59, 99, 57, 48986, 65, 1980
2026/08/29 19:23:43.793, 5, 518.32, 100, 73, 48406, 56, 1980
2026/08/29 19:23:43.793, 6, 535.40, 95, 50, 47946, 64, 1980
2026/08/29 19:23:43.793, 7, 520.87, 100, 79, 48024, 52, 1980
2026/08/29 19:23:48.793, 0, 535.12, 96, 72, 50668, 68, 1980
2026/08/29 19:23:48.794, 1, 503.40, 95, 76, 49908, 55, 1980
2026/08/29 19:23:48.795, 2, 508.40, 95, 67, 49268, 55, 1980
2026/08/29 19:23:48.797, 3, 527.14, 95, 75, 49308, 66, 1980
2026/08/29 19:23:48.799, 4, 516.90, 97, 78, 48986, 65, 1980
2026/08/29 19:23:48.801, 5, 508.07, 100, 76, 48406, 56, 1980
2026/08/29 19:23:48.804, 6, 523.24, 95, 73, 47946, 65, 1980
2026/08/29 19:23:48.805, 7, 504.50, 100, 81, 48024, 54, 1980
2026/08/29 19:23:53.806, 0, 527.33, 99, 66, 50668, 68, 1980
2026/08/29 19:23:53.806, 1, 483.98, 97, 57, 49908, 54, 1980
2026/08/29 19:23:53.806, 2, 516.82, 97, 62, 49268, 56, 1980
2026/08/29 19:23:53.806, 3, 527.49, 97, 58, 49308, 66, 1980
2026/08/29 19:23:53.806, 4, 513.11, 99, 67, 48986, 64, 1980
2026/08/29 19:23:53.806, 5, 511.75, 83, 48, 48406, 57, 1980
2026/08/29 19:23:53.806, 6, 518.35, 97, 59, 47946, 64, 1980
2026/08/29 19:23:53.806, 7, 501.53, 93, 54, 48024, 51, 1980
2026/08/29 19:23:58.807, 0, 514.03, 99, 60, 50668, 67, 1980
2026/08/29 19:23:58.807, 1, 475.19, 93, 52, 49908, 52, 1980
2026/08/29 19:23:58.809, 2, 486.99, 96, 51, 49268, 55, 1980
2026/08/29 19:23:58.810, 3, 502.99, 93, 51, 49308, 63, 1980
2026/08/29 19:23:58.811, 4, 485.58, 76, 41, 48986, 66, 1980
2026/08/29 19:23:58.813, 5, 494.85, 50, 25, 48406, 55, 1980
2026/08/29 19:23:58.815, 6, 514.47, 95, 52, 47946, 63, 1980
2026/08/29 19:23:58.816, 7, 500.65, 64, 35, 48024, 51, 1980
2026/08/29 19:24:03.818, 0, 521.41, 95, 78, 50668, 67, 1980
2026/08/29 19:24:03.818, 1, 490.71, 24, 14, 49908, 53, 1980
2026/08/29 19:24:03.818, 2, 495.85, 96, 70, 49268, 52, 1980
2026/08/29 19:24:03.818, 3, 503.47, 42, 28, 49308, 65, 1980
2026/08/29 19:24:03.818, 4, 484.58, 96, 61, 48986, 65, 1980
2026/08/29 19:24:03.818, 5, 477.20, 89, 64, 48406, 55, 1980
2026/08/29 19:24:03.819, 6, 502.64, 96, 79, 47946, 63, 1980
2026/08/29 19:24:03.819, 7, 485.27, 75, 53, 48024, 52, 1980
2026/08/29 19:24:08.819, 0, 517.25, 96, 56, 50668, 68, 1980
2026/08/29 19:24:08.819, 1, 496.84, 100, 79, 49908, 54, 1980
2026/08/29 19:24:08.819, 2, 501.69, 96, 75, 49268, 57, 1980
2026/08/29 19:24:08.819, 3, 512.78, 100, 77, 49308, 65, 1980
2026/08/29 19:24:08.819, 4, 481.92, 100, 68, 48986, 66, 1980
2026/08/29 19:24:08.819, 5, 490.30, 100, 63, 48406, 57, 1980
2026/08/29 19:24:08.819, 6, 504.97, 100, 82, 47946, 65, 1980
2026/08/29 19:24:08.819, 7, 503.78, 100, 64, 48024, 53, 1980
2026/08/29 19:24:13.820, 0, 516.20, 74, 43, 50668, 65, 1980
2026/08/29 19:24:13.820, 1, 505.87, 50, 33, 49908, 53, 1980
2026/08/29 19:24:13.823, 2, 487.49, 56, 33, 49268, 53, 1980
2026/08/29 19:24:13.826, 3, 507.72, 42, 25, 49308, 65, 1980
2026/08/29 19:24:13.829, 4, 474.32, 97, 52, 48986, 65, 1980
2026/08/29 19:24:13.829, 5, 485.57, 73, 50, 48406, 53, 1980
2026/08/29 19:24:13.829, 6, 511.75, 44, 24, 47946, 63, 1980
2026/08/29 19:24:13.832, 7, 499.48, 57, 39, 48024, 53, 1980
2026/08/29 19:24:18.835, 0, 504.49, 31, 17, 50668, 66, 1980
2026/08/29 19:24:18.835, 1, 473.71, 39, 27, 49908, 54, 1980
2026/08/29 19:24:18.836, 2, 488.55, 46, 30, 49268, 54, 1980
2026/08/29 19:24:18.836, 3, 504.91, 95, 66, 49308, 65, 1980
2026/08/29 19:24:18.836, 4, 490.19, 88, 59, 48986, 63, 1980
2026/08/29 19:24:18.836, 5, 481.30, 95, 47, 48406, 55, 1980
2026/08/29 19:24:18.836, 6, 498.72, 50, 35, 47946, 64, 1980
2026/08/29 19:24:18.836, 7, 479.07, 98, 54, 48024, 51, 1980
2026/08/29 19:24:23.836, 0, 537.52, 94, 59, 50668, 67, 1980
2026/08/29 19:24:23.836, 1, 495.01, 93, 51, 49908, 55, 1980
2026/08/29 19:24:23.836, 2, 511.50, 95, 55, 49268, 55, 1980
2026/08/29 19:24:23.836, 3, 525.37, 95, 76, 49308, 66, 1980
2026/08/29 19:24:23.836, 4, 519.20, 100, 63, 48986, 66, 1980
2026/08/29 19:24:23.836, 5, 507.97, 100, 80, 48406, 55, 1980
2026/08/29 19:24:23.836, 6, 529.11, 95, 50, 47946, 65, 1980
2026/08/29 19:24:23.836, 7, 505.05, 97, 78, 48024, 54, 1980
2026/08/29 19:24:28.837, 0, 509.51, 100, 80, 50668, 68, 1980
2026/08/29 19:24:28.838, 1, 489.27, 98, 59, 49908, 55, 1980
2026/08/29 19:24:28.840, 2, 493.93, 55, 35, 49268, 54, 1980
2026/08/29 19:24:28.842, 3, 516.20, 97, 60, 49308, 66, 1980
2026/08/29 19:24:28.842, 4, 494.83, 48, 30, 48986, 63, 1980
2026/08/29 19:24:28.844, 5, 491.73, 100, 65, 48406, 53, 1980
2026/08/29 19:24:28.847, 6, 513.24, 49, 31, 47946, 64, 1980
2026/08/29 19:24:28.849, 7, 479.29, 100, 63, 48024, 50, 1980
2026/08/29 19:24:33.852, 0, 513.14, 96, 55, 50668, 67, 1980
2026/08/29 19:24:33.852, 1, 503.43, 59, 36, 49908, 52, 1980
2026/08/29 19:24:33.852, 2, 497.36, 82, 47, 49268, 53, 1980
2026/08/29 19:24:33.852, 3, 525.46, 52, 31, 49308, 64, 1980
2026/08/29 19:24:33.852, 4, 502.25, 97, 58, 48986, 65, 1980
2026/08/29 19:24:33.852, 5, 516.15, 50, 35, 48406, 55, 1980
2026/08/29 19:24:33.852, 6, 509.97, 66, 39, 47946, 63, 1980
2026/08/29 19:24:33.852, 7, 494.48, 48, 30, 48024, 52, 1980
2026/08/29 19:24:38.853, 0, 544.22, 88, 60, 50668, 66, 1980
2026/08/29 19:24:38.853, 1, 506.70, 99, 71, 49908, 54, 1980
2026/08/29 19:24:38.853, 2, 513.25, 95, 70, 49268, 55, 1980
2026/08/29 19:24:38.853, 3, 521.71, 94, 79, 49308, 66, 1980
2026/08/29 19:24:38.853, 4, 507.23, 95, 79, 48986, 66, 1980
2026/08/29 19:24:38.853, 5, 508.33, 100, 82, 48406, 56, 1980
2026/08/29 19:24:38.853, 6, 529.64, 94, 76, 47946, 64, 1980
2026/08/29 19:24:38.853, 7, 511.03, 97, 78, 48024, 53, 1980
2026/08/29 19:24:43.853, 0, 508.39, 43, 26, 50668, 65, 1980
2026/08/29 19:24:43.854, 1, 477.66, 39, 26, 49908, 52, 1980
2026/08/29 19:24:43.855, 2, 494.81, 41, 25, 49268, 53, 1980
2026/08/29 19:24:43.856, 3, 500.45, 37, 26, 49308, 63, 1980
2026/08/29 19:24:43.857, 4, 487.28, 65, 39, 48986, 63, 1980
2026/08/29 19:24:43.859, 5, 495.56, 97, 57, 48406, 54, 1980
2026/08/29 19:24:43.860, 6, 504.81, 46, 30, 47946, 64, 1980
2026/08/29 19:24:43.863, 7, 477.26, 97, 57, 48024, 51, 1980
2026/08/29 19:24:48.865, 0, 514.57, 34, 21, 50668, 66, 1980
2026/08/29 19:24:48.865, 1, 497.84, 94, 57, 49908, 55, 1980
2026/08/29 19:24:48.865, 2, 488.89, 83, 48, 49268, 51, 1980
2026/08/29 19:24:48.865, 3, 522.04, 95, 79, 49308, 65, 1980
2026/08/29 19:24:48.865, 4, 499.24, 36, 23, 48986, 64, 1980
2026/08/29 19:24:48.865, 5, 499.78, 99, 76, 48406, 53, 1980
2026/08/29 19:24:48.865, 6, 509.86, 75, 44, 47946, 65, 1980
2026/08/29 19:24:48.865, 7, 490.20, 90, 53, 48024, 52, 1980
2026/08/29 19:24:53.866, 0, 537.32, 100, 80, 50668, 67, 1980
2026/08/29 19:24:53.866, 1, 496.18, 100, 69, 49908, 55, 1980
2026/08/29 19:24:53.866, 2, 497.31, 100, 75, 49268, 54, 1980
2026/08/29 19:24:53.866, 3, 520.84, 100, 70, 49308, 65, 1980
2026/08/29 19:24:53.866, 4, 504.41, 98, 80, 48986, 65, 1980
2026/08/29 19:24:53.866, 5, 492.16, 100, 60, 48406, 55, 1980
2026/08/29 19:24:53.866, 6, 517.99, 100, 65, 47946, 64, 1980
2026/08/29 19:24:53.866, 7, 503.38, 100, 62, 48024, 54, 1980
2026/08/29 19:24:58.866, 0, 510.54, 47, 27, 50668, 66, 1980
2026/08/29 19:24:58.868, 1, 459.49, 45, 30, 49908, 53, 1980
2026/08/29 19:24:58.870, 2, 477.39, 97, 45, 49268, 53, 1980
2026/08/29 19:24:58.871, 3, 495.71, 94, 48, 49308, 62, 1980
2026/08/29 19:24:58.874, 4, 483.46, 69, 37, 48986, 63, 1980
2026/08/29 19:24:58.877, 5, 485.37, 44, 26, 48406, 54, 1980
2026/08/29 19:24:58.879, 6, 499.86, 94, 44, 47946, 62, 1980
2026/08/29 19:24:58.881, 7, 488.47, 85, 60, 48024, 50, 1980
2026/08/29 19:25:03.881, 0, 525.95, 95, 81, 50668, 67, 1980
2026/08/29 19:25:03.881, 1, 507.93, 100, 81, 49908, 55, 1980
2026/08/29 19:25:03.882, 2, 506.56, 95, 79, 49268, 55, 1980
2026/08/29 19:25:03.882, 3, 522.26, 99, 79, 49308, 66, 1980
2026/08/29 19:25:03.882, 4, 512.56, 96, 77, 48986, 65, 1980
2026/08/29 19:25:03.882, 5, 498.55, 95, 57, 48406, 55, 1980
2026/08/29 19:25:03.882, 6, 521.65, 100, 82, 47946, 64, 1980
2026/08/29 19:25:03.882, 7, 509.45, 54, 33, 48024, 52, 1980
2026/08/29 19:25:08.882, 0, 526.93, 95, 79, 50668, 67, 1980
2026/08/29 19:25:08.882, 1, 497.68, 38, 23, 49908, 53, 1980
2026/08/29 19:25:08.882, 2, 507.25, 96, 65, 49268, 53, 1980
2026/08/29 19:25:08.882, 3, 526.29, 95, 71, 49308, 64, 1980
2026/08/29 19:25:08.882, 4, 504.87, 95, 76, 48986, 65, 1980
2026/08/29 19:25:08.882, 5, 514.52, 54, 33, 48406, 53, 1980
2026/08/29 19:25:08.882, 6, 522.83, 100, 83, 47946, 63, 1980
2026/08/29 19:25:08.882, 7, 508.08, 71, 49, 48024, 52, 1980
2026/08/29 19:25:13.883, 0, 532.95, 95, 80, 50668, 67, 1980
2026/08/29 19:25:13.883, 1, 504.49, 100, 83, 49908, 55, 1980
2026/08/29 19:25:13.884, 2, 510.23, 96, 80, 49268, 54, 1980
2026/08/29 19:25:13.885, 3, 530.94, 100, 81, 49308, 66, 1980
2026/08/29 19:25:13.886, 4, 512.22, 95, 76, 48986, 65, 1980
2026/08/29 19:25:13.887, 5, 510.06, 100, 65, 48406, 54, 1980
2026/08/29 19:25:13.888, 6, 529.87, 100, 81, 47946, 64, 1980
2026/08/29 19:25:13.889, 7, 499.71, 100, 63, 48024, 53, 1980
2026/08/29 19:25:18.890, 0, 505.42, 94, 55, 50668, 66, 1980
2026/08/29 19:25:18.890, 1, 473.36, 77, 42, 49908, 54, 1980
2026/08/29 19:25:18.890, 2, 484.21, 100, 64, 49268, 51, 1980
2026/08/29 19:25:18.890, 3, 496.55, 98, 58, 49308, 64, 1980
2026/08/29 19:25:18.890, 4, 487.63, 98, 55, 48986, 64, 1980
2026/08/29 19:25:18.890, 5, 489.73, 95, 50, 48406, 53, 1980
2026/08/29 19:25:18.890, 6, 495.34, 85, 46, 47946, 64, 1980
2026/08/29 19:25:18.890, 7, 480.16, 47, 30, 48024, 52, 1980
2026/08/29 19:25:23.890, 0, 509.51, 42, 27, 50668, 65, 1980
2026/08/29 19:25:23.891, 1, 490.86, 47, 33, 49908, 53, 1980
2026/08/29 19:25:23.891, 2, 498.98, 37, 22, 49268, 53, 1980
2026/08/29 19:25:23.891, 3, 513.74, 57, 40, 49308, 64, 1980
2026/08/29 19:25:23.891, 4, 499.64, 59, 36, 48986, 63, 1980
2026/08/29 19:25:23.891, 5, 497.35, 95, 56, 48406, 53, 1980
2026/08/29 19:25:23.891, 6, 506.26, 47, 32, 47946, 63, 1980
2026/08/29 19:25:23.891, 7, 491.71, 100, 58, 48024, 51, 1980
2026/08/29 19:25:28.891, 0, 507.99, 91, 62, 50668, 65, 1980
2026/08/29 19:25:28.892, 1, 491.54, 96, 55, 49908, 53, 1980
2026/08/29 19:25:28.894, 2, 482.21, 49, 30, 49268, 53, 1980
2026/08/29 19:25:28.897, 3, 514.32, 46, 31, 49308, 62, 1980
2026/08/29 19:25:28.903, 4, 488.22, 75, 51, 48986, 63, 1980
2026/08/29 19:25:28.906, 5, 504.34, 100, 56, 48406, 53, 1980
2026/08/29 19:25:28.911, 6, 500.63, 95, 75, 47946, 63, 1980
2026/08/29 19:25:28.912, 7, 488.24, 60, 32, 48024, 51, 1980
2026/08/29 19:25:33.916, 0, 528.91, 99, 68, 50668, 63, 1980
2026/08/29 19:25:33.916, 1, 476.10, 99, 60, 49908, 52, 1980
2026/08/29 19:25:33.916, 2, 513.67, 81, 56, 49268, 52, 1980
2026/08/29 19:25:33.916, 3, 523.96, 99, 59, 49308, 64, 1980
2026/08/29 19:25:33.916, 4, 511.06, 51, 33, 48986, 63, 1980
2026/08/29 19:25:33.916, 5, 485.23, 81, 44, 48406, 52, 1980
2026/08/29 19:25:33.916, 6, 507.45, 100, 58, 47946, 62, 1980
2026/08/29 19:25:33.916, 7, 493.39, 96, 52, 48024, 49, 1980
2026/08/29 19:25:38.916, 0, 525.63, 99, 69, 50668, 63, 1980
2026/08/29 19:25:38.916, 1, 492.34, 94, 59, 49908, 53, 1980
2026/08/29 19:25:38.916, 2, 511.81, 100, 82, 49268, 55, 1980
2026/08/29 19:25:38.916, 3, 520.15, 100, 74, 49308, 64, 1980
2026/08/29 19:25:38.916, 4, 510.05, 100, 69, 48986, 65, 1980
2026/08/29 19:25:38.916, 5, 499.90, 100, 69, 48406, 55, 1980
2026/08/29 19:25:38.917, 6, 521.45, 94, 61, 47946, 64, 1980
2026/08/29 19:25:38.917, 7, 504.74, 92, 49, 48024, 51, 1980
2026/08/29 19:25:43.917, 0, 532.76, 95, 71, 50668, 65, 1980
2026/08/29 19:25:43.917, 1, 504.30, 95, 81, 49908, 54, 1980
2026/08/29 19:25:43.917, 2, 497.86, 95, 76, 49268, 55, 1980
2026/08/29 19:25:43.917, 3, 514.22, 94, 82, 49308, 65, 1980
2026/08/29 19:25:43.917, 4, 500.88, 96, 65, 48986, 63, 1980
2026/08/29 19:25:43.917, 5, 498.86, 100, 72, 48406, 55, 1980
2026/08/29 19:25:43.917, 6, 517.26, 95, 69, 47946, 63, 1980
2026/08/29 19:25:43.917, 7, 502.05, 100, 77, 48024, 51, 1980
2026/08/29 19:25:48.918, 0, 537.79, 99, 69, 50668, 66, 1980
2026/08/29 19:25:48.918, 1, 504.38, 99, 63, 49908, 54, 1980
2026/08/29 19:25:48.918, 2, 512.09, 100, 83, 49268, 54, 1980
2026/08/29 19:25:48.918, 3, 515.54, 100, 76, 49308, 65, 1980
2026/08/29 19:25:48.918, 4, 507.62, 100, 69, 48986, 65, 1980
2026/08/29 19:25:48.918, 5, 503.99, 100, 63, 48406, 55, 1980
2026/08/29 19:25:48.918, 6, 515.74, 100, 61, 47946, 63, 1980
2026/08/29 19:25:48.918, 7, 500.18, 95, 71, 48024, 53, 1980
2026/08/29 19:25:53.918, 0, 504.24, 99, 67, 50668, 63, 1980
2026/08/29 19:25:53.918, 1, 478.88, 99, 61, 49908, 52, 1980
2026/08/29 19:25:53.918, 2, 486.23, 81, 49, 49268, 52, 1980
2026/08/29 19:25:53.918, 3, 497.08, 99, 58, 49308, 64, 1980
2026/08/29 19:25:53.918, 4, 483.26, 54, 35, 48986, 63, 1980
2026/08/29 19:25:53.918, 5, 486.08, 81, 44, 48406, 53, 1980
2026/08/29 19:25:53.919, 6, 497.20, 100, 58, 47946, 62, 1980
2026/08/29 19:25:53.919, 7, 486.01, 96, 51, 48024, 50, 1980
2026/08/29 19:25:58.919, 0, 530.23, 95, 83, 50668, 67, 1980
2026/08/29 19:25:58.920, 1, 496.21, 100, 84, 49908, 54, 1980
2026/08/29 19:25:58.920, 2, 503.79, 88, 63, 49268, 54, 1980
2026/08/29 19:25:58.922, 3, 511.62, 95, 62, 49308, 65, 1980
2026/08/29 19:25:58.925, 4, 496.08, 95, 67, 48986, 64, 1980
2026/08/29 19:25:58.926, 5, 498.33, 95, 72, 48406, 54, 1980
2026/08/29 19:25:58.928, 6, 513.83, 97, 80, 47946, 64, 1980
2026/08/29 19:25:58.928, 7, 504.56, 100, 65, 48024, 53, 1980
2026/08/29 19:26:03.931, 0, 529.99, 95, 78, 50668, 66, 1980
2026/08/29 19:26:03.931, 1, 497.72, 95, 84, 49908, 54, 1980
2026/08/29 19:26:03.931, 2, 491.21, 95, 73, 49268, 54, 1980
2026/08/29 19:26:03.931, 3, 505.85, 96, 78, 49308, 64, 1980
2026/08/29 19:26:03.932, 4, 490.75, 100, 76, 48986, 63, 1980
2026/08/29 19:26:03.932, 5, 500.86, 100, 67, 48406, 55, 1980
2026/08/29 19:26:03.932, 6, 514.14, 95, 73, 47946, 63, 1980
2026/08/29 19:26:03.932, 7, 501.71, 100, 73, 48024, 52, 1980
2026/08/29 19:26:08.932, 0, 530.82, 99, 58, 50668, 66, 1980
2026/08/29 19:26:08.932, 1, 507.77, 94, 53, 49908, 51, 1980
2026/08/29 19:26:08.932, 2, 498.82, 100, 71, 49268, 55, 1980
2026/08/29 19:26:08.932, 3, 517.05, 100, 63, 49308, 65, 1980
2026/08/29 19:26:08.932, 4, 512.20, 100, 59, 48986, 63, 1980
2026/08/29 19:26:08.932, 5, 491.21, 99, 52, 48406, 55, 1980
2026/08/29 19:26:08.932, 6, 514.19, 96, 51, 47946, 61, 1980
2026/08/29 19:26:08.932, 7, 500.31, 100, 66, 48024, 51, 1980
2026/08/29 19:26:13.933, 0, 530.34, 65, 39, 50668, 64, 1980
2026/08/29 19:26:13.933, 1, 480.54, 35, 20, 49908, 52, 1980
2026/08/29 19:26:13.933, 2, 500.92, 95, 78, 49268, 54, 1980
2026/08/29 19:26:13.933, 3, 515.71, 100, 82, 49308, 64, 1980
2026/08/29 19:26:13.933, 4, 505.89, 43, 31, 48986, 64, 1980
2026/08/29 19:26:13.933, 5, 485.39, 79, 56, 48406, 55, 1980
2026/08/29 19:26:13.933, 6, 510.95, 41, 27, 47946, 62, 1980
2026/08/29 19:26:13.933, 7, 508.30, 52, 38, 48024, 52, 1980
2026/08/29 19:26:18.933, 0, 536.17, 100, 69, 50668, 66, 1980
2026/08/29 19:26:18.933, 1, 508.31, 99, 69, 49908, 51, 1980
2026/08/29 19:26:18.933, 2, 504.96, 95, 79, 49268, 55, 1980
2026/08/29 19:26:18.934, 3, 526.97, 100, 82, 49308, 65, 1980
2026/08/29 19:26:18.934, 4, 507.77, 100, 75, 48986, 64, 1980
2026/08/29 19:26:18.934, 5, 513.26, 100, 69, 48406, 56, 1980
2026/08/29 19:26:18.934, 6, 518.47, 100, 64, 47946, 63, 1980
2026/08/29 19:26:18.934, 7, 511.26, 98, 55, 48024, 51, 1980
2026/08/29 19:26:23.934, 0, 513.22, 94, 56, 50668, 66, 1980
2026/08/29 19:26:23.934, 1, 478.20, 92, 53, 49908, 50, 1980
2026/08/29 19:26:23.934, 2, 480.79, 92, 56, 49268, 53, 1980
2026/08/29 19:26:23.934, 3, 485.50, 86, 47, 49308, 61, 1980
2026/08/29 19:26:23.934, 4, 477.13, 63, 36, 48986, 62, 1980
2026/08/29 19:26:23.934, 5, 476.50, 46, 30, 48406, 53, 1980
2026/08/29 19:26:23.934, 6, 491.10, 92, 49, 47946, 61, 1980
2026/08/29 19:26:23.934, 7, 474.92, 52, 29, 48024, 51, 1980
2026/08/29 19:26:28.935, 0, 516.70, 94, 54, 50668, 63, 1980
2026/08/29 19:26:28.936, 1, 477.36, 59, 36, 49908, 53, 1980
2026/08/29 19:26:28.937, 2, 486.29, 97, 64, 49268, 55, 1980
2026/08/29 19:26:28.939, 3, 525.35, 97, 59, 49308, 63, 1980
2026/08/29 19:26:28.941, 4, 496.11, 94, 52, 48986, 64, 1980
2026/08/29 19:26:28.943, 5, 477.04, 95, 50, 48406, 51, 1980
2026/08/29 19:26:28.945, 6, 491.38, 69, 37, 47946, 62, 1980
2026/08/29 19:26:28.946, 7, 491.05, 100, 64, 48024, 50, 1980
2026/08/29 19:26:33.948, 0, 504.84, 99, 64, 50668, 66, 1980
2026/08/29 19:26:33.948, 1, 485.26, 99, 71, 49908, 54, 1980
2026/08/29 19:26:33.950, 2, 483.29, 53, 32, 49268, 52, 1980
2026/08/29 19:26:33.951, 3, 500.61, 43, 26, 49308, 63, 1980
2026/08/29 19:26:33.953, 4, 480.82, 100, 65, 48986, 61, 1980
2026/08/29 19:26:33.956, 5, 473.17, 100, 60, 48406, 50, 1980
2026/08/29 19:26:33.958, 6, 491.74, 100, 55, 47946, 63, 1980
2026/08/29 19:26:33.959, 7, 472.54, 100, 63, 48024, 49, 1980
2026/08/29 19:26:38.960, 0, 531.70, 95, 76, 50668, 66, 1980
2026/08/29 19:26:38.960, 1, 504.41, 95, 80, 49908, 54, 1980
2026/08/29 19:26:38.960, 2, 513.62, 100, 69, 49268, 54, 1980
2026/08/29 19:26:38.960, 3, 531.36, 88, 62, 49308, 65, 1980
2026/08/29 19:26:38.960, 4, 505.00, 96, 71, 48986, 64, 1980
2026/08/29 19:26:38.960, 5, 511.16, 95, 77, 48406, 55, 1980
2026/08/29 19:26:38.960, 6, 509.89, 95, 70, 47946, 63, 1980
2026/08/29 19:26:38.960, 7, 504.26, 100, 72, 48024, 52, 1980
2026/08/29 19:26:43.960, 0, 517.82, 100, 74, 50668, 66, 1980
2026/08/29 19:26:43.961, 1, 491.72, 96, 77, 49908, 53, 1980
2026/08/29 19:26:43.961, 2, 511.00, 95, 67, 49268, 54, 1980
2026/08/29 19:26:43.961, 3, 518.01, 96, 80, 49308, 65, 1980
2026/08/29 19:26:43.961, 4, 507.09, 100, 80, 48986, 64, 1980
2026/08/29 19:26:43.961, 5, 510.59, 100, 73, 48406, 55, 1980
2026/08/29 19:26:43.961, 6, 525.05, 100, 69, 47946, 64, 1980
2026/08/29 19:26:43.961, 7, 498.79, 100, 72, 48024, 52, 1980
2026/08/29 19:26:48.961, 0, 513.00, 53, 32, 50668, 63, 1980
2026/08/29 19:26:48.961, 1, 485.74, 42, 27, 49908, 52, 1980
2026/08/29 19:26:48.961, 2, 491.49, 98, 57, 49268, 54, 1980
2026/08/29 19:26:48.961, 3, 494.86, 95, 56, 49308, 62, 1980
2026/08/29 19:26:48.961, 4, 490.07, 67, 47, 48986, 61, 1980
2026/08/29 19:26:48.961, 5, 475.64, 50, 26, 48406, 52, 1980
2026/08/29 19:26:48.961, 6, 495.70, 46, 28, 47946, 62, 1980
2026/08/29 19:26:48.962, 7, 497.35, 100, 59, 48024, 49, 1980
2026/08/29 19:26:53.962, 0, 507.61, 100, 82, 50668, 64, 1980
2026/08/29 19:26:53.962, 1, 488.15, 90, 51, 49908, 52, 1980
2026/08/29 19:26:53.962, 2, 488.44, 95, 67, 49268, 53, 1980
2026/08/29 19:26:53.962, 3, 500.50, 95, 78, 49308, 64, 1980
2026/08/29 19:26:53.962, 4, 493.57, 65, 36, 48986, 63, 1980
2026/08/29 19:26:53.962, 5, 476.06, 47, 30, 48406, 53, 1980
2026/08/29 19:26:53.962, 6, 488.77, 50, 32, 47946, 62, 1980
2026/08/29 19:26:53.962, 7, 480.68, 53, 30, 48024, 51, 1980
2026/08/29 19:26:58.963, 0, 524.00, 52, 37, 50668, 66, 1980
2026/08/29 19:26:58.964, 1, 495.83, 89, 64, 49908, 54, 1980
2026/08/29 19:26:58.964, 2, 504.60, 100, 65, 49268, 51, 1980
2026/08/29 19:26:58.966, 3, 525.42, 42, 26, 49308, 63, 1980
2026/08/29 19:26:58.973, 4, 497.03, 96, 67, 48986, 64, 1980
2026/08/29 19:26:58.974, 5, 491.12, 60, 43, 48406, 54, 1980
2026/08/29 19:26:58.975, 6, 525.66, 87, 59, 47946, 63, 1980
2026/08/29 19:26:58.977, 7, 518.16, 95, 69, 48024, 51, 1980
2026/08/29 19:27:03.980, 0, 538.58, 100, 70, 50668, 66, 1980
2026/08/29 19:27:03.980, 1, 500.82, 99, 66, 49908, 54, 1980
2026/08/29 19:27:03.980, 2, 517.63, 100, 86, 49268, 55, 1980
2026/08/29 19:27:03.980, 3, 517.85, 100, 74, 49308, 64, 1980
2026/08/29 19:27:03.980, 4, 492.47, 100, 65, 48986, 64, 1980
2026/08/29 19:27:03.980, 5, 500.10, 100, 65, 48406, 55, 1980
2026/08/29 19:27:03.980, 6, 506.51, 100, 63, 47946, 64, 1980
2026/08/29 19:27:03.980, 7, 500.66, 99, 52, 48024, 52, 1980
2026/08/29 19:27:08.981, 0, 494.99, 58, 35, 50668, 63, 1980
2026/08/29 19:27:08.981, 1, 464.11, 42, 26, 49908, 52, 1980
2026/08/29 19:27:08.981, 2, 476.33, 42, 25, 49268, 54, 1980
2026/08/29 19:27:08.981, 3, 500.42, 95, 57, 49308, 63, 1980
2026/08/29 19:27:08.981, 4, 486.49, 56, 39, 48986, 63, 1980
2026/08/29 19:27:08.981, 5, 491.33, 85, 60, 48406, 52, 1980
2026/08/29 19:27:08.981, 6, 483.90, 41, 26, 47946, 62, 1980
2026/08/29 19:27:08.981, 7, 474.13, 100, 59, 48024, 48, 1980
2026/08/29 19:27:13.981, 0, 523.50, 99, 65, 50668, 66, 1980
2026/08/29 19:27:13.981, 1, 503.03, 95, 82, 49908, 53, 1980
2026/08/29 19:27:13.981, 2, 506.58, 100, 76, 49268, 54, 1980
2026/08/29 19:27:13.981, 3, 515.23, 100, 68, 49308, 65, 1980
2026/08/29 19:27:13.981, 4, 505.74, 86, 61, 48986, 64, 1980
2026/08/29 19:27:13.981, 5, 503.69, 95, 60, 48406, 55, 1980
2026/08/29 19:27:13.982, 6, 523.97, 95, 68, 47946, 64, 1980
2026/08/29 19:27:13.982, 7, 496.13, 100, 81, 48024, 52, 1980
2026/08/29 19:27:18.982, 0, 520.00, 99, 69, 50668, 63, 1980
2026/08/29 19:27:18.982, 1, 487.08, 94, 57, 49908, 51, 1980
2026/08/29 19:27:18.982, 2, 491.87, 62, 44, 49268, 55, 1980
2026/08/29 19:27:18.982, 3, 503.06, 94, 57, 49308, 63, 1980
2026/08/29 19:27:18.982, 4, 499.24, 93, 55, 48986, 64, 1980
2026/08/29 19:27:18.982, 5, 478.60, 91, 47, 48406, 51, 1980
2026/08/29 19:27:18.982, 6, 496.98, 96, 57, 47946, 60, 1980
2026/08/29 19:27:18.982, 7, 474.64, 92, 50, 48024, 50, 1980
2026/08/29 19:27:23.983, 0, 528.98, 45, 32, 50668, 65, 1980
2026/08/29 19:27:23.983, 1, 492.19, 87, 63, 49908, 51, 1980
2026/08/29 19:27:23.983, 2, 499.75, 71, 38, 49268, 53, 1980
2026/08/29 19:27:23.983, 3, 499.87, 42, 24, 49308, 63, 1980
2026/08/29 19:27:23.983, 4, 485.76, 45, 28, 48986, 63, 1980
2026/08/29 19:27:23.983, 5, 492.29, 58, 41, 48406, 54, 1980
2026/08/29 19:27:23.983, 6, 500.73, 85, 60, 47946, 61, 1980
2026/08/29 19:27:23.983, 7, 493.82, 95, 69, 48024, 51, 1980
2026/08/29 19:27:28.983, 0, 512.07, 48, 34, 50668, 65, 1980
2026/08/29 19:27:28.984, 1, 489.95, 89, 63, 49908, 52, 1980
2026/08/29 19:27:28.986, 2, 499.03, 72, 51, 49268, 51, 1980
2026/08/29 19:27:28.988, 3, 520.65, 45, 26, 49308, 63, 1980
2026/08/29 19:27:28.988, 4, 501.61, 96, 67, 48986, 63, 1980
2026/08/29 19:27:28.990, 5, 504.10, 86, 48, 48406, 53, 1980
2026/08/29 19:27:28.993, 6, 514.89, 85, 60, 47946, 61, 1980
2026/08/29 19:27:28.995, 7, 508.71, 96, 69, 48024, 52, 1980
2026/08/29 19:27:33.997, 0, 525.04, 100, 70, 50668, 67, 1980
2026/08/29 19:27:33.997, 1, 481.65, 100, 60, 49908, 52, 1980
2026/08/29 19:27:33.997, 2, 497.23, 100, 79, 49268, 54, 1980
2026/08/29 19:27:33.997, 3, 513.53, 100, 71, 49308, 65, 1980
2026/08/29 19:27:33.997, 4, 497.10, 75, 51, 48986, 64, 1980
2026/08/29 19:27:33.997, 5, 502.88, 98, 62, 48406, 55, 1980
2026/08/29 19:27:33.997, 6, 520.87, 100, 62, 47946, 63, 1980
2026/08/29 19:27:33.997, 7, 508.33, 95, 74, 48024, 52, 1980
2026/08/29 19:27:38.998, 0, 532.38, 95, 77, 50668, 67, 1980
2026/08/29 19:27:38.998, 1, 507.52, 100, 85, 49908, 54, 1980
2026/08/29 19:27:38.998, 2, 501.92, 97, 60, 49268, 55, 1980
2026/08/29 19:27:38.998, 3, 520.22, 100, 84, 49308, 65, 1980
2026/08/29 19:27:38.998, 4, 496.97, 100, 71, 48986, 64, 1980
2026/08/29 19:27:38.998, 5, 496.56, 100, 64, 48406, 55, 1980
2026/08/29 19:27:38.998, 6, 516.71, 96, 77, 47946, 63, 1980
2026/08/29 19:27:38.998, 7, 499.15, 100, 66, 48024, 53, 1980
2026/08/29 19:27:43.998, 0, 510.62, 79, 45, 50668, 62, 1980
2026/08/29 19:27:43.998, 1, 476.43, 93, 52, 49908, 51, 1980
2026/08/29 19:27:43.998, 2, 491.56, 96, 56, 49268, 50, 1980
2026/08/29 19:27:43.999, 3, 491.96, 94, 49, 49308, 63, 1980
2026/08/29 19:27:43.999, 4, 494.83, 92, 48, 48986, 62, 1980
2026/08/29 19:27:43.999, 5, 484.15, 71, 50, 48406, 51, 1980
2026/08/29 19:27:43.999, 6, 502.38, 49, 26, 47946, 62, 1980
2026/08/29 19:27:43.999, 7, 487.80, 52, 37, 48024, 49, 1980
2026/08/29 19:27:48.999, 0, 537.00, 94, 56, 50668, 67, 1980
2026/08/29 19:27:48.999, 1, 495.64, 99, 82, 49908, 55, 1980
2026/08/29 19:27:48.999, 2, 508.30, 95, 78, 49268, 55, 1980
2026/08/29 19:27:48.999, 3, 524.74, 99, 80, 49308, 66, 1980
2026/08/29 19:27:48.999, 4, 502.86, 99, 71, 48986, 65, 1980
2026/08/29 19:27:48.999, 5, 508.21, 53, 31, 48406, 55, 1980
2026/08/29 19:27:48.999, 6, 520.07, 96, 79, 47946, 64, 1980
2026/08/29 19:27:48.999, 7, 511.73, 95, 59, 48024, 52, 1980
2026/08/29 19:27:54.000, 0, 508.04, 45, 32, 50668, 63, 1980
2026/08/29 19:27:54.000, 1, 483.07, 84, 60, 49908, 51, 1980
2026/08/29 19:27:54.000, 2, 493.05, 75, 44, 49268, 51, 1980
2026/08/29 19:27:54.000, 3, 506.95, 49, 30, 49308, 63, 1980
2026/08/29 19:27:54.000, 4, 496.73, 93, 55, 48986, 64, 1980
2026/08/29 19:27:54.000, 5, 498.80, 87, 49, 48406, 52, 1980
2026/08/29 19:27:54.000, 6, 511.69, 79, 55, 47946, 61, 1980
2026/08/29 19:27:54.000, 7, 496.14, 93, 49, 48024, 50, 1980
2026/08/29 19:27:59.000, 0, 505.10, 99, 64, 50668, 63, 1980
2026/08/29 19:27:59.003, 1, 476.25, 97, 55, 49908, 52, 1980
2026/08/29 19:27:59.005, 2, 494.84, 86, 62, 49268, 52, 1980
2026/08/29 19:27:59.005, 3, 509.15, 97, 58, 49308, 64, 1980
2026/08/29 19:27:59.007, 4, 495.02, 96, 55, 48986, 64, 1980
2026/08/29 19:27:59.011, 5, 490.10, 69, 38, 48406, 51, 1980
2026/08/29 19:27:59.014, 6, 500.18, 100, 55, 47946, 62, 1980
2026/08/29 19:27:59.015, 7, 489.37, 86, 46, 48024, 52, 1980
2026/08/29 19:28:04.016, 0, 531.96, 46, 30, 50668, 66, 1980
2026/08/29 19:28:04.016, 1, 496.72, 77, 53, 49908, 52, 1980
2026/08/29 19:28:04.016, 2, 514.18, 88, 51, 49268, 54, 1980
2026/08/29 19:28:04.016, 3, 527.31, 61, 37, 49308, 64, 1980
2026/08/29 19:28:04.016, 4, 507.76, 96, 70, 48986, 64, 1980
2026/08/29 19:28:04.016, 5, 516.07, 95, 69, 48406, 55, 1980
2026/08/29 19:28:04.016, 6, 523.61, 69, 47, 47946, 61, 1980
2026/08/29 19:28:04.016, 7, 508.47, 95, 66, 48024, 52, 1980
2026/08/29 19:28:09.017, 0, 527.25, 58, 37, 50668, 66, 1980
2026/08/29 19:28:09.017, 1, 481.12, 48, 30, 49908, 53, 1980
2026/08/29 19:28:09.017, 2, 495.68, 100, 60, 49268, 54, 1980
2026/08/29 19:28:09.017, 3, 511.07, 96, 59, 49308, 63, 1980
2026/08/29 19:28:09.017, 4, 490.72, 84, 49, 48986, 62, 1980
2026/08/29 19:28:09.017, 5, 475.85, 55, 33, 48406, 54, 1980
2026/08/29 19:28:09.017, 6, 500.15, 96, 54, 47946, 64, 1980
2026/08/29 19:28:09.017, 7, 476.49, 71, 40, 48024, 53, 1980
2026/08/29 19:28:14.017, 0, 546.29, 99, 70, 50668, 66, 1980
2026/08/29 19:28:14.018, 1, 507.35, 58, 39, 49908, 55, 1980
2026/08/29 19:28:14.018, 2, 508.51, 95, 77, 49268, 55, 1980
2026/08/29 19:28:14.018, 3, 515.72, 96, 79, 49308, 66, 1980
2026/08/29 19:28:14.018, 4, 498.51, 84, 61, 48986, 66, 1980
2026/08/29 19:28:14.018, 5, 504.90, 95, 75, 48406, 56, 1980
2026/08/29 19:28:14.018, 6, 523.32, 99, 62, 47946, 65, 1980
2026/08/29 19:28:14.018, 7, 503.85, 95, 71, 48024, 53, 1980
2026/08/29 19:28:19.018, 0, 522.41, 45, 29, 50668, 66, 1980
2026/08/29 19:28:19.018, 1, 491.32, 71, 43, 49908, 52, 1980
2026/08/29 19:28:19.018, 2, 502.38, 95, 63, 49268, 53, 1980
2026/08/29 19:28:19.018, 3, 516.36, 67, 40, 49308, 63, 1980
2026/08/29 19:28:19.018, 4, 495.25, 42, 27, 48986, 64, 1980
2026/08/29 19:28:19.018, 5, 486.80, 48, 32, 48406, 55, 1980
2026/08/29 19:28:19.018, 6, 497.44, 80, 44, 47946, 63, 1980
2026/08/29 19:28:19.018, 7, 479.46, 29, 16, 48024, 52, 1980
2026/08/29 19:28:24.019, 0, 524.49, 70, 49, 50668, 65, 1980
2026/08/29 19:28:24.019, 1, 498.23, 96, 69, 49908, 53, 1980
2026/08/29 19:28:24.019, 2, 504.62, 48, 29, 49268, 53, 1980
2026/08/29 19:28:24.019, 3, 519.36, 35, 20, 49308, 64, 1980
2026/08/29 19:28:24.019, 4, 493.76, 95, 73, 48986, 65, 1980
2026/08/29 19:28:24.019, 5, 501.66, 95, 65, 48406, 55, 1980
2026/08/29 19:28:24.019, 6, 514.81, 98, 55, 47946, 62, 1980
2026/08/29 19:28:24.019, 7, 503.42, 95, 68, 48024, 52, 1980
2026/08/29 19:28:29.019, 0, 531.58, 95, 83, 50668, 67, 1980
2026/08/29 19:28:29.021, 1, 507.95, 96, 74, 49908, 53, 1980
2026/08/29 19:28:29.022, 2, 513.95, 97, 70, 49268, 55, 1980
2026/08/29 19:28:29.023, 3, 521.85, 95, 66, 49308, 65, 1980
2026/08/29 19:28:29.025, 4, 512.35, 95, 71, 48986, 65, 1980
2026/08/29 19:28:29.027, 5, 504.38, 96, 71, 48406, 53, 1980
2026/08/29 19:28:29.029, 6, 518.81, 95, 62, 47946, 63, 1980
2026/08/29 19:28:29.031, 7, 500.20, 95, 73, 48024, 53, 1980
2026/08/29 19:28:34.032, 0, 534.06, 99, 62, 50668, 68, 1980
2026/08/29 19:28:34.032, 1, 494.66, 95, 80, 49908, 55, 1980
2026/08/29 19:28:34.032, 2, 508.48, 100, 78, 49268, 56, 1980
2026/08/29 19:28:34.032, 3, 529.27, 99, 71, 49308, 66, 1980
2026/08/29 19:28:34.032, 4, 512.48, 96, 81, 48986, 66, 1980
2026/08/29 19:28:34.032, 5, 506.86, 100, 83, 48406, 55, 1980
2026/08/29 19:28:34.032, 6, 517.43, 97, 55, 47946, 64, 1980
2026/08/29 19:28:34.032, 7, 506.90, 98, 82, 48024, 52, 1980
2026/08/29 19:28:39.032, 0, 530.41, 59, 37, 50668, 66, 1980
2026/08/29 19:28:39.032, 1, 491.09, 46, 28, 49908, 54, 1980
2026/08/29 19:28:39.032, 2, 497.64, 95, 70, 49268, 54, 1980
2026/08/29 19:28:39.032, 3, 519.86, 95, 58, 49308, 65, 1980
2026/08/29 19:28:39.032, 4, 503.92, 83, 49, 48986, 63, 1980
2026/08/29 19:28:39.032, 5, 492.77, 55, 31, 48406, 53, 1980
2026/08/29 19:28:39.033, 6, 513.86, 98, 54, 47946, 64, 1980
2026/08/29 19:28:39.033, 7, 494.44, 71, 40, 48024, 51, 1980
2026/08/29 19:28:44.033, 0, 533.10, 96, 56, 50668, 65, 1980
2026/08/29 19:28:44.033, 1, 487.79, 95, 72, 49908, 54, 1980
2026/08/29 19:28:44.033, 2, 507.30, 100, 79, 49268, 53, 1980
2026/08/29 19:28:44.033, 3, 519.18, 66, 46, 49308, 65, 1980
2026/08/29 19:28:44.033, 4, 505.63, 97, 74, 48986, 66, 1980
2026/08/29 19:28:44.033, 5, 509.50, 100, 83, 48406, 56, 1980
2026/08/29 19:28:44.033, 6, 524.44, 95, 74, 47946, 64, 1980
2026/08/29 19:28:44.033, 7, 504.43, 97, 80, 48024, 53, 1980
2026/08/29 19:28:49.033, 0, 523.07, 99, 69, 50668, 67, 1980
2026/08/29 19:28:49.034, 1, 490.52, 99, 62, 49908, 55, 1980
2026/08/29 19:28:49.034, 2, 503.81, 100, 81, 49268, 56, 1980
2026/08/29 19:28:49.034, 3, 505.95, 100, 73, 49308, 66, 1980
2026/08/29 19:28:49.034, 4, 491.65, 100, 70, 48986, 66, 1980
2026/08/29 19:28:49.034, 5, 489.31, 100, 81, 48406, 55, 1980
2026/08/29 19:28:49.034, 6, 506.52, 100, 72, 47946, 64, 1980
2026/08/29 19:28:49.034, 7, 489.05, 100, 64, 48024, 53, 1980
2026/08/29 19:28:54.034, 0, 510.66, 95, 80, 50668, 66, 1980
2026/08/29 19:28:54.034, 1, 492.74, 42, 26, 49908, 53, 1980
2026/08/29 19:28:54.034, 2, 490.83, 79, 55, 49268, 52, 1980
2026/08/29 19:28:54.034, 3, 499.03, 94, 67, 49308, 65, 1980
2026/08/29 19:28:54.034, 4, 477.24, 43, 28, 48986, 65, 1980
2026/08/29 19:28:54.034, 5, 488.61, 62, 44, 48406, 55, 1980
2026/08/29 19:28:54.034, 6, 505.37, 96, 72, 47946, 64, 1980
2026/08/29 19:28:54.035, 7, 478.54, 49, 34, 48024, 52, 1980
2026/08/29 19:28:59.035, 0, 533.30, 96, 79, 50668, 65, 1980
2026/08/29 19:28:59.036, 1, 505.18, 93, 63, 49908, 55, 1980
2026/08/29 19:28:59.036, 2, 512.52, 88, 51, 49268, 51, 1980
2026/08/29 19:28:59.041, 3, 510.04, 66, 41, 49308, 66, 1980
2026/08/29 19:28:59.044, 4, 489.72, 96, 79, 48986, 66, 1980
2026/08/29 19:28:59.047, 5, 483.76, 91, 53, 48406, 55, 1980
2026/08/29 19:28:59.049, 6, 500.43, 78, 55, 47946, 65, 1980
2026/08/29 19:28:59.049, 7, 493.77, 96, 78, 48024, 53, 1980
2026/08/29 19:29:04.052, 0, 516.93, 38, 25, 50668, 65, 1980
2026/08/29 19:29:04.052, 1, 492.38, 63, 46, 49908, 53, 1980
2026/08/29 19:29:04.052, 2, 499.37, 95, 71, 49268, 54, 1980
2026/08/29 19:29:04.052, 3, 511.71, 62, 37, 49308, 64, 1980
2026/08/29 19:29:04.052, 4, 489.55, 99, 67, 48986, 64, 1980
2026/08/29 19:29:04.052, 5, 487.65, 95, 65, 48406, 54, 1980
2026/08/29 19:29:04.052, 6, 502.58, 62, 45, 47946, 64, 1980
2026/08/29 19:29:04.052, 7, 475.16, 95, 59, 48024, 51, 1980
2026/08/29 19:29:09.052, 0, 527.86, 100, 85, 50668, 67, 1980
2026/08/29 19:29:09.053, 1, 502.08, 99, 72, 49908, 55, 1980
2026/08/29 19:29:09.053, 2, 504.78, 95, 56, 49268, 55, 1980
2026/08/29 19:29:09.053, 3, 523.98, 94, 68, 49308, 65, 1980
2026/08/29 19:29:09.053, 4, 516.44, 99, 66, 48986, 65, 1980
2026/08/29 19:29:09.053, 5, 511.96, 95, 48, 48406, 55, 1980
2026/08/29 19:29:09.053, 6, 531.90, 95, 74, 47946, 63, 1980
2026/08/29 19:29:09.053, 7, 506.40, 66, 45, 48024, 53, 1980
2026/08/29 19:29:14.053, 0, 506.24, 80, 47, 50668, 63, 1980
2026/08/29 19:29:14.053, 1, 470.90, 100, 71, 49908, 54, 1980
2026/08/29 19:29:14.053, 2, 486.64, 97, 61, 49268, 54, 1980
2026/08/29 19:29:14.053, 3, 498.11, 96, 51, 49308, 65, 1980
2026/08/29 19:29:14.053, 4, 490.66, 100, 65, 48986, 63, 1980
2026/08/29 19:29:14.053, 5, 478.70, 98, 59, 48406, 51, 1980
2026/08/29 19:29:14.053, 6, 497.90, 49, 25, 47946, 62, 1980
2026/08/29 19:29:14.053, 7, 482.87, 100, 64, 48024, 49, 1980
2026/08/29 19:29:19.054, 0, 521.55, 97, 56, 50668, 65, 1980
2026/08/29 19:29:19.054, 1, 488.71, 91, 51, 49908, 53, 1980
2026/08/29 19:29:19.054, 2, 487.32, 47, 30, 49268, 54, 1980
2026/08/29 19:29:19.054, 3, 514.88, 53, 38, 49308, 62, 1980
2026/08/29 19:29:19.054, 4, 500.77, 57, 35, 48986, 63, 1980
2026/08/29 19:29:19.054, 5, 498.02, 44, 29, 48406, 54, 1980
2026/08/29 19:29:19.054, 6, 521.85, 45, 31, 47946, 62, 1980
2026/08/29 19:29:19.054, 7, 497.44, 48, 29, 48024, 50, 1980
2026/08/29 19:29:24.054, 0, 520.03, 52, 31, 50668, 65, 1980
2026/08/29 19:29:24.054, 1, 494.96, 45, 29, 49908, 53, 1980
2026/08/29 19:29:24.054, 2, 502.54, 95, 69, 49268, 53, 1980
2026/08/29 19:29:24.054, 3, 504.84, 90, 52, 49308, 65, 1980
2026/08/29 19:29:24.055, 4, 479.32, 66, 45, 48986, 64, 1980
2026/08/29 19:29:24.055, 5, 487.88, 89, 61, 48406, 54, 1980
2026/08/29 19:29:24.055, 6, 510.75, 48, 29, 47946, 63, 1980
2026/08/29 19:29:24.055, 7, 491.37, 82, 53, 48024, 51, 1980
2026/08/29 19:29:29.055, 0, 526.47, 99, 85, 50668, 67, 1980
2026/08/29 19:29:29.057, 1, 500.19, 100, 74, 49908, 55, 1980
2026/08/29 19:29:29.059, 2, 510.09, 95, 70, 49268, 55, 1980
2026/08/29 19:29:29.062, 3, 528.17, 95, 78, 49308, 66, 1980
2026/08/29 19:29:29.072, 4, 505.43, 99, 69, 48986, 65, 1980
2026/08/29 19:29:29.082, 5, 513.44, 98, 66, 48406, 56, 1980
2026/08/29 19:29:29.086, 6, 522.44, 95, 70, 47946, 65, 1980
2026/08/29 19:29:29.099, 7, 506.92, 100, 64, 48024, 53, 1980
2026/08/29 19:29:34.108, 0, 519.66, 100, 69, 50668, 67, 1980
2026/08/29 19:29:34.109, 1, 502.83, 99, 64, 49908, 55, 1980
2026/08/29 19:29:34.109, 2, 510.94, 96, 78, 49268, 55, 1980
2026/08/29 19:29:34.109, 3, 524.89, 99, 63, 49308, 66, 1980
2026/08/29 19:29:34.109, 4, 501.93, 99, 57, 48986, 65, 1980
2026/08/29 19:29:34.109, 5, 493.64, 95, 75, 48406, 56, 1980
2026/08/29 19:29:34.109, 6, 520.91, 99, 66, 47946, 65, 1980
2026/08/29 19:29:34.109, 7, 503.80, 95, 81, 48024, 54, 1980
2026/08/29 19:29:39.109, 0, 507.95, 41, 27, 50668, 66, 1980
2026/08/29 19:29:39.109, 1, 489.74, 94, 59, 49908, 50, 1980
2026/08/29 19:29:39.109, 2, 486.23, 85, 46, 49268, 54, 1980
2026/08/29 19:29:39.109, 3, 497.39, 57, 31, 49308, 63, 1980
2026/08/29 19:29:39.109, 4, 486.70, 95, 49, 48986, 65, 1980
2026/08/29 19:29:39.109, 5, 490.91, 93, 47, 48406, 55, 1980
2026/08/29 19:29:39.109, 6, 504.32, 72, 39, 47946, 60, 1980
2026/08/29 19:29:39.109, 7, 473.26, 93, 49, 48024, 52, 1980
2026/08/29 19:29:44.110, 0, 535.90, 84, 48, 50668, 66, 1980
2026/08/29 19:29:44.110, 1, 503.97, 44, 28, 49908, 53, 1980
2026/08/29 19:29:44.110, 2, 507.85, 79, 56, 49268, 53, 1980
2026/08/29 19:29:44.110, 3, 538.65, 100, 84, 49308, 64, 1980
2026/08/29 19:29:44.110, 4, 513.19, 48, 31, 48986, 65, 1980
2026/08/29 19:29:44.111, 5, 524.19, 61, 43, 48406, 54, 1980
2026/08/29 19:29:44.111, 6, 529.96, 94, 81, 47946, 63, 1980
2026/08/29 19:29:44.111, 7, 519.97, 46, 32, 48024, 52, 1980
2026/08/29 19:29:49.111, 0, 524.40, 95, 68, 50668, 67, 1980
2026/08/29 19:29:49.111, 1, 499.54, 95, 79, 49908, 53, 1980
2026/08/29 19:29:49.111, 2, 494.71, 100, 76, 49268, 54, 1980
2026/08/29 19:29:49.111, 3, 516.12, 64, 45, 49308, 65, 1980
2026/08/29 19:29:49.111, 4, 501.81, 96, 69, 48986, 65, 1980
2026/08/29 19:29:49.111, 5, 508.36, 100, 81, 48406, 55, 1980
2026/08/29 19:29:49.111, 6, 518.95, 48, 34, 47946, 63, 1980
2026/08/29 19:29:49.111, 7, 498.14, 97, 76, 48024, 52, 1980
2026/08/29 19:29:54.112, 0, 511.26, 99, 70, 50668, 67, 1980
2026/08/29 19:29:54.112, 1, 495.88, 97, 56, 49908, 53, 1980
2026/08/29 19:29:54.112, 2, 510.69, 100, 79, 49268, 55, 1980
2026/08/29 19:29:54.112, 3, 509.66, 97, 57, 49308, 66, 1980
2026/08/29 19:29:54.112, 4, 506.65, 95, 52, 48986, 64, 1980
2026/08/29 19:29:54.112, 5, 485.80, 98, 82, 48406, 56, 1980
2026/08/29 19:29:54.112, 6, 503.77, 98, 57, 47946, 63, 1980
2026/08/29 19:29:54.112, 7, 485.12, 100, 66, 48024, 53, 1980
2026/08/29 19:29:59.113, 0, 528.18, 96, 56, 50668, 64, 1980
2026/08/29 19:29:59.115, 1, 484.07, 100, 80, 49908, 54, 1980
2026/08/29 19:29:59.116, 2, 510.77, 99, 70, 49268, 51, 1980
2026/08/29 19:29:59.121, 3, 536.72, 99, 63, 49308, 65, 1980
2026/08/29 19:29:59.124, 4, 487.37, 100, 65, 48986, 65, 1980
2026/08/29 19:29:59.127, 5, 502.65, 100, 65, 48406, 53, 1980
2026/08/29 19:29:59.129, 6, 524.42, 100, 62, 47946, 64, 1980
2026/08/29 19:29:59.129, 7, 510.35, 100, 65, 48024, 52, 1980
2026/08/29 19:30:04.132, 0, 521.31, 54, 35, 50668, 63, 1980
2026/08/29 19:30:04.132, 1, 478.98, 97, 60, 49908, 52, 1980
2026/08/29 19:30:04.132, 2, 510.98, 72, 43, 49268, 51, 1980
2026/08/29 19:30:04.132, 3, 514.06, 93, 65, 49308, 64, 1980
2026/08/29 19:30:04.132, 4, 492.22, 94, 57, 48986, 64, 1980
2026/08/29 19:30:04.132, 5, 507.79, 85, 49, 48406, 52, 1980
2026/08/29 19:30:04.132, 6, 519.88, 84, 48, 47946, 62, 1980
2026/08/29 19:30:04.132, 7, 518.54, 93, 55, 48024, 50, 1980
2026/08/29 19:30:09.132, 0, 512.34, 49, 34, 50668, 66, 1980
2026/08/29 19:30:09.132, 1, 493.08, 86, 61, 49908, 52, 1980
2026/08/29 19:30:09.133, 2, 483.95, 95, 73, 49268, 54, 1980
2026/08/29 19:30:09.133, 3, 509.83, 47, 25, 49308, 63, 1980
2026/08/29 19:30:09.133, 4, 495.78, 96, 64, 48986, 64, 1980
2026/08/29 19:30:09.133, 5, 492.25, 95, 69, 48406, 54, 1980
2026/08/29 19:30:09.133, 6, 493.53, 60, 33, 47946, 62, 1980
2026/08/29 19:30:09.133, 7, 487.92, 95, 68, 48024, 52, 1980
2026/08/29 19:30:14.133, 0, 504.24, 91, 55, 50668, 64, 1980
2026/08/29 19:30:14.133, 1, 475.55, 66, 46, 49908, 51, 1980
2026/08/29 19:30:14.133, 2, 486.10, 99, 69, 49268, 51, 1980
2026/08/29 19:30:14.133, 3, 496.18, 66, 39, 49308, 61, 1980
2026/08/29 19:30:14.133, 4, 474.97, 45, 29, 48986, 64, 1980
2026/08/29 19:30:14.133, 5, 481.26, 47, 31, 48406, 53, 1980
2026/08/29 19:30:14.133, 6, 499.81, 80, 46, 47946, 62, 1980
2026/08/29 19:30:14.133, 7, 480.39, 49, 30, 48024, 52, 1980
2026/08/29 19:30:19.134, 0, 533.44, 96, 82, 50668, 66, 1980
2026/08/29 19:30:19.134, 1, 504.96, 45, 28, 49908, 53, 1980
2026/08/29 19:30:19.134, 2, 514.00, 96, 67, 49268, 55, 1980
2026/08/29 19:30:19.134, 3, 528.88, 95, 74, 49308, 64, 1980
2026/08/29 19:30:19.134, 4, 500.23, 63, 44, 48986, 64, 1980
2026/08/29 19:30:19.134, 5, 495.81, 89, 57, 48406, 55, 1980
2026/08/29 19:30:19.134, 6, 513.04, 95, 64, 47946, 62, 1980
2026/08/29 19:30:19.134, 7, 502.13, 73, 52, 48024, 52, 1980
2026/08/29 19:30:24.135, 0, 528.09, 99, 68, 50668, 66, 1980
2026/08/29 19:30:24.135, 1, 502.38, 100, 71, 49908, 54, 1980
2026/08/29 19:30:24.135, 2, 486.72, 100, 69, 49268, 54, 1980
2026/08/29 19:30:24.135, 3, 508.92, 100, 55, 49308, 65, 1980
2026/08/29 19:30:24.135, 4, 493.96, 100, 83, 48986, 65, 1980
2026/08/29 19:30:24.135, 5, 496.69, 100, 74, 48406, 55, 1980
2026/08/29 19:30:24.135, 6, 510.09, 100, 59, 47946, 62, 1980
2026/08/29 19:30:24.135, 7, 499.13, 100, 80, 48024, 52, 1980
2026/08/29 19:30:29.135, 0, 528.81, 95, 80, 50668, 67, 1980
2026/08/29 19:30:29.137, 1, 505.98, 100, 83, 49908, 54, 1980
2026/08/29 19:30:29.139, 2, 513.93, 99, 69, 49268, 55, 1980
2026/08/29 19:30:29.141, 3, 524.92, 95, 71, 49308, 65, 1980
2026/08/29 19:30:29.141, 4, 514.44, 100, 74, 48986, 65, 1980
2026/08/29 19:30:29.143, 5, 506.58, 100, 63, 48406, 55, 1980
2026/08/29 19:30:29.147, 6, 523.82, 95, 58, 47946, 63, 1980
2026/08/29 19:30:29.149, 7, 497.34, 100, 65, 48024, 53, 1980
2026/08/29 19:30:34.151, 0, 527.84, 95, 71, 50668, 66, 1980
2026/08/29 19:30:34.151, 1, 498.46, 99, 67, 49908, 54, 1980
2026/08/29 19:30:34.151, 2, 509.09, 99, 68, 49268, 54, 1980
2026/08/29 19:30:34.151, 3, 521.69, 100, 84, 49308, 65, 1980
2026/08/29 19:30:34.151, 4, 507.49, 100, 76, 48986, 65, 1980
2026/08/29 19:30:34.151, 5, 501.19, 95, 71, 48406, 56, 1980
2026/08/29 19:30:34.151, 6, 530.38, 96, 79, 47946, 64, 1980
2026/08/29 19:30:34.151, 7, 503.48, 97, 57, 48024, 52, 1980
2026/08/29 19:30:39.151, 0, 533.94, 91, 52, 50668, 63, 1980
2026/08/29 19:30:39.151, 1, 471.89, 100, 84, 49908, 52, 1980
2026/08/29 19:30:39.152, 2, 505.96, 94, 62, 49268, 50, 1980
2026/08/29 19:30:39.152, 3, 502.07, 94, 57, 49308, 64, 1980
2026/08/29 19:30:39.152, 4, 492.58, 44, 26, 48986, 64, 1980
2026/08/29 19:30:39.152, 5, 506.82, 99, 67, 48406, 52, 1980
2026/08/29 19:30:39.152, 6, 500.39, 94, 60, 47946, 63, 1980
2026/08/29 19:30:39.152, 7, 508.13, 99, 73, 48024, 50, 1980
2026/08/29 19:30:44.152, 0, 522.81, 45, 28, 50668, 64, 1980
2026/08/29 19:30:44.152, 1, 488.39, 73, 42, 49908, 52, 1980
2026/08/29 19:30:44.152, 2, 508.85, 93, 52, 49268, 51, 1980
2026/08/29 19:30:44.152, 3, 510.92, 71, 49, 49308, 61, 1980
2026/08/29 19:30:44.152, 4, 492.65, 97, 58, 48986, 63, 1980
2026/08/29 19:30:44.152, 5, 494.45, 46, 29, 48406, 54, 1980
2026/08/29 19:30:44.152, 6, 496.73, 62, 43, 47946, 61, 1980
2026/08/29 19:30:44.152, 7, 493.30, 96, 50, 48024, 51, 1980
2026/08/29 19:30:49.153, 0, 524.11, 95, 73, 50668, 66, 1980
2026/08/29 19:30:49.153, 1, 496.72, 95, 74, 49908, 53, 1980
2026/08/29 19:30:49.153, 2, 499.02, 100, 71, 49268, 54, 1980
2026/08/29 19:30:49.153, 3, 520.71, 100, 66, 49308, 64, 1980
2026/08/29 19:30:49.153, 4, 505.94, 97, 80, 48986, 64, 1980
2026/08/29 19:30:49.153, 5, 511.92, 100, 76, 48406, 54, 1980
2026/08/29 19:30:49.153, 6, 531.57, 67, 48, 47946, 63, 1980
2026/08/29 19:30:49.153, 7, 510.41, 100, 82, 48024, 52, 1980
2026/08/29 19:30:54.153, 0, 506.46, 99, 70, 50668, 67, 1980
2026/08/29 19:30:54.154, 1, 491.70, 55, 33, 49908, 50, 1980
2026/08/29 19:30:54.154, 2, 485.86, 76, 44, 49268, 55, 1980
2026/08/29 19:30:54.154, 3, 510.47, 100, 57, 49308, 63, 1980
2026/08/29 19:30:54.154, 4, 493.05, 96, 53, 48986, 63, 1980
2026/08/29 19:30:54.154, 5, 482.82, 100, 65, 48406, 51, 1980
2026/08/29 19:30:54.154, 6, 504.72, 100, 60, 47946, 60, 1980
2026/08/29 19:30:54.154, 7, 483.50, 42, 28, 48024, 50, 1980
2026/08/29 19:30:59.154, 0, 513.34, 46, 29, 50668, 65, 1980
2026/08/29 19:30:59.155, 1, 480.56, 97, 56, 49908, 50, 1980
2026/08/29 19:30:59.156, 2, 489.08, 87, 47, 49268, 51, 1980
2026/08/29 19:30:59.156, 3, 506.09, 62, 35, 49308, 62, 1980
2026/08/29 19:30:59.157, 4, 488.94, 95, 72, 48986, 64, 1980
2026/08/29 19:30:59.159, 5, 496.72, 94, 49, 48406, 53, 1980
2026/08/29 19:30:59.162, 6, 505.52, 77, 42, 47946, 60, 1980
2026/08/29 19:30:59.166, 7, 505.88, 94, 51, 48024, 51, 1980
2026/08/29 19:31:04.167, 0, 509.72, 83, 59, 50668, 64, 1980
2026/08/29 19:31:04.167, 1, 483.62, 30, 19, 49908, 52, 1980
2026/08/29 19:31:04.167, 2, 499.17, 45, 27, 49268, 53, 1980
2026/08/29 19:31:04.167, 3, 499.49, 95, 72, 49308, 64, 1980
2026/08/29 19:31:04.167, 4, 474.42, 69, 41, 48986, 63, 1980
2026/08/29 19:31:04.167, 5, 502.30, 96, 65, 48406, 52, 1980
2026/08/29 19:31:04.167, 6, 492.11, 95, 52, 47946, 62, 1980
2026/08/29 19:31:04.167, 7, 490.36, 57, 34, 48024, 48, 1980
2026/08/29 19:31:09.167, 0, 528.49, 95, 78, 50668, 67, 1980
2026/08/29 19:31:09.167, 1, 494.30, 98, 84, 49908, 54, 1980
2026/08/29 19:31:09.167, 2, 497.52, 100, 70, 49268, 54, 1980
2026/08/29 19:31:09.168, 3, 509.53, 99, 69, 49308, 65, 1980
2026/08/29 19:31:09.168, 4, 497.42, 100, 78, 48986, 65, 1980
2026/08/29 19:31:09.168, 5, 496.55, 100, 63, 48406, 55, 1980
2026/08/29 19:31:09.168, 6, 514.56, 100, 64, 47946, 63, 1980
2026/08/29 19:31:09.168, 7, 498.94, 100, 69, 48024, 52, 1980
2026/08/29 19:31:14.168, 0, 531.67, 95, 75, 50668, 66, 1980
2026/08/29 19:31:14.170, 1, 503.27, 99, 63, 49908, 54, 1980
2026/08/29 19:31:14.171, 2, 515.51, 99, 70, 49268, 55, 1980
2026/08/29 19:31:14.174, 3, 519.93, 100, 76, 49308, 64, 1980
2026/08/29 19:31:14.176, 4, 506.40, 100, 66, 48986, 65, 1980
2026/08/29 19:31:14.176, 5, 498.04, 96, 68, 48406, 55, 1980
2026/08/29 19:31:14.176, 6, 511.20, 100, 81, 47946, 64, 1980
2026/08/29 19:31:14.176, 7, 500.24, 98, 54, 48024, 52, 1980
2026/08/29 19:31:19.176, 0, 517.36, 99, 69, 50668, 66, 1980
2026/08/29 19:31:19.177, 1, 481.88, 97, 60, 49908, 54, 1980
2026/08/29 19:31:19.177, 2, 498.42, 100, 82, 49268, 55, 1980
2026/08/29 19:31:19.177, 3, 507.81, 100, 74, 49308, 64, 1980
2026/08/29 19:31:19.177, 4, 486.26, 95, 56, 48986, 64, 1980
2026/08/29 19:31:19.177, 5, 498.64, 98, 85, 48406, 55, 1980
2026/08/29 19:31:19.177, 6, 501.40, 99, 73, 47946, 63, 1980
2026/08/29 19:31:19.177, 7, 480.95, 96, 70, 48024, 52, 1980
2026/08/29 19:31:24.177, 0, 509.50, 44, 27, 50668, 65, 1980
2026/08/29 19:31:24.177, 1, 470.57, 75, 43, 49908, 53, 1980
2026/08/29 19:31:24.177, 2, 494.49, 92, 52, 49268, 53, 1980
2026/08/29 19:31:24.177, 3, 495.26, 68, 48, 49308, 61, 1980
2026/08/29 19:31:24.177, 4, 472.81, 95, 54, 48986, 62, 1980
2026/08/29 19:31:24.177, 5, 482.08, 43, 28, 48406, 54, 1980
2026/08/29 19:31:24.177, 6, 492.03, 57, 41, 47946, 62, 1980
2026/08/29 19:31:24.177, 7, 483.26, 93, 49, 48024, 51, 1980
2026/08/29 19:31:29.178, 0, 529.65, 97, 58, 50668, 64, 1980
2026/08/29 19:31:29.180, 1, 498.11, 93, 52, 49908, 51, 1980
2026/08/29 19:31:29.186, 2, 496.57, 45, 27, 49268, 53, 1980
2026/08/29 19:31:29.189, 3, 496.18, 47, 33, 49308, 64, 1980
2026/08/29 19:31:29.196, 4, 476.49, 67, 36, 48986, 62, 1980
2026/08/29 19:31:29.201, 5, 491.11, 43, 24, 48406, 53, 1980
2026/08/29 19:31:29.206, 6, 505.80, 46, 29, 47946, 63, 1980
2026/08/29 19:31:29.210, 7, 495.93, 57, 31, 48024, 50, 1980
2026/08/29 19:31:34.212, 0, 511.71, 45, 26, 50668, 65, 1980
2026/08/29 19:31:34.212, 1, 481.60, 52, 33, 49908, 52, 1980
2026/08/29 19:31:34.212, 2, 492.89, 53, 32, 49268, 52, 1980
2026/08/29 19:31:34.212, 3, 514.55, 95, 77, 49308, 63, 1980
2026/08/29 19:31:34.212, 4, 488.47, 65, 38, 48986, 63, 1980
2026/08/29 19:31:34.212, 5, 497.31, 95, 70, 48406, 54, 1980
2026/08/29 19:31:34.212, 6, 509.94, 90, 52, 47946, 61, 1980
2026/08/29 19:31:34.212, 7, 487.53, 91, 62, 48024, 51, 1980
2026/08/29 19:31:39.213, 0, 524.56, 49, 33, 50668, 65, 1980
2026/08/29 19:31:39.213, 1, 487.89, 91, 59, 49908, 52, 1980
2026/08/29 19:31:39.213, 2, 503.37, 95, 73, 49268, 52, 1980
2026/08/29 19:31:39.213, 3, 506.12, 52, 29, 49308, 63, 1980
2026/08/29 19:31:39.213, 4, 499.21, 95, 71, 48986, 64, 1980
2026/08/29 19:31:39.213, 5, 502.83, 91, 48, 48406, 52, 1980
2026/08/29 19:31:39.213, 6, 511.24, 65, 36, 47946, 62, 1980
2026/08/29 19:31:39.213, 7, 486.36, 95, 75, 48024, 52, 1980
2026/08/29 19:31:44.213, 0, 506.24, 95, 72, 50668, 65, 1980
2026/08/29 19:31:44.213, 1, 503.95, 80, 46, 49908, 52, 1980
2026/08/29 19:31:44.213, 2, 485.61, 92, 52, 49268, 54, 1980
2026/08/29 19:31:44.213, 3, 520.62, 64, 44, 49308, 63, 1980
2026/08/29 19:31:44.213, 4, 497.54, 96, 55, 48986, 63, 1980
2026/08/29 19:31:44.214, 5, 494.04, 48, 30, 48406, 54, 1980
2026/08/29 19:31:44.214, 6, 500.52, 55, 38, 47946, 62, 1980
2026/08/29 19:31:44.214, 7, 497.45, 45, 28, 48024, 51, 1980
2026/08/29 19:31:49.214, 0, 523.26, 99, 85, 50668, 65, 1980
2026/08/29 19:31:49.214, 1, 494.95, 58, 40, 49908, 53, 1980
2026/08/29 19:31:49.214, 2, 499.43, 95, 61, 49268, 52, 1980
2026/08/29 19:31:49.214, 3, 514.71, 94, 69, 49308, 65, 1980
2026/08/29 19:31:49.214, 4, 495.84, 89, 61, 48986, 65, 1980
2026/08/29 19:31:49.214, 5, 503.38, 95, 56, 48406, 53, 1980
2026/08/29 19:31:49.214, 6, 509.06, 95, 63, 47946, 63, 1980
2026/08/29 19:31:49.214, 7, 494.23, 79, 55, 48024, 52, 1980
2026/08/29 19:31:54.215, 0, 531.72, 95, 77, 50668, 66, 1980
2026/08/29 19:31:54.215, 1, 501.78, 100, 85, 49908, 54, 1980
2026/08/29 19:31:54.215, 2, 518.04, 95, 78, 49268, 54, 1980
2026/08/29 19:31:54.215, 3, 527.79, 99, 70, 49308, 65, 1980
2026/08/29 19:31:54.215, 4, 510.61, 96, 70, 48986, 64, 1980
2026/08/29 19:31:54.215, 5, 513.16, 100, 70, 48406, 56, 1980
2026/08/29 19:31:54.215, 6, 517.39, 97, 67, 47946, 64, 1980
2026/08/29 19:31:54.215, 7, 496.71, 100, 66, 48024, 52, 1980
2026/08/29 19:31:59.215, 0, 535.52, 99, 85, 50668, 67, 1980
2026/08/29 19:31:59.216, 1, 506.70, 100, 73, 49908, 55, 1980
2026/08/29 19:31:59.219, 2, 508.86, 97, 56, 49268, 54, 1980
2026/08/29 19:31:59.221, 3, 525.16, 95, 72, 49308, 65, 1980
2026/08/29 19:31:59.223, 4, 511.23, 100, 64, 48986, 65, 1980
2026/08/29 19:31:59.223, 5, 507.41, 97, 58, 48406, 55, 1980
2026/08/29 19:31:59.225, 6, 531.61, 95, 69, 47946, 64, 1980
2026/08/29 19:31:59.227, 7, 509.33, 99, 61, 48024, 53, 1980
2026/08/29 19:32:04.229, 0, 517.84, 86, 49, 50668, 63, 1980
2026/08/29 19:32:04.229, 1, 474.38, 44, 26, 49908, 53, 1980
2026/08/29 19:32:04.229, 2, 482.05, 100, 79, 49268, 52, 1980
2026/08/29 19:32:04.229, 3, 484.19, 100, 55, 49308, 63, 1980
2026/08/29 19:32:04.229, 4, 470.33, 96, 51, 48986, 65, 1980
2026/08/29 19:32:04.229, 5, 483.98, 100, 63, 48406, 51, 1980
2026/08/29 19:32:04.229, 6, 487.27, 100, 59, 47946, 62, 1980
2026/08/29 19:32:04.229, 7, 478.44, 100, 65, 48024, 53, 1980
2026/08/29 19:32:09.230, 0, 530.29, 95, 75, 50668, 65, 1980
2026/08/29 19:32:09.230, 1, 489.96, 74, 43, 49908, 52, 1980
2026/08/29 19:32:09.230, 2, 487.70, 48, 33, 49268, 54, 1980
2026/08/29 19:32:09.230, 3, 497.43, 70, 49, 49308, 64, 1980
2026/08/29 19:32:09.230, 4, 483.56, 45, 26, 48986, 64, 1980
2026/08/29 19:32:09.230, 5, 510.13, 50, 32, 48406, 54, 1980
2026/08/29 19:32:09.230, 6, 500.42, 58, 40, 47946, 62, 1980
2026/08/29 19:32:09.230, 7, 490.56, 47, 31, 48024, 51, 1980
2026/08/29 19:32:14.230, 0, 535.49, 95, 73, 50668, 67, 1980
2026/08/29 19:32:14.231, 1, 503.67, 95, 81, 49908, 54, 1980
2026/08/29 19:32:14.231, 2, 517.02, 95, 78, 49268, 54, 1980
2026/08/29 19:32:14.231, 3, 526.14, 100, 69, 49308, 65, 1980
2026/08/29 19:32:14.231, 4, 520.37, 96, 67, 48986, 64, 1980
2026/08/29 19:32:14.231, 5, 510.28, 100, 71, 48406, 55, 1980
2026/08/29 19:32:14.231, 6, 526.59, 100, 64, 47946, 63, 1980
2026/08/29 19:32:14.231, 7, 499.53, 100, 75, 48024, 51, 1980
2026/08/29 19:32:19.231, 0, 530.09, 99, 84, 50668, 67, 1980
2026/08/29 19:32:19.231, 1, 499.27, 100, 72, 49908, 54, 1980
2026/08/29 19:32:19.231, 2, 501.93, 99, 63, 49268, 54, 1980
2026/08/29 19:32:19.231, 3, 517.32, 95, 80, 49308, 66, 1980
2026/08/29 19:32:19.231, 4, 493.03, 100, 65, 48986, 65, 1980
2026/08/29 19:32:19.231, 5, 497.35, 95, 61, 48406, 55, 1980
2026/08/29 19:32:19.231, 6, 519.35, 95, 67, 47946, 63, 1980
2026/08/29 19:32:19.231, 7, 501.02, 100, 64, 48024, 53, 1980
2026/08/29 19:32:24.232, 0, 529.52, 95, 56, 50668, 66, 1980
2026/08/29 19:32:24.232, 1, 481.54, 100, 80, 49908, 54, 1980
2026/08/29 19:32:24.232, 2, 512.08, 99, 86, 49268, 54, 1980
2026/08/29 19:32:24.232, 3, 512.24, 97, 64, 49308, 61, 1980
2026/08/29 19:32:24.232, 4, 491.07, 51, 26, 48986, 65, 1980
2026/08/29 19:32:24.232, 5, 495.77, 100, 65, 48406, 54, 1980
2026/08/29 19:32:24.232, 6, 509.50, 100, 63, 47946, 60, 1980
2026/08/29 19:32:24.232, 7, 487.38, 40, 24, 48024, 52, 1980
2026/08/29 19:32:29.232, 0, 505.93, 44, 28, 50668, 65, 1980
2026/08/29 19:32:29.234, 1, 473.17, 72, 43, 49908, 50, 1980
2026/08/29 19:32:29.237, 2, 488.00, 93, 53, 49268, 53, 1980
2026/08/29 19:32:29.237, 3, 507.01, 70, 42, 49308, 61, 1980
2026/08/29 19:32:29.239, 4, 480.32, 98, 53, 48986, 63, 1980
2026/08/29 19:32:29.244, 5, 484.69, 95, 52, 48406, 54, 1980
2026/08/29 19:32:29.246, 6, 508.66, 83, 45, 47946, 60, 1980
2026/08/29 19:32:29.247, 7, 483.22, 96, 51, 48024, 51, 1980
2026/08/29 19:32:34.249, 0, 529.47, 100, 73, 50668, 66, 1980
2026/08/29 19:32:34.249, 1, 486.60, 99, 68, 49908, 54, 1980
2026/08/29 19:32:34.249, 2, 487.55, 92, 53, 49268, 53, 1980
2026/08/29 19:32:34.249, 3, 515.57, 85, 49, 49308, 62, 1980
2026/08/29 19:32:34.249, 4, 498.89, 100, 74, 48986, 63, 1980
2026/08/29 19:32:34.249, 5, 506.67, 97, 49, 48406, 54, 1980
2026/08/29 19:32:34.249, 6, 519.05, 93, 48, 47946, 61, 1980
2026/08/29 19:32:34.249, 7, 485.48, 97, 55, 48024, 52, 1980
2026/08/29 19:32:39.250, 0, 531.10, 87, 60, 50668, 67, 1980
2026/08/29 19:32:39.250, 1, 496.18, 100, 74, 49908, 54, 1980
2026/08/29 19:32:39.250, 2, 504.97, 100, 81, 49268, 54, 1980
2026/08/29 19:32:39.250, 3, 525.02, 46, 30, 49308, 65, 1980
2026/08/29 19:32:39.250, 4, 506.32, 95, 80, 48986, 65, 1980
2026/08/29 19:32:39.250, 5, 515.74, 97, 83, 48406, 55, 1980
2026/08/29 19:32:39.250, 6, 528.92, 45, 26, 47946, 63, 1980
2026/08/29 19:32:39.250, 7, 512.94, 95, 81, 48024, 52, 1980
2026/08/29 19:32:44.250, 0, 531.14, 95, 77, 50668, 67, 1980
2026/08/29 19:32:44.250, 1, 507.39, 44, 27, 49908, 52, 1980
2026/08/29 19:32:44.250, 2, 510.66, 78, 51, 49268, 53, 1980
2026/08/29 19:32:44.251, 3, 525.49, 95, 74, 49308, 65, 1980
2026/08/29 19:32:44.251, 4, 515.38, 95, 80, 48986, 65, 1980
2026/08/29 19:32:44.251, 5, 500.32, 65, 44, 48406, 55, 1980
2026/08/29 19:32:44.251, 6, 521.08, 92, 60, 47946, 64, 1980
2026/08/29 19:32:44.251, 7, 506.00, 95, 58, 48024, 50, 1980
2026/08/29 19:32:49.251, 0, 520.47, 91, 55, 50668, 65, 1980
2026/08/29 19:32:49.253, 1, 498.13, 94, 58, 49908, 50, 1980
2026/08/29 19:32:49.255, 2, 499.25, 99, 66, 49268, 51, 1980
2026/08/29 19:32:49.255, 3, 505.67, 94, 58, 49308, 65, 1980
2026/08/29 19:32:49.255, 4, 483.50, 100, 80, 48986, 64, 1980
2026/08/29 19:32:49.255, 5, 497.49, 100, 72, 48406, 53, 1980
2026/08/29 19:32:49.255, 6, 504.80, 99, 62, 47946, 64, 1980
2026/08/29 19:32:49.256, 7, 510.49, 100, 78, 48024, 52, 1980
2026/08/29 19:32:54.256, 0, 528.18, 100, 70, 50668, 66, 1980
2026/08/29 19:32:54.256, 1, 481.79, 100, 63, 49908, 54, 1980
2026/08/29 19:32:54.263, 2, 479.02, 97, 53, 49268, 54, 1980
2026/08/29 19:32:54.264, 3, 504.92, 96, 51, 49308, 62, 1980
2026/08/29 19:32:54.264, 4, 490.03, 100, 73, 48986, 64, 1980
2026/08/29 19:32:54.264, 5, 467.07, 100, 56, 48406, 54, 1980
2026/08/29 19:32:54.264, 6, 517.26, 96, 52, 47946, 62, 1980
2026/08/29 19:32:54.264, 7, 487.73, 100, 68, 48024, 51, 1980
2026/08/29 19:32:59.265, 0, 521.98, 95, 55, 50668, 65, 1980
2026/08/29 19:32:59.265, 1, 479.46, 53, 38, 49908, 52, 1980
2026/08/29 19:32:59.269, 2, 493.70, 48, 31, 49268, 53, 1980
2026/08/29 19:32:59.271, 3, 498.99, 55, 39, 49308, 61, 1980
2026/08/29 19:32:59.272, 4, 487.89, 55, 30, 48986, 63, 1980
2026/08/29 19:32:59.273, 5, 488.12, 45, 29, 48406, 53, 1980
2026/08/29 19:32:59.275, 6, 512.52, 45, 31, 47946, 63, 1980
2026/08/29 19:32:59.279, 7, 487.01, 47, 24, 48024, 50, 1980
2026/08/29 19:33:04.281, 0, 519.05, 36, 23, 50668, 66, 1980
2026/08/29 19:33:04.281, 1, 488.73, 75, 52, 49908, 52, 1980
2026/08/29 19:33:04.281, 2, 497.27, 95, 74, 49268, 50, 1980
2026/08/29 19:33:04.281, 3, 502.51, 57, 36, 49308, 63, 1980
2026/08/29 19:33:04.281, 4, 499.43, 38, 22, 48986, 64, 1980
2026/08/29 19:33:04.281, 5, 489.11, 95, 63, 48406, 54, 1980
2026/08/29 19:33:04.281, 6, 509.48, 71, 39, 47946, 61, 1980
2026/08/29 19:33:04.281, 7, 488.39, 44, 27, 48024, 51, 1980
2026/08/29 19:33:09.281, 0, 533.29, 99, 70, 50668, 67, 1980
2026/08/29 19:33:09.281, 1, 505.89, 100, 76, 49908, 53, 1980
2026/08/29 19:33:09.281, 2, 510.32, 100, 81, 49268, 55, 1980
2026/08/29 19:33:09.281, 3, 529.66, 100, 76, 49308, 65, 1980
2026/08/29 19:33:09.281, 4, 506.76, 95, 59, 48986, 65, 1980
2026/08/29 19:33:09.281, 5, 518.09, 97, 84, 48406, 56, 1980
2026/08/29 19:33:09.282, 6, 534.09, 99, 80, 47946, 64, 1980
2026/08/29 19:33:09.282, 7, 511.14, 96, 58, 48024, 53, 1980
2026/08/29 19:33:14.282, 0, 530.54, 94, 57, 50668, 65, 1980
2026/08/29 19:33:14.282, 1, 485.23, 90, 50, 49908, 51, 1980
2026/08/29 19:33:14.282, 2, 496.90, 50, 31, 49268, 53, 1980
2026/08/29 19:33:14.282, 3, 494.01, 48, 33, 49308, 64, 1980
2026/08/29 19:33:14.282, 4, 481.38, 96, 55, 48986, 62, 1980
2026/08/29 19:33:14.282, 5, 494.25, 44, 26, 48406, 53, 1980
2026/08/29 19:33:14.282, 6, 517.30, 48, 31, 47946, 63, 1980
2026/08/29 19:33:14.282, 7, 485.49, 96, 55, 48024, 50, 1980
2026/08/29 19:33:19.282, 0, 504.80, 99, 68, 50668, 63, 1980
2026/08/29 19:33:19.283, 1, 483.80, 44, 26, 49908, 52, 1980
2026/08/29 19:33:19.283, 2, 490.48, 66, 39, 49268, 51, 1980
2026/08/29 19:33:19.283, 3, 504.54, 43, 24, 49308, 64, 1980
2026/08/29 19:33:19.283, 4, 489.48, 96, 52, 48986, 65, 1980
2026/08/29 19:33:19.283, 5, 488.81, 84, 45, 48406, 51, 1980
2026/08/29 19:33:19.283, 6, 492.89, 56, 31, 47946, 62, 1980
2026/08/29 19:33:19.283, 7, 481.76, 96, 51, 48024, 49, 1980
2026/08/29 19:33:24.283, 0, 528.37, 45, 28, 50668, 66, 1980
2026/08/29 19:33:24.283, 1, 490.25, 74, 51, 49908, 52, 1980
2026/08/29 19:33:24.283, 2, 496.02, 95, 79, 49268, 53, 1980
2026/08/29 19:33:24.283, 3, 511.82, 66, 40, 49308, 63, 1980
2026/08/29 19:33:24.283, 4, 502.94, 45, 29, 48986, 64, 1980
2026/08/29 19:33:24.283, 5, 502.53, 96, 58, 48406, 54, 1980
2026/08/29 19:33:24.283, 6, 520.89, 80, 47, 47946, 61, 1980
2026/08/29 19:33:24.283, 7, 491.31, 46, 28, 48024, 51, 1980
2026/08/29 19:33:29.284, 0, 511.53, 47, 30, 50668, 64, 1980
2026/08/29 19:33:29.284, 1, 496.84, 94, 55, 49908, 50, 1980
2026/08/29 19:33:29.285, 2, 491.66, 99, 67, 49268, 50, 1980
2026/08/29 19:33:29.286, 3, 496.62, 94, 56, 49308, 61, 1980
2026/08/29 19:33:29.288, 4, 487.09, 47, 30, 48986, 64, 1980
2026/08/29 19:33:29.290, 5, 494.17, 99, 73, 48406, 52, 1980
2026/08/29 19:33:29.290, 6, 510.83, 94, 57, 47946, 60, 1980
2026/08/29 19:33:29.290, 7, 495.06, 51, 31, 48024, 52, 1980
2026/08/29 19:33:34.292, 0, 532.16, 77, 53, 50668, 67, 1980
2026/08/29 19:33:34.292, 1, 501.03, 95, 73, 49908, 54, 1980
2026/08/29 19:33:34.292, 2, 513.85, 100, 85, 49268, 55, 1980
2026/08/29 19:33:34.292, 3, 520.78, 100, 78, 49308, 66, 1980
2026/08/29 19:33:34.292, 4, 491.85, 57, 40, 48986, 65, 1980
2026/08/29 19:33:34.292, 5, 500.37, 95, 79, 48406, 55, 1980
2026/08/29 19:33:34.292, 6, 519.08, 100, 82, 47946, 64, 1980
2026/08/29 19:33:34.292, 7, 502.86, 59, 41, 48024, 52, 1980
2026/08/29 19:33:39.292, 0, 528.24, 97, 84, 50668, 67, 1980
2026/08/29 19:33:39.292, 1, 500.43, 100, 75, 49908, 54, 1980
2026/08/29 19:33:39.292, 2, 502.73, 100, 77, 49268, 54, 1980
2026/08/29 19:33:39.293, 3, 515.20, 100, 70, 49308, 65, 1980
2026/08/29 19:33:39.293, 4, 501.05, 95, 70, 48986, 65, 1980
2026/08/29 19:33:39.293, 5, 492.05, 100, 83, 48406, 55, 1980
2026/08/29 19:33:39.293, 6, 512.74, 100, 74, 47946, 64, 1980
2026/08/29 19:33:39.293, 7, 507.19, 97, 74, 48024, 52, 1980
2026/08/29 19:33:44.293, 0, 522.79, 44, 27, 50668, 65, 1980
2026/08/29 19:33:44.293, 1, 492.70, 47, 32, 49908, 53, 1980
2026/08/29 19:33:44.293, 2, 508.13, 95, 71, 49268, 53, 1980
2026/08/29 19:33:44.293, 3, 513.26, 95, 51, 49308, 64, 1980
2026/08/29 19:33:44.293, 4, 495.76, 65, 37, 48986, 63, 1980
2026/08/29 19:33:44.293, 5, 504.39, 95, 67, 48406, 53, 1980
2026/08/29 19:33:44.293, 6, 507.45, 96, 52, 47946, 63, 1980
2026/08/29 19:33:44.293, 7, 485.77, 54, 30, 48024, 51, 1980
2026/08/29 19:33:49.294, 0, 516.11, 95, 75, 50668, 66, 1980
2026/08/29 19:33:49.294, 1, 482.71, 90, 52, 49908, 52, 1980
2026/08/29 19:33:49.296, 2, 495.63, 96, 59, 49268, 53, 1980
2026/08/29 19:33:49.297, 3, 516.53, 90, 52, 49308, 64, 1980
2026/08/29 19:33:49.298, 4, 502.45, 82, 58, 48986, 64, 1980
2026/08/29 19:33:49.300, 5, 498.51, 98, 59, 48406, 54, 1980
2026/08/29 19:33:49.301, 6, 505.18, 95, 57, 47946, 62, 1980
2026/08/29 19:33:49.301, 7, 502.40, 95, 66, 48024, 51, 1980
2026/08/29 19:33:54.302, 0, 533.77, 95, 70, 50668, 67, 1980
2026/08/29 19:33:54.303, 1, 504.29, 95, 82, 49908, 54, 1980
2026/08/29 19:33:54.303, 2, 517.28, 100, 76, 49268, 55, 1980
2026/08/29 19:33:54.304, 3, 538.08, 100, 70, 49308, 66, 1980
2026/08/29 19:33:54.306, 4, 516.95, 89, 62, 48986, 65, 1980
2026/08/29 19:33:54.306, 5, 521.37, 100, 81, 48406, 56, 1980
2026/08/29 19:33:54.306, 6, 536.39, 100, 74, 47946, 64, 1980
2026/08/29 19:33:54.306, 7, 504.35, 93, 67, 48024, 53, 1980
2026/08/29 19:33:59.307, 0, 505.89, 91, 53, 50668, 65, 1980
2026/08/29 19:33:59.307, 1, 468.27, 68, 40, 49908, 49, 1980
2026/08/29 19:33:59.309, 2, 476.00, 50, 35, 49268, 51, 1980
2026/08/29 19:33:59.311, 3, 483.59, 65, 36, 49308, 62, 1980
2026/08/29 19:33:59.311, 4, 471.11, 95, 50, 48986, 64, 1980
2026/08/29 19:33:59.313, 5, 472.63, 92, 50, 48406, 52, 1980
2026/08/29 19:33:59.315, 6, 497.39, 79, 44, 47946, 60, 1980
2026/08/29 19:33:59.316, 7, 482.23, 94, 52, 48024, 51, 1980
2026/08/29 19:34:04.318, 0, 526.59, 95, 83, 50668, 66, 1980
2026/08/29 19:34:04.319, 1, 496.99, 100, 73, 49908, 53, 1980
2026/08/29 19:34:04.319, 2, 507.76, 95, 59, 49268, 54, 1980
2026/08/29 19:34:04.319, 3, 515.56, 100, 61, 49308, 65, 1980
2026/08/29 19:34:04.319, 4, 493.53, 95, 71, 48986, 64, 1980
2026/08/29 19:34:04.319, 5, 497.52, 100, 65, 48406, 55, 1980
2026/08/29 19:34:04.319, 6, 520.86, 100, 63, 47946, 63, 1980
2026/08/29 19:34:04.319, 7, 500.49, 95, 74, 48024, 52, 1980
2026/08/29 19:34:09.319, 0, 533.68, 99, 58, 50668, 66, 1980
2026/08/29 19:34:09.319, 1, 506.80, 100, 86, 49908, 54, 1980
2026/08/29 19:34:09.319, 2, 507.62, 100, 65, 49268, 52, 1980
2026/08/29 19:34:09.319, 3, 527.50, 100, 81, 49308, 66, 1980
2026/08/29 19:34:09.319, 4, 498.92, 100, 59, 48986, 64, 1980
2026/08/29 19:34:09.319, 5, 503.17, 95, 72, 48406, 55, 1980
2026/08/29 19:34:09.319, 6, 525.87, 96, 77, 47946, 64, 1980
2026/08/29 19:34:09.319, 7, 502.67, 100, 59, 48024, 51, 1980
2026/08/29 19:34:14.320, 0, 506.14, 73, 43, 50668, 66, 1980
2026/08/29 19:34:14.320, 1, 473.47, 92, 54, 49908, 54, 1980
2026/08/29 19:34:14.320, 2, 487.86, 94, 56, 49268, 53, 1980
2026/08/29 19:34:14.320, 3, 506.29, 92, 54, 49308, 65, 1980
2026/08/29 19:34:14.320, 4, 473.76, 91, 48, 48986, 65, 1980
2026/08/29 19:34:14.320, 5, 471.86, 96, 56, 48406, 52, 1980
2026/08/29 19:34:14.320, 6, 493.64, 96, 52, 47946, 62, 1980
2026/08/29 19:34:14.320, 7, 482.57, 100, 80, 48024, 53, 1980
2026/08/29 19:34:19.320, 0, 524.16, 99, 70, 50668, 64, 1980
2026/08/29 19:34:19.321, 1, 500.08, 99, 62, 49908, 53, 1980
2026/08/29 19:34:19.324, 2, 501.57, 80, 46, 49268, 51, 1980
2026/08/29 19:34:19.326, 3, 525.59, 99, 62, 49308, 64, 1980
2026/08/29 19:34:19.326, 4, 506.82, 100, 64, 48986, 65, 1980
2026/08/29 19:34:19.326, 5, 487.19, 100, 65, 48406, 55, 1980
2026/08/29 19:34:19.329, 6, 504.29, 100, 60, 47946, 63, 1980
2026/08/29 19:34:19.331, 7, 502.07, 100, 64, 48024, 51, 1980
2026/08/29 19:34:24.334, 0, 532.71, 60, 41, 50668, 64, 1980
2026/08/29 19:34:24.334, 1, 503.37, 100, 81, 49908, 52, 1980
2026/08/29 19:34:24.334, 2, 510.17, 64, 38, 49268, 53, 1980
2026/08/29 19:34:24.334, 3, 533.59, 100, 81, 49308, 66, 1980
2026/08/29 19:34:24.334, 4, 505.04, 49, 31, 48986, 64, 1980
2026/08/29 19:34:24.334, 5, 509.18, 95, 72, 48406, 52, 1980
2026/08/29 19:34:24.334, 6, 523.80, 99, 81, 47946, 64, 1980
2026/08/29 19:34:24.334, 7, 507.22, 95, 73, 48024, 50, 1980
2026/08/29 19:34:29.335, 0, 525.21, 81, 47, 50668, 62, 1980
2026/08/29 19:34:29.336, 1, 477.58, 100, 73, 49908, 54, 1980
2026/08/29 19:34:29.338, 2, 473.01, 98, 57, 49268, 51, 1980
2026/08/29 19:34:29.339, 3, 491.72, 100, 66, 49308, 65, 1980
2026/08/29 19:34:29.341, 4, 482.19, 94, 50, 48986, 62, 1980
2026/08/29 19:34:29.344, 5, 480.08, 98, 59, 48406, 51, 1980
2026/08/29 19:34:29.346, 6, 496.71, 49, 25, 47946, 62, 1980
2026/08/29 19:34:29.347, 7, 482.13, 90, 48, 48024, 49, 1980
2026/08/29 19:34:34.348, 0, 526.89, 57, 41, 50668, 65, 1980
2026/08/29 19:34:34.348, 1, 491.64, 40, 25, 49908, 52, 1980
2026/08/29 19:34:34.348, 2, 493.31, 60, 32, 49268, 50, 1980
2026/08/29 19:34:34.348, 3, 503.40, 44, 28, 49308, 63, 1980
2026/08/29 19:34:34.349, 4, 488.70, 49, 32, 48986, 64, 1980
2026/08/29 19:34:34.349, 5, 491.14, 78, 42, 48406, 52, 1980
2026/08/29 19:34:34.349, 6, 507.98, 51, 26, 47946, 62, 1980
2026/08/29 19:34:34.349, 7, 488.40, 96, 70, 48024, 49, 1980
2026/08/29 19:34:39.349, 0, 499.17, 81, 47, 50668, 65, 1980
2026/08/29 19:34:39.349, 1, 490.16, 34, 19, 49908, 51, 1980
2026/08/29 19:34:39.349, 2, 481.55, 78, 57, 49268, 52, 1980
2026/08/29 19:34:39.349, 3, 503.52, 43, 28, 49308, 63, 1980
2026/08/29 19:34:39.349, 4, 487.39, 96, 51, 48986, 64, 1980
2026/08/29 19:34:39.349, 5, 491.63, 66, 48, 48406, 52, 1980
2026/08/29 19:34:39.349, 6, 509.64, 50, 26, 47946, 62, 1980
2026/08/29 19:34:39.349, 7, 487.77, 92, 48, 48024, 51, 1980
2026/08/29 19:34:44.350, 0, 518.49, 67, 41, 50668, 63, 1980
2026/08/29 19:34:44.351, 1, 486.18, 96, 73, 49908, 52, 1980
2026/08/29 19:34:44.353, 2, 490.02, 47, 26, 49268, 52, 1980
2026/08/29 19:34:44.356, 3, 492.25, 94, 49, 49308, 63, 1980
2026/08/29 19:34:44.359, 4, 473.65, 87, 48, 48986, 62, 1980
2026/08/29 19:34:44.359, 5, 481.10, 81, 52, 48406, 50, 1980
2026/08/29 19:34:44.359, 6, 508.14, 95, 47, 47946, 61, 1980
2026/08/29 19:34:44.361, 7, 483.58, 58, 40, 48024, 49, 1980
2026/08/29 19:34:49.364, 0, 496.24, 91, 54, 50668, 64, 1980
2026/08/29 19:34:49.364, 1, 479.44, 68, 40, 49908, 54, 1980
2026/08/29 19:34:49.364, 2, 496.05, 99, 67, 49268, 51, 1980
2026/08/29 19:34:49.365, 3, 498.81, 69, 39, 49308, 65, 1980
2026/08/29 19:34:49.365, 4, 491.21, 95, 54, 48986, 64, 1980
2026/08/29 19:34:49.365, 5, 488.70, 100, 69, 48406, 53, 1980
2026/08/29 19:34:49.365, 6, 494.78, 81, 44, 47946, 64, 1980
2026/08/29 19:34:49.365, 7, 465.85, 94, 50, 48024, 52, 1980
2026/08/29 19:34:54.365, 0, 504.23, 56, 34, 50668, 64, 1980
2026/08/29 19:34:54.365, 1, 481.52, 93, 54, 49908, 52, 1980
2026/08/29 19:34:54.365, 2, 497.15, 49, 32, 49268, 54, 1980
2026/08/29 19:34:54.365, 3, 494.60, 93, 54, 49308, 64, 1980
2026/08/29 19:34:54.365, 4, 477.65, 66, 43, 48986, 61, 1980
2026/08/29 19:34:54.365, 5, 477.61, 97, 57, 48406, 53, 1980
2026/08/29 19:34:54.365, 6, 493.16, 95, 53, 47946, 63, 1980
2026/08/29 19:34:54.365, 7, 486.52, 75, 46, 48024, 50, 1980
2026/08/29 19:34:59.366, 0, 520.78, 99, 69, 50668, 63, 1980
2026/08/29 19:34:59.366, 1, 481.92, 99, 61, 49908, 53, 1980
2026/08/29 19:34:59.368, 2, 489.30, 66, 39, 49268, 51, 1980
2026/08/29 19:34:59.370, 3, 509.45, 100, 56, 49308, 64, 1980
2026/08/29 19:34:59.372, 4, 487.24, 52, 32, 48986, 63, 1980
2026/08/29 19:34:59.374, 5, 484.61, 84, 45, 48406, 51, 1980
2026/08/29 19:34:59.375, 6, 495.60, 100, 59, 47946, 62, 1980
2026/08/29 19:34:59.377, 7, 498.27, 100, 65, 48024, 49, 1980
2026/08/29 19:35:04.380, 0, 496.12, 36, 22, 50668, 65, 1980
2026/08/29 19:35:04.380, 1, 465.38, 96, 79, 49908, 53, 1980
2026/08/29 19:35:04.380, 2, 496.62, 48, 32, 49268, 52, 1980
2026/08/29 19:35:04.380, 3, 483.96, 95, 78, 49308, 64, 1980
2026/08/29 19:35:04.380, 4, 483.75, 55, 34, 48986, 63, 1980
2026/08/29 19:35:04.380, 5, 480.85, 95, 51, 48406, 53, 1980
2026/08/29 19:35:04.380, 6, 485.55, 95, 57, 47946, 62, 1980
2026/08/29 19:35:04.380, 7, 474.15, 98, 58, 48024, 50, 1980
2026/08/29 19:35:09.380, 0, 526.32, 100, 85, 50668, 67, 1980
2026/08/29 19:35:09.380, 1, 503.96, 100, 73, 49908, 54, 1980
2026/08/29 19:35:09.380, 2, 512.09, 95, 70, 49268, 54, 1980
2026/08/29 19:35:09.380, 3, 531.95, 100, 74, 49308, 65, 1980
2026/08/29 19:35:09.380, 4, 511.40, 95, 79, 48986, 65, 1980
2026/08/29 19:35:09.380, 5, 503.05, 100, 63, 48406, 55, 1980
2026/08/29 19:35:09.380, 6, 524.93, 100, 73, 47946, 63, 1980
2026/08/29 19:35:09.380, 7, 502.58, 96, 76, 48024, 52, 1980
2026/08/29 19:35:14.381, 0, 534.43, 99, 70, 50668, 67, 1980
2026/08/29 19:35:14.381, 1, 488.28, 100, 77, 49908, 54, 1980
2026/08/29 19:35:14.381, 2, 508.56, 99, 66, 49268, 55, 1980
2026/08/29 19:35:14.381, 3, 530.34, 100, 77, 49308, 64, 1980
2026/08/29 19:35:14.381, 4, 516.70, 97, 59, 48986, 65, 1980
2026/08/29 19:35:14.381, 5, 519.57, 95, 80, 48406, 56, 1980
2026/08/29 19:35:14.381, 6, 531.17, 100, 76, 47946, 63, 1980
2026/08/29 19:35:14.381, 7, 512.52, 100, 65, 48024, 52, 1980
2026/08/29 19:35:19.381, 0, 484.82, 95, 64, 50668, 64, 1980
2026/08/29 19:35:19.382, 1, 454.76, 82, 48, 49908, 53, 1980
2026/08/29 19:35:19.382, 2, 469.02, 39, 25, 49268, 53, 1980
2026/08/29 19:35:19.382, 3, 478.66, 38, 26, 49308, 61, 1980
2026/08/29 19:35:19.382, 4, 471.36, 87, 61, 48986, 63, 1980
2026/08/29 19:35:19.382, 5, 475.19, 45, 29, 48406, 53, 1980
2026/08/29 19:35:19.382, 6, 489.41, 90, 52, 47946, 63, 1980
2026/08/29 19:35:19.382, 7, 463.83, 91, 63, 48024, 50, 1980
2026/08/29 19:35:24.382, 0, 524.07, 38, 24, 50668, 65, 1980
2026/08/29 19:35:24.382, 1, 498.02, 95, 83, 49908, 52, 1980
2026/08/29 19:35:24.382, 2, 485.62, 54, 39, 49268, 53, 1980
2026/08/29 19:35:24.382, 3, 503.39, 95, 67, 49308, 65, 1980
2026/08/29 19:35:24.382, 4, 496.90, 97, 53, 48986, 63, 1980
2026/08/29 19:35:24.382, 5, 488.19, 95, 56, 48406, 53, 1980
2026/08/29 19:35:24.382, 6, 501.21, 95, 63, 47946, 63, 1980
2026/08/29 19:35:24.382, 7, 488.07, 42, 25, 48024, 51, 1980
2026/08/29 19:35:29.383, 0, 535.86, 95, 79, 50668, 66, 1980
2026/08/29 19:35:29.385, 1, 506.93, 99, 86, 49908, 54, 1980
2026/08/29 19:35:29.388, 2, 500.70, 95, 82, 49268, 52, 1980
2026/08/29 19:35:29.390, 3, 518.84, 90, 64, 49308, 64, 1980
2026/08/29 19:35:29.391, 4, 494.80, 95, 66, 48986, 64, 1980
2026/08/29 19:35:29.393, 5, 497.33, 100, 65, 48406, 55, 1980
2026/08/29 19:35:29.398, 6, 518.79, 96, 73, 47946, 64, 1980
2026/08/29 19:35:29.403, 7, 505.92, 95, 71, 48024, 53, 1980
2026/08/29 19:35:34.412, 0, 528.70, 99, 70, 50668, 67, 1980
2026/08/29 19:35:34.412, 1, 494.32, 49, 31, 49908, 54, 1980
2026/08/29 19:35:34.412, 2, 493.73, 99, 66, 49268, 55, 1980
2026/08/29 19:35:34.412, 3, 531.72, 100, 75, 49308, 65, 1980
2026/08/29 19:35:34.412, 4, 499.53, 95, 58, 48986, 65, 1980
2026/08/29 19:35:34.412, 5, 510.32, 98, 84, 48406, 56, 1980
2026/08/29 19:35:34.412, 6, 510.88, 59, 36, 47946, 64, 1980
2026/08/29 19:35:34.412, 7, 490.80, 100, 70, 48024, 53, 1980
2026/08/29 19:35:39.412, 0, 536.53, 99, 66, 50668, 68, 1980
2026/08/29 19:35:39.412, 1, 503.72, 95, 79, 49908, 55, 1980
2026/08/29 19:35:39.412, 2, 517.64, 99, 62, 49268, 54, 1980
2026/08/29 19:35:39.412, 3, 532.25, 100, 73, 49308, 66, 1980
2026/08/29 19:35:39.412, 4, 515.60, 99, 69, 48986, 66, 1980
2026/08/29 19:35:39.412, 5, 508.23, 100, 81, 48406, 56, 1980
2026/08/29 19:35:39.413, 6, 521.54, 95, 62, 47946, 64, 1980
2026/08/29 19:35:39.413, 7, 506.33, 100, 64, 48024, 53, 1980
2026/08/29 19:35:44.413, 0, 506.11, 99, 69, 50668, 64, 1980
2026/08/29 19:35:44.413, 1, 476.48, 52, 32, 49908, 53, 1980
2026/08/29 19:35:44.413, 2, 483.18, 99, 65, 49268, 51, 1980
2026/08/29 19:35:44.413, 3, 502.40, 52, 33, 49308, 63, 1980
2026/08/29 19:35:44.413, 4, 494.39, 95, 59, 48986, 64, 1980
2026/08/29 19:35:44.413, 5, 486.82, 93, 50, 48406, 52, 1980
2026/08/29 19:35:44.413, 6, 505.23, 64, 36, 47946, 61, 1980
2026/08/29 19:35:44.413, 7, 475.89, 100, 63, 48024, 50, 1980
2026/08/29 19:35:49.414, 0, 522.80, 100, 82, 50668, 67, 1980
2026/08/29 19:35:49.414, 1, 486.96, 100, 65, 49908, 54, 1980
2026/08/29 19:35:49.414, 2, 499.98, 100, 71, 49268, 55, 1980
2026/08/29 19:35:49.414, 3, 504.20, 98, 56, 49308, 65, 1980
2026/08/29 19:35:49.414, 4, 491.37, 97, 80, 48986, 65, 1980
2026/08/29 19:35:49.414, 5, 492.27, 100, 65, 48406, 55, 1980
2026/08/29 19:35:49.414, 6, 514.54, 100, 68, 47946, 64, 1980
2026/08/29 19:35:49.414, 7, 499.52, 100, 82, 48024, 53, 1980
2026/08/29 19:35:54.414, 0, 512.67, 45, 29, 50668, 65, 1980
2026/08/29 19:35:54.414, 1, 482.67, 95, 66, 49908, 50, 1980
2026/08/29 19:35:54.414, 2, 484.49, 49, 32, 49268, 54, 1980
2026/08/29 19:35:54.414, 3, 505.20, 86, 47, 49308, 64, 1980
2026/08/29 19:35:54.414, 4, 502.11, 92, 56, 48986, 64, 1980
2026/08/29 19:35:54.415, 5, 490.43, 94, 50, 48406, 54, 1980
2026/08/29 19:35:54.415, 6, 520.62, 95, 56, 47946, 63, 1980
2026/08/29 19:35:54.415, 7, 495.07, 44, 25, 48024, 48, 1980
2026/08/29 19:35:59.415, 0, 526.82, 92, 54, 50668, 64, 1980
2026/08/29 19:35:59.417, 1, 503.94, 100, 71, 49908, 53, 1980
2026/08/29 19:35:59.419, 2, 505.44, 73, 44, 49268, 55, 1980
2026/08/29 19:35:59.420, 3, 506.09, 98, 56, 49308, 64, 1980
2026/08/29 19:35:59.421, 4, 507.92, 94, 52, 48986, 64, 1980
2026/08/29 19:35:59.423, 5, 501.68, 100, 64, 48406, 52, 1980
2026/08/29 19:35:59.426, 6, 513.69, 100, 68, 47946, 63, 1980
2026/08/29 19:35:59.427, 7, 498.70, 94, 51, 48024, 50, 1980
2026/08/29 19:36:04.429, 0, 518.66, 99, 68, 50668, 64, 1980
2026/08/29 19:36:04.429, 1, 470.41, 59, 35, 49908, 51, 1980
2026/08/29 19:36:04.429, 2, 480.86, 99, 66, 49268, 51, 1980
2026/08/29 19:36:04.430, 3, 492.98, 60, 36, 49308, 63, 1980
2026/08/29 19:36:04.430, 4, 505.00, 96, 69, 48986, 65, 1980
2026/08/29 19:36:04.430, 5, 499.22, 95, 54, 48406, 53, 1980
2026/08/29 19:36:04.430, 6, 507.77, 72, 42, 47946, 61, 1980
2026/08/29 19:36:04.430, 7, 492.32, 49, 30, 48024, 51, 1980
2026/08/29 19:36:09.430, 0, 525.69, 47, 30, 50668, 66, 1980
2026/08/29 19:36:09.430, 1, 504.94, 75, 52, 49908, 52, 1980
2026/08/29 19:36:09.430, 2, 510.73, 53, 37, 49268, 54, 1980
2026/08/29 19:36:09.430, 3, 529.14, 95, 81, 49308, 64, 1980
2026/08/29 19:36:09.430, 4, 512.60, 45, 28, 48986, 64, 1980
2026/08/29 19:36:09.430, 5, 515.53, 95, 69, 48406, 54, 1980
2026/08/29 19:36:09.430, 6, 507.34, 63, 43, 47946, 61, 1980
2026/08/29 19:36:09.430, 7, 495.14, 48, 30, 48024, 52, 1980
2026/08/29 19:36:14.431, 0, 522.72, 100, 80, 50668, 65, 1980
2026/08/29 19:36:14.431, 1, 497.00, 100, 69, 49908, 54, 1980
2026/08/29 19:36:14.431, 2, 505.98, 95, 58, 49268, 54, 1980
2026/08/29 19:36:14.431, 3, 526.44, 80, 56, 49308, 65, 1980
2026/08/29 19:36:14.431, 4, 509.85, 98, 84, 48986, 64, 1980
2026/08/29 19:36:14.431, 5, 512.36, 49, 32, 48406, 54, 1980
2026/08/29 19:36:14.431, 6, 524.53, 100, 71, 47946, 63, 1980
2026/08/29 19:36:14.431, 7, 510.65, 96, 52, 48024, 51, 1980
2026/08/29 19:36:19.431, 0, 532.10, 100, 82, 50668, 67, 1980
2026/08/29 19:36:19.432, 1, 507.78, 66, 47, 49908, 54, 1980
2026/08/29 19:36:19.432, 2, 514.17, 100, 76, 49268, 55, 1980
2026/08/29 19:36:19.432, 3, 525.86, 95, 82, 49308, 65, 1980
2026/08/29 19:36:19.432, 4, 510.11, 97, 82, 48986, 65, 1980
2026/08/29 19:36:19.432, 5, 514.37, 95, 68, 48406, 56, 1980
2026/08/29 19:36:19.432, 6, 531.75, 53, 38, 47946, 64, 1980
2026/08/29 19:36:19.432, 7, 499.48, 100, 81, 48024, 53, 1980
2026/08/29 19:36:24.432, 0, 535.95, 49, 33, 50668, 67, 1980
2026/08/29 19:36:24.432, 1, 502.35, 100, 83, 49908, 55, 1980
2026/08/29 19:36:24.432, 2, 519.70, 71, 49, 49268, 55, 1980
2026/08/29 19:36:24.432, 3, 530.67, 100, 83, 49308, 66, 1980
2026/08/29 19:36:24.432, 4, 516.20, 93, 53, 48986, 65, 1980
2026/08/29 19:36:24.432, 5, 519.03, 95, 80, 48406, 55, 1980
2026/08/29 19:36:24.432, 6, 527.43, 96, 82, 47946, 65, 1980
2026/08/29 19:36:24.432, 7, 504.23, 100, 66, 48024, 52, 1980
2026/08/29 19:36:29.433, 0, 504.31, 94, 57, 50668, 65, 1980
2026/08/29 19:36:29.434, 1, 470.78, 90, 52, 49908, 52, 1980
2026/08/29 19:36:29.435, 2, 480.40, 92, 52, 49268, 53, 1980
2026/08/29 19:36:29.437, 3, 494.18, 51, 32, 49308, 63, 1980
2026/08/29 19:36:29.439, 4, 492.27, 94, 61, 48986, 62, 1980
2026/08/29 19:36:29.439, 5, 477.39, 53, 32, 48406, 53, 1980
2026/08/29 19:36:29.441, 6, 491.07, 93, 52, 47946, 63, 1980
2026/08/29 19:36:29.445, 7, 484.12, 95, 56, 48024, 50, 1980
2026/08/29 19:36:34.449, 0, 520.10, 42, 25, 50668, 66, 1980
2026/08/29 19:36:34.449, 1, 475.37, 65, 46, 49908, 50, 1980
2026/08/29 19:36:34.449, 2, 503.26, 90, 51, 49268, 51, 1980
2026/08/29 19:36:34.449, 3, 493.06, 78, 45, 49308, 62, 1980
2026/08/29 19:36:34.449, 4, 490.07, 48, 28, 48986, 64, 1980
2026/08/29 19:36:34.449, 5, 501.52, 91, 54, 48406, 54, 1980
2026/08/29 19:36:34.449, 6, 506.03, 55, 39, 47946, 63, 1980
2026/08/29 19:36:34.449, 7, 500.29, 94, 53, 48024, 53, 1980
2026/08/29 19:36:39.450, 0, 534.75, 97, 62, 50668, 66, 1980
2026/08/29 19:36:39.450, 1, 498.31, 93, 55, 49908, 54, 1980
2026/08/29 19:36:39.450, 2, 511.17, 97, 59, 49268, 54, 1980
2026/08/29 19:36:39.450, 3, 519.12, 100, 69, 49308, 66, 1980
2026/08/29 19:36:39.450, 4, 514.95, 99, 69, 48986, 65, 1980
2026/08/29 19:36:39.450, 5, 507.89, 100, 79, 48406, 55, 1980
2026/08/29 19:36:39.450, 6, 509.20, 95, 70, 47946, 64, 1980
2026/08/29 19:36:39.450, 7, 504.46, 98, 60, 48024, 53, 1980
2026/08/29 19:36:44.450, 0, 508.45, 100, 70, 50668, 66, 1980
2026/08/29 19:36:44.450, 1, 504.42, 97, 64, 49908, 55, 1980
2026/08/29 19:36:44.451, 2, 478.34, 100, 85, 49268, 55, 1980
2026/08/29 19:36:44.451, 3, 513.91, 78, 46, 49308, 66, 1980
2026/08/29 19:36:44.451, 4, 488.50, 48, 30, 48986, 64, 1980
2026/08/29 19:36:44.451, 5, 474.73, 95, 52, 48406, 55, 1980
2026/08/29 19:36:44.451, 6, 503.38, 100, 64, 47946, 60, 1980
2026/08/29 19:36:44.451, 7, 485.79, 98, 51, 48024, 52, 1980
2026/08/29 19:36:49.451, 0, 529.86, 66, 46, 50668, 66, 1980
2026/08/29 19:36:49.451, 1, 497.39, 95, 70, 49908, 52, 1980
2026/08/29 19:36:49.451, 2, 496.45, 90, 64, 49268, 54, 1980
2026/08/29 19:36:49.451, 3, 519.83, 100, 84, 49308, 64, 1980
2026/08/29 19:36:49.451, 4, 502.05, 42, 29, 48986, 64, 1980
2026/08/29 19:36:49.451, 5, 497.86, 95, 75, 48406, 55, 1980
2026/08/29 19:36:49.451, 6, 517.26, 94, 63, 47946, 62, 1980
2026/08/29 19:36:49.451, 7, 494.38, 53, 37, 48024, 52, 1980
2026/08/29 19:36:54.452, 0, 522.07, 97, 58, 50668, 65, 1980
2026/08/29 19:36:54.452, 1, 489.94, 90, 51, 49908, 54, 1980
2026/08/29 19:36:54.452, 2, 490.33, 100, 68, 49268, 55, 1980
2026/08/29 19:36:54.452, 3, 510.77, 99, 69, 49308, 65, 1980
2026/08/29 19:36:54.452, 4, 500.42, 94, 61, 48986, 65, 1980
2026/08/29 19:36:54.452, 5, 488.77, 50, 25, 48406, 55, 1980
2026/08/29 19:36:54.452, 6, 499.54, 93, 49, 47946, 62, 1980
2026/08/29 19:36:54.452, 7, 483.69, 100, 74, 48024, 51, 1980
2026/08/29 19:36:59.452, 0, 522.09, 99, 67, 50668, 67, 1980
2026/08/29 19:36:59.455, 1, 485.89, 99, 51, 49908, 53, 1980
2026/08/29 19:36:59.459, 2, 506.02, 100, 59, 49268, 52, 1980
2026/08/29 19:36:59.461, 3, 509.40, 100, 66, 49308, 65, 1980
2026/08/29 19:36:59.462, 4, 501.68, 100, 65, 48986, 65, 1980
2026/08/29 19:36:59.464, 5, 502.48, 100, 75, 48406, 55, 1980
2026/08/29 19:36:59.465, 6, 509.88, 95, 72, 47946, 63, 1980
2026/08/29 19:36:59.465, 7, 492.28, 100, 65, 48024, 53, 1980
2026/08/29 19:37:04.468, 0, 524.98, 95, 73, 50668, 66, 1980
2026/08/29 19:37:04.468, 1, 493.36, 95, 74, 49908, 54, 1980
2026/08/29 19:37:04.468, 2, 509.19, 100, 72, 49268, 53, 1980
2026/08/29 19:37:04.468, 3, 520.17, 100, 70, 49308, 65, 1980
2026/08/29 19:37:04.468, 4, 513.88, 97, 66, 48986, 66, 1980
2026/08/29 19:37:04.468, 5, 503.90, 100, 78, 48406, 54, 1980
2026/08/29 19:37:04.468, 6, 522.18, 95, 73, 47946, 64, 1980
2026/08/29 19:37:04.468, 7, 494.27, 100, 78, 48024, 52, 1980
2026/08/29 19:37:09.468, 0, 524.80, 52, 36, 50668, 66, 1980
2026/08/29 19:37:09.468, 1, 507.17, 94, 66, 49908, 52, 1980
2026/08/29 19:37:09.468, 2, 514.80, 79, 55, 49268, 54, 1980
2026/08/29 19:37:09.468, 3, 522.22, 100, 84, 49308, 64, 1980
2026/08/29 19:37:09.468, 4, 506.40, 48, 30, 48986, 64, 1980
2026/08/29 19:37:09.469, 5, 498.84, 95, 80, 48406, 55, 1980
2026/08/29 19:37:09.469, 6, 525.68, 86, 60, 47946, 62, 1980
2026/08/29 19:37:09.469, 7, 499.48, 40, 26, 48024, 52, 1980
2026/08/29 19:37:14.469, 0, 528.72, 100, 70, 50668, 67, 1980
2026/08/29 19:37:14.469, 1, 499.55, 99, 69, 49908, 54, 1980
2026/08/29 19:37:14.469, 2, 515.78, 95, 80, 49268, 54, 1980
2026/08/29 19:37:14.469, 3, 528.52, 100, 83, 49308, 65, 1980
2026/08/29 19:37:14.469, 4, 510.10, 100, 74, 48986, 65, 1980
2026/08/29 19:37:14.469, 5, 516.95, 95, 57, 48406, 55, 1980
2026/08/29 19:37:14.469, 6, 517.00, 100, 64, 47946, 63, 1980
2026/08/29 19:37:14.469, 7, 496.83, 95, 70, 48024, 52, 1980
2026/08/29 19:37:19.470, 0, 523.53, 99, 62, 50668, 65, 1980
2026/08/29 19:37:19.470, 1, 487.50, 95, 57, 49908, 51, 1980
2026/08/29 19:37:19.470, 2, 499.34, 97, 59, 49268, 54, 1980
2026/08/29 19:37:19.470, 3, 504.85, 100, 69, 49308, 65, 1980
2026/08/29 19:37:19.470, 4, 496.69, 100, 61, 48986, 65, 1980
2026/08/29 19:37:19.470, 5, 498.94, 100, 65, 48406, 53, 1980
2026/08/29 19:37:19.470, 6, 497.78, 96, 70, 47946, 63, 1980
2026/08/29 19:37:19.470, 7, 483.17, 100, 60, 48024, 52, 1980
2026/08/29 19:37:24.470, 0, 506.36, 100, 79, 50668, 65, 1980
2026/08/29 19:37:24.471, 1, 498.24, 95, 82, 49908, 53, 1980
2026/08/29 19:37:24.471, 2, 497.21, 94, 54, 49268, 55, 1980
2026/08/29 19:37:24.471, 3, 514.57, 90, 52, 49308, 63, 1980
2026/08/29 19:37:24.471, 4, 499.71, 79, 45, 48986, 61, 1980
2026/08/29 19:37:24.471, 5, 497.87, 94, 58, 48406, 54, 1980
2026/08/29 19:37:24.471, 6, 518.54, 99, 71, 47946, 63, 1980
2026/08/29 19:37:24.471, 7, 506.53, 94, 61, 48024, 53, 1980
2026/08/29 19:37:29.471, 0, 523.59, 56, 35, 50668, 65, 1980
2026/08/29 19:37:29.471, 1, 489.03, 46, 30, 49908, 53, 1980
2026/08/29 19:37:29.474, 2, 502.05, 44, 28, 49268, 53, 1980
2026/08/29 19:37:29.476, 3, 516.40, 95, 75, 49308, 64, 1980
2026/08/29 19:37:29.478, 4, 506.77, 77, 46, 48986, 62, 1980
2026/08/29 19:37:29.478, 5, 489.30, 90, 60, 48406, 53, 1980
2026/08/29 19:37:29.480, 6, 514.41, 45, 27, 47946, 63, 1980
2026/08/29 19:37:29.483, 7, 491.05, 95, 73, 48024, 50, 1980
2026/08/29 19:37:34.485, 0, 529.56, 95, 72, 50668, 65, 1980
2026/08/29 19:37:34.485, 1, 502.05, 95, 83, 49908, 53, 1980
2026/08/29 19:37:34.485, 2, 491.42, 48, 33, 49268, 53, 1980
2026/08/29 19:37:34.485, 3, 504.73, 64, 45, 49308, 64, 1980
2026/08/29 19:37:34.485, 4, 501.49, 93, 61, 48986, 64, 1980
2026/08/29 19:37:34.485, 5, 500.75, 100, 77, 48406, 55, 1980
2026/08/29 19:37:34.485, 6, 506.62, 95, 71, 47946, 63, 1980
2026/08/29 19:37:34.485, 7, 494.77, 39, 25, 48024, 51, 1980
2026/08/29 19:37:39.485, 0, 533.99, 99, 69, 50668, 66, 1980
2026/08/29 19:37:39.485, 1, 505.59, 94, 52, 49908, 53, 1980
2026/08/29 19:37:39.485, 2, 505.75, 94, 56, 49268, 54, 1980
2026/08/29 19:37:39.486, 3, 521.11, 95, 79, 49308, 64, 1980
2026/08/29 19:37:39.486, 4, 498.05, 99, 78, 48986, 64, 1980
2026/08/29 19:37:39.486, 5, 503.57, 87, 64, 48406, 56, 1980
2026/08/29 19:37:39.486, 6, 521.18, 94, 53, 47946, 64, 1980
2026/08/29 19:37:39.486, 7, 503.54, 99, 74, 48024, 52, 1980
2026/08/29 19:37:44.486, 0, 501.04, 100, 78, 50668, 66, 1980
2026/08/29 19:37:44.486, 1, 475.65, 97, 69, 49908, 54, 1980
2026/08/29 19:37:44.486, 2, 498.44, 97, 60, 49268, 53, 1980
2026/08/29 19:37:44.486, 3, 523.28, 95, 57, 49308, 65, 1980
2026/08/29 19:37:44.486, 4, 497.89, 94, 54, 48986, 62, 1980
2026/08/29 19:37:44.486, 5, 491.75, 97, 63, 48406, 51, 1980
2026/08/29 19:37:44.486, 6, 505.22, 100, 64, 47946, 63, 1980
2026/08/29 19:37:44.486, 7, 488.78, 100, 61, 48024, 53, 1980
2026/08/29 19:37:49.487, 0, 510.77, 99, 69, 50668, 64, 1980
2026/08/29 19:37:49.487, 1, 480.13, 99, 62, 49908, 49, 1980
2026/08/29 19:37:49.487, 2, 506.69, 99, 68, 49268, 50, 1980
2026/08/29 19:37:49.487, 3, 497.25, 66, 39, 49308, 61, 1980
2026/08/29 19:37:49.487, 4, 477.82, 100, 64, 48986, 64, 1980
2026/08/29 19:37:49.487, 5, 492.33, 96, 52, 48406, 52, 1980
2026/08/29 19:37:49.487, 6, 491.03, 100, 62, 47946, 64, 1980
2026/08/29 19:37:49.487, 7, 480.16, 42, 26, 48024, 51, 1980
2026/08/29 19:37:54.487, 0, 523.30, 90, 62, 50668, 65, 1980
2026/08/29 19:37:54.488, 1, 498.16, 95, 80, 49908, 53, 1980
2026/08/29 19:37:54.488, 2, 482.05, 44, 28, 49268, 53, 1980
2026/08/29 19:37:54.488, 3, 492.91, 42, 29, 49308, 65, 1980
2026/08/29 19:37:54.488, 4, 475.95, 81, 56, 48986, 64, 1980
2026/08/29 19:37:54.488, 5, 486.63, 100, 81, 48406, 55, 1980
2026/08/29 19:37:54.488, 6, 486.90, 95, 63, 47946, 62, 1980
2026/08/29 19:37:54.488, 7, 479.77, 53, 29, 48024, 50, 1980
2026/08/29 19:37:59.488, 0, 522.08, 99, 59, 50668, 67, 1980
2026/08/29 19:37:59.489, 1, 489.28, 100, 63, 49908, 54, 1980
2026/08/29 19:37:59.491, 2, 491.03, 100, 65, 49268, 54, 1980
2026/08/29 19:37:59.493, 3, 515.53, 96, 80, 49308, 66, 1980
2026/08/29 19:37:59.494, 4, 489.38, 100, 74, 48986, 65, 1980
2026/08/29 19:37:59.495, 5, 495.91, 95, 73, 48406, 55, 1980
2026/08/29 19:37:59.497, 6, 520.35, 96, 51, 47946, 64, 1980
2026/08/29 19:37:59.499, 7, 495.18, 100, 72, 48024, 51, 1980
2026/08/29 19:38:04.501, 0, 517.85, 65, 44, 50668, 62, 1980
2026/08/29 19:38:04.501, 1, 495.49, 95, 72, 49908, 54, 1980
2026/08/29 19:38:04.501, 2, 493.10, 58, 35, 49268, 52, 1980
2026/08/29 19:38:04.501, 3, 502.18, 45, 29, 49308, 64, 1980
2026/08/29 19:38:04.501, 4, 488.21, 51, 34, 48986, 64, 1980
2026/08/29 19:38:04.501, 5, 489.12, 78, 45, 48406, 52, 1980
2026/08/29 19:38:04.501, 6, 505.32, 97, 58, 47946, 62, 1980
2026/08/29 19:38:04.501, 7, 491.18, 90, 51, 48024, 49, 1980
2026/08/29 19:38:09.501, 0, 509.09, 100, 84, 50668, 66, 1980
2026/08/29 19:38:09.501, 1, 480.74, 95, 62, 49908, 53, 1980
2026/08/29 19:38:09.501, 2, 496.78, 95, 52, 49268, 54, 1980
2026/08/29 19:38:09.502, 3, 511.33, 99, 71, 49308, 65, 1980
2026/08/29 19:38:09.502, 4, 501.35, 87, 49, 48986, 65, 1980
2026/08/29 19:38:09.502, 5, 492.43, 100, 83, 48406, 55, 1980
2026/08/29 19:38:09.502, 6, 511.94, 95, 51, 47946, 64, 1980
2026/08/29 19:38:09.502, 7, 499.39, 95, 57, 48024, 52, 1980
2026/08/29 19:38:14.502, 0, 523.32, 49, 30, 50668, 64, 1980
2026/08/29 19:38:14.502, 1, 486.55, 53, 34, 49908, 51, 1980
2026/08/29 19:38:14.502, 2, 482.72, 92, 55, 49268, 53, 1980
2026/08/29 19:38:14.502, 3, 517.28, 90, 52, 49308, 62, 1980
2026/08/29 19:38:14.502, 4, 487.90, 71, 41, 48986, 63, 1980
2026/08/29 19:38:14.502, 5, 482.59, 95, 66, 48406, 53, 1980
2026/08/29 19:38:14.503, 6, 499.24, 53, 33, 47946, 63, 1980
2026/08/29 19:38:14.503, 7, 483.10, 60, 34, 48024, 51, 1980
2026/08/29 19:38:19.503, 0, 513.99, 100, 69, 50668, 66, 1980
2026/08/29 19:38:19.504, 1, 487.84, 99, 79, 49908, 54, 1980
2026/08/29 19:38:19.504, 2, 500.81, 96, 74, 49268, 54, 1980
2026/08/29 19:38:19.504, 3, 513.35, 95, 48, 49308, 65, 1980
2026/08/29 19:38:19.504, 4, 497.09, 96, 77, 48986, 64, 1980
2026/08/29 19:38:19.504, 5, 500.11, 90, 65, 48406, 54, 1980
2026/08/29 19:38:19.504, 6, 508.97, 100, 69, 47946, 64, 1980
2026/08/29 19:38:19.504, 7, 495.22, 96, 54, 48024, 51, 1980
2026/08/29 19:38:24.504, 0, 514.97, 95, 82, 50668, 64, 1980
2026/08/29 19:38:24.504, 1, 492.48, 100, 78, 49908, 53, 1980
2026/08/29 19:38:24.504, 2, 483.60, 95, 65, 49268, 52, 1980
2026/08/29 19:38:24.504, 3, 502.36, 95, 72, 49308, 64, 1980
2026/08/29 19:38:24.504, 4, 480.03, 96, 78, 48986, 65, 1980
2026/08/29 19:38:24.504, 5, 482.46, 82, 58, 48406, 55, 1980
2026/08/29 19:38:24.504, 6, 494.86, 43, 28, 47946, 63, 1980
2026/08/29 19:38:24.504, 7, 478.57, 95, 80, 48024, 50, 1980
2026/08/29 19:38:29.505, 0, 529.83, 100, 78, 50668, 67, 1980
2026/08/29 19:38:29.505, 1, 506.64, 95, 83, 49908, 54, 1980
2026/08/29 19:38:29.508, 2, 508.71, 97, 58, 49268, 55, 1980
2026/08/29 19:38:29.510, 3, 516.61, 100, 65, 49308, 65, 1980
2026/08/29 19:38:29.512, 4, 505.26, 100, 64, 48986, 65, 1980
2026/08/29 19:38:29.512, 5, 504.77, 100, 73, 48406, 55, 1980
2026/08/29 19:38:29.514, 6, 524.83, 100, 65, 47946, 64, 1980
2026/08/29 19:38:29.517, 7, 513.11, 98, 61, 48024, 53, 1980
2026/08/29 19:38:34.519, 0, 512.88, 100, 73, 50668, 67, 1980
2026/08/29 19:38:34.520, 1, 475.93, 99, 66, 49908, 54, 1980
2026/08/29 19:38:34.523, 2, 494.20, 96, 65, 49268, 53, 1980
2026/08/29 19:38:34.523, 3, 502.67, 95, 81, 49308, 65, 1980
2026/08/29 19:38:34.523, 4, 485.93, 100, 79, 48986, 64, 1980
2026/08/29 19:38:34.525, 5, 492.18, 94, 54, 48406, 55, 1980
2026/08/29 19:38:34.529, 6, 489.87, 100, 64, 47946, 63, 1980
2026/08/29 19:38:34.539, 7, 474.57, 100, 72, 48024, 51, 1980
2026/08/29 19:38:39.539, 0, 509.08, 92, 53, 50668, 63, 1980
2026/08/29 19:38:39.539, 1, 500.24, 96, 54, 49908, 53, 1980
2026/08/29 19:38:39.539, 2, 494.52, 97, 62, 49268, 50, 1980
2026/08/29 19:38:39.539, 3, 515.40, 100, 75, 49308, 64, 1980
2026/08/29 19:38:39.539, 4, 481.72, 100, 64, 48986, 63, 1980
2026/08/29 19:38:39.539, 5, 477.12, 87, 47, 48406, 51, 1980
2026/08/29 19:38:39.540, 6, 509.26, 60, 35, 47946, 62, 1980
2026/08/29 19:38:39.540, 7, 493.49, 100, 63, 48024, 50, 1980
2026/08/29 19:38:44.540, 0, 510.43, 71, 48, 50668, 63, 1980
2026/08/29 19:38:44.540, 1, 481.90, 95, 54, 49908, 53, 1980
2026/08/29 19:38:44.540, 2, 498.34, 53, 32, 49268, 53, 1980
2026/08/29 19:38:44.540, 3, 509.88, 49, 32, 49308, 64, 1980
2026/08/29 19:38:44.540, 4, 497.49, 27, 17, 48986, 64, 1980
2026/08/29 19:38:44.540, 5, 485.74, 74, 40, 48406, 51, 1980
2026/08/29 19:38:44.540, 6, 509.45, 97, 51, 47946, 63, 1980
2026/08/29 19:38:44.540, 7, 501.29, 62, 43, 48024, 49, 1980
2026/08/29 19:38:49.541, 0, 521.50, 52, 37, 50668, 66, 1980
2026/08/29 19:38:49.543, 1, 476.75, 41, 25, 49908, 52, 1980
2026/08/29 19:38:49.545, 2, 491.06, 95, 82, 49268, 54, 1980
2026/08/29 19:38:49.545, 3, 509.83, 98, 82, 49308, 63, 1980
2026/08/29 19:38:49.546, 4, 488.33, 96, 66, 48986, 64, 1980
2026/08/29 19:38:49.546, 5, 494.74, 62, 43, 48406, 54, 1980
2026/08/29 19:38:49.546, 6, 501.52, 53, 30, 47946, 62, 1980
2026/08/29 19:38:49.546, 7, 492.03, 95, 70, 48024, 52, 1980
2026/08/29 19:38:54.547, 0, 498.02, 51, 31, 50668, 65, 1980
2026/08/29 19:38:54.547, 1, 482.22, 41, 28, 49908, 52, 1980
2026/08/29 19:38:54.547, 2, 500.38, 92, 54, 49268, 53, 1980
2026/08/29 19:38:54.547, 3, 512.98, 95, 69, 49308, 65, 1980
2026/08/29 19:38:54.547, 4, 500.29, 73, 43, 48986, 64, 1980
2026/08/29 19:38:54.547, 5, 506.11, 91, 64, 48406, 53, 1980
2026/08/29 19:38:54.547, 6, 496.94, 49, 31, 47946, 62, 1980
2026/08/29 19:38:54.547, 7, 496.36, 95, 67, 48024, 50, 1980
2026/08/29 19:38:59.547, 0, 512.52, 95, 74, 50668, 65, 1980
2026/08/29 19:38:59.548, 1, 477.55, 83, 58, 49908, 51, 1980
2026/08/29 19:38:59.549, 2, 485.82, 59, 42, 49268, 53, 1980
2026/08/29 19:38:59.550, 3, 497.40, 77, 54, 49308, 62, 1980
2026/08/29 19:38:59.552, 4, 493.51, 47, 30, 48986, 64, 1980
2026/08/29 19:38:59.555, 5, 489.04, 95, 65, 48406, 54, 1980
2026/08/29 19:38:59.557, 6, 513.34, 95, 71, 47946, 62, 1980
2026/08/29 19:38:59.559, 7, 490.81, 40, 24, 48024, 51, 1980
2026/08/29 19:39:04.559, 0, 526.00, 95, 81, 50668, 67, 1980
2026/08/29 19:39:04.559, 1, 506.51, 99, 78, 49908, 55, 1980
2026/08/29 19:39:04.559, 2, 524.42, 69, 42, 49268, 52, 1980
2026/08/29 19:39:04.559, 3, 530.41, 86, 58, 49308, 64, 1980
2026/08/29 19:39:04.559, 4, 524.71, 96, 78, 48986, 65, 1980
2026/08/29 19:39:04.559, 5, 520.05, 94, 59, 48406, 53, 1980
2026/08/29 19:39:04.559, 6, 528.87, 100, 81, 47946, 64, 1980
2026/08/29 19:39:04.559, 7, 520.54, 95, 75, 48024, 51, 1980
2026/08/29 19:39:09.560, 0, 499.97, 43, 27, 50668, 65, 1980
2026/08/29 19:39:09.560, 1, 466.22, 62, 38, 49908, 50, 1980
2026/08/29 19:39:09.560, 2, 479.55, 94, 56, 49268, 53, 1980
2026/08/29 19:39:09.560, 3, 492.53, 95, 64, 49308, 62, 1980
2026/08/29 19:39:09.560, 4, 480.18, 78, 54, 48986, 64, 1980
2026/08/29 19:39:09.560, 5, 482.73, 47, 30, 48406, 53, 1980
2026/08/29 19:39:09.560, 6, 519.50, 58, 40, 47946, 62, 1980
2026/08/29 19:39:09.560, 7, 486.40, 96, 49, 48024, 50, 1980
2026/08/29 19:39:14.560, 0, 506.03, 94, 53, 50668, 65, 1980
2026/08/29 19:39:14.560, 1, 478.35, 49, 30, 49908, 53, 1980
2026/08/29 19:39:14.560, 2, 495.47, 96, 63, 49268, 50, 1980
2026/08/29 19:39:14.560, 3, 510.58, 86, 66, 49308, 64, 1980
2026/08/29 19:39:14.560, 4, 494.67, 93, 55, 48986, 63, 1980
2026/08/29 19:39:14.561, 5, 493.51, 48, 28, 48406, 53, 1980
2026/08/29 19:39:14.561, 6, 509.52, 65, 38, 47946, 63, 1980
2026/08/29 19:39:14.561, 7, 481.09, 95, 78, 48024, 50, 1980
2026/08/29 19:39:19.561, 0, 535.48, 100, 85, 50668, 67, 1980
2026/08/29 19:39:19.561, 1, 508.48, 95, 80, 49908, 53, 1980
2026/08/29 19:39:19.561, 2, 515.47, 95, 71, 49268, 54, 1980
2026/08/29 19:39:19.561, 3, 532.79, 95, 78, 49308, 65, 1980
2026/08/29 19:39:19.561, 4, 519.83, 76, 53, 48986, 65, 1980
2026/08/29 19:39:19.561, 5, 522.76, 100, 85, 48406, 55, 1980
2026/08/29 19:39:19.561, 6, 525.77, 95, 66, 47946, 63, 1980
2026/08/29 19:39:19.561, 7, 512.45, 87, 58, 48024, 52, 1980
2026/08/29 19:39:24.562, 0, 519.25, 100, 82, 50668, 67, 1980
2026/08/29 19:39:24.562, 1, 493.99, 99, 69, 49908, 54, 1980
2026/08/29 19:39:24.562, 2, 503.00, 95, 69, 49268, 53, 1980
2026/08/29 19:39:24.562, 3, 517.10, 95, 76, 49308, 65, 1980
2026/08/29 19:39:24.562, 4, 507.73, 96, 82, 48986, 65, 1980
2026/08/29 19:39:24.562, 5, 515.40, 95, 65, 48406, 55, 1980
2026/08/29 19:39:24.562, 6, 529.50, 100, 75, 47946, 64, 1980
2026/08/29 19:39:24.562, 7, 504.99, 98, 84, 48024, 53, 1980
2026/08/29 19:39:29.562, 0, 533.74, 94, 54, 50668, 67, 1980
2026/08/29 19:39:29.565, 1, 509.65, 49, 30, 49908, 53, 1980
2026/08/29 19:39:29.570, 2, 508.54, 99, 76, 49268, 54, 1980
2026/08/29 19:39:29.574, 3, 519.01, 99, 69, 49308, 65, 1980
2026/08/29 19:39:29.577, 4, 505.16, 96, 80, 48986, 65, 1980
2026/08/29 19:39:29.579, 5, 510.46, 72, 45, 48406, 56, 1980
2026/08/29 19:39:29.581, 6, 518.87, 90, 53, 47946, 63, 1980
2026/08/29 19:39:29.581, 7, 509.87, 95, 80, 48024, 53, 1980
2026/08/29 19:39:34.584, 0, 527.36, 94, 81, 50668, 67, 1980
2026/08/29 19:39:34.584, 1, 500.51, 100, 78, 49908, 54, 1980
2026/08/29 19:39:34.584, 2, 517.26, 99, 69, 49268, 55, 1980
2026/08/29 19:39:34.584, 3, 529.63, 96, 64, 49308, 66, 1980
2026/08/29 19:39:34.584, 4, 506.27, 97, 58, 48986, 66, 1980
2026/08/29 19:39:34.584, 5, 496.05, 100, 64, 48406, 55, 1980
2026/08/29 19:39:34.584, 6, 514.07, 100, 77, 47946, 64, 1980
2026/08/29 19:39:34.584, 7, 496.39, 98, 52, 48024, 52, 1980
2026/08/29 19:39:39.584, 0, 509.42, 99, 65, 50668, 67, 1980
2026/08/29 19:39:39.584, 1, 479.78, 100, 69, 49908, 54, 1980
2026/08/29 19:39:39.584, 2, 500.29, 100, 71, 49268, 53, 1980
2026/08/29 19:39:39.585, 3, 497.30, 100, 70, 49308, 66, 1980
2026/08/29 19:39:39.585, 4, 502.26, 100, 83, 48986, 65, 1980
2026/08/29 19:39:39.585, 5, 483.42, 100, 61, 48406, 54, 1980
2026/08/29 19:39:39.585, 6, 491.95, 100, 56, 47946, 64, 1980
2026/08/29 19:39:39.585, 7, 472.66, 100, 76, 48024, 53, 1980
2026/08/29 19:39:44.585, 0, 515.27, 88, 67, 50668, 65, 1980
2026/08/29 19:39:44.585, 1, 487.82, 95, 82, 49908, 54, 1980
2026/08/29 19:39:44.585, 2, 502.46, 52, 33, 49268, 54, 1980
2026/08/29 19:39:44.585, 3, 517.28, 52, 32, 49308, 66, 1980
2026/08/29 19:39:44.585, 4, 508.98, 69, 46, 48986, 64, 1980
2026/08/29 19:39:44.585, 5, 510.78, 99, 74, 48406, 54, 1980
2026/08/29 19:39:44.585, 6, 527.73, 95, 81, 47946, 64, 1980
2026/08/29 19:39:44.585, 7, 497.79, 79, 54, 48024, 51, 1980
2026/08/29 19:39:49.586, 0, 524.64, 94, 54, 50668, 67, 1980
2026/08/29 19:39:49.586, 1, 492.60, 89, 63, 49948, 54, 1980
2026/08/29 19:39:49.588, 2, 512.58, 99, 70, 49268, 54, 1980
2026/08/29 19:39:49.588, 3, 523.72, 99, 68, 49308, 66, 1980
2026/08/29 19:39:49.588, 4, 515.14, 100, 77, 48986, 66, 1980
2026/08/29 19:39:49.588, 5, 509.37, 95, 81, 48406, 56, 1980
2026/08/29 19:39:49.588, 6, 515.67, 92, 49, 47946, 64, 1980
2026/08/29 19:39:49.589, 7, 496.19, 100, 68, 48024, 53, 1980
2026/08/29 19:39:54.589, 0, 501.61, 94, 60, 50668, 63, 1980
2026/08/29 19:39:54.589, 1, 477.38, 91, 54, 49948, 53, 1980
2026/08/29 19:39:54.589, 2, 485.88, 48, 29, 49268, 53, 1980
2026/08/29 19:39:54.589, 3, 504.60, 49, 30, 49308, 64, 1980
2026/08/29 19:39:54.589, 4, 488.36, 56, 38, 48986, 63, 1980
2026/08/29 19:39:54.589, 5, 495.89, 67, 39, 48406, 54, 1980
2026/08/29 19:39:54.589, 6, 495.23, 96, 49, 47946, 63, 1980
2026/08/29 19:39:54.589, 7, 477.65, 67, 46, 48024, 49, 1980
2026/08/29 19:39:59.590, 0, 524.54, 97, 83, 50668, 67, 1980
2026/08/29 19:39:59.592, 1, 495.82, 99, 72, 49948, 53, 1980
2026/08/29 19:39:59.595, 2, 494.78, 95, 50, 49268, 54, 1980
2026/08/29 19:39:59.596, 3, 512.98, 95, 57, 49308, 64, 1980
2026/08/29 19:39:59.598, 4, 493.14, 47, 31, 48986, 65, 1980
2026/08/29 19:39:59.599, 5, 492.14, 99, 82, 48406, 55, 1980
2026/08/29 19:39:59.601, 6, 508.70, 99, 73, 47946, 64, 1980
2026/08/29 19:39:59.604, 7, 500.27, 95, 58, 48024, 53, 1980
2026/08/29 19:40:04.606, 0, 526.71, 100, 70, 50668, 67, 1980
2026/08/29 19:40:04.606, 1, 500.32, 99, 66, 49948, 55, 1980
2026/08/29 19:40:04.606, 2, 513.23, 99, 69, 49268, 55, 1980
2026/08/29 19:40:04.606, 3, 523.29, 100, 84, 49308, 66, 1980
2026/08/29 19:40:04.606, 4, 510.59, 100, 76, 48986, 64, 1980
2026/08/29 19:40:04.606, 5, 501.03, 98, 57, 48406, 55, 1980
2026/08/29 19:40:04.606, 6, 522.27, 100, 69, 47946, 65, 1980
2026/08/29 19:40:04.606, 7, 498.96, 100, 66, 48024, 52, 1980
2026/08/29 19:40:09.606, 0, 515.25, 85, 59, 50668, 65, 1980
2026/08/29 19:40:09.607, 1, 487.03, 95, 77, 49948, 52, 1980
2026/08/29 19:40:09.607, 2, 509.18, 46, 30, 49268, 53, 1980
2026/08/29 19:40:09.607, 3, 522.05, 46, 29, 49308, 65, 1980
2026/08/29 19:40:09.607, 4, 514.50, 78, 45, 48986, 62, 1980
2026/08/29 19:40:09.607, 5, 502.40, 100, 58, 48406, 53, 1980
2026/08/29 19:40:09.607, 6, 516.07, 95, 71, 47946, 63, 1980
2026/08/29 19:40:09.607, 7, 507.86, 68, 37, 48024, 49, 1980
2026/08/29 19:40:14.607, 0, 514.53, 90, 53, 50668, 66, 1980
2026/08/29 19:40:14.607, 1, 490.40, 43, 27, 49948, 53, 1980
2026/08/29 19:40:14.607, 2, 507.65, 77, 53, 49268, 53, 1980
2026/08/29 19:40:14.607, 3, 518.38, 92, 58, 49308, 64, 1980
2026/08/29 19:40:14.607, 4, 503.85, 95, 66, 48986, 64, 1980
2026/08/29 19:40:14.607, 5, 501.28, 60, 42, 48406, 55, 1980
2026/08/29 19:40:14.607, 6, 514.18, 57, 36, 47946, 62, 1980
2026/08/29 19:40:14.607, 7, 506.25, 95, 70, 48024, 52, 1980
2026/08/29 19:40:19.608, 0, 510.95, 94, 55, 50668, 64, 1980
2026/08/29 19:40:19.608, 1, 483.62, 99, 76, 49948, 52, 1980
2026/08/29 19:40:19.608, 2, 489.77, 99, 83, 49268, 55, 1980
2026/08/29 19:40:19.608, 3, 504.86, 43, 27, 49308, 63, 1980
2026/08/29 19:40:19.608, 4, 488.69, 95, 78, 48986, 66, 1980
2026/08/29 19:40:19.608, 5, 495.42, 95, 54, 48406, 54, 1980
2026/08/29 19:40:19.608, 6, 519.70, 92, 54, 47946, 63, 1980
2026/08/29 19:40:19.608, 7, 486.84, 66, 39, 48024, 53, 1980
2026/08/29 19:40:24.608, 0, 513.70, 41, 25, 50668, 66, 1980
2026/08/29 19:40:24.610, 1, 462.05, 61, 41, 49948, 52, 1980
2026/08/29 19:40:24.612, 2, 473.20, 90, 51, 49268, 53, 1980
2026/08/29 19:40:24.615, 3, 481.73, 83, 48, 49308, 63, 1980
2026/08/29 19:40:24.615, 4, 467.93, 51, 31, 48986, 64, 1980
2026/08/29 19:40:24.615, 5, 465.63, 95, 64, 48406, 54, 1980
2026/08/29 19:40:24.617, 6, 512.19, 52, 35, 47946, 61, 1980
2026/08/29 19:40:24.620, 7, 497.18, 48, 29, 48024, 52, 1980
2026/08/29 19:40:29.623, 0, 537.67, 97, 65, 50668, 67, 1980
2026/08/29 19:40:29.627, 1, 505.34, 100, 70, 49948, 55, 1980
2026/08/29 19:40:29.629, 2, 498.85, 100, 76, 49268, 55, 1980
2026/08/29 19:40:29.631, 3, 521.80, 100, 71, 49308, 66, 1980
2026/08/29 19:40:29.631, 4, 512.53, 96, 80, 48986, 65, 1980
2026/08/29 19:40:29.642, 5, 507.05, 97, 64, 48406, 56, 1980
2026/08/29 19:40:29.648, 6, 523.26, 97, 58, 47946, 65, 1980
2026/08/29 19:40:29.651, 7, 510.83, 98, 84, 48024, 53, 1980
2026/08/29 19:40:34.663, 0, 518.89, 48, 30, 50668, 64, 1980
2026/08/29 19:40:34.664, 1, 489.35, 39, 27, 49948, 53, 1980
2026/08/29 19:40:34.664, 2, 487.75, 46, 28, 49268, 53, 1980
2026/08/29 19:40:34.664, 3, 507.83, 94, 49, 49308, 63, 1980
2026/08/29 19:40:34.664, 4, 483.23, 68, 36, 48986, 61, 1980
2026/08/29 19:40:34.664, 5, 497.43, 96, 65, 48406, 53, 1980
2026/08/29 19:40:34.664, 6, 500.12, 46, 30, 47946, 63, 1980
2026/08/29 19:40:34.664, 7, 497.51, 59, 32, 48024, 50, 1980
2026/08/29 19:40:39.664, 0, 528.52, 53, 33, 50668, 65, 1980
2026/08/29 19:40:39.664, 1, 488.51, 96, 58, 49948, 53, 1980
2026/08/29 19:40:39.664, 2, 503.44, 95, 69, 49268, 53, 1980
2026/08/29 19:40:39.664, 3, 520.60, 95, 74, 49308, 65, 1980
2026/08/29 19:40:39.664, 4, 516.84, 67, 48, 48986, 64, 1980
2026/08/29 19:40:39.664, 5, 496.04, 52, 32, 48406, 54, 1980
2026/08/29 19:40:39.664, 6, 518.50, 43, 26, 47946, 63, 1980
2026/08/29 19:40:39.664, 7, 487.49, 81, 56, 48024, 50, 1980
2026/08/29 19:40:44.665, 0, 533.39, 93, 60, 50668, 67, 1980
2026/08/29 19:40:44.665, 1, 503.20, 95, 80, 49948, 54, 1980
2026/08/29 19:40:44.665, 2, 511.25, 49, 30, 49268, 53, 1980
2026/08/29 19:40:44.665, 3, 530.71, 46, 31, 49308, 65, 1980
2026/08/29 19:40:44.665, 4, 510.99, 80, 56, 48986, 65, 1980
2026/08/29 19:40:44.665, 5, 513.26, 100, 82, 48406, 55, 1980
2026/08/29 19:40:44.665, 6, 521.25, 95, 61, 47946, 64, 1980
2026/08/29 19:40:44.665, 7, 511.51, 100, 65, 48024, 52, 1980
2026/08/29 19:40:49.666, 0, 527.17, 91, 53, 50668, 65, 1980
2026/08/29 19:40:49.666, 1, 491.31, 66, 39, 49948, 54, 1980
2026/08/29 19:40:49.666, 2, 491.99, 99, 67, 49268, 51, 1980
2026/08/29 19:40:49.666, 3, 510.57, 93, 60, 49308, 62, 1980
2026/08/29 19:40:49.666, 4, 502.79, 100, 73, 48986, 65, 1980
2026/08/29 19:40:49.666, 5, 498.96, 90, 52, 48406, 53, 1980
2026/08/29 19:40:49.666, 6, 520.39, 82, 45, 47946, 61, 1980
2026/08/29 19:40:49.666, 7, 496.40, 100, 64, 48024, 52, 1980
2026/08/29 19:40:54.666, 0, 523.46, 99, 59, 50668, 67, 1980
2026/08/29 19:40:54.666, 1, 483.03, 91, 51, 49948, 55, 1980
2026/08/29 19:40:54.666, 2, 491.76, 100, 70, 49268, 55, 1980
2026/08/29 19:40:54.666, 3, 497.30, 99, 70, 49308, 66, 1980
2026/08/29 19:40:54.666, 4, 485.44, 99, 63, 48986, 65, 1980
2026/08/29 19:40:54.666, 5, 476.35, 100, 64, 48406, 55, 1980
2026/08/29 19:40:54.666, 6, 499.22, 96, 53, 47946, 62, 1980
2026/08/29 19:40:54.667, 7, 483.32, 100, 58, 48024, 51, 1980
2026/08/29 19:40:59.667, 0, 506.72, 99, 60, 50668, 64, 1980
2026/08/29 19:40:59.668, 1, 477.40, 96, 55, 49948, 51, 1980
2026/08/29 19:40:59.670, 2, 483.10, 42, 25, 49268, 53, 1980
2026/08/29 19:40:59.670, 3, 491.64, 43, 29, 49308, 65, 1980
2026/08/29 19:40:59.672, 4, 477.12, 53, 37, 48986, 61, 1980
2026/08/29 19:40:59.676, 5, 487.51, 100, 61, 48406, 54, 1980
2026/08/29 19:40:59.676, 6, 506.68, 96, 52, 47946, 63, 1980
2026/08/29 19:40:59.676, 7, 477.22, 58, 32, 48024, 50, 1980
2026/08/29 19:41:04.678, 0, 508.07, 90, 50, 50668, 63, 1980
2026/08/29 19:41:04.678, 1, 473.04, 94, 57, 49948, 52, 1980
2026/08/29 19:41:04.678, 2, 481.95, 74, 51, 49268, 54, 1980
2026/08/29 19:41:04.678, 3, 493.94, 51, 31, 49308, 64, 1980
2026/08/29 19:41:04.678, 4, 494.80, 49, 30, 48986, 64, 1980
2026/08/29 19:41:04.678, 5, 482.05, 89, 48, 48406, 51, 1980
2026/08/29 19:41:04.678, 6, 496.47, 96, 55, 47946, 62, 1980
2026/08/29 19:41:04.678, 7, 478.34, 49, 33, 48024, 52, 1980
2026/08/29 19:41:09.679, 0, 526.66, 99, 86, 50668, 67, 1980
2026/08/29 19:41:09.679, 1, 497.47, 100, 72, 49948, 55, 1980
2026/08/29 19:41:09.679, 2, 508.91, 95, 73, 49268, 55, 1980
2026/08/29 19:41:09.679, 3, 510.25, 95, 71, 49308, 65, 1980
2026/08/29 19:41:09.679, 4, 496.77, 97, 71, 48986, 65, 1980
2026/08/29 19:41:09.679, 5, 491.90, 100, 80, 48406, 55, 1980
2026/08/29 19:41:09.679, 6, 514.64, 100, 72, 47946, 64, 1980
2026/08/29 19:41:09.679, 7, 504.26, 91, 58, 48024, 52, 1980
2026/08/29 19:41:14.679, 0, 491.93, 72, 50, 50668, 63, 1980
2026/08/29 19:41:14.680, 1, 463.64, 45, 28, 49948, 53, 1980
2026/08/29 19:41:14.680, 2, 478.52, 45, 29, 49268, 53, 1980
2026/08/29 19:41:14.680, 3, 494.74, 92, 55, 49308, 64, 1980
2026/08/29 19:41:14.680, 4, 475.88, 84, 48, 48986, 62, 1980
2026/08/29 19:41:14.680, 5, 483.74, 78, 52, 48406, 52, 1980
2026/08/29 19:41:14.680, 6, 487.42, 43, 28, 47946, 63, 1980
2026/08/29 19:41:14.680, 7, 471.07, 78, 46, 48024, 50, 1980
2026/08/29 19:41:19.680, 0, 534.70, 95, 81, 50668, 67, 1980
2026/08/29 19:41:19.680, 1, 512.11, 100, 79, 49948, 54, 1980
2026/08/29 19:41:19.680, 2, 521.22, 99, 68, 49268, 56, 1980
2026/08/29 19:41:19.680, 3, 538.38, 99, 64, 49308, 65, 1980
2026/08/29 19:41:19.680, 4, 514.78, 97, 57, 48986, 66, 1980
2026/08/29 19:41:19.680, 5, 529.80, 95, 81, 48406, 56, 1980
2026/08/29 19:41:19.680, 6, 523.82, 99, 79, 47946, 64, 1980
2026/08/29 19:41:19.680, 7, 504.20, 100, 64, 48024, 53, 1980
2026/08/29 19:41:24.681, 0, 499.14, 91, 51, 50668, 66, 1980
2026/08/29 19:41:24.682, 1, 454.15, 95, 55, 49948, 51, 1980
2026/08/29 19:41:24.684, 2, 478.59, 71, 50, 49268, 54, 1980
2026/08/29 19:41:24.687, 3, 494.46, 51, 29, 49308, 64, 1980
2026/08/29 19:41:24.687, 4, 475.21, 46, 29, 48986, 64, 1980
2026/08/29 19:41:24.687, 5, 473.74, 90, 49, 48406, 54, 1980
2026/08/29 19:41:24.689, 6, 489.45, 96, 55, 47946, 61, 1980
2026/08/29 19:41:24.692, 7, 473.92, 47, 31, 48024, 52, 1980
2026/08/29 19:41:29.695, 0, 532.57, 95, 67, 50668, 65, 1980
2026/08/29 19:41:29.700, 1, 506.29, 95, 78, 49948, 54, 1980
2026/08/29 19:41:29.702, 2, 506.72, 45, 28, 49268, 53, 1980
2026/08/29 19:41:29.714, 3, 517.99, 44, 31, 49308, 65, 1980
2026/08/29 19:41:29.722, 4, 509.72, 82, 57, 48986, 63, 1980
2026/08/29 19:41:29.725, 5, 504.42, 95, 57, 48406, 53, 1980
2026/08/29 19:41:29.727, 6, 519.91, 95, 64, 47946, 64, 1980
2026/08/29 19:41:29.727, 7, 507.67, 96, 74, 48024, 52, 1980
2026/08/29 19:41:34.733, 0, 524.42, 100, 71, 50668, 67, 1980
2026/08/29 19:41:34.733, 1, 495.73, 100, 69, 49948, 54, 1980
2026/08/29 19:41:34.733, 2, 508.57, 100, 78, 49268, 54, 1980
2026/08/29 19:41:34.733, 3, 520.24, 95, 68, 49308, 65, 1980
2026/08/29 19:41:34.733, 4, 507.59, 96, 71, 48986, 65, 1980
2026/08/29 19:41:34.733, 5, 507.49, 100, 65, 48406, 55, 1980
2026/08/29 19:41:34.733, 6, 524.74, 100, 75, 47946, 64, 1980
2026/08/29 19:41:34.733, 7, 499.52, 96, 72, 48024, 53, 1980
2026/08/29 19:41:39.734, 0, 514.91, 87, 50, 50668, 63, 1980
2026/08/29 19:41:39.734, 1, 485.06, 99, 60, 49948, 52, 1980
2026/08/29 19:41:39.734, 2, 492.74, 99, 63, 49268, 54, 1980
2026/08/29 19:41:39.734, 3, 510.53, 99, 60, 49308, 65, 1980
2026/08/29 19:41:39.734, 4, 497.71, 95, 58, 48986, 63, 1980
2026/08/29 19:41:39.734, 5, 488.17, 83, 48, 48406, 56, 1980
2026/08/29 19:41:39.734, 6, 514.68, 54, 34, 47946, 62, 1980
2026/08/29 19:41:39.734, 7, 486.83, 100, 63, 48024, 49, 1980
2026/08/29 19:41:44.734, 0, 504.39, 94, 55, 50668, 66, 1980
2026/08/29 19:41:44.735, 1, 471.42, 97, 59, 49948, 52, 1980
2026/08/29 19:41:44.735, 2, 488.16, 67, 47, 49268, 52, 1980
2026/08/29 19:41:44.735, 3, 498.60, 53, 34, 49308, 63, 1980
2026/08/29 19:41:44.735, 4, 483.96, 47, 29, 48986, 64, 1980
2026/08/29 19:41:44.735, 5, 487.65, 92, 53, 48406, 54, 1980
2026/08/29 19:41:44.735, 6, 508.85, 97, 62, 47946, 61, 1980
2026/08/29 19:41:44.735, 7, 486.39, 48, 32, 48024, 50, 1980
2026/08/29 19:41:49.735, 0, 515.08, 38, 24, 50668, 65, 1980
2026/08/29 19:41:49.735, 1, 486.79, 51, 37, 49948, 53, 1980
2026/08/29 19:41:49.735, 2, 497.58, 95, 60, 49268, 54, 1980
2026/08/29 19:41:49.735, 3, 511.59, 95, 67, 49308, 64, 1980
2026/08/29 19:41:49.735, 4, 503.05, 55, 35, 48986, 63, 1980
2026/08/29 19:41:49.735, 5, 504.48, 43, 28, 48406, 54, 1980
2026/08/29 19:41:49.735, 6, 518.66, 45, 31, 47946, 63, 1980
2026/08/29 19:41:49.735, 7, 486.69, 87, 64, 48024, 51, 1980
2026/08/29 19:41:54.736, 0, 536.26, 100, 71, 50668, 67, 1980
2026/08/29 19:41:54.736, 1, 506.42, 100, 83, 49948, 54, 1980
2026/08/29 19:41:54.736, 2, 518.24, 95, 78, 49268, 55, 1980
2026/08/29 19:41:54.736, 3, 534.72, 95, 67, 49308, 66, 1980
2026/08/29 19:41:54.736, 4, 518.61, 95, 72, 48986, 66, 1980
2026/08/29 19:41:54.736, 5, 518.72, 100, 69, 48406, 56, 1980
2026/08/29 19:41:54.736, 6, 524.79, 96, 75, 47946, 64, 1980
2026/08/29 19:41:54.736, 7, 509.87, 95, 70, 48024, 52, 1980
2026/08/29 19:41:59.736, 0, 530.44, 95, 81, 50668, 66, 1980
2026/08/29 19:41:59.738, 1, 502.98, 100, 85, 49948, 54, 1980
2026/08/29 19:41:59.740, 2, 517.82, 80, 57, 49268, 52, 1980
2026/08/29 19:41:59.741, 3, 523.59, 94, 59, 49308, 64, 1980
2026/08/29 19:41:59.742, 4, 508.42, 95, 65, 48986, 64, 1980
2026/08/29 19:41:59.744, 5, 501.82, 94, 72, 48406, 54, 1980
2026/08/29 19:41:59.747, 6, 512.71, 96, 75, 47946, 64, 1980
2026/08/29 19:41:59.748, 7, 507.17, 49, 34, 48024, 52, 1980
2026/08/29 19:42:04.750, 0, 527.90, 95, 75, 50668, 67, 1980
2026/08/29 19:42:04.751, 1, 496.50, 61, 41, 49948, 54, 1980
2026/08/29 19:42:04.751, 2, 511.87, 99, 61, 49268, 55, 1980
2026/08/29 19:42:04.751, 3, 516.08, 95, 80, 49308, 66, 1980
2026/08/29 19:42:04.751, 4, 499.85, 99, 77, 48986, 66, 1980
2026/08/29 19:42:04.751, 5, 501.72, 95, 76, 48406, 56, 1980
2026/08/29 19:42:04.751, 6, 519.62, 99, 60, 47946, 64, 1980
2026/08/29 19:42:04.751, 7, 501.76, 99, 74, 48024, 51, 1980
2026/08/29 19:42:09.751, 0, 539.80, 100, 83, 50668, 67, 1980
2026/08/29 19:42:09.751, 1, 498.08, 100, 70, 49948, 55, 1980
2026/08/29 19:42:09.751, 2, 514.06, 96, 63, 49268, 55, 1980
2026/08/29 19:42:09.751, 3, 528.79, 96, 59, 49308, 64, 1980
2026/08/29 19:42:09.751, 4, 511.50, 93, 56, 48986, 65, 1980
2026/08/29 19:42:09.751, 5, 509.75, 100, 83, 48406, 56, 1980
2026/08/29 19:42:09.751, 6, 514.41, 100, 70, 47946, 63, 1980
2026/08/29 19:42:09.752, 7, 498.88, 100, 64, 48024, 52, 1980
2026/08/29 19:42:14.752, 0, 524.99, 59, 36, 50668, 64, 1980
2026/08/29 19:42:14.752, 1, 454.49, 96, 52, 49948, 51, 1980
2026/08/29 19:42:14.752, 2, 469.24, 100, 53, 49268, 54, 1980
2026/08/29 19:42:14.752, 3, 485.40, 100, 64, 49308, 63, 1980
2026/08/29 19:42:14.752, 4, 485.14, 81, 44, 48986, 62, 1980
2026/08/29 19:42:14.752, 5, 488.66, 56, 31, 48406, 52, 1980
2026/08/29 19:42:14.752, 6, 504.48, 98, 53, 47946, 63, 1980
2026/08/29 19:42:14.752, 7, 491.45, 73, 51, 48024, 52, 1980
2026/08/29 19:42:19.753, 0, 528.89, 99, 62, 50668, 65, 1980
2026/08/29 19:42:19.753, 1, 493.82, 95, 56, 49948, 54, 1980
2026/08/29 19:42:19.753, 2, 511.02, 100, 71, 49268, 55, 1980
2026/08/29 19:42:19.753, 3, 523.83, 100, 70, 49308, 63, 1980
2026/08/29 19:42:19.753, 4, 507.48, 99, 66, 48986, 65, 1980
2026/08/29 19:42:19.753, 5, 511.88, 100, 61, 48406, 54, 1980
2026/08/29 19:42:19.753, 6, 524.26, 97, 54, 47946, 63, 1980
2026/08/29 19:42:19.753, 7, 502.23, 100, 76, 48024, 52, 1980
2026/08/29 19:42:24.753, 0, 521.26, 95, 51, 50668, 67, 1980
2026/08/29 19:42:24.753, 1, 495.43, 95, 64, 49948, 54, 1980
2026/08/29 19:42:24.753, 2, 497.41, 99, 73, 49268, 53, 1980
2026/08/29 19:42:24.754, 3, 516.49, 95, 63, 49308, 65, 1980
2026/08/29 19:42:24.754, 4, 490.07, 94, 54, 48986, 65, 1980
2026/08/29 19:42:24.754, 5, 491.25, 95, 48, 48406, 55, 1980
2026/08/29 19:42:24.754, 6, 509.40, 99, 68, 47946, 63, 1980
2026/08/29 19:42:24.754, 7, 493.19, 100, 82, 48024, 50, 1980
2026/08/29 19:42:29.754, 0, 529.04, 100, 81, 50668, 67, 1980
2026/08/29 19:42:29.756, 1, 501.03, 100, 70, 49948, 54, 1980
2026/08/29 19:42:29.757, 2, 511.62, 99, 61, 49268, 54, 1980
2026/08/29 19:42:29.759, 3, 531.54, 97, 60, 49308, 65, 1980
2026/08/29 19:42:29.762, 4, 503.27, 97, 82, 48986, 65, 1980
2026/08/29 19:42:29.763, 5, 508.89, 100, 81, 48406, 56, 1980
2026/08/29 19:42:29.769, 6, 505.62, 100, 73, 47946, 64, 1980
2026/08/29 19:42:29.772, 7, 496.90, 99, 69, 48024, 54, 1980
2026/08/29 19:42:34.778, 0, 526.21, 62, 44, 50668, 65, 1980
2026/08/29 19:42:34.778, 1, 502.67, 96, 72, 49948, 53, 1980
2026/08/29 19:42:34.778, 2, 506.42, 97, 78, 49268, 52, 1980
2026/08/29 19:42:34.778, 3, 517.56, 96, 51, 49308, 64, 1980
2026/08/29 19:42:34.778, 4, 500.30, 49, 34, 48986, 64, 1980
2026/08/29 19:42:34.778, 5, 491.76, 71, 50, 48406, 52, 1980
2026/08/29 19:42:34.778, 6, 510.77, 46, 25, 47946, 62, 1980
2026/08/29 19:42:34.778, 7, 494.63, 95, 74, 48024, 51, 1980
2026/08/29 19:42:39.779, 0, 525.40, 99, 69, 50668, 67, 1980
2026/08/29 19:42:39.779, 1, 477.17, 99, 60, 49948, 53, 1980
2026/08/29 19:42:39.779, 2, 495.96, 100, 81, 49268, 55, 1980
2026/08/29 19:42:39.779, 3, 516.59, 100, 75, 49308, 64, 1980
2026/08/29 19:42:39.779, 4, 497.51, 99, 69, 48986, 65, 1980
2026/08/29 19:42:39.779, 5, 499.02, 100, 69, 48406, 56, 1980
2026/08/29 19:42:39.779, 6, 492.72, 100, 59, 47946, 63, 1980
2026/08/29 19:42:39.779, 7, 486.11, 96, 72, 48024, 53, 1980
2026/08/29 19:42:44.779, 0, 504.65, 52, 36, 50668, 63, 1980
2026/08/29 19:42:44.779, 1, 476.60, 99, 59, 49948, 54, 1980
2026/08/29 19:42:44.780, 2, 491.80, 64, 38, 49268, 54, 1980
2026/08/29 19:42:44.780, 3, 502.60, 99, 60, 49308, 65, 1980
2026/08/29 19:42:44.780, 4, 491.56, 50, 32, 48986, 63, 1980
2026/08/29 19:42:44.780, 5, 487.34, 59, 41, 48406, 51, 1980
2026/08/29 19:42:44.780, 6, 494.52, 57, 32, 47946, 62, 1980
2026/08/29 19:42:44.780, 7, 482.11, 96, 52, 48024, 50, 1980
2026/08/29 19:42:49.780, 0, 502.49, 97, 56, 50668, 64, 1980
2026/08/29 19:42:49.780, 1, 474.28, 82, 47, 49948, 53, 1980
2026/08/29 19:42:49.780, 2, 483.08, 44, 30, 49268, 54, 1980
2026/08/29 19:42:49.780, 3, 483.99, 25, 17, 49308, 64, 1980
2026/08/29 19:42:49.780, 4, 481.66, 82, 58, 48986, 62, 1980
2026/08/29 19:42:49.780, 5, 474.59, 96, 52, 48406, 54, 1980
2026/08/29 19:42:49.780, 6, 491.87, 94, 51, 47946, 61, 1980
2026/08/29 19:42:49.782, 7, 484.32, 46, 24, 48024, 51, 1980
2026/08/29 19:42:54.782, 0, 533.63, 50, 32, 50668, 64, 1980
2026/08/29 19:42:54.782, 1, 479.73, 45, 31, 49948, 53, 1980
2026/08/29 19:42:54.782, 2, 506.06, 96, 67, 49268, 53, 1980
2026/08/29 19:42:54.782, 3, 513.04, 41, 27, 49308, 63, 1980
2026/08/29 19:42:54.782, 4, 491.73, 71, 43, 48986, 62, 1980
2026/08/29 19:42:54.782, 5, 506.36, 47, 30, 48406, 54, 1980
2026/08/29 19:42:54.782, 6, 500.69, 94, 51, 47946, 63, 1980
2026/08/29 19:42:54.782, 7, 487.42, 61, 35, 48024, 50, 1980
2026/08/29 19:42:59.783, 0, 528.84, 96, 81, 50668, 67, 1980
2026/08/29 19:42:59.784, 1, 499.06, 99, 72, 49948, 54, 1980
2026/08/29 19:42:59.785, 2, 511.59, 95, 66, 49268, 55, 1980
2026/08/29 19:42:59.787, 3, 520.23, 94, 72, 49308, 66, 1980
2026/08/29 19:42:59.789, 4, 507.36, 95, 78, 48986, 65, 1980
2026/08/29 19:42:59.789, 5, 514.79, 97, 83, 48406, 56, 1980
2026/08/29 19:42:59.791, 6, 534.85, 99, 77, 47946, 63, 1980
2026/08/29 19:42:59.795, 7, 513.83, 97, 64, 48024, 53, 1980
2026/08/29 19:43:04.797, 0, 508.22, 46, 28, 50668, 65, 1980
2026/08/29 19:43:04.797, 1, 473.30, 100, 60, 49948, 51, 1980
2026/08/29 19:43:04.797, 2, 491.40, 91, 48, 49268, 51, 1980
2026/08/29 19:43:04.797, 3, 503.26, 100, 61, 49308, 65, 1980
2026/08/29 19:43:04.797, 4, 479.08, 50, 32, 48986, 64, 1980
2026/08/29 19:43:04.797, 5, 473.61, 53, 33, 48406, 54, 1980
2026/08/29 19:43:04.797, 6, 492.94, 83, 45, 47946, 60, 1980
2026/08/29 19:43:04.798, 7, 478.28, 98, 53, 48024, 53, 1980
2026/08/29 19:43:09.798, 0, 533.95, 95, 75, 50668, 67, 1980
2026/08/29 19:43:09.798, 1, 513.66, 95, 82, 49948, 56, 1980
2026/08/29 19:43:09.798, 2, 522.47, 99, 68, 49268, 55, 1980
2026/08/29 19:43:09.798, 3, 535.98, 99, 68, 49308, 66, 1980
2026/08/29 19:43:09.798, 4, 515.07, 99, 61, 48986, 66, 1980
2026/08/29 19:43:09.798, 5, 519.90, 95, 75, 48406, 57, 1980
2026/08/29 19:43:09.798, 6, 526.54, 96, 52, 47946, 64, 1980
2026/08/29 19:43:09.798, 7, 498.66, 100, 73, 48024, 53, 1980
2026/08/29 19:43:14.799, 0, 511.72, 100, 75, 50668, 67, 1980
2026/08/29 19:43:14.799, 1, 477.54, 99, 69, 49948, 55, 1980
2026/08/29 19:43:14.799, 2, 490.63, 97, 58, 49268, 55, 1980
2026/08/29 19:43:14.799, 3, 508.58, 99, 69, 49308, 66, 1980
2026/08/29 19:43:14.799, 4, 490.45, 100, 80, 48986, 66, 1980
2026/08/29 19:43:14.799, 5, 477.31, 100, 68, 48406, 54, 1980
2026/08/29 19:43:14.799, 6, 497.50, 96, 64, 47946, 64, 1980
2026/08/29 19:43:14.799, 7, 481.28, 100, 59, 48024, 52, 1980
2026/08/29 19:43:19.799, 0, 500.82, 83, 49, 50668, 63, 1980
2026/08/29 19:43:19.799, 1, 490.14, 45, 29, 49948, 53, 1980
2026/08/29 19:43:19.799, 2, 495.93, 99, 62, 49268, 53, 1980
2026/08/29 19:43:19.799, 3, 507.96, 99, 59, 49308, 64, 1980
2026/08/29 19:43:19.799, 4, 508.40, 96, 57, 48986, 63, 1980
2026/08/29 19:43:19.799, 5, 509.96, 78, 46, 48406, 52, 1980
2026/08/29 19:43:19.799, 6, 532.70, 51, 31, 47946, 63, 1980
2026/08/29 19:43:19.800, 7, 493.65, 100, 63, 48024, 50, 1980
2026/08/29 19:43:24.800, 0, 519.09, 95, 62, 50668, 66, 1980
2026/08/29 19:43:24.800, 1, 497.85, 64, 39, 49948, 52, 1980
2026/08/29 19:43:24.800, 2, 494.98, 51, 37, 49268, 54, 1980
2026/08/29 19:43:24.800, 3, 503.85, 68, 48, 49308, 62, 1980
2026/08/29 19:43:24.800, 4, 484.43, 85, 60, 48986, 64, 1980
2026/08/29 19:43:24.800, 5, 475.16, 95, 53, 48406, 54, 1980
2026/08/29 19:43:24.800, 6, 509.23, 60, 42, 47946, 63, 1980
2026/08/29 19:43:24.800, 7, 485.36, 42, 26, 48024, 51, 1980
2026/08/29 19:43:29.801, 0, 522.47, 100, 76, 50668, 66, 1980
2026/08/29 19:43:29.802, 1, 482.35, 99, 69, 49948, 51, 1980
2026/08/29 19:43:29.804, 2, 505.49, 95, 57, 49268, 54, 1980
2026/08/29 19:43:29.806, 3, 508.06, 93, 54, 49308, 63, 1980
2026/08/29 19:43:29.808, 4, 482.60, 70, 41, 48986, 65, 1980
2026/08/29 19:43:29.808, 5, 488.06, 100, 74, 48406, 55, 1980
2026/08/29 19:43:29.811, 6, 495.39, 48, 30, 47946, 63, 1980
2026/08/29 19:43:29.814, 7, 476.36, 97, 57, 48024, 52, 1980
2026/08/29 19:43:34.816, 0, 498.35, 91, 52, 50668, 65, 1980
2026/08/29 19:43:34.816, 1, 483.29, 52, 31, 49948, 52, 1980
2026/08/29 19:43:34.816, 2, 493.76, 66, 47, 49268, 52, 1980
2026/08/29 19:43:34.816, 3, 507.17, 83, 58, 49308, 63, 1980
2026/08/29 19:43:34.816, 4, 480.50, 92, 55, 48986, 64, 1980
2026/08/29 19:43:34.816, 5, 483.69, 90, 50, 48406, 55, 1980
2026/08/29 19:43:34.816, 6, 502.37, 94, 61, 47946, 60, 1980
2026/08/29 19:43:34.816, 7, 483.57, 48, 31, 48024, 52, 1980
2026/08/29 19:43:39.816, 0, 497.42, 95, 81, 50668, 65, 1980
2026/08/29 19:43:39.817, 1, 482.07, 96, 70, 49948, 53, 1980
2026/08/29 19:43:39.817, 2, 494.34, 58, 36, 49268, 53, 1980
2026/08/29 19:43:39.817, 3, 507.42, 41, 26, 49308, 64, 1980
2026/08/29 19:43:39.817, 4, 495.84, 47, 31, 48986, 65, 1980
2026/08/29 19:43:39.817, 5, 502.31, 61, 44, 48406, 54, 1980
2026/08/29 19:43:39.817, 6, 516.26, 91, 61, 47946, 64, 1980
2026/08/29 19:43:39.817, 7, 506.16, 95, 70, 48024, 52, 1980
2026/08/29 19:43:44.817, 0, 525.60, 93, 57, 50668, 64, 1980
2026/08/29 19:43:44.817, 1, 472.19, 100, 76, 49948, 54, 1980
2026/08/29 19:43:44.817, 2, 494.12, 99, 67, 49268, 51, 1980
2026/08/29 19:43:44.817, 3, 518.46, 97, 62, 49308, 66, 1980
2026/08/29 19:43:44.817, 4, 506.13, 95, 56, 48986, 65, 1980
2026/08/29 19:43:44.817, 5, 506.43, 94, 56, 48406, 53, 1980
2026/08/29 19:43:44.817, 6, 533.21, 98, 65, 47946, 65, 1980
2026/08/29 19:43:44.817, 7, 496.36, 100, 64, 48024, 52, 1980
2026/08/29 19:43:49.818, 0, 501.60, 97, 66, 50668, 63, 1980
2026/08/29 19:43:49.818, 1, 489.40, 95, 56, 49948, 52, 1980
2026/08/29 19:43:49.818, 2, 478.98, 59, 33, 49268, 52, 1980
2026/08/29 19:43:49.818, 3, 492.23, 41, 25, 49308, 63, 1980
2026/08/29 19:43:49.818, 4, 490.10, 22, 14, 48986, 62, 1980
2026/08/29 19:43:49.818, 5, 501.97, 64, 46, 48406, 51, 1980
2026/08/29 19:43:49.818, 6, 518.02, 90, 63, 47946, 62, 1980
2026/08/29 19:43:49.818, 7, 492.33, 92, 48, 48024, 49, 1980
2026/08/29 19:43:54.818, 0, 528.09, 47, 33, 50668, 66, 1980
2026/08/29 19:43:54.819, 1, 505.82, 91, 65, 49948, 52, 1980
2026/08/29 19:43:54.819, 2, 505.52, 95, 81, 49268, 54, 1980
2026/08/29 19:43:54.819, 3, 512.26, 96, 78, 49308, 64, 1980
2026/08/29 19:43:54.819, 4, 486.23, 48, 32, 48986, 64, 1980
2026/08/29 19:43:54.819, 5, 487.99, 59, 41, 48406, 54, 1980
2026/08/29 19:43:54.819, 6, 513.95, 56, 32, 47946, 62, 1980
2026/08/29 19:43:54.819, 7, 495.28, 95, 68, 48024, 52, 1980
2026/08/29 19:43:59.819, 0, 526.31, 100, 79, 50668, 65, 1980
2026/08/29 19:43:59.820, 1, 504.30, 95, 82, 49948, 54, 1980
2026/08/29 19:43:59.821, 2, 503.73, 44, 31, 49268, 54, 1980
2026/08/29 19:43:59.823, 3, 516.59, 60, 43, 49308, 65, 1980
2026/08/29 19:43:59.823, 4, 499.68, 95, 57, 48986, 65, 1980
2026/08/29 19:43:59.826, 5, 503.33, 95, 61, 48406, 54, 1980
2026/08/29 19:43:59.828, 6, 519.93, 95, 69, 47946, 64, 1980
2026/08/29 19:43:59.830, 7, 504.49, 100, 78, 48024, 53, 1980
2026/08/29 19:44:04.832, 0, 511.07, 88, 49, 50668, 63, 1980
2026/08/29 19:44:04.833, 1, 469.63, 44, 26, 49948, 53, 1980
2026/08/29 19:44:04.833, 2, 490.30, 94, 60, 49268, 51, 1980
2026/08/29 19:44:04.833, 3, 510.45, 94, 56, 49308, 64, 1980
2026/08/29 19:44:04.833, 4, 466.47, 92, 49, 48986, 63, 1980
2026/08/29 19:44:04.833, 5, 479.49, 87, 47, 48406, 51, 1980
2026/08/29 19:44:04.833, 6, 486.99, 95, 56, 47946, 62, 1980
2026/08/29 19:44:04.833, 7, 492.42, 100, 64, 48024, 50, 1980
2026/08/29 19:44:09.833, 0, 526.91, 96, 63, 50668, 63, 1980
2026/08/29 19:44:09.833, 1, 474.09, 94, 58, 49948, 53, 1980
2026/08/29 19:44:09.833, 2, 479.18, 50, 31, 49268, 53, 1980
2026/08/29 19:44:09.833, 3, 507.95, 44, 27, 49308, 64, 1980
2026/08/29 19:44:09.833, 4, 496.04, 52, 36, 48986, 64, 1980
2026/08/29 19:44:09.833, 5, 486.17, 98, 58, 48406, 51, 1980
2026/08/29 19:44:09.833, 6, 503.80, 95, 60, 47946, 62, 1980
2026/08/29 19:44:09.833, 7, 493.21, 83, 46, 48024, 49, 1980
2026/08/29 19:44:14.834, 0, 521.60, 95, 56, 50668, 67, 1980
2026/08/29 19:44:14.834, 1, 494.66, 96, 66, 49948, 54, 1980
2026/08/29 19:44:14.834, 2, 507.05, 100, 71, 49268, 55, 1980
2026/08/29 19:44:14.834, 3, 513.90, 100, 68, 49308, 65, 1980
2026/08/29 19:44:14.834, 4, 501.06, 78, 53, 48986, 65, 1980
2026/08/29 19:44:14.834, 5, 487.76, 95, 48, 48406, 55, 1980
2026/08/29 19:44:14.834, 6, 520.65, 99, 70, 47946, 63, 1980
2026/08/29 19:44:14.834, 7, 488.07, 100, 78, 48024, 52, 1980
2026/08/29 19:44:19.834, 0, 529.16, 95, 81, 50668, 66, 1980
2026/08/29 19:44:19.835, 1, 500.62, 94, 60, 49948, 55, 1980
2026/08/29 19:44:19.835, 2, 509.54, 74, 50, 49268, 55, 1980
2026/08/29 19:44:19.835, 3, 530.18, 85, 58, 49308, 66, 1980
2026/08/29 19:44:19.835, 4, 514.90, 95, 69, 48986, 65, 1980
2026/08/29 19:44:19.835, 5, 510.48, 95, 74, 48406, 55, 1980
2026/08/29 19:44:19.835, 6, 521.17, 96, 76, 47946, 64, 1980
2026/08/29 19:44:19.835, 7, 503.90, 100, 67, 48024, 53, 1980
2026/08/29 19:44:24.835, 0, 529.98, 99, 70, 50668, 66, 1980
2026/08/29 19:44:24.835, 1, 502.27, 95, 73, 49948, 54, 1980
2026/08/29 19:44:24.835, 2, 513.51, 100, 86, 49268, 55, 1980
2026/08/29 19:44:24.835, 3, 532.23, 100, 81, 49308, 66, 1980
2026/08/29 19:44:24.835, 4, 518.28, 99, 71, 48986, 66, 1980
2026/08/29 19:44:24.835, 5, 515.23, 100, 70, 48406, 56, 1980
2026/08/29 19:44:24.835, 6, 528.41, 99, 80, 47946, 64, 1980
2026/08/29 19:44:24.835, 7, 504.36, 95, 73, 48024, 52, 1980
2026/08/29 19:44:29.836, 0, 518.86, 95, 70, 50668, 67, 1980
2026/08/29 19:44:29.837, 1, 491.93, 100, 70, 49948, 55, 1980
2026/08/29 19:44:29.838, 2, 496.31, 100, 77, 49268, 55, 1980
2026/08/29 19:44:29.840, 3, 517.61, 100, 72, 49308, 66, 1980
2026/08/29 19:44:29.841, 4, 495.76, 99, 71, 48986, 64, 1980
2026/08/29 19:44:29.843, 5, 499.20, 100, 69, 48406, 56, 1980
2026/08/29 19:44:29.844, 6, 520.77, 94, 60, 47946, 64, 1980
2026/08/29 19:44:29.846, 7, 489.83, 99, 81, 48024, 52, 1980
2026/08/29 19:44:34.848, 0, 528.91, 95, 82, 50668, 67, 1980
2026/08/29 19:44:34.848, 1, 495.86, 100, 75, 49948, 54, 1980
2026/08/29 19:44:34.848, 2, 507.72, 99, 67, 49268, 55, 1980
2026/08/29 19:44:34.848, 3, 512.11, 99, 64, 49308, 65, 1980
2026/08/29 19:44:34.848, 4, 502.79, 95, 78, 48986, 65, 1980
2026/08/29 19:44:34.848, 5, 500.32, 96, 75, 48406, 55, 1980
2026/08/29 19:44:34.848, 6, 517.03, 100, 60, 47946, 63, 1980
2026/08/29 19:44:34.848, 7, 494.10, 100, 64, 48024, 53, 1980
2026/08/29 19:44:39.849, 0, 507.65, 97, 60, 50668, 67, 1980
2026/08/29 19:44:39.849, 1, 481.83, 100, 85, 49948, 55, 1980
2026/08/29 19:44:39.849, 2, 501.44, 95, 77, 49268, 55, 1980
2026/08/29 19:44:39.849, 3, 516.21, 93, 55, 49308, 65, 1980
2026/08/29 19:44:39.849, 4, 505.09, 100, 77, 48986, 65, 1980
2026/08/29 19:44:39.849, 5, 480.51, 100, 63, 48406, 55, 1980
2026/08/29 19:44:39.849, 6, 509.43, 100, 65, 47946, 63, 1980
2026/08/29 19:44:39.849, 7, 481.90, 98, 57, 48024, 51, 1980
2026/08/29 19:44:44.849, 0, 504.12, 54, 34, 50668, 64, 1980
2026/08/29 19:44:44.850, 1, 480.21, 96, 57, 49948, 53, 1980
2026/08/29 19:44:44.850, 2, 492.01, 97, 60, 49268, 53, 1980
2026/08/29 19:44:44.850, 3, 493.66, 95, 57, 49308, 63, 1980
2026/08/29 19:44:44.850, 4, 490.96, 73, 44, 48986, 62, 1980
2026/08/29 19:44:44.850, 5, 487.02, 51, 31, 48406, 53, 1980
2026/08/29 19:44:44.850, 6, 489.98, 96, 54, 47946, 62, 1980
2026/08/29 19:44:44.850, 7, 492.44, 100, 59, 48024, 49, 1980
2026/08/29 19:44:49.850, 0, 532.76, 97, 66, 50668, 65, 1980
2026/08/29 19:44:49.850, 1, 499.82, 95, 80, 49948, 54, 1980
2026/08/29 19:44:49.850, 2, 518.14, 95, 70, 49268, 53, 1980
2026/08/29 19:44:49.850, 3, 531.95, 95, 77, 49308, 65, 1980
2026/08/29 19:44:49.850, 4, 511.37, 95, 79, 48986, 65, 1980
2026/08/29 19:44:49.850, 5, 503.61, 100, 85, 48406, 54, 1980
2026/08/29 19:44:49.850, 6, 507.39, 100, 71, 47946, 62, 1980
2026/08/29 19:44:49.850, 7, 501.23, 87, 55, 48024, 52, 1980
2026/08/29 19:44:54.851, 0, 502.15, 97, 62, 50668, 62, 1980
2026/08/29 19:44:54.851, 1, 468.92, 36, 22, 49948, 52, 1980
2026/08/29 19:44:54.851, 2, 477.76, 50, 26, 49268, 51, 1980
2026/08/29 19:44:54.851, 3, 484.70, 43, 27, 49308, 65, 1980
2026/08/29 19:44:54.851, 4, 476.74, 100, 63, 48986, 62, 1980
2026/08/29 19:44:54.851, 5, 482.47, 98, 59, 48406, 51, 1980
2026/08/29 19:44:54.851, 6, 490.57, 41, 24, 47946, 62, 1980
2026/08/29 19:44:54.851, 7, 479.48, 82, 44, 48024, 49, 1980
2026/08/29 19:44:59.852, 0, 505.05, 59, 37, 50668, 66, 1980
2026/08/29 19:44:59.853, 1, 471.54, 99, 69, 49948, 52, 1980
2026/08/29 19:44:59.855, 2, 486.77, 100, 73, 49268, 55, 1980
2026/08/29 19:44:59.856, 3, 497.97, 52, 32, 49308, 63, 1980
2026/08/29 19:44:59.857, 4, 487.79, 99, 66, 48986, 62, 1980
2026/08/29 19:44:59.859, 5, 482.13, 100, 58, 48406, 53, 1980
2026/08/29 19:44:59.862, 6, 510.23, 98, 54, 47946, 64, 1980
2026/08/29 19:44:59.863, 7, 478.19, 71, 39, 48024, 50, 1980
2026/08/29 19:45:04.865, 0, 523.02, 100, 73, 50668, 66, 1980
2026/08/29 19:45:04.865, 1, 493.91, 98, 84, 49948, 54, 1980
2026/08/29 19:45:04.865, 2, 502.57, 96, 66, 49268, 55, 1980
2026/08/29 19:45:04.866, 3, 516.80, 96, 80, 49308, 65, 1980
2026/08/29 19:45:04.866, 4, 504.29, 100, 79, 48986, 65, 1980
2026/08/29 19:45:04.866, 5, 492.83, 100, 73, 48406, 56, 1980
2026/08/29 19:45:04.866, 6, 518.61, 96, 71, 47946, 63, 1980
2026/08/29 19:45:04.866, 7, 497.74, 92, 58, 48024, 53, 1980
2026/08/29 19:45:09.866, 0, 522.41, 99, 65, 50668, 65, 1980
2026/08/29 19:45:09.866, 1, 489.98, 95, 82, 49948, 54, 1980
2026/08/29 19:45:09.866, 2, 503.62, 95, 77, 49268, 54, 1980
2026/08/29 19:45:09.866, 3, 511.65, 94, 73, 49308, 65, 1980
2026/08/29 19:45:09.866, 4, 492.35, 100, 64, 48986, 64, 1980
2026/08/29 19:45:09.866, 5, 491.25, 100, 74, 48406, 55, 1980
2026/08/29 19:45:09.866, 6, 509.42, 100, 65, 47946, 63, 1980
2026/08/29 19:45:09.866, 7, 495.23, 95, 62, 48024, 52, 1980
2026/08/29 19:45:14.867, 0, 538.97, 94, 80, 50668, 67, 1980
2026/08/29 19:45:14.867, 1, 510.98, 99, 63, 49948, 53, 1980
2026/08/29 19:45:14.867, 2, 509.60, 99, 69, 49268, 56, 1980
2026/08/29 19:45:14.867, 3, 523.56, 99, 64, 49308, 65, 1980
2026/08/29 19:45:14.867, 4, 509.08, 95, 74, 48986, 65, 1980
2026/08/29 19:45:14.867, 5, 510.32, 94, 73, 48406, 55, 1980
2026/08/29 19:45:14.867, 6, 531.15, 100, 62, 47946, 64, 1980
2026/08/29 19:45:14.867, 7, 503.68, 100, 67, 48024, 53, 1980
2026/08/29 19:45:19.867, 0, 501.32, 54, 33, 50668, 65, 1980
2026/08/29 19:45:19.868, 1, 476.89, 46, 30, 49948, 51, 1980
2026/08/29 19:45:19.868, 2, 479.55, 48, 30, 49268, 55, 1980
2026/08/29 19:45:19.868, 3, 491.28, 47, 30, 49308, 63, 1980
2026/08/29 19:45:19.868, 4, 471.39, 96, 57, 48986, 61, 1980
2026/08/29 19:45:19.868, 5, 475.74, 96, 54, 48406, 53, 1980
2026/08/29 19:45:19.868, 6, 481.95, 93, 51, 47946, 63, 1980
2026/08/29 19:45:19.868, 7, 477.68, 65, 36, 48024, 50, 1980
2026/08/29 19:45:24.868, 0, 523.40, 95, 74, 50668, 65, 1980
2026/08/29 19:45:24.868, 1, 505.89, 68, 47, 49948, 54, 1980
2026/08/29 19:45:24.868, 2, 512.50, 47, 32, 49268, 54, 1980
2026/08/29 19:45:24.868, 3, 523.34, 61, 43, 49308, 65, 1980
2026/08/29 19:45:24.868, 4, 517.31, 94, 66, 48986, 64, 1980
2026/08/29 19:45:24.868, 5, 518.51, 95, 73, 48406, 54, 1980
2026/08/29 19:45:24.868, 6, 518.85, 54, 38, 47946, 63, 1980
2026/08/29 19:45:24.868, 7, 502.66, 100, 75, 48024, 51, 1980
2026/08/29 19:45:29.869, 0, 529.55, 97, 59, 50668, 66, 1980
2026/08/29 19:45:29.871, 1, 494.40, 100, 80, 49948, 54, 1980
2026/08/29 19:45:29.873, 2, 505.67, 96, 79, 49268, 55, 1980
2026/08/29 19:45:29.875, 3, 515.95, 100, 83, 49308, 66, 1980
2026/08/29 19:45:29.875, 4, 501.14, 99, 59, 48986, 65, 1980
2026/08/29 19:45:29.877, 5, 505.33, 100, 69, 48406, 56, 1980
2026/08/29 19:45:29.879, 6, 515.11, 100, 68, 47946, 64, 1980
2026/08/29 19:45:29.880, 7, 489.08, 95, 57, 48024, 53, 1980
2026/08/29 19:45:34.882, 0, 528.64, 98, 64, 50668, 66, 1980
2026/08/29 19:45:34.883, 1, 495.64, 100, 75, 49948, 54, 1980
2026/08/29 19:45:34.883, 2, 508.29, 100, 77, 49268, 54, 1980
2026/08/29 19:45:34.883, 3, 512.49, 100, 71, 49308, 65, 1980
2026/08/29 19:45:34.883, 4, 488.83, 91, 61, 48986, 64, 1980
2026/08/29 19:45:34.883, 5, 495.63, 87, 62, 48406, 55, 1980
2026/08/29 19:45:34.883, 6, 509.64, 100, 75, 47946, 63, 1980
2026/08/29 19:45:34.883, 7, 498.09, 97, 71, 48024, 53, 1980
2026/08/29 19:45:39.883, 0, 495.86, 94, 56, 50668, 66, 1980
2026/08/29 19:45:39.883, 1, 472.52, 55, 35, 49948, 53, 1980
2026/08/29 19:45:39.883, 2, 485.81, 62, 43, 49268, 55, 1980
2026/08/29 19:45:39.883, 3, 498.12, 63, 39, 49308, 62, 1980
2026/08/29 19:45:39.883, 4, 488.57, 95, 58, 48986, 64, 1980
2026/08/29 19:45:39.883, 5, 491.14, 100, 70, 48406, 53, 1980
2026/08/29 19:45:39.883, 6, 512.62, 97, 65, 47946, 64, 1980
2026/08/29 19:45:39.883, 7, 512.98, 93, 57, 48024, 52, 1980
2026/08/29 19:45:44.884, 0, 479.81, 32, 18, 50668, 65, 1980
2026/08/29 19:45:44.884, 1, 452.02, 62, 38, 49948, 51, 1980
2026/08/29 19:45:44.884, 2, 466.13, 83, 48, 49268, 53, 1980
2026/08/29 19:45:44.884, 3, 490.43, 70, 42, 49308, 63, 1980
2026/08/29 19:45:44.884, 4, 467.32, 42, 27, 48986, 64, 1980
2026/08/29 19:45:44.884, 5, 464.16, 44, 28, 48406, 54, 1980
2026/08/29 19:45:44.884, 6, 482.03, 79, 47, 47946, 63, 1980
2026/08/29 19:45:44.884, 7, 463.10, 95, 62, 48024, 51, 1980
2026/08/29 19:45:49.884, 0, 528.46, 99, 69, 50668, 67, 1980
2026/08/29 19:45:49.885, 1, 503.85, 95, 77, 49948, 53, 1980
2026/08/29 19:45:49.885, 2, 517.09, 100, 83, 49268, 53, 1980
2026/08/29 19:45:49.885, 3, 523.93, 95, 74, 49308, 66, 1980
2026/08/29 19:45:49.885, 4, 512.87, 100, 69, 48986, 66, 1980
2026/08/29 19:45:49.885, 5, 518.95, 95, 80, 48406, 56, 1980
2026/08/29 19:45:49.885, 6, 526.23, 100, 75, 47946, 63, 1980
2026/08/29 19:45:49.885, 7, 514.82, 75, 52, 48024, 53, 1980
2026/08/29 19:45:54.885, 0, 522.93, 95, 52, 50668, 67, 1980
2026/08/29 19:45:54.885, 1, 493.96, 99, 69, 49948, 54, 1980
2026/08/29 19:45:54.885, 2, 506.64, 100, 75, 49268, 55, 1980
2026/08/29 19:45:54.885, 3, 517.72, 99, 71, 49308, 66, 1980
2026/08/29 19:45:54.885, 4, 500.99, 82, 57, 48986, 65, 1980
2026/08/29 19:45:54.885, 5, 496.36, 95, 52, 48406, 56, 1980
2026/08/29 19:45:54.885, 6, 517.21, 100, 68, 47946, 64, 1980
2026/08/29 19:45:54.886, 7, 492.41, 100, 81, 48024, 53, 1980
2026/08/29 19:45:59.886, 0, 524.09, 100, 69, 50668, 66, 1980
2026/08/29 19:45:59.887, 1, 490.36, 97, 60, 49948, 55, 1980
2026/08/29 19:45:59.889, 2, 502.82, 85, 49, 49268, 56, 1980
2026/08/29 19:45:59.892, 3, 514.32, 97, 58, 49308, 64, 1980
2026/08/29 19:45:59.893, 4, 501.20, 99, 67, 48986, 65, 1980
2026/08/29 19:45:59.896, 5, 499.95, 94, 72, 48406, 55, 1980
2026/08/29 19:45:59.899, 6, 516.78, 77, 42, 47946, 64, 1980
2026/08/29 19:45:59.900, 7, 492.12, 100, 64, 48024, 53, 1980
2026/08/29 19:46:04.907, 0, 515.92, 37, 23, 50668, 65, 1980
2026/08/29 19:46:04.907, 1, 493.12, 79, 46, 49948, 53, 1980
2026/08/29 19:46:04.907, 2, 503.86, 90, 51, 49268, 54, 1980
2026/08/29 19:46:04.907, 3, 524.30, 95, 69, 49308, 64, 1980
2026/08/29 19:46:04.907, 4, 508.23, 52, 31, 48986, 64, 1980
2026/08/29 19:46:04.907, 5, 509.80, 46, 29, 48406, 54, 1980
2026/08/29 19:46:04.907, 6, 513.63, 92, 48, 47946, 63, 1980
2026/08/29 19:46:04.907, 7, 492.54, 97, 64, 48024, 51, 1980
2026/08/29 19:46:09.908, 0, 488.12, 87, 63, 50668, 65, 1980
2026/08/29 19:46:09.908, 1, 453.02, 85, 49, 49948, 53, 1980
2026/08/29 19:46:09.908, 2, 465.72, 91, 53, 49268, 54, 1980
2026/08/29 19:46:09.908, 3, 467.60, 91, 49, 49308, 65, 1980
2026/08/29 19:46:09.908, 4, 459.17, 75, 52, 48986, 62, 1980
2026/08/29 19:46:09.908, 5, 463.37, 43, 28, 48406, 54, 1980
2026/08/29 19:46:09.908, 6, 478.20, 47, 31, 47946, 63, 1980
2026/08/29 19:46:09.908, 7, 464.95, 89, 64, 48024, 51, 1980
2026/08/29 19:46:14.908, 0, 508.39, 99, 58, 50668, 65, 1980
2026/08/29 19:46:14.909, 1, 483.10, 55, 39, 49948, 53, 1980
2026/08/29 19:46:14.909, 2, 506.01, 38, 24, 49268, 54, 1980
2026/08/29 19:46:14.909, 3, 509.13, 47, 33, 49308, 65, 1980
2026/08/29 19:46:14.909, 4, 501.39, 85, 59, 48986, 63, 1980
2026/08/29 19:46:14.909, 5, 487.98, 95, 62, 48406, 54, 1980
2026/08/29 19:46:14.909, 6, 489.90, 45, 30, 47946, 63, 1980
2026/08/29 19:46:14.909, 7, 480.21, 48, 25, 48024, 51, 1980
2026/08/29 19:46:19.909, 0, 521.87, 99, 68, 50668, 64, 1980
2026/08/29 19:46:19.909, 1, 499.96, 94, 55, 49948, 53, 1980
2026/08/29 19:46:19.909, 2, 513.82, 94, 60, 49268, 55, 1980
2026/08/29 19:46:19.909, 3, 526.76, 95, 55, 49308, 64, 1980
2026/08/29 19:46:19.909, 4, 504.28, 100, 67, 48986, 64, 1980
2026/08/29 19:46:19.909, 5, 506.70, 100, 65, 48406, 55, 1980
2026/08/29 19:46:19.909, 6, 510.25, 66, 36, 47946, 62, 1980
2026/08/29 19:46:19.909, 7, 493.24, 100, 64, 48024, 52, 1980
2026/08/29 19:46:24.910, 0, 515.81, 99, 59, 50668, 66, 1980
2026/08/29 19:46:24.910, 1, 493.44, 99, 68, 49948, 51, 1980
2026/08/29 19:46:24.910, 2, 483.07, 99, 68, 49268, 53, 1980
2026/08/29 19:46:24.910, 3, 489.02, 50, 33, 49308, 62, 1980
2026/08/29 19:46:24.910, 4, 476.12, 99, 61, 48986, 64, 1980
2026/08/29 19:46:24.910, 5, 482.74, 100, 58, 48406, 55, 1980
2026/08/29 19:46:24.910, 6, 515.85, 100, 68, 47946, 62, 1980
2026/08/29 19:46:24.910, 7, 496.06, 51, 31, 48024, 52, 1980
2026/08/29 19:46:29.911, 0, 527.46, 99, 64, 50668, 66, 1980
2026/08/29 19:46:29.912, 1, 488.91, 96, 77, 49948, 54, 1980
2026/08/29 19:46:29.912, 2, 500.32, 100, 65, 49268, 55, 1980
2026/08/29 19:46:29.914, 3, 517.83, 95, 74, 49308, 65, 1980
2026/08/29 19:46:29.917, 4, 507.85, 100, 62, 48986, 66, 1980
2026/08/29 19:46:29.919, 5, 499.09, 100, 60, 48406, 54, 1980
2026/08/29 19:46:29.921, 6, 511.34, 100, 65, 47946, 63, 1980
2026/08/29 19:46:29.921, 7, 499.76, 100, 62, 48024, 53, 1980
2026/08/29 19:46:34.923, 0, 497.89, 95, 66, 50668, 67, 1980
2026/08/29 19:46:34.923, 1, 489.14, 94, 61, 49948, 54, 1980
2026/08/29 19:46:34.924, 2, 489.03, 99, 68, 49268, 55, 1980
2026/08/29 19:46:34.924, 3, 509.22, 96, 64, 49308, 66, 1980
2026/08/29 19:46:34.924, 4, 497.95, 94, 57, 48986, 64, 1980
2026/08/29 19:46:34.924, 5, 485.02, 94, 51, 48406, 56, 1980
2026/08/29 19:46:34.924, 6, 487.79, 100, 65, 47946, 64, 1980
2026/08/29 19:46:34.924, 7, 483.02, 100, 69, 48024, 52, 1980
2026/08/29 19:46:39.924, 0, 526.42, 95, 77, 50668, 67, 1980
2026/08/29 19:46:39.924, 1, 495.21, 96, 83, 49948, 54, 1980
2026/08/29 19:46:39.924, 2, 502.47, 100, 69, 49268, 54, 1980
2026/08/29 19:46:39.924, 3, 509.18, 96, 72, 49308, 65, 1980
2026/08/29 19:46:39.924, 4, 492.63, 96, 64, 48986, 65, 1980
2026/08/29 19:46:39.924, 5, 499.92, 95, 68, 48406, 55, 1980
2026/08/29 19:46:39.924, 6, 515.28, 100, 65, 47946, 64, 1980
2026/08/29 19:46:39.924, 7, 496.93, 95, 68, 48024, 53, 1980
2026/08/29 19:46:44.925, 0, 491.81, 96, 63, 50668, 66, 1980
2026/08/29 19:46:44.925, 1, 468.56, 99, 69, 49948, 54, 1980
2026/08/29 19:46:44.925, 2, 463.21, 100, 75, 49268, 53, 1980
2026/08/29 19:46:44.925, 3, 483.72, 37, 23, 49308, 63, 1980
2026/08/29 19:46:44.925, 4, 462.67, 100, 65, 48986, 62, 1980
2026/08/29 19:46:44.925, 5, 467.46, 98, 59, 48406, 55, 1980
2026/08/29 19:46:44.925, 6, 480.61, 100, 67, 47946, 63, 1980
2026/08/29 19:46:44.925, 7, 489.91, 87, 47, 48024, 49, 1980
2026/08/29 19:46:49.925, 0, 504.45, 57, 40, 50668, 64, 1980
2026/08/29 19:46:49.926, 1, 468.58, 92, 54, 49948, 52, 1980
2026/08/29 19:46:49.926, 2, 482.45, 56, 33, 49268, 52, 1980
2026/08/29 19:46:49.926, 3, 491.57, 94, 55, 49308, 63, 1980
2026/08/29 19:46:49.926, 4, 484.67, 47, 32, 48986, 64, 1980
2026/08/29 19:46:49.926, 5, 485.56, 65, 45, 48406, 52, 1980
2026/08/29 19:46:49.926, 6, 500.63, 50, 30, 47946, 62, 1980
2026/08/29 19:46:49.926, 7, 487.89, 52, 36, 48024, 50, 1980
2026/08/29 19:46:54.926, 0, 534.65, 95, 72, 50668, 67, 1980
2026/08/29 19:46:54.926, 1, 498.40, 100, 71, 49948, 54, 1980
2026/08/29 19:46:54.926, 2, 508.97, 100, 68, 49268, 54, 1980
2026/08/29 19:46:54.926, 3, 525.91, 100, 66, 49308, 65, 1980
2026/08/29 19:46:54.926, 4, 510.76, 100, 65, 48986, 65, 1980
2026/08/29 19:46:54.926, 5, 499.57, 100, 61, 48406, 55, 1980
2026/08/29 19:46:54.926, 6, 515.55, 100, 66, 47946, 64, 1980
2026/08/29 19:46:54.926, 7, 506.91, 100, 80, 48024, 54, 1980
2026/08/29 19:46:59.927, 0, 525.00, 100, 74, 50668, 66, 1980
2026/08/29 19:46:59.928, 1, 496.24, 99, 68, 49948, 54, 1980
2026/08/29 19:46:59.929, 2, 508.49, 96, 58, 49268, 53, 1980
2026/08/29 19:46:59.931, 3, 517.39, 99, 69, 49308, 65, 1980
2026/08/29 19:46:59.933, 4, 504.71, 100, 79, 48986, 65, 1980
2026/08/29 19:46:59.933, 5, 509.06, 100, 73, 48406, 55, 1980
2026/08/29 19:46:59.936, 6, 524.74, 95, 56, 47946, 62, 1980
2026/08/29 19:46:59.937, 7, 495.25, 100, 72, 48024, 51, 1980
2026/08/29 19:47:04.943, 0, 521.96, 79, 47, 50668, 63, 1980
2026/08/29 19:47:04.944, 1, 493.31, 95, 74, 49948, 52, 1980
2026/08/29 19:47:04.944, 2, 500.62, 90, 55, 49268, 53, 1980
2026/08/29 19:47:04.944, 3, 512.30, 95, 71, 49308, 64, 1980
2026/08/29 19:47:04.944, 4, 491.89, 93, 55, 48986, 64, 1980
2026/08/29 19:47:04.944, 5, 496.20, 76, 46, 48406, 53, 1980
2026/08/29 19:47:04.944, 6, 513.36, 92, 61, 47946, 62, 1980
2026/08/29 19:47:04.944, 7, 492.59, 60, 41, 48024, 49, 1980
2026/08/29 19:47:09.944, 0, 511.72, 86, 60, 50668, 63, 1980
2026/08/29 19:47:09.944, 1, 488.41, 95, 55, 49948, 53, 1980
2026/08/29 19:47:09.944, 2, 504.15, 47, 30, 49268, 52, 1980
2026/08/29 19:47:09.944, 3, 512.62, 95, 57, 49308, 64, 1980
2026/08/29 19:47:09.944, 4, 478.43, 44, 30, 48986, 63, 1980
2026/08/29 19:47:09.944, 5, 487.68, 90, 61, 48406, 51, 1980
2026/08/29 19:47:09.944, 6, 501.73, 45, 27, 47946, 63, 1980
2026/08/29 19:47:09.944, 7, 476.45, 80, 56, 48024, 49, 1980
2026/08/29 19:47:14.945, 0, 523.66, 91, 53, 50668, 63, 1980
2026/08/29 19:47:14.945, 1, 490.29, 44, 26, 49948, 52, 1980
2026/08/29 19:47:14.945, 2, 481.90, 67, 36, 49268, 51, 1980
2026/08/29 19:47:14.945, 3, 509.78, 51, 29, 49308, 63, 1980
2026/08/29 19:47:14.945, 4, 486.76, 53, 33, 48986, 64, 1980
2026/08/29 19:47:14.945, 5, 489.96, 57, 40, 48406, 52, 1980
2026/08/29 19:47:14.945, 6, 502.11, 60, 34, 47946, 61, 1980
2026/08/29 19:47:14.945, 7, 493.60, 94, 51, 48024, 51, 1980
2026/08/29 19:47:19.945, 0, 528.40, 76, 54, 50668, 66, 1980
2026/08/29 19:47:19.946, 1, 495.77, 95, 65, 49948, 52, 1980
2026/08/29 19:47:19.946, 2, 500.42, 100, 83, 49268, 54, 1980
2026/08/29 19:47:19.946, 3, 518.53, 95, 64, 49308, 64, 1980
2026/08/29 19:47:19.946, 4, 509.10, 64, 46, 48986, 64, 1980
2026/08/29 19:47:19.946, 5, 486.46, 85, 60, 48406, 54, 1980
2026/08/29 19:47:19.946, 6, 509.43, 100, 81, 47946, 62, 1980
2026/08/29 19:47:19.946, 7, 501.83, 68, 48, 48024, 52, 1980
2026/08/29 19:47:24.946, 0, 526.30, 99, 70, 50668, 67, 1980
2026/08/29 19:47:24.946, 1, 491.79, 99, 61, 49948, 54, 1980
2026/08/29 19:47:24.946, 2, 507.80, 99, 65, 49268, 54, 1980
2026/08/29 19:47:24.946, 3, 525.21, 99, 62, 49308, 64, 1980
2026/08/29 19:47:24.946, 4, 498.63, 95, 79, 48986, 65, 1980
2026/08/29 19:47:24.946, 5, 510.24, 99, 85, 48406, 56, 1980
2026/08/29 19:47:24.946, 6, 526.96, 100, 64, 47946, 64, 1980
2026/08/29 19:47:24.947, 7, 500.95, 100, 63, 48024, 53, 1980
2026/08/29 19:47:29.947, 0, 533.25, 99, 76, 50668, 67, 1980
2026/08/29 19:47:29.949, 1, 507.77, 95, 80, 49948, 54, 1980
2026/08/29 19:47:29.951, 2, 512.43, 95, 79, 49268, 55, 1980
2026/08/29 19:47:29.953, 3, 524.31, 50, 33, 49308, 65, 1980
2026/08/29 19:47:29.953, 4, 511.40, 100, 82, 48986, 65, 1980
2026/08/29 19:47:29.955, 5, 499.02, 100, 76, 48406, 56, 1980
2026/08/29 19:47:29.959, 6, 519.37, 95, 77, 47946, 64, 1980
2026/08/29 19:47:29.960, 7, 511.97, 100, 79, 48024, 53, 1980
2026/08/29 19:47:34.962, 0, 506.43, 47, 30, 50668, 67, 1980
2026/08/29 19:47:34.963, 1, 478.22, 99, 61, 49948, 53, 1980
2026/08/29 19:47:34.963, 2, 480.92, 100, 62, 49268, 51, 1980
2026/08/29 19:47:34.963, 3, 486.36, 100, 59, 49308, 63, 1980
2026/08/29 19:47:34.963, 4, 478.07, 98, 54, 48986, 64, 1980
2026/08/29 19:47:34.963, 5, 473.82, 96, 51, 48406, 52, 1980
2026/08/29 19:47:34.963, 6, 490.65, 100, 61, 47946, 61, 1980
2026/08/29 19:47:34.963, 7, 477.08, 55, 35, 48024, 51, 1980
2026/08/29 19:47:39.963, 0, 505.75, 94, 54, 50668, 66, 1980
2026/08/29 19:47:39.963, 1, 475.03, 53, 32, 49948, 52, 1980
2026/08/29 19:47:39.963, 2, 512.18, 65, 47, 49268, 52, 1980
2026/08/29 19:47:39.963, 3, 511.30, 61, 36, 49308, 63, 1980
2026/08/29 19:47:39.963, 4, 501.68, 96, 63, 48986, 64, 1980
2026/08/29 19:47:39.963, 5, 503.13, 93, 53, 48406, 54, 1980
2026/08/29 19:47:39.963, 6, 513.33, 72, 50, 47946, 60, 1980
2026/08/29 19:47:39.963, 7, 482.70, 93, 50, 48024, 52, 1980
2026/08/29 19:47:44.964, 0, 498.81, 63, 45, 50668, 63, 1980
2026/08/29 19:47:44.964, 1, 478.68, 98, 43, 49948, 49, 1980
2026/08/29 19:47:44.964, 2, 491.04, 84, 56, 49268, 50, 1980
2026/08/29 19:47:44.964, 3, 507.19, 98, 52, 49308, 61, 1980
2026/08/29 19:47:44.964, 4, 497.79, 92, 49, 48986, 64, 1980
2026/08/29 19:47:44.964, 5, 461.30, 72, 40, 48406, 48, 1980
2026/08/29 19:47:44.964, 6, 499.49, 96, 55, 47946, 60, 1980
2026/08/29 19:47:44.964, 7, 479.55, 55, 39, 48024, 51, 1980
2026/08/29 19:47:49.965, 0, 512.79, 91, 53, 50668, 64, 1980
2026/08/29 19:47:49.965, 1, 489.76, 94, 57, 49948, 53, 1980
2026/08/29 19:47:49.965, 2, 481.15, 95, 63, 49268, 55, 1980
2026/08/29 19:47:49.965, 3, 492.42, 67, 40, 49308, 65, 1980
2026/08/29 19:47:49.965, 4, 473.37, 96, 48, 48986, 65, 1980
2026/08/29 19:47:49.965, 5, 464.13, 94, 49, 48406, 52, 1980
2026/08/29 19:47:49.965, 6, 478.85, 96, 58, 47946, 64, 1980
2026/08/29 19:47:49.965, 7, 483.42, 93, 50, 48024, 51, 1980
2026/08/29 19:47:54.965, 0, 525.16, 91, 53, 50668, 67, 1980
2026/08/29 19:47:54.965, 1, 495.83, 100, 71, 49948, 54, 1980
2026/08/29 19:47:54.965, 2, 500.90, 100, 77, 49268, 55, 1980
2026/08/29 19:47:54.965, 3, 505.75, 100, 66, 49308, 64, 1980
2026/08/29 19:47:54.965, 4, 491.28, 100, 64, 48986, 64, 1980
2026/08/29 19:47:54.966, 5, 495.03, 100, 65, 48406, 55, 1980
2026/08/29 19:47:54.966, 6, 507.43, 100, 69, 47946, 63, 1980
2026/08/29 19:47:54.966, 7, 496.63, 93, 50, 48024, 52, 1980
2026/08/29 19:47:59.966, 0, 509.00, 92, 52, 50668, 64, 1980
2026/08/29 19:47:59.967, 1, 471.92, 95, 55, 49948, 53, 1980
2026/08/29 19:47:59.968, 2, 479.01, 80, 50, 49268, 51, 1980
2026/08/29 19:47:59.970, 3, 505.23, 50, 31, 49308, 64, 1980
2026/08/29 19:47:59.970, 4, 483.71, 96, 75, 48986, 63, 1980
2026/08/29 19:47:59.972, 5, 484.80, 95, 64, 48406, 51, 1980
2026/08/29 19:47:59.975, 6, 501.14, 87, 47, 47946, 62, 1980
2026/08/29 19:47:59.977, 7, 490.50, 96, 51, 48024, 50, 1980
2026/08/29 19:48:04.979, 0, 527.17, 100, 75, 50668, 67, 1980
2026/08/29 19:48:04.979, 1, 497.50, 98, 65, 49948, 54, 1980
2026/08/29 19:48:04.979, 2, 510.91, 100, 68, 49268, 54, 1980
2026/08/29 19:48:04.979, 3, 523.54, 99, 68, 49308, 65, 1980
2026/08/29 19:48:04.979, 4, 514.09, 96, 70, 48986, 65, 1980
2026/08/29 19:48:04.979, 5, 513.67, 95, 76, 48406, 56, 1980
2026/08/29 19:48:04.979, 6, 530.39, 100, 69, 47946, 64, 1980
2026/08/29 19:48:04.979, 7, 499.72, 100, 73, 48024, 52, 1980
2026/08/29 19:48:09.980, 0, 532.13, 100, 69, 50668, 66, 1980
2026/08/29 19:48:09.980, 1, 505.69, 100, 79, 49948, 54, 1980
2026/08/29 19:48:09.980, 2, 500.83, 97, 82, 49268, 55, 1980
2026/08/29 19:48:09.980, 3, 522.45, 97, 62, 49308, 65, 1980
2026/08/29 19:48:09.980, 4, 507.16, 100, 72, 48986, 65, 1980
2026/08/29 19:48:09.980, 5, 503.98, 100, 69, 48406, 55, 1980
2026/08/29 19:48:09.980, 6, 529.77, 100, 85, 47946, 64, 1980
2026/08/29 19:48:09.980, 7, 512.74, 100, 68, 48024, 53, 1980
2026/08/29 19:48:14.980, 0, 511.14, 91, 54, 50668, 66, 1980
2026/08/29 19:48:14.981, 1, 477.98, 100, 72, 49948, 53, 1980
2026/08/29 19:48:14.981, 2, 492.64, 100, 80, 49268, 54, 1980
2026/08/29 19:48:14.981, 3, 508.21, 100, 76, 49308, 64, 1980
2026/08/29 19:48:14.981, 4, 493.45, 99, 71, 48986, 65, 1980
2026/08/29 19:48:14.981, 5, 496.62, 100, 70, 48406, 55, 1980
2026/08/29 19:48:14.981, 6, 501.83, 100, 79, 47946, 64, 1980
2026/08/29 19:48:14.981, 7, 490.87, 100, 70, 48024, 52, 1980
2026/08/29 19:48:19.981, 0, 531.70, 95, 79, 50668, 67, 1980
2026/08/29 19:48:19.981, 1, 503.44, 99, 69, 49948, 54, 1980
2026/08/29 19:48:19.981, 2, 511.65, 99, 69, 49268, 54, 1980
2026/08/29 19:48:19.981, 3, 528.20, 95, 81, 49308, 65, 1980
2026/08/29 19:48:19.981, 4, 517.68, 96, 62, 48986, 65, 1980
2026/08/29 19:48:19.981, 5, 520.09, 100, 56, 48406, 55, 1980
2026/08/29 19:48:19.981, 6, 513.30, 100, 64, 47946, 63, 1980
2026/08/29 19:48:19.981, 7, 497.76, 100, 59, 48024, 52, 1980
2026/08/29 19:48:24.982, 0, 502.43, 92, 53, 50668, 66, 1980
2026/08/29 19:48:24.982, 1, 463.95, 78, 46, 49948, 54, 1980
2026/08/29 19:48:24.982, 2, 490.57, 90, 52, 49268, 51, 1980
2026/08/29 19:48:24.982, 3, 515.84, 83, 48, 49308, 62, 1980
2026/08/29 19:48:24.982, 4, 502.88, 97, 66, 48986, 64, 1980
2026/08/29 19:48:24.982, 5, 500.69, 97, 80, 48406, 55, 1980
2026/08/29 19:48:24.982, 6, 508.36, 91, 52, 47946, 61, 1980
2026/08/29 19:48:24.982, 7, 500.34, 97, 71, 48024, 52, 1980
2026/08/29 19:48:29.983, 0, 516.05, 47, 29, 50668, 65, 1980
2026/08/29 19:48:29.985, 1, 481.78, 74, 44, 49948, 52, 1980
2026/08/29 19:48:29.994, 2, 512.55, 95, 55, 49268, 53, 1980
2026/08/29 19:48:29.999, 3, 525.16, 59, 40, 49308, 63, 1980
2026/08/29 19:48:30.001, 4, 498.01, 48, 25, 48986, 64, 1980
2026/08/29 19:48:30.005, 5, 497.36, 49, 30, 48406, 54, 1980
2026/08/29 19:48:30.013, 6, 521.77, 95, 75, 47946, 62, 1980
2026/08/29 19:48:30.020, 7, 493.06, 47, 30, 48024, 51, 1980
2026/08/29 19:48:35.023, 0, 519.38, 100, 73, 50668, 67, 1980
2026/08/29 19:48:35.023, 1, 497.90, 95, 70, 49948, 54, 1980
2026/08/29 19:48:35.023, 2, 498.93, 86, 61, 49268, 54, 1980
2026/08/29 19:48:35.023, 3, 518.36, 100, 65, 49308, 65, 1980
2026/08/29 19:48:35.023, 4, 498.88, 100, 72, 48986, 64, 1980
2026/08/29 19:48:35.023, 5, 492.71, 95, 73, 48406, 54, 1980
2026/08/29 19:48:35.023, 6, 513.12, 89, 61, 47946, 63, 1980
2026/08/29 19:48:35.023, 7, 493.07, 100, 69, 48024, 52, 1980
2026/08/29 19:48:40.023, 0, 499.45, 84, 49, 50668, 66, 1980
2026/08/29 19:48:40.023, 1, 477.83, 94, 55, 49948, 54, 1980
2026/08/29 19:48:40.024, 2, 491.94, 94, 58, 49268, 54, 1980
2026/08/29 19:48:40.024, 3, 518.09, 95, 80, 49308, 65, 1980
2026/08/29 19:48:40.024, 4, 496.57, 90, 53, 48986, 63, 1980
2026/08/29 19:48:40.024, 5, 501.77, 81, 48, 48406, 51, 1980
2026/08/29 19:48:40.024, 6, 517.04, 94, 55, 47946, 63, 1980
2026/08/29 19:48:40.024, 7, 493.23, 90, 52, 48024, 49, 1980
2026/08/29 19:48:45.024, 0, 503.90, 61, 37, 50668, 64, 1980
2026/08/29 19:48:45.024, 1, 478.93, 45, 30, 49948, 53, 1980
2026/08/29 19:48:45.024, 2, 488.17, 40, 25, 49268, 53, 1980
2026/08/29 19:48:45.024, 3, 505.77, 40, 25, 49308, 64, 1980
2026/08/29 19:48:45.024, 4, 508.32, 78, 46, 48986, 62, 1980
2026/08/29 19:48:45.024, 5, 498.77, 85, 60, 48406, 53, 1980
2026/08/29 19:48:45.024, 6, 519.23, 44, 28, 47946, 63, 1980
2026/08/29 19:48:45.024, 7, 485.60, 71, 39, 48024, 50, 1980
2026/08/29 19:48:50.025, 0, 512.22, 40, 24, 50668, 65, 1980
2026/08/29 19:48:50.025, 1, 489.47, 95, 76, 49948, 53, 1980
2026/08/29 19:48:50.025, 2, 495.69, 95, 65, 49268, 53, 1980
2026/08/29 19:48:50.025, 3, 517.19, 44, 31, 49308, 65, 1980
2026/08/29 19:48:50.025, 4, 499.28, 58, 35, 48986, 64, 1980
2026/08/29 19:48:50.025, 5, 493.85, 41, 27, 48406, 53, 1980
2026/08/29 19:48:50.025, 6, 501.70, 95, 60, 47946, 63, 1980
2026/08/29 19:48:50.025, 7, 490.74, 50, 30, 48024, 50, 1980
2026/08/29 19:48:55.025, 0, 522.44, 95, 82, 50668, 67, 1980
2026/08/29 19:48:55.026, 1, 497.93, 49, 30, 49948, 52, 1980
2026/08/29 19:48:55.028, 2, 505.62, 67, 40, 49268, 52, 1980
2026/08/29 19:48:55.031, 3, 527.52, 100, 78, 49308, 64, 1980
2026/08/29 19:48:55.033, 4, 508.00, 96, 75, 48986, 64, 1980
2026/08/29 19:48:55.034, 5, 502.82, 58, 39, 48406, 52, 1980
2026/08/29 19:48:55.035, 6, 526.91, 100, 82, 47946, 62, 1980
2026/08/29 19:48:55.037, 7, 512.94, 95, 75, 48024, 50, 1980
2026/08/29 19:49:00.039, 0, 531.19, 100, 83, 50668, 67, 1980
2026/08/29 19:49:00.041, 1, 507.80, 95, 80, 49948, 54, 1980
2026/08/29 19:49:00.044, 2, 511.75, 95, 69, 49268, 55, 1980
2026/08/29 19:49:00.046, 3, 527.61, 60, 43, 49308, 65, 1980
2026/08/29 19:49:00.047, 4, 511.64, 97, 78, 48986, 65, 1980
2026/08/29 19:49:00.048, 5, 513.56, 100, 83, 48406, 56, 1980
2026/08/29 19:49:00.051, 6, 528.23, 95, 71, 47946, 63, 1980
2026/08/29 19:49:00.053, 7, 501.98, 100, 82, 48024, 52, 1980
2026/08/29 19:49:05.055, 0, 513.64, 99, 63, 50668, 64, 1980
2026/08/29 19:49:05.055, 1, 480.83, 95, 58, 49948, 52, 1980
2026/08/29 19:49:05.055, 2, 502.32, 43, 28, 49268, 54, 1980
2026/08/29 19:49:05.055, 3, 508.52, 95, 59, 49308, 64, 1980
2026/08/29 19:49:05.055, 4, 488.15, 67, 47, 48986, 62, 1980
2026/08/29 19:49:05.055, 5, 471.55, 57, 32, 48406, 53, 1980
2026/08/29 19:49:05.055, 6, 487.81, 98, 53, 47946, 63, 1980
2026/08/29 19:49:05.055, 7, 481.68, 73, 50, 48024, 53, 1980
2026/08/29 19:49:10.056, 0, 513.13, 99, 59, 50668, 65, 1980
2026/08/29 19:49:10.056, 1, 471.67, 52, 37, 49948, 53, 1980
2026/08/29 19:49:10.056, 2, 484.32, 47, 30, 49268, 53, 1980
2026/08/29 19:49:10.056, 3, 512.81, 95, 54, 49308, 62, 1980
2026/08/29 19:49:10.056, 4, 477.37, 100, 59, 48986, 63, 1980
2026/08/29 19:49:10.056, 5, 485.71, 100, 52, 48406, 53, 1980
2026/08/29 19:49:10.056, 6, 493.53, 45, 29, 47946, 62, 1980
2026/08/29 19:49:10.056, 7, 482.89, 100, 58, 48024, 50, 1980
2026/08/29 19:49:15.056, 0, 526.23, 99, 69, 50668, 66, 1980
2026/08/29 19:49:15.056, 1, 488.18, 95, 75, 49948, 54, 1980
2026/08/29 19:49:15.056, 2, 502.88, 100, 83, 49268, 55, 1980
2026/08/29 19:49:15.056, 3, 515.72, 94, 59, 49308, 65, 1980
2026/08/29 19:49:15.056, 4, 506.12, 100, 69, 48986, 65, 1980
2026/08/29 19:49:15.056, 5, 516.35, 95, 80, 48406, 55, 1980
2026/08/29 19:49:15.057, 6, 521.31, 94, 60, 47946, 64, 1980
2026/08/29 19:49:15.057, 7, 494.11, 100, 64, 48024, 52, 1980
2026/08/29 19:49:20.057, 0, 507.60, 41, 27, 50668, 66, 1980
2026/08/29 19:49:20.057, 1, 481.26, 53, 32, 49948, 52, 1980
2026/08/29 19:49:20.057, 2, 489.61, 79, 46, 49268, 53, 1980
2026/08/29 19:49:20.057, 3, 508.09, 99, 63, 49308, 62, 1980
2026/08/29 19:49:20.057, 4, 492.65, 44, 27, 48986, 64, 1980
2026/08/29 19:49:20.057, 5, 505.17, 49, 33, 48406, 54, 1980
2026/08/29 19:49:20.057, 6, 523.33, 99, 65, 47946, 60, 1980
2026/08/29 19:49:20.057, 7, 481.02, 48, 30, 48024, 52, 1980
2026/08/29 19:49:25.058, 0, 524.82, 100, 82, 50668, 67, 1980
2026/08/29 19:49:25.059, 1, 487.93, 100, 69, 49948, 54, 1980
2026/08/29 19:49:25.061, 2, 503.07, 100, 75, 49268, 55, 1980
2026/08/29 19:49:25.063, 3, 512.77, 100, 71, 49308, 65, 1980
2026/08/29 19:49:25.064, 4, 499.60, 96, 55, 48986, 66, 1980
2026/08/29 19:49:25.065, 5, 488.62, 100, 61, 48406, 56, 1980
2026/08/29 19:49:25.067, 6, 510.06, 100, 67, 47946, 63, 1980
2026/08/29 19:49:25.069, 7, 491.33, 91, 47, 48024, 53, 1980
2026/08/29 19:49:30.072, 0, 528.03, 95, 80, 50688, 67, 1980
2026/08/29 19:49:30.073, 1, 481.97, 97, 62, 49948, 54, 1980
2026/08/29 19:49:30.075, 2, 493.87, 99, 69, 49268, 55, 1980
2026/08/29 19:49:30.076, 3, 511.65, 100, 83, 49308, 66, 1980
2026/08/29 19:49:30.077, 4, 492.76, 95, 76, 48986, 65, 1980
2026/08/29 19:49:30.079, 5, 495.86, 95, 57, 48406, 56, 1980
2026/08/29 19:49:30.080, 6, 518.15, 99, 85, 47946, 64, 1980
2026/08/29 19:49:30.081, 7, 496.42, 95, 81, 48024, 53, 1980
2026/08/29 19:49:35.083, 0, 533.43, 94, 81, 50688, 66, 1980
2026/08/29 19:49:35.083, 1, 508.96, 100, 83, 49948, 52, 1980
2026/08/29 19:49:35.083, 2, 503.12, 95, 78, 49268, 52, 1980
2026/08/29 19:49:35.083, 3, 513.72, 99, 85, 49308, 66, 1980
2026/08/29 19:49:35.083, 4, 498.71, 95, 71, 48986, 65, 1980
2026/08/29 19:49:35.083, 5, 502.17, 55, 39, 48406, 55, 1980
2026/08/29 19:49:35.083, 6, 508.74, 96, 73, 47946, 64, 1980
2026/08/29 19:49:35.083, 7, 497.18, 95, 70, 48024, 53, 1980
2026/08/29 19:49:40.083, 0, 534.20, 99, 70, 50688, 66, 1980
2026/08/29 19:49:40.084, 1, 510.00, 100, 78, 49948, 53, 1980
2026/08/29 19:49:40.085, 2, 508.52, 100, 82, 49268, 55, 1980
2026/08/29 19:49:40.086, 3, 524.07, 96, 57, 49308, 65, 1980
2026/08/29 19:49:40.087, 4, 507.50, 100, 65, 48986, 65, 1980
2026/08/29 19:49:40.088, 5, 515.13, 100, 65, 48406, 53, 1980
2026/08/29 19:49:40.089, 6, 520.59, 96, 59, 47946, 64, 1980
2026/08/29 19:49:40.089, 7, 504.74, 100, 65, 48024, 53, 1980
2026/08/29 19:49:45.091, 0, 528.73, 95, 71, 50688, 65, 1980
2026/08/29 19:49:45.091, 1, 493.74, 80, 46, 49948, 50, 1980
2026/08/29 19:49:45.091, 2, 494.82, 95, 56, 49268, 53, 1980
2026/08/29 19:49:45.091, 3, 509.03, 90, 50, 49308, 63, 1980
2026/08/29 19:49:45.091, 4, 481.19, 84, 50, 48986, 63, 1980
2026/08/29 19:49:45.091, 5, 482.99, 51, 32, 48406, 54, 1980
2026/08/29 19:49:45.091, 6, 501.77, 96, 51, 47946, 63, 1980
2026/08/29 19:49:45.091, 7, 489.80, 95, 56, 48024, 51, 1980
2026/08/29 19:49:50.091, 0, 518.96, 95, 82, 50688, 66, 1980
2026/08/29 19:49:50.092, 1, 493.67, 94, 58, 49948, 53, 1980
2026/08/29 19:49:50.092, 2, 502.97, 95, 63, 49268, 55, 1980
2026/08/29 19:49:50.092, 3, 515.85, 100, 80, 49308, 65, 1980
2026/08/29 19:49:50.092, 4, 499.54, 92, 54, 48986, 65, 1980
2026/08/29 19:49:50.092, 5, 490.37, 93, 50, 48406, 52, 1980
2026/08/29 19:49:50.092, 6, 510.23, 99, 79, 47946, 64, 1980
2026/08/29 19:49:50.092, 7, 496.77, 95, 73, 48024, 53, 1980
2026/08/29 19:49:55.092, 0, 507.57, 53, 32, 50688, 64, 1980
2026/08/29 19:49:55.094, 1, 476.11, 49, 34, 49948, 53, 1980
2026/08/29 19:49:55.096, 2, 495.54, 95, 65, 49268, 53, 1980
2026/08/29 19:49:55.096, 3, 494.61, 50, 32, 49308, 65, 1980
2026/08/29 19:49:55.098, 4, 471.77, 71, 38, 48986, 62, 1980
2026/08/29 19:49:55.101, 5, 484.40, 100, 59, 48406, 53, 1980
2026/08/29 19:49:55.103, 6, 499.36, 49, 30, 47946, 63, 1980
2026/08/29 19:49:55.105, 7, 489.13, 64, 34, 48024, 51, 1980
2026/08/29 19:50:00.106, 0, 490.70, 68, 41, 50688, 64, 1980
2026/08/29 19:50:00.111, 1, 468.82, 48, 28, 49948, 52, 1980
2026/08/29 19:50:00.114, 2, 499.62, 50, 31, 49268, 52, 1980
2026/08/29 19:50:00.118, 3, 496.35, 95, 53, 49308, 64, 1980
2026/08/29 19:50:00.119, 4, 479.82, 53, 35, 48986, 65, 1980
2026/08/29 19:50:00.126, 5, 481.36, 48, 31, 48406, 55, 1980
2026/08/29 19:50:00.128, 6, 498.89, 95, 49, 47946, 62, 1980
2026/08/29 19:50:00.139, 7, 494.02, 61, 39, 48024, 52, 1980
2026/08/29 19:50:05.141, 0, 528.10, 99, 68, 50688, 67, 1980
2026/08/29 19:50:05.141, 1, 496.06, 100, 70, 49948, 54, 1980
2026/08/29 19:50:05.141, 2, 512.59, 100, 82, 49268, 55, 1980
2026/08/29 19:50:05.141, 3, 519.95, 94, 57, 49308, 66, 1980
2026/08/29 19:50:05.141, 4, 506.58, 99, 68, 48986, 65, 1980
2026/08/29 19:50:05.141, 5, 506.23, 96, 75, 48406, 55, 1980
2026/08/29 19:50:05.141, 6, 518.85, 94, 59, 47946, 63, 1980
2026/08/29 19:50:05.141, 7, 502.55, 100, 68, 48024, 53, 1980
2026/08/29 19:50:10.142, 0, 529.19, 99, 72, 50688, 66, 1980
2026/08/29 19:50:10.142, 1, 499.85, 97, 83, 49948, 54, 1980
2026/08/29 19:50:10.142, 2, 501.81, 95, 77, 49268, 54, 1980
2026/08/29 19:50:10.142, 3, 517.53, 64, 43, 49308, 65, 1980
2026/08/29 19:50:10.143, 4, 488.17, 100, 75, 48986, 65, 1980
2026/08/29 19:50:10.143, 5, 496.17, 100, 68, 48406, 54, 1980
2026/08/29 19:50:10.143, 6, 517.17, 59, 39, 47946, 64, 1980
2026/08/29 19:50:10.143, 7, 501.61, 100, 72, 48024, 53, 1980
2026/08/29 19:50:15.143, 0, 497.72, 94, 58, 50688, 62, 1980
2026/08/29 19:50:15.143, 1, 468.11, 44, 28, 49948, 52, 1980
2026/08/29 19:50:15.143, 2, 492.58, 44, 26, 49268, 53, 1980
2026/08/29 19:50:15.143, 3, 494.21, 92, 54, 49308, 65, 1980
2026/08/29 19:50:15.143, 4, 478.27, 49, 34, 48986, 66, 1980
2026/08/29 19:50:15.143, 5, 483.94, 65, 38, 48406, 52, 1980
2026/08/29 19:50:15.143, 6, 492.53, 95, 50, 47946, 63, 1980
2026/08/29 19:50:15.143, 7, 483.38, 65, 45, 48024, 53, 1980
2026/08/29 19:50:20.144, 0, 528.27, 51, 34, 50688, 64, 1980
2026/08/29 19:50:20.144, 1, 506.02, 47, 27, 49948, 52, 1980
2026/08/29 19:50:20.144, 2, 511.71, 100, 84, 49268, 53, 1980
2026/08/29 19:50:20.144, 3, 511.33, 88, 63, 49308, 64, 1980
2026/08/29 19:50:20.144, 4, 503.92, 53, 33, 48986, 65, 1980
2026/08/29 19:50:20.144, 5, 512.54, 55, 36, 48406, 55, 1980
2026/08/29 19:50:20.144, 6, 529.63, 78, 53, 47946, 63, 1980
2026/08/29 19:50:20.144, 7, 501.77, 53, 34, 48024, 53, 1980
2026/08/29 19:50:25.144, 0, 517.26, 95, 66, 50688, 66, 1980
2026/08/29 19:50:25.146, 1, 485.98, 96, 63, 49948, 52, 1980
2026/08/29 19:50:25.148, 2, 492.29, 99, 51, 49268, 54, 1980
2026/08/29 19:50:25.148, 3, 505.35, 100, 83, 49308, 65, 1980
2026/08/29 19:50:25.150, 4, 496.55, 96, 65, 48986, 64, 1980
2026/08/29 19:50:25.153, 5, 482.08, 70, 50, 48406, 55, 1980
2026/08/29 19:50:25.154, 6, 506.12, 100, 85, 47946, 64, 1980
2026/08/29 19:50:25.156, 7, 492.39, 96, 70, 48024, 50, 1980
2026/08/29 19:50:30.157, 0, 532.06, 61, 37, 50688, 65, 1980
2026/08/29 19:50:30.164, 1, 496.50, 99, 69, 49948, 54, 1980
2026/08/29 19:50:30.175, 2, 512.12, 100, 72, 49268, 54, 1980
2026/08/29 19:50:30.180, 3, 504.63, 46, 28, 49308, 65, 1980
2026/08/29 19:50:30.193, 4, 492.36, 99, 65, 48986, 65, 1980
2026/08/29 19:50:30.196, 5, 497.54, 100, 62, 48406, 53, 1980
2026/08/29 19:50:30.200, 6, 518.41, 97, 58, 47946, 64, 1980
2026/08/29 19:50:30.202, 7, 483.33, 100, 60, 48024, 52, 1980
2026/08/29 19:50:35.206, 0, 509.86, 75, 44, 50688, 67, 1980
2026/08/29 19:50:35.206, 1, 491.02, 95, 52, 49948, 52, 1980
2026/08/29 19:50:35.206, 2, 487.95, 100, 58, 49268, 53, 1980
2026/08/29 19:50:35.206, 3, 516.87, 100, 65, 49308, 65, 1980
2026/08/29 19:50:35.206, 4, 505.76, 93, 49, 48986, 62, 1980
2026/08/29 19:50:35.206, 5, 490.10, 100, 60, 48406, 55, 1980
2026/08/29 19:50:35.206, 6, 495.58, 100, 64, 47946, 63, 1980
2026/08/29 19:50:35.206, 7, 493.66, 85, 46, 48024, 53, 1980
2026/08/29 19:50:40.207, 0, 514.30, 100, 73, 50688, 67, 1980
2026/08/29 19:50:40.207, 1, 483.78, 95, 52, 49948, 53, 1980
2026/08/29 19:50:40.207, 2, 493.85, 100, 65, 49268, 54, 1980
2026/08/29 19:50:40.207, 3, 512.70, 100, 65, 49308, 65, 1980
2026/08/29 19:50:40.207, 4, 495.87, 99, 60, 48986, 64, 1980
2026/08/29 19:50:40.207, 5, 489.98, 99, 57, 48406, 55, 1980
2026/08/29 19:50:40.207, 6, 505.98, 96, 75, 47946, 64, 1980
2026/08/29 19:50:40.207, 7, 493.07, 100, 61, 48024, 53, 1980
2026/08/29 19:50:45.207, 0, 526.54, 96, 81, 50688, 67, 1980
2026/08/29 19:50:45.208, 1, 506.88, 95, 76, 49948, 54, 1980
2026/08/29 19:50:45.208, 2, 511.21, 98, 66, 49268, 55, 1980
2026/08/29 19:50:45.208, 3, 527.70, 100, 78, 49308, 66, 1980
2026/08/29 19:50:45.208, 4, 515.10, 96, 79, 48986, 65, 1980
2026/08/29 19:50:45.208, 5, 516.52, 100, 70, 48406, 55, 1980
2026/08/29 19:50:45.208, 6, 522.67, 100, 81, 47946, 64, 1980
2026/08/29 19:50:45.208, 7, 511.97, 95, 77, 48024, 53, 1980
2026/08/29 19:50:50.208, 0, 528.58, 79, 46, 50688, 67, 1980
2026/08/29 19:50:50.208, 1, 481.80, 97, 59, 49948, 55, 1980
2026/08/29 19:50:50.215, 2, 516.59, 100, 74, 49268, 54, 1980
2026/08/29 19:50:50.216, 3, 494.90, 39, 25, 49308, 65, 1980
2026/08/29 19:50:50.220, 4, 484.29, 100, 64, 48986, 62, 1980
2026/08/29 19:50:50.223, 5, 493.49, 100, 61, 48406, 55, 1980
2026/08/29 19:50:50.223, 6, 510.35, 100, 58, 47946, 63, 1980
2026/08/29 19:50:50.224, 7, 476.65, 100, 63, 48024, 49, 1980
2026/08/29 19:50:55.225, 0, 510.86, 40, 24, 50688, 65, 1980
2026/08/29 19:50:55.227, 1, 478.75, 66, 38, 49948, 50, 1980
2026/08/29 19:50:55.229, 2, 485.70, 92, 49, 49268, 54, 1980
2026/08/29 19:50:55.231, 3, 515.51, 100, 62, 49308, 62, 1980
2026/08/29 19:50:55.233, 4, 501.99, 37, 24, 48986, 63, 1980
2026/08/29 19:50:55.237, 5, 499.28, 96, 53, 48406, 54, 1980
2026/08/29 19:50:55.240, 6, 515.26, 56, 39, 47946, 63, 1980
2026/08/29 19:50:55.242, 7, 492.83, 44, 28, 48024, 52, 1980
2026/08/29 19:51:00.244, 0, 531.54, 65, 39, 50688, 64, 1980
2026/08/29 19:51:00.245, 1, 501.15, 95, 81, 49948, 53, 1980
2026/08/29 19:51:00.246, 2, 510.45, 49, 31, 49268, 54, 1980
2026/08/29 19:51:00.247, 3, 525.04, 46, 27, 49308, 65, 1980
2026/08/29 19:51:00.249, 4, 510.12, 60, 41, 48986, 64, 1980
2026/08/29 19:51:00.252, 5, 505.59, 80, 52, 48406, 53, 1980
2026/08/29 19:51:00.254, 6, 525.78, 99, 52, 47946, 63, 1980
2026/08/29 19:51:00.255, 7, 496.08, 71, 46, 48024, 51, 1980
2026/08/29 19:51:05.256, 0, 518.01, 64, 39, 50688, 65, 1980
2026/08/29 19:51:05.256, 1, 492.50, 96, 58, 49948, 53, 1980
2026/08/29 19:51:05.256, 2, 498.73, 96, 69, 49268, 53, 1980
2026/08/29 19:51:05.256, 3, 511.33, 47, 28, 49308, 64, 1980
2026/08/29 19:51:05.256, 4, 491.62, 95, 80, 48986, 64, 1980
2026/08/29 19:51:05.257, 5, 501.59, 82, 57, 48406, 54, 1980
2026/08/29 19:51:05.257, 6, 503.05, 44, 28, 47946, 63, 1980
2026/08/29 19:51:05.257, 7, 486.96, 95, 71, 48024, 50, 1980
2026/08/29 19:51:10.257, 0, 533.15, 95, 78, 50688, 64, 1980
2026/08/29 19:51:10.257, 1, 502.82, 96, 73, 49948, 55, 1980
2026/08/29 19:51:10.257, 2, 513.49, 97, 81, 49268, 53, 1980
2026/08/29 19:51:10.257, 3, 523.60, 100, 80, 49308, 64, 1980
2026/08/29 19:51:10.257, 4, 498.83, 50, 32, 48986, 64, 1980
2026/08/29 19:51:10.257, 5, 508.19, 100, 65, 48406, 52, 1980
2026/08/29 19:51:10.257, 6, 520.44, 87, 52, 47946, 62, 1980
2026/08/29 19:51:10.257, 7, 499.21, 52, 35, 48024, 52, 1980
2026/08/29 19:51:15.258, 0, 529.97, 99, 64, 50688, 66, 1980
2026/08/29 19:51:15.258, 1, 507.85, 99, 67, 49948, 55, 1980
2026/08/29 19:51:15.258, 2, 519.01, 100, 71, 49268, 55, 1980
2026/08/29 19:51:15.258, 3, 515.18, 97, 53, 49308, 65, 1980
2026/08/29 19:51:15.258, 4, 489.67, 100, 62, 48986, 65, 1980
2026/08/29 19:51:15.258, 5, 508.86, 100, 73, 48406, 54, 1980
2026/08/29 19:51:15.258, 6, 528.68, 98, 52, 47946, 64, 1980
2026/08/29 19:51:15.258, 7, 506.02, 100, 61, 48024, 53, 1980
2026/08/29 19:51:20.258, 0, 521.19, 52, 33, 50688, 67, 1980
2026/08/29 19:51:20.258, 1, 502.48, 96, 56, 49948, 51, 1980
2026/08/29 19:51:20.258, 2, 500.80, 100, 70, 49268, 55, 1980
2026/08/29 19:51:20.259, 3, 525.63, 100, 69, 49308, 66, 1980
2026/08/29 19:51:20.259, 4, 502.13, 99, 65, 48986, 66, 1980
2026/08/29 19:51:20.259, 5, 500.16, 100, 61, 48406, 56, 1980
2026/08/29 19:51:20.259, 6, 504.49, 95, 78, 47946, 65, 1980
2026/08/29 19:51:20.259, 7, 497.44, 100, 59, 48024, 52, 1980
2026/08/29 19:51:25.259, 0, 514.34, 93, 55, 50688, 65, 1980
2026/08/29 19:51:25.262, 1, 476.67, 78, 46, 49948, 51, 1980
2026/08/29 19:51:25.263, 2, 495.22, 48, 32, 49268, 54, 1980
2026/08/29 19:51:25.265, 3, 525.79, 85, 50, 49308, 65, 1980
2026/08/29 19:51:25.266, 4, 497.50, 78, 55, 48986, 62, 1980
2026/08/29 19:51:25.272, 5, 490.96, 47, 30, 48406, 54, 1980
2026/08/29 19:51:25.274, 6, 509.45, 93, 49, 47946, 63, 1980
2026/08/29 19:51:25.275, 7, 492.38, 98, 58, 48024, 51, 1980
2026/08/29 19:51:30.276, 0, 516.41, 82, 58, 50688, 67, 1980
2026/08/29 19:51:30.279, 1, 482.32, 46, 31, 49948, 53, 1980
2026/08/29 19:51:30.280, 2, 489.18, 95, 60, 49268, 53, 1980
2026/08/29 19:51:30.281, 3, 513.52, 95, 64, 49308, 65, 1980
2026/08/29 19:51:30.285, 4, 482.80, 71, 41, 48986, 63, 1980
2026/08/29 19:51:30.286, 5, 489.02, 96, 75, 48406, 53, 1980
2026/08/29 19:51:30.288, 6, 515.62, 47, 28, 47946, 63, 1980
2026/08/29 19:51:30.290, 7, 492.48, 64, 36, 48024, 50, 1980
2026/08/29 19:51:35.292, 0, 527.57, 42, 29, 50688, 66, 1980
2026/08/29 19:51:35.292, 1, 498.93, 91, 65, 49948, 52, 1980
2026/08/29 19:51:35.292, 2, 507.92, 70, 42, 49268, 52, 1980
2026/08/29 19:51:35.292, 3, 524.34, 83, 59, 49308, 64, 1980
2026/08/29 19:51:35.292, 4, 512.61, 45, 28, 48986, 64, 1980
2026/08/29 19:51:35.292, 5, 514.23, 94, 55, 48406, 55, 1980
2026/08/29 19:51:35.292, 6, 500.61, 80, 56, 47946, 61, 1980
2026/08/29 19:51:35.292, 7, 493.29, 47, 31, 48024, 52, 1980
2026/08/29 19:51:40.293, 0, 525.96, 95, 76, 50688, 66, 1980
2026/08/29 19:51:40.294, 1, 493.55, 79, 55, 49948, 53, 1980
2026/08/29 19:51:40.295, 2, 508.44, 90, 51, 49268, 52, 1980
2026/08/29 19:51:40.295, 3, 507.72, 94, 82, 49308, 62, 1980
2026/08/29 19:51:40.298, 4, 501.25, 46, 30, 48986, 64, 1980
2026/08/29 19:51:40.300, 5, 494.20, 49, 31, 48406, 55, 1980
2026/08/29 19:51:40.300, 6, 517.04, 58, 40, 47946, 62, 1980
2026/08/29 19:51:40.300, 7, 503.28, 50, 32, 48024, 52, 1980
2026/08/29 19:51:45.300, 0, 528.00, 93, 52, 50688, 66, 1980
2026/08/29 19:51:45.300, 1, 493.29, 43, 24, 49948, 52, 1980
2026/08/29 19:51:45.300, 2, 495.28, 76, 53, 49268, 52, 1980
2026/08/29 19:51:45.300, 3, 505.47, 53, 28, 49308, 64, 1980
2026/08/29 19:51:45.300, 4, 492.96, 96, 72, 48986, 64, 1980
2026/08/29 19:51:45.300, 5, 504.54, 51, 36, 48406, 54, 1980
2026/08/29 19:51:45.301, 6, 520.14, 63, 34, 47946, 63, 1980
2026/08/29 19:51:45.301, 7, 484.73, 95, 76, 48024, 52, 1980
2026/08/29 19:51:50.301, 0, 530.05, 100, 72, 50688, 67, 1980
2026/08/29 19:51:50.307, 1, 513.03, 100, 85, 49948, 55, 1980
2026/08/29 19:51:50.307, 2, 506.11, 100, 68, 49268, 54, 1980
2026/08/29 19:51:50.307, 3, 516.85, 99, 69, 49308, 66, 1980
2026/08/29 19:51:50.307, 4, 501.47, 96, 72, 48986, 66, 1980
2026/08/29 19:51:50.307, 5, 509.46, 97, 56, 48406, 56, 1980
2026/08/29 19:51:50.307, 6, 525.06, 95, 82, 47946, 64, 1980
2026/08/29 19:51:50.307, 7, 502.14, 97, 56, 48024, 53, 1980
2026/08/29 19:51:55.308, 0, 510.72, 91, 56, 50688, 65, 1980
2026/08/29 19:51:55.308, 1, 476.26, 58, 37, 49948, 53, 1980
2026/08/29 19:51:55.312, 2, 488.81, 58, 38, 49268, 51, 1980
2026/08/29 19:51:55.313, 3, 487.46, 71, 43, 49308, 62, 1980
2026/08/29 19:51:55.315, 4, 478.17, 92, 55, 48986, 64, 1980
2026/08/29 19:51:55.315, 5, 486.34, 53, 34, 48406, 54, 1980
2026/08/29 19:51:55.317, 6, 484.16, 80, 44, 47946, 61, 1980
2026/08/29 19:51:55.321, 7, 466.75, 95, 51, 48024, 52, 1980
2026/08/29 19:52:00.323, 0, 510.59, 93, 65, 50688, 65, 1980
2026/08/29 19:52:00.324, 1, 494.49, 55, 38, 49948, 53, 1980
2026/08/29 19:52:00.327, 2, 475.74, 93, 50, 49268, 54, 1980
2026/08/29 19:52:00.330, 3, 509.24, 95, 79, 49308, 65, 1980
2026/08/29 19:52:00.331, 4, 489.67, 83, 58, 48986, 63, 1980
2026/08/29 19:52:00.332, 5, 492.64, 47, 27, 48406, 54, 1980
2026/08/29 19:52:00.334, 6, 496.75, 51, 32, 47946, 63, 1980
2026/08/29 19:52:00.336, 7, 494.47, 54, 30, 48024, 51, 1980
2026/08/29 19:52:05.338, 0, 514.07, 93, 52, 50688, 63, 1980
2026/08/29 19:52:05.339, 1, 484.43, 42, 27, 49948, 54, 1980
2026/08/29 19:52:05.339, 2, 496.68, 99, 63, 49268, 52, 1980
2026/08/29 19:52:05.339, 3, 508.83, 100, 74, 49308, 65, 1980
2026/08/29 19:52:05.339, 4, 499.31, 95, 56, 48986, 63, 1980
2026/08/29 19:52:05.339, 5, 481.32, 100, 62, 48406, 51, 1980
2026/08/29 19:52:05.339, 6, 496.16, 59, 32, 47946, 63, 1980
2026/08/29 19:52:05.339, 7, 490.70, 96, 51, 48024, 50, 1980
2026/08/29 19:52:10.339, 0, 519.50, 94, 58, 50688, 65, 1980
2026/08/29 19:52:10.339, 1, 484.02, 99, 71, 49948, 51, 1980
2026/08/29 19:52:10.339, 2, 498.92, 94, 51, 49268, 53, 1980
2026/08/29 19:52:10.339, 3, 494.47, 92, 49, 49308, 63, 1980
2026/08/29 19:52:10.339, 4, 482.38, 67, 46, 48986, 64, 1980
2026/08/29 19:52:10.339, 5, 502.10, 50, 26, 48406, 54, 1980
2026/08/29 19:52:10.339, 6, 495.18, 100, 65, 47946, 62, 1980
2026/08/29 19:52:10.339, 7, 497.11, 85, 55, 48024, 51, 1980
2026/08/29 19:52:15.340, 0, 519.15, 59, 37, 50688, 65, 1980
2026/08/29 19:52:15.340, 1, 490.18, 42, 28, 49948, 53, 1980
2026/08/29 19:52:15.340, 2, 502.67, 95, 64, 49268, 53, 1980
2026/08/29 19:52:15.340, 3, 513.08, 49, 31, 49308, 65, 1980
2026/08/29 19:52:15.340, 4, 493.43, 76, 45, 48986, 63, 1980
2026/08/29 19:52:15.340, 5, 504.68, 90, 55, 48406, 53, 1980
2026/08/29 19:52:15.340, 6, 511.77, 47, 29, 47946, 63, 1980
2026/08/29 19:52:15.340, 7, 487.58, 69, 38, 48024, 51, 1980
2026/08/29 19:52:20.340, 0, 518.26, 94, 65, 50688, 65, 1980
2026/08/29 19:52:20.341, 1, 487.04, 49, 34, 49948, 53, 1980
2026/08/29 19:52:20.341, 2, 494.16, 93, 49, 49268, 53, 1980
2026/08/29 19:52:20.341, 3, 503.41, 95, 65, 49308, 64, 1980
2026/08/29 19:52:20.341, 4, 485.65, 77, 54, 48986, 62, 1980
2026/08/29 19:52:20.341, 5, 480.50, 96, 50, 48406, 53, 1980
2026/08/29 19:52:20.341, 6, 492.59, 47, 32, 47946, 63, 1980
2026/08/29 19:52:20.341, 7, 485.74, 91, 60, 48024, 50, 1980
2026/08/29 19:52:25.341, 0, 531.53, 100, 81, 50688, 67, 1980
2026/08/29 19:52:25.342, 1, 494.75, 100, 70, 49948, 54, 1980
2026/08/29 19:52:25.344, 2, 511.04, 95, 77, 49268, 55, 1980
2026/08/29 19:52:25.346, 3, 521.64, 60, 42, 49308, 65, 1980
2026/08/29 19:52:25.346, 4, 507.54, 100, 81, 48986, 65, 1980
2026/08/29 19:52:25.348, 5, 498.39, 95, 63, 48406, 55, 1980
2026/08/29 19:52:25.352, 6, 513.18, 100, 66, 47946, 64, 1980
2026/08/29 19:52:25.353, 7, 498.81, 100, 80, 48024, 53, 1980
2026/08/29 19:52:30.355, 0, 529.59, 95, 70, 50688, 67, 1980
2026/08/29 19:52:30.357, 1, 495.14, 71, 50, 49948, 54, 1980
2026/08/29 19:52:30.360, 2, 511.00, 95, 69, 49268, 54, 1980
2026/08/29 19:52:30.362, 3, 524.63, 95, 82, 49308, 66, 1980
2026/08/29 19:52:30.363, 4, 509.81, 99, 69, 48986, 65, 1980
2026/08/29 19:52:30.364, 5, 497.99, 100, 75, 48406, 54, 1980
2026/08/29 19:52:30.366, 6, 511.37, 100, 66, 47946, 63, 1980
2026/08/29 19:52:30.373, 7, 498.01, 95, 54, 48024, 52, 1980
2026/08/29 19:52:35.378, 0, 530.20, 100, 75, 50688, 66, 1980
2026/08/29 19:52:35.378, 1, 491.20, 99, 66, 49948, 51, 1980
2026/08/29 19:52:35.378, 2, 516.26, 91, 53, 49268, 53, 1980
2026/08/29 19:52:35.378, 3, 517.38, 99, 69, 49308, 63, 1980
2026/08/29 19:52:35.378, 4, 493.40, 100, 80, 48986, 65, 1980
2026/08/29 19:52:35.378, 5, 487.57, 95, 57, 48406, 55, 1980
2026/08/29 19:52:35.378, 6, 520.68, 100, 64, 47946, 62, 1980
2026/08/29 19:52:35.378, 7, 487.28, 96, 54, 48024, 51, 1980
2026/08/29 19:52:40.378, 0, 506.18, 87, 49, 50688, 63, 1980
2026/08/29 19:52:40.379, 1, 479.80, 97, 56, 49948, 54, 1980
2026/08/29 19:52:40.379, 2, 485.08, 63, 37, 49268, 52, 1980
2026/08/29 19:52:40.379, 3, 505.01, 48, 30, 49308, 64, 1980
2026/08/29 19:52:40.379, 4, 489.37, 92, 50, 48986, 63, 1980
2026/08/29 19:52:40.379, 5, 475.48, 84, 47, 48406, 51, 1980
2026/08/29 19:52:40.379, 6, 489.90, 57, 33, 47946, 62, 1980
2026/08/29 19:52:40.379, 7, 481.23, 91, 49, 48024, 50, 1980
2026/08/29 19:52:45.379, 0, 540.97, 100, 77, 50688, 67, 1980
2026/08/29 19:52:45.379, 1, 506.64, 99, 68, 49948, 54, 1980
2026/08/29 19:52:45.379, 2, 508.13, 95, 78, 49268, 55, 1980
2026/08/29 19:52:45.379, 3, 517.36, 100, 69, 49308, 66, 1980
2026/08/29 19:52:45.379, 4, 509.40, 100, 82, 48986, 66, 1980
2026/08/29 19:52:45.379, 5, 511.55, 95, 72, 48406, 56, 1980
2026/08/29 19:52:45.379, 6, 526.57, 99, 68, 47946, 65, 1980
2026/08/29 19:52:45.379, 7, 514.14, 99, 64, 48024, 53, 1980
2026/08/29 19:52:50.380, 0, 525.21, 97, 56, 50688, 67, 1980
2026/08/29 19:52:50.381, 1, 502.13, 95, 68, 49948, 54, 1980
2026/08/29 19:52:50.381, 2, 512.02, 96, 81, 49268, 55, 1980
2026/08/29 19:52:50.381, 3, 530.57, 100, 83, 49308, 66, 1980
2026/08/29 19:52:50.381, 4, 525.81, 99, 60, 48986, 66, 1980
2026/08/29 19:52:50.381, 5, 495.00, 95, 67, 48406, 55, 1980
2026/08/29 19:52:50.381, 6, 512.77, 97, 80, 47946, 64, 1980
2026/08/29 19:52:50.381, 7, 500.08, 95, 69, 48024, 53, 1980
2026/08/29 19:52:55.381, 0, 512.56, 91, 52, 50688, 66, 1980
2026/08/29 19:52:55.386, 1, 491.27, 47, 28, 49948, 53, 1980
2026/08/29 19:52:55.387, 2, 497.81, 74, 51, 49268, 53, 1980
2026/08/29 19:52:55.389, 3, 517.30, 59, 36, 49308, 64, 1980
2026/08/29 19:52:55.389, 4, 498.61, 95, 75, 48986, 65, 1980
2026/08/29 19:52:55.391, 5, 495.70, 51, 35, 48406, 54, 1980
2026/08/29 19:52:55.394, 6, 506.09, 69, 38, 47946, 63, 1980
2026/08/29 19:52:55.394, 7, 489.20, 51, 33, 48024, 52, 1980
2026/08/29 19:53:00.396, 0, 532.38, 95, 71, 50688, 67, 1980
2026/08/29 19:53:00.398, 1, 497.78, 74, 51, 49948, 52, 1980
2026/08/29 19:53:00.399, 2, 498.48, 95, 76, 49268, 54, 1980
2026/08/29 19:53:00.401, 3, 512.95, 95, 81, 49308, 66, 1980
2026/08/29 19:53:00.401, 4, 498.86, 95, 65, 48986, 66, 1980
2026/08/29 19:53:00.403, 5, 501.21, 100, 80, 48406, 54, 1980
2026/08/29 19:53:00.406, 6, 521.96, 95, 76, 47946, 64, 1980
2026/08/29 19:53:00.408, 7, 497.11, 100, 83, 48024, 52, 1980
2026/08/29 19:53:05.410, 0, 483.81, 96, 62, 50688, 66, 1980
2026/08/29 19:53:05.410, 1, 426.26, 93, 55, 49948, 51, 1980
2026/08/29 19:53:05.410, 2, 433.90, 100, 70, 49268, 54, 1980
2026/08/29 19:53:05.410, 3, 450.71, 93, 57, 49308, 64, 1980
2026/08/29 19:53:05.410, 4, 447.89, 80, 47, 48986, 66, 1980
2026/08/29 19:53:05.410, 5, 443.55, 59, 36, 48406, 54, 1980
2026/08/29 19:53:05.410, 6, 450.79, 52, 32, 47946, 64, 1980
2026/08/29 19:53:05.410, 7, 440.42, 72, 40, 48024, 53, 1980
2026/08/29 19:53:10.411, 0, 520.06, 63, 43, 50688, 65, 1980
2026/08/29 19:53:10.411, 1, 489.84, 48, 29, 49948, 53, 1980
2026/08/29 19:53:10.411, 2, 499.10, 97, 59, 49268, 53, 1980
2026/08/29 19:53:10.411, 3, 523.71, 95, 66, 49308, 65, 1980
2026/08/29 19:53:10.411, 4, 507.41, 51, 34, 48986, 63, 1980
2026/08/29 19:53:10.411, 5, 482.64, 74, 44, 48406, 51, 1980
2026/08/29 19:53:10.412, 6, 516.98, 97, 59, 47946, 63, 1980
2026/08/29 19:53:10.412, 7, 491.02, 84, 49, 48024, 50, 1980
2026/08/29 19:53:15.412, 0, 535.61, 95, 75, 50688, 66, 1980
2026/08/29 19:53:15.412, 1, 503.85, 97, 80, 49948, 53, 1980
2026/08/29 19:53:15.412, 2, 498.90, 96, 59, 49268, 55, 1980
2026/08/29 19:53:15.412, 3, 527.45, 95, 78, 49308, 65, 1980
2026/08/29 19:53:15.412, 4, 501.49, 100, 76, 48986, 65, 1980
2026/08/29 19:53:15.412, 5, 503.35, 100, 69, 48406, 52, 1980
2026/08/29 19:53:15.412, 6, 521.69, 95, 58, 47946, 64, 1980
2026/08/29 19:53:15.412, 7, 504.82, 99, 74, 48024, 53, 1980
2026/08/29 19:53:20.413, 0, 515.82, 91, 52, 50688, 66, 1980
2026/08/29 19:53:20.413, 1, 493.03, 45, 26, 49948, 51, 1980
2026/08/29 19:53:20.415, 2, 489.00, 68, 47, 49268, 50, 1980
2026/08/29 19:53:20.415, 3, 502.99, 57, 31, 49308, 63, 1980
2026/08/29 19:53:20.415, 4, 479.06, 92, 49, 48986, 64, 1980
2026/08/29 19:53:20.415, 5, 470.48, 50, 35, 48406, 51, 1980
2026/08/29 19:53:20.415, 6, 483.06, 66, 36, 47946, 61, 1980
2026/08/29 19:53:20.415, 7, 475.11, 49, 32, 48024, 52, 1980
2026/08/29 19:53:25.416, 0, 513.19, 42, 25, 50688, 66, 1980
2026/08/29 19:53:25.424, 1, 483.29, 68, 40, 49948, 50, 1980
2026/08/29 19:53:25.428, 2, 504.26, 48, 34, 49268, 51, 1980
2026/08/29 19:53:25.441, 3, 492.66, 83, 48, 49308, 62, 1980
2026/08/29 19:53:25.446, 4, 496.55, 45, 26, 48986, 64, 1980
2026/08/29 19:53:25.448, 5, 479.05, 49, 30, 48406, 54, 1980
2026/08/29 19:53:25.452, 6, 498.17, 55, 39, 47946, 60, 1980
2026/08/29 19:53:25.458, 7, 479.82, 45, 30, 48024, 51, 1980
2026/08/29 19:53:30.463, 0, 522.85, 95, 82, 50688, 67, 1980
2026/08/29 19:53:30.467, 1, 483.11, 100, 73, 49948, 54, 1980
2026/08/29 19:53:30.469, 2, 499.81, 95, 58, 49268, 52, 1980
2026/08/29 19:53:30.473, 3, 507.51, 100, 72, 49308, 65, 1980
2026/08/29 19:53:30.475, 4, 498.40, 96, 66, 48986, 64, 1980
2026/08/29 19:53:30.480, 5, 493.96, 96, 80, 48406, 55, 1980
2026/08/29 19:53:30.483, 6, 502.46, 100, 75, 47946, 64, 1980
2026/08/29 19:53:30.488, 7, 499.67, 100, 65, 48024, 52, 1980
2026/08/29 19:53:35.493, 0, 502.21, 64, 46, 50688, 63, 1980
2026/08/29 19:53:35.494, 1, 474.36, 40, 24, 49948, 52, 1980
2026/08/29 19:53:35.494, 2, 487.23, 97, 59, 49268, 53, 1980
2026/08/29 19:53:35.494, 3, 506.87, 43, 28, 49308, 64, 1980
2026/08/29 19:53:35.494, 4, 483.20, 54, 38, 48986, 62, 1980
2026/08/29 19:53:35.494, 5, 476.06, 98, 59, 48406, 51, 1980
2026/08/29 19:53:35.494, 6, 493.07, 95, 58, 47946, 62, 1980
2026/08/29 19:53:35.494, 7, 475.13, 97, 60, 48024, 49, 1980
2026/08/29 19:53:40.494, 0, 508.21, 97, 63, 50688, 63, 1980
2026/08/29 19:53:40.494, 1, 471.49, 93, 55, 49948, 53, 1980
2026/08/29 19:53:40.494, 2, 496.03, 46, 26, 49268, 53, 1980
2026/08/29 19:53:40.494, 3, 502.83, 95, 55, 49308, 64, 1980
2026/08/29 19:53:40.494, 4, 496.53, 99, 68, 48986, 62, 1980
2026/08/29 19:53:40.494, 5, 482.80, 70, 40, 48406, 51, 1980
2026/08/29 19:53:40.494, 6, 501.80, 97, 58, 47946, 62, 1980
2026/08/29 19:53:40.494, 7, 477.30, 83, 45, 48024, 51, 1980
2026/08/29 19:53:45.495, 0, 518.14, 39, 23, 50688, 65, 1980
2026/08/29 19:53:45.495, 1, 480.88, 65, 36, 49948, 50, 1980
2026/08/29 19:53:45.495, 2, 487.77, 47, 32, 49268, 53, 1980
2026/08/29 19:53:45.495, 3, 502.19, 80, 44, 49308, 64, 1980
2026/08/29 19:53:45.495, 4, 483.89, 45, 26, 48986, 63, 1980
2026/08/29 19:53:45.495, 5, 482.68, 47, 29, 48406, 54, 1980
2026/08/29 19:53:45.495, 6, 497.22, 55, 38, 47946, 63, 1980
2026/08/29 19:53:45.495, 7, 487.37, 45, 29, 48024, 51, 1980
2026/08/29 19:53:50.496, 0, 529.13, 42, 29, 50688, 65, 1980
2026/08/29 19:53:50.496, 1, 496.38, 91, 66, 49948, 52, 1980
2026/08/29 19:53:50.496, 2, 510.09, 95, 78, 49268, 50, 1980
2026/08/29 19:53:50.497, 3, 510.26, 81, 58, 49308, 64, 1980
2026/08/29 19:53:50.497, 4, 504.11, 47, 30, 48986, 64, 1980
2026/08/29 19:53:50.497, 5, 502.53, 95, 77, 48406, 54, 1980
2026/08/29 19:53:50.497, 6, 510.97, 80, 53, 47946, 62, 1980
2026/08/29 19:53:50.497, 7, 492.55, 95, 66, 48024, 52, 1980
2026/08/29 19:53:55.498, 0, 531.08, 96, 55, 50688, 63, 1980
2026/08/29 19:53:55.502, 1, 502.70, 99, 59, 49948, 53, 1980
2026/08/29 19:53:55.507, 2, 493.56, 100, 81, 49268, 54, 1980
2026/08/29 19:53:55.510, 3, 524.35, 99, 61, 49308, 64, 1980
2026/08/29 19:53:55.513, 4, 503.35, 95, 56, 48986, 63, 1980
2026/08/29 19:53:55.515, 5, 497.27, 92, 52, 48406, 51, 1980
2026/08/29 19:53:55.516, 6, 515.55, 64, 37, 47946, 62, 1980
2026/08/29 19:53:55.518, 7, 490.05, 95, 56, 48024, 53, 1980
2026/08/29 19:54:00.521, 0, 520.74, 98, 83, 50688, 65, 1980
2026/08/29 19:54:00.523, 1, 493.17, 48, 33, 49948, 53, 1980
2026/08/29 19:54:00.523, 2, 505.09, 95, 69, 49268, 53, 1980
2026/08/29 19:54:00.528, 3, 519.21, 100, 74, 49308, 64, 1980
2026/08/29 19:54:00.537, 4, 505.16, 96, 78, 48986, 65, 1980
2026/08/29 19:54:00.539, 5, 501.88, 46, 25, 48406, 53, 1980
2026/08/29 19:54:00.545, 6, 515.89, 47, 29, 47946, 62, 1980
2026/08/29 19:54:00.548, 7, 495.25, 84, 59, 48024, 52, 1980
2026/08/29 19:54:05.552, 0, 509.08, 100, 77, 50688, 66, 1980
2026/08/29 19:54:05.552, 1, 494.60, 95, 78, 49948, 54, 1980
2026/08/29 19:54:05.552, 2, 497.18, 99, 69, 49268, 54, 1980
2026/08/29 19:54:05.552, 3, 518.92, 95, 75, 49308, 65, 1980
2026/08/29 19:54:05.552, 4, 488.80, 100, 82, 48986, 65, 1980
2026/08/29 19:54:05.552, 5, 493.53, 100, 76, 48406, 54, 1980
2026/08/29 19:54:05.552, 6, 513.41, 100, 69, 47946, 64, 1980
2026/08/29 19:54:05.552, 7, 500.30, 100, 80, 48024, 53, 1980
2026/08/29 19:54:10.553, 0, 494.27, 25, 13, 50688, 65, 1980
2026/08/29 19:54:10.553, 1, 489.50, 63, 45, 49948, 51, 1980
2026/08/29 19:54:10.553, 2, 479.73, 95, 63, 49268, 52, 1980
2026/08/29 19:54:10.553, 3, 500.85, 50, 35, 49308, 64, 1980
2026/08/29 19:54:10.553, 4, 483.01, 37, 23, 48986, 63, 1980
2026/08/29 19:54:10.553, 5, 492.54, 48, 31, 48406, 54, 1980
2026/08/29 19:54:10.553, 6, 502.56, 58, 41, 47946, 63, 1980
2026/08/29 19:54:10.553, 7, 468.71, 99, 53, 48024, 50, 1980
2026/08/29 19:54:15.553, 0, 532.39, 95, 80, 50688, 66, 1980
2026/08/29 19:54:15.554, 1, 500.41, 95, 74, 49948, 52, 1980
2026/08/29 19:54:15.554, 2, 504.22, 100, 84, 49268, 52, 1980
2026/08/29 19:54:15.554, 3, 515.38, 95, 71, 49308, 64, 1980
2026/08/29 19:54:15.554, 4, 498.15, 96, 78, 48986, 65, 1980
2026/08/29 19:54:15.554, 5, 504.68, 95, 79, 48406, 55, 1980
2026/08/29 19:54:15.554, 6, 525.36, 100, 83, 47946, 64, 1980
2026/08/29 19:54:15.554, 7, 514.16, 100, 69, 48024, 52, 1980
2026/08/29 19:54:20.554, 0, 529.91, 99, 66, 50688, 66, 1980
2026/08/29 19:54:20.557, 1, 493.57, 95, 57, 49948, 54, 1980
2026/08/29 19:54:20.557, 2, 497.89, 100, 64, 49268, 53, 1980
2026/08/29 19:54:20.557, 3, 505.05, 98, 51, 49308, 65, 1980
2026/08/29 19:54:20.557, 4, 493.60, 100, 65, 48986, 65, 1980
2026/08/29 19:54:20.557, 5, 496.15, 100, 61, 48406, 55, 1980
2026/08/29 19:54:20.560, 6, 499.14, 100, 57, 47946, 64, 1980
2026/08/29 19:54:20.560, 7, 488.50, 100, 77, 48024, 53, 1980
2026/08/29 19:54:25.560, 0, 509.13, 99, 69, 50688, 63, 1980
2026/08/29 19:54:25.562, 1, 496.40, 99, 71, 49948, 54, 1980
2026/08/29 19:54:25.565, 2, 477.42, 97, 57, 49268, 51, 1980
2026/08/29 19:54:25.568, 3, 495.72, 100, 70, 49308, 63, 1980
2026/08/29 19:54:25.570, 4, 479.30, 47, 31, 48986, 63, 1980
2026/08/29 19:54:25.571, 5, 499.76, 100, 63, 48406, 51, 1980
2026/08/29 19:54:25.575, 6, 492.68, 98, 57, 47946, 61, 1980
2026/08/29 19:54:25.579, 7, 475.01, 100, 64, 48024, 50, 1980
2026/08/29 19:54:30.582, 0, 532.24, 43, 25, 50688, 65, 1980
2026/08/29 19:54:30.585, 1, 497.89, 71, 48, 49948, 54, 1980
2026/08/29 19:54:30.587, 2, 513.98, 95, 79, 49268, 54, 1980
2026/08/29 19:54:30.592, 3, 507.78, 59, 40, 49308, 65, 1980
2026/08/29 19:54:30.596, 4, 498.46, 44, 24, 48986, 63, 1980
2026/08/29 19:54:30.600, 5, 501.03, 53, 32, 48406, 54, 1980
2026/08/29 19:54:30.610, 6, 517.56, 57, 38, 47946, 63, 1980
2026/08/29 19:54:30.613, 7, 504.28, 95, 64, 48024, 53, 1980
2026/08/29 19:54:35.617, 0, 515.06, 94, 59, 50688, 62, 1980
2026/08/29 19:54:35.617, 1, 471.73, 99, 67, 49948, 52, 1980
2026/08/29 19:54:35.617, 2, 502.33, 95, 52, 49268, 54, 1980
2026/08/29 19:54:35.617, 3, 501.05, 100, 67, 49308, 65, 1980
2026/08/29 19:54:35.617, 4, 493.39, 96, 59, 48986, 61, 1980
2026/08/29 19:54:35.617, 5, 484.90, 96, 56, 48406, 52, 1980
2026/08/29 19:54:35.617, 6, 496.19, 95, 50, 47946, 63, 1980
2026/08/29 19:54:35.617, 7, 502.33, 77, 43, 48024, 49, 1980
2026/08/29 19:54:40.617, 0, 529.41, 95, 81, 50688, 65, 1980
2026/08/29 19:54:40.618, 1, 487.04, 95, 70, 49948, 52, 1980
2026/08/29 19:54:40.618, 2, 494.37, 96, 79, 49268, 54, 1980
2026/08/29 19:54:40.618, 3, 513.41, 95, 68, 49308, 64, 1980
2026/08/29 19:54:40.618, 4, 501.10, 52, 37, 48986, 64, 1980
2026/08/29 19:54:40.618, 5, 487.61, 78, 55, 48406, 52, 1980
2026/08/29 19:54:40.618, 6, 509.65, 98, 62, 47946, 62, 1980
2026/08/29 19:54:40.618, 7, 491.88, 95, 70, 48024, 52, 1980
2026/08/29 19:54:45.618, 0, 536.01, 100, 79, 50688, 67, 1980
2026/08/29 19:54:45.618, 1, 503.20, 99, 68, 49948, 54, 1980
2026/08/29 19:54:45.618, 2, 510.07, 51, 34, 49268, 54, 1980
2026/08/29 19:54:45.618, 3, 527.52, 95, 81, 49308, 65, 1980
2026/08/29 19:54:45.618, 4, 513.73, 100, 84, 48986, 65, 1980
2026/08/29 19:54:45.618, 5, 520.87, 100, 78, 48406, 56, 1980
2026/08/29 19:54:45.618, 6, 526.27, 100, 70, 47946, 63, 1980
2026/08/29 19:54:45.618, 7, 502.50, 96, 66, 48024, 53, 1980
2026/08/29 19:54:50.619, 0, 138.66, 5, 1, 16908, 56, 1980
2026/08/29 19:54:50.619, 1, 123.71, 5, 1, 12668, 42, 1980
2026/08/29 19:54:50.620, 2, 123.76, 5, 1, 9468, 41, 1980
2026/08/29 19:54:50.620, 3, 138.51, 4, 1, 9248, 55, 1980
2026/08/29 19:54:50.620, 4, 138.01, 6, 1, 10926, 56, 1980
2026/08/29 19:54:50.621, 5, 125.16, 0, 0, 6886, 43, 1980
2026/08/29 19:54:50.621, 6, 138.65, 5, 1, 7086, 54, 1980
2026/08/29 19:54:50.621, 7, 131.73, 5, 1, 6904, 41, 1980
2026/08/29 19:54:55.622, 0, 135.70, 0, 0, 6906, 55, 1980
2026/08/29 19:54:55.622, 1, 120.70, 0, 0, 6906, 41, 1980
2026/08/29 19:54:55.622, 2, 121.32, 0, 0, 6906, 40, 1980
2026/08/29 19:54:55.622, 3, 135.66, 0, 0, 6906, 54, 1980
2026/08/29 19:54:55.622, 4, 135.10, 0, 0, 6904, 54, 1980
2026/08/29 19:54:55.622, 5, 124.11, 0, 0, 6886, 42, 1980
2026/08/29 19:54:55.622, 6, 135.55, 0, 0, 6906, 53, 1980
2026/08/29 19:54:55.623, 7, 128.60, 0, 0, 6904, 40, 1980
2026/08/29 19:55:00.623, 0, 133.51, 0, 0, 6906, 53, 1980
2026/08/29 19:55:00.660, 1, 120.15, 0, 0, 6906, 40, 1980
2026/08/29 19:55:00.661, 2, 120.86, 0, 0, 6906, 39, 1980
2026/08/29 19:55:00.664, 3, 134.77, 0, 0, 6906, 53, 1980
2026/08/29 19:55:00.665, 4, 134.17, 0, 0, 6904, 53, 1980
2026/08/29 19:55:00.666, 5, 123.60, 0, 0, 6886, 41, 1980
2026/08/29 19:55:00.667, 6, 134.68, 0, 0, 6906, 52, 1980
2026/08/29 19:55:00.669, 7, 127.37, 0, 0, 6904, 39, 1980
2026/08/29 19:55:05.671, 0, 132.78, 0, 0, 6906, 53, 1980
2026/08/29 19:55:05.671, 1, 119.82, 0, 0, 6906, 39, 1980
2026/08/29 19:55:05.671, 2, 120.50, 0, 0, 6906, 39, 1980
2026/08/29 19:55:05.671, 3, 134.00, 0, 0, 6906, 52, 1980
2026/08/29 19:55:05.671, 4, 133.46, 0, 0, 6904, 53, 1980
2026/08/29 19:55:05.671, 5, 123.27, 0, 0, 6886, 40, 1980
2026/08/29 19:55:05.671, 6, 134.07, 0, 0, 6906, 51, 1980
2026/08/29 19:55:05.671, 7, 126.97, 0, 0, 6904, 39, 1980
2026/08/29 19:55:10.671, 0, 132.10, 0, 0, 6906, 52, 1980
2026/08/29 19:55:10.671, 1, 119.59, 0, 0, 6906, 39, 1980
2026/08/29 19:55:10.672, 2, 120.24, 0, 0, 6906, 38, 1980
2026/08/29 19:55:10.672, 3, 133.40, 0, 0, 6906, 52, 1980
2026/08/29 19:55:10.672, 4, 132.87, 0, 0, 6904, 52, 1980
2026/08/29 19:55:10.672, 5, 123.00, 0, 0, 6886, 40, 1980
2026/08/29 19:55:10.672, 6, 133.52, 0, 0, 6906, 51, 1980
2026/08/29 19:55:10.672, 7, 126.65, 0, 0, 6904, 39, 1980
2026/08/29 19:55:15.672, 0, 131.53, 0, 0, 6906, 51, 1980
2026/08/29 19:55:15.678, 1, 119.43, 0, 0, 6906, 39, 1980
2026/08/29 19:55:15.679, 2, 119.63, 0, 0, 6906, 38, 1980
2026/08/29 19:55:15.680, 3, 132.92, 0, 0, 6906, 51, 1980
2026/08/29 19:55:15.682, 4, 132.33, 0, 0, 6904, 52, 1980
2026/08/29 19:55:15.688, 5, 122.84, 0, 0, 6886, 40, 1980
2026/08/29 19:55:15.691, 6, 133.10, 0, 0, 6906, 50, 1980
2026/08/29 19:55:15.692, 7, 126.91, 0, 0, 6904, 38, 1980
2026/08/29 19:55:20.692, 0, 130.97, 0, 0, 6906, 51, 1980
2026/08/29 19:55:20.692, 1, 119.20, 0, 0, 6906, 38, 1980
2026/08/29 19:55:20.692, 2, 119.38, 0, 0, 6906, 38, 1980
2026/08/29 19:55:20.692, 3, 132.32, 0, 0, 6906, 50, 1980
2026/08/29 19:55:20.692, 4, 131.74, 0, 0, 6904, 51, 1980
2026/08/29 19:55:20.692, 5, 122.62, 0, 0, 6886, 39, 1980
2026/08/29 19:55:20.692, 6, 132.63, 0, 0, 6906, 49, 1980
2026/08/29 19:55:20.692, 7, 126.65, 0, 0, 6904, 38, 1980
2026/08/29 19:55:25.693, 0, 130.43, 0, 0, 6906, 50, 1980
2026/08/29 19:55:25.694, 1, 119.10, 0, 0, 6906, 38, 1980
2026/08/29 19:55:25.694, 2, 119.19, 0, 0, 6906, 37, 1980
2026/08/29 19:55:25.695, 3, 131.85, 0, 0, 6906, 50, 1980
2026/08/29 19:55:25.695, 4, 131.25, 0, 0, 6904, 51, 1980
2026/08/29 19:55:25.695, 5, 122.44, 0, 0, 6886, 39, 1980
2026/08/29 19:55:25.697, 6, 132.13, 0, 0, 6906, 49, 1980
2026/08/29 19:55:25.697, 7, 126.32, 0, 0, 6904, 38, 1980
2026/08/29 19:55:30.698, 0, 129.94, 0, 0, 6906, 50, 1980
2026/08/29 19:55:30.698, 1, 118.97, 0, 0, 6906, 38, 1980
2026/08/29 19:55:30.698, 2, 119.02, 0, 0, 6906, 37, 1980
2026/08/29 19:55:30.698, 3, 131.42, 0, 0, 6906, 49, 1980
2026/08/29 19:55:30.699, 4, 130.78, 0, 0, 6904, 50, 1980
2026/08/29 19:55:30.699, 5, 122.23, 0, 0, 6886, 39, 1980
2026/08/29 19:55:30.699, 6, 131.67, 0, 0, 6906, 48, 1980
2026/08/29 19:55:30.699, 7, 126.20, 0, 0, 6904, 37, 1980
2026/08/29 19:55:35.700, 0, 129.49, 0, 0, 6906, 49, 1980
2026/08/29 19:55:35.700, 1, 118.80, 0, 0, 6906, 37, 1980
2026/08/29 19:55:35.700, 2, 118.85, 0, 0, 6906, 37, 1980
2026/08/29 19:55:35.700, 3, 130.98, 0, 0, 6906, 49, 1980
2026/08/29 19:55:35.700, 4, 130.33, 0, 0, 6904, 50, 1980
2026/08/29 19:55:35.700, 5, 121.44, 0, 0, 6886, 39, 1980
2026/08/29 19:55:35.700, 6, 131.28, 0, 0, 6906, 48, 1980
2026/08/29 19:55:35.700, 7, 125.99, 0, 0, 6904, 37, 1980
2026/08/29 19:55:40.701, 0, 129.12, 0, 0, 6906, 49, 1980
2026/08/29 19:55:40.720, 1, 118.76, 0, 0, 6906, 37, 1980
2026/08/29 19:55:40.722, 2, 118.73, 0, 0, 6906, 37, 1980
2026/08/29 19:55:40.722, 3, 130.56, 0, 0, 6906, 48, 1980
2026/08/29 19:55:40.724, 4, 129.94, 0, 0, 6904, 49, 1980
2026/08/29 19:55:40.726, 5, 121.32, 0, 0, 6886, 38, 1980
2026/08/29 19:55:40.727, 6, 129.56, 0, 0, 6906, 47, 1980
2026/08/29 19:55:40.728, 7, 125.85, 0, 0, 6904, 37, 1980
2026/08/29 19:55:45.730, 0, 128.63, 0, 0, 6906, 48, 1980
2026/08/29 19:55:45.730, 1, 118.53, 0, 0, 6906, 37, 1980
2026/08/29 19:55:45.730, 2, 118.55, 0, 0, 6906, 36, 1980
2026/08/29 19:55:45.730, 3, 130.16, 0, 0, 6906, 48, 1980
2026/08/29 19:55:45.730, 4, 128.80, 0, 0, 6904, 49, 1980
2026/08/29 19:55:45.730, 5, 121.20, 0, 0, 6886, 38, 1980
2026/08/29 19:55:45.730, 6, 129.12, 0, 0, 6906, 47, 1980
2026/08/29 19:55:45.730, 7, 125.57, 0, 0, 6904, 37, 1980
2026/08/29 19:55:50.730, 0, 128.30, 0, 0, 6906, 48, 1980
2026/08/29 19:55:50.731, 1, 118.60, 0, 0, 6906, 37, 1980
2026/08/29 19:55:50.731, 2, 118.44, 0, 0, 6906, 36, 1980
2026/08/29 19:55:50.731, 3, 129.06, 0, 0, 6906, 47, 1980
2026/08/29 19:55:50.731, 4, 128.44, 0, 0, 6904, 48, 1980
2026/08/29 19:55:50.731, 5, 121.07, 0, 0, 6886, 38, 1980
2026/08/29 19:55:50.731, 6, 128.73, 0, 0, 6906, 47, 1980
2026/08/29 19:55:50.732, 7, 125.43, 0, 0, 6904, 36, 1980
2026/08/29 19:55:55.732, 0, 128.00, 0, 0, 6906, 47, 1980
2026/08/29 19:55:55.733, 1, 118.51, 0, 0, 6906, 37, 1980
2026/08/29 19:55:55.733, 2, 118.35, 0, 0, 6906, 36, 1980
2026/08/29 19:55:55.734, 3, 128.76, 0, 0, 6906, 47, 1980
2026/08/29 19:55:55.735, 4, 128.15, 0, 0, 6904, 48, 1980
2026/08/29 19:55:55.735, 5, 120.97, 0, 0, 6886, 38, 1980
2026/08/29 19:55:55.736, 6, 128.52, 0, 0, 6906, 46, 1980
2026/08/29 19:55:55.737, 7, 125.33, 0, 0, 6904, 36, 1980
2026/08/29 19:56:00.737, 0, 127.69, 0, 0, 6906, 47, 1980
2026/08/29 19:56:00.737, 1, 118.46, 0, 0, 6906, 37, 1980
2026/08/29 19:56:00.737, 2, 118.23, 0, 0, 6906, 36, 1980
2026/08/29 19:56:00.737, 3, 128.47, 0, 0, 6906, 47, 1980
2026/08/29 19:56:00.737, 4, 127.81, 0, 0, 6904, 48, 1980
2026/08/29 19:56:00.737, 5, 120.90, 0, 0, 6886, 38, 1980
2026/08/29 19:56:00.737, 6, 128.19, 0, 0, 6906, 46, 1980
2026/08/29 19:56:00.737, 7, 125.22, 0, 0, 6904, 36, 1980
2026/08/29 19:56:05.738, 0, 127.38, 0, 0, 6906, 47, 1980
2026/08/29 19:56:05.788, 1, 118.35, 0, 0, 6906, 36, 1980
2026/08/29 19:56:05.788, 2, 118.14, 0, 0, 6906, 36, 1980
2026/08/29 19:56:05.788, 3, 128.17, 0, 0, 6906, 46, 1980
2026/08/29 19:56:05.791, 4, 127.49, 0, 0, 6904, 47, 1980
2026/08/29 19:56:05.792, 5, 120.80, 0, 0, 6886, 37, 1980
2026/08/29 19:56:05.794, 6, 128.62, 0, 0, 6906, 45, 1980
2026/08/29 19:56:05.794, 7, 125.04, 0, 0, 6904, 36, 1980
2026/08/29 19:56:10.796, 0, 127.12, 0, 0, 6906, 46, 1980
2026/08/29 19:56:10.796, 1, 118.30, 0, 0, 6906, 36, 1980
2026/08/29 19:56:10.796, 2, 118.07, 0, 0, 6906, 35, 1980
2026/08/29 19:56:10.796, 3, 127.90, 0, 0, 6906, 46, 1980
2026/08/29 19:56:10.796, 4, 127.19, 0, 0, 6904, 47, 1980
2026/08/29 19:56:10.796, 5, 120.73, 0, 0, 6886, 37, 1980
2026/08/29 19:56:10.796, 6, 128.36, 0, 0, 6906, 45, 1980
2026/08/29 19:56:10.796, 7, 124.99, 0, 0, 6904, 36, 1980
2026/08/29 19:56:15.796, 0, 126.86, 0, 0, 6906, 46, 1980
2026/08/29 19:56:15.796, 1, 117.93, 0, 0, 6906, 36, 1980
2026/08/29 19:56:15.796, 2, 117.99, 0, 0, 6906, 35, 1980
2026/08/29 19:56:15.796, 3, 127.65, 0, 0, 6906, 46, 1980
2026/08/29 19:56:15.796, 4, 126.94, 0, 0, 6904, 47, 1980
2026/08/29 19:56:15.796, 5, 120.66, 0, 0, 6886, 37, 1980
2026/08/29 19:56:15.796, 6, 128.09, 0, 0, 6906, 45, 1980
2026/08/29 19:56:15.796, 7, 124.89, 0, 0, 6904, 36, 1980
2026/08/29 19:56:20.797, 0, 126.62, 0, 0, 6906, 46, 1980
2026/08/29 19:56:20.797, 1, 117.43, 0, 0, 6906, 36, 1980
2026/08/29 19:56:20.797, 2, 117.88, 0, 0, 6906, 35, 1980
2026/08/29 19:56:20.797, 3, 127.42, 0, 0, 6906, 45, 1980
2026/08/29 19:56:20.797, 4, 126.72, 0, 0, 6904, 46, 1980
2026/08/29 19:56:20.797, 5, 120.56, 0, 0, 6886, 37, 1980
2026/08/29 19:56:20.797, 6, 127.93, 0, 0, 6906, 45, 1980
2026/08/29 19:56:20.797, 7, 124.83, 0, 0, 6904, 36, 1980
2026/08/29 19:56:25.797, 0, 126.42, 0, 0, 6906, 45, 1980
2026/08/29 19:56:25.798, 1, 117.41, 0, 0, 6906, 36, 1980
2026/08/29 19:56:25.798, 2, 117.87, 0, 0, 6906, 35, 1980
2026/08/29 19:56:25.799, 3, 127.16, 0, 0, 6906, 45, 1980
2026/08/29 19:56:25.801, 4, 126.53, 0, 0, 6904, 46, 1980
2026/08/29 19:56:25.801, 5, 120.50, 0, 0, 6886, 37, 1980
2026/08/29 19:56:25.802, 6, 127.75, 0, 0, 6906, 44, 1980
2026/08/29 19:56:25.802, 7, 124.73, 0, 0, 6904, 36, 1980
2026/08/29 19:56:30.803, 0, 126.22, 0, 0, 6906, 45, 1980
2026/08/29 19:56:30.804, 1, 117.32, 0, 0, 6906, 36, 1980
2026/08/29 19:56:30.804, 2, 117.77, 0, 0, 6906, 35, 1980
2026/08/29 19:56:30.804, 3, 126.96, 0, 0, 6906, 45, 1980
2026/08/29 19:56:30.804, 4, 126.30, 0, 0, 6904, 46, 1980
2026/08/29 19:56:30.804, 5, 120.51, 0, 0, 6886, 37, 1980
2026/08/29 19:56:30.804, 6, 127.54, 0, 0, 6906, 44, 1980
2026/08/29 19:56:30.804, 7, 124.69, 0, 0, 6904, 35, 1980
2026/08/29 19:56:35.804, 0, 126.04, 0, 0, 6906, 45, 1980
2026/08/29 19:56:35.804, 1, 117.33, 0, 0, 6906, 36, 1980
2026/08/29 19:56:35.804, 2, 117.75, 0, 0, 6906, 35, 1980
2026/08/29 19:56:35.804, 3, 126.79, 0, 0, 6906, 44, 1980
2026/08/29 19:56:35.804, 4, 126.15, 0, 0, 6904, 46, 1980
2026/08/29 19:56:35.804, 5, 120.46, 0, 0, 6886, 37, 1980
2026/08/29 19:56:35.805, 6, 127.30, 0, 0, 6906, 44, 1980
2026/08/29 19:56:35.805, 7, 124.64, 0, 0, 6904, 35, 1980
2026/08/29 19:56:40.805, 0, 189.20, 0, 0, 15352, 46, 1980
2026/08/29 19:56:40.807, 1, 187.93, 0, 0, 14810, 37, 1980
2026/08/29 19:56:40.807, 2, 175.29, 0, 0, 15070, 37, 1980
2026/08/29 19:56:40.807, 3, 186.17, 0, 0, 16030, 46, 1980
2026/08/29 19:56:40.808, 4, 180.01, 0, 0, 15408, 47, 1980
2026/08/29 19:56:40.808, 5, 192.74, 0, 0, 15050, 38, 1980
2026/08/29 19:56:40.808, 6, 185.30, 0, 0, 16550, 45, 1980
2026/08/29 19:56:40.808, 7, 182.65, 0, 0, 15768, 37, 1980
2026/08/29 19:56:45.812, 0, 126.59, 3, 0, 6908, 45, 1980
2026/08/29 19:56:45.812, 1, 122.19, 0, 0, 244, 37, 1980
2026/08/29 19:56:45.812, 2, 121.96, 0, 0, 4, 36, 1980
2026/08/29 19:56:45.812, 3, 130.99, 0, 0, 4, 45, 1980
2026/08/29 19:56:45.812, 4, 130.30, 0, 0, 4, 46, 1980
2026/08/29 19:56:45.812, 5, 124.49, 16, 2, 4, 38, 1980
2026/08/29 19:56:45.812, 6, 131.70, 0, 0, 4, 44, 1980
2026/08/29 19:56:45.812, 7, 128.87, 0, 0, 52, 36, 1980
2026/08/29 19:56:50.813, 0, 126.30, 1, 0, 6118, 45, 1980
2026/08/29 19:56:50.813, 1, 70.85, 0, 0, 4, 35, 345
2026/08/29 19:56:50.813, 2, 73.17, 0, 0, 4, 34, 345
2026/08/29 19:56:50.813, 3, 74.15, 0, 0, 4, 43, 345
2026/08/29 19:56:50.813, 4, 74.93, 0, 0, 4, 44, 345
2026/08/29 19:56:50.813, 5, 72.52, 0, 0, 4, 36, 345
2026/08/29 19:56:50.814, 6, 74.88, 0, 0, 4, 42, 345
2026/08/29 19:56:50.814, 7, 75.40, 0, 0, 4, 34, 345
